
=== Base Station Initialization ===
BS Node ID: 400
Start Time: 0s

[NODE-INFO] nodeId cellId cellColor posX posY
[NODE-INFO] 0 0 0 0 0
[NODE-INFO] 1 0 0 20 0
[NODE-INFO] 2 0 0 40 0
[NODE-INFO] 3 0 0 60 0
[NODE-INFO] 4 1 1 80 0
[NODE-INFO] 5 1 1 100 0
[NODE-INFO] 6 1 1 120 0
[NODE-INFO] 7 1 1 140 0
[NODE-INFO] 8 1 1 160 0
[NODE-INFO] 9 1 1 180 0
[NODE-INFO] 10 1 1 200 0
[NODE-INFO] 11 2 2 220 0
[NODE-INFO] 12 2 2 240 0
[NODE-INFO] 13 2 2 260 0
[NODE-INFO] 14 2 2 280 0
[NODE-INFO] 15 2 2 300 0
[NODE-INFO] 16 2 2 320 0
[NODE-INFO] 17 2 2 340 0
[NODE-INFO] 18 3 0 360 0
[NODE-INFO] 19 3 0 380 0
[NODE-INFO] 20 0 0 0 20
[NODE-INFO] 21 0 0 20 20
[NODE-INFO] 22 0 0 40 20
[NODE-INFO] 23 0 0 60 20
[NODE-INFO] 24 1 1 80 20
[NODE-INFO] 25 1 1 100 20
[NODE-INFO] 26 1 1 120 20
[NODE-INFO] 27 1 1 140 20
[NODE-INFO] 28 1 1 160 20
[NODE-INFO] 29 1 1 180 20
[NODE-INFO] 30 1 1 200 20
[NODE-INFO] 31 2 2 220 20
[NODE-INFO] 32 2 2 240 20
[NODE-INFO] 33 2 2 260 20
[NODE-INFO] 34 2 2 280 20
[NODE-INFO] 35 2 2 300 20
[NODE-INFO] 36 2 2 320 20
[NODE-INFO] 37 2 2 340 20
[NODE-INFO] 38 3 0 360 20
[NODE-INFO] 39 3 0 380 20
[NODE-INFO] 40 0 0 0 40
[NODE-INFO] 41 0 0 20 40
[NODE-INFO] 42 0 0 40 40
[NODE-INFO] 43 0 0 60 40
[NODE-INFO] 44 1 1 80 40
[NODE-INFO] 45 1 1 100 40
[NODE-INFO] 46 1 1 120 40
[NODE-INFO] 47 1 1 140 40
[NODE-INFO] 48 1 1 160 40
[NODE-INFO] 49 1 1 180 40
[NODE-INFO] 50 1 1 200 40
[NODE-INFO] 51 2 2 220 40
[NODE-INFO] 52 2 2 240 40
[NODE-INFO] 53 2 2 260 40
[NODE-INFO] 54 2 2 280 40
[NODE-INFO] 55 2 2 300 40
[NODE-INFO] 56 2 2 320 40
[NODE-INFO] 57 2 2 340 40
[NODE-INFO] 58 3 0 360 40
[NODE-INFO] 59 3 0 380 40
[NODE-INFO] 60 0 0 0 60
[NODE-INFO] 61 0 0 20 60
[NODE-INFO] 62 10000 2 40 60
[NODE-INFO] 63 10000 2 60 60
[NODE-INFO] 64 10000 2 80 60
[NODE-INFO] 65 10000 2 100 60
[NODE-INFO] 66 1 1 120 60
[NODE-INFO] 67 1 1 140 60
[NODE-INFO] 68 1 1 160 60
[NODE-INFO] 69 10001 0 180 60
[NODE-INFO] 70 10001 0 200 60
[NODE-INFO] 71 10001 0 220 60
[NODE-INFO] 72 10001 0 240 60
[NODE-INFO] 73 2 2 260 60
[NODE-INFO] 74 2 2 280 60
[NODE-INFO] 75 2 2 300 60
[NODE-INFO] 76 10002 1 320 60
[NODE-INFO] 77 10002 1 340 60
[NODE-INFO] 78 10002 1 360 60
[NODE-INFO] 79 10002 1 380 60
[NODE-INFO] 80 0 0 0 80
[NODE-INFO] 81 10000 2 20 80
[NODE-INFO] 82 10000 2 40 80
[NODE-INFO] 83 10000 2 60 80
[NODE-INFO] 84 10000 2 80 80
[NODE-INFO] 85 10000 2 100 80
[NODE-INFO] 86 10000 2 120 80
[NODE-INFO] 87 10001 0 140 80
[NODE-INFO] 88 10001 0 160 80
[NODE-INFO] 89 10001 0 180 80
[NODE-INFO] 90 10001 0 200 80
[NODE-INFO] 91 10001 0 220 80
[NODE-INFO] 92 10001 0 240 80
[NODE-INFO] 93 10001 0 260 80
[NODE-INFO] 94 10002 1 280 80
[NODE-INFO] 95 10002 1 300 80
[NODE-INFO] 96 10002 1 320 80
[NODE-INFO] 97 10002 1 340 80
[NODE-INFO] 98 10002 1 360 80
[NODE-INFO] 99 10002 1 380 80
[NODE-INFO] 100 10000 2 0 100
[NODE-INFO] 101 10000 2 20 100
[NODE-INFO] 102 10000 2 40 100
[NODE-INFO] 103 10000 2 60 100
[NODE-INFO] 104 10000 2 80 100
[NODE-INFO] 105 10000 2 100 100
[NODE-INFO] 106 10000 2 120 100
[NODE-INFO] 107 10001 0 140 100
[NODE-INFO] 108 10001 0 160 100
[NODE-INFO] 109 10001 0 180 100
[NODE-INFO] 110 10001 0 200 100
[NODE-INFO] 111 10001 0 220 100
[NODE-INFO] 112 10001 0 240 100
[NODE-INFO] 113 10001 0 260 100
[NODE-INFO] 114 10002 1 280 100
[NODE-INFO] 115 10002 1 300 100
[NODE-INFO] 116 10002 1 320 100
[NODE-INFO] 117 10002 1 340 100
[NODE-INFO] 118 10002 1 360 100
[NODE-INFO] 119 10002 1 380 100
[NODE-INFO] 120 9999 1 0 120
[NODE-INFO] 121 10000 2 20 120
[NODE-INFO] 122 10000 2 40 120
[NODE-INFO] 123 10000 2 60 120
[NODE-INFO] 124 10000 2 80 120
[NODE-INFO] 125 10000 2 100 120
[NODE-INFO] 126 10000 2 120 120
[NODE-INFO] 127 10001 0 140 120
[NODE-INFO] 128 10001 0 160 120
[NODE-INFO] 129 10001 0 180 120
[NODE-INFO] 130 10001 0 200 120
[NODE-INFO] 131 10001 0 220 120
[NODE-INFO] 132 10001 0 240 120
[NODE-INFO] 133 10001 0 260 120
[NODE-INFO] 134 10002 1 280 120
[NODE-INFO] 135 10002 1 300 120
[NODE-INFO] 136 10002 1 320 120
[NODE-INFO] 137 10002 1 340 120
[NODE-INFO] 138 10002 1 360 120
[NODE-INFO] 139 10002 1 380 120
[NODE-INFO] 140 9999 1 0 140
[NODE-INFO] 141 10000 2 20 140
[NODE-INFO] 142 10000 2 40 140
[NODE-INFO] 143 10000 2 60 140
[NODE-INFO] 144 10000 2 80 140
[NODE-INFO] 145 10000 2 100 140
[NODE-INFO] 146 10000 2 120 140
[NODE-INFO] 147 10001 0 140 140
[NODE-INFO] 148 10001 0 160 140
[NODE-INFO] 149 10001 0 180 140
[NODE-INFO] 150 10001 0 200 140
[NODE-INFO] 151 10001 0 220 140
[NODE-INFO] 152 10001 0 240 140
[NODE-INFO] 153 10001 0 260 140
[NODE-INFO] 154 10002 1 280 140
[NODE-INFO] 155 10002 1 300 140
[NODE-INFO] 156 10002 1 320 140
[NODE-INFO] 157 10002 1 340 140
[NODE-INFO] 158 10002 1 360 140
[NODE-INFO] 159 10002 1 380 140
[NODE-INFO] 160 9999 1 0 160
[NODE-INFO] 161 10000 2 20 160
[NODE-INFO] 162 10000 2 40 160
[NODE-INFO] 163 10000 2 60 160
[NODE-INFO] 164 10000 2 80 160
[NODE-INFO] 165 10000 2 100 160
[NODE-INFO] 166 10000 2 120 160
[NODE-INFO] 167 10001 0 140 160
[NODE-INFO] 168 10001 0 160 160
[NODE-INFO] 169 10001 0 180 160
[NODE-INFO] 170 10001 0 200 160
[NODE-INFO] 171 10001 0 220 160
[NODE-INFO] 172 10001 0 240 160
[NODE-INFO] 173 10001 0 260 160
[NODE-INFO] 174 10002 1 280 160
[NODE-INFO] 175 10002 1 300 160
[NODE-INFO] 176 10002 1 320 160
[NODE-INFO] 177 10002 1 340 160
[NODE-INFO] 178 10002 1 360 160
[NODE-INFO] 179 10002 1 380 160
[NODE-INFO] 180 19999 0 0 180
[NODE-INFO] 181 19999 0 20 180
[NODE-INFO] 182 10000 2 40 180
[NODE-INFO] 183 10000 2 60 180
[NODE-INFO] 184 10000 2 80 180
[NODE-INFO] 185 10000 2 100 180
[NODE-INFO] 186 20000 1 120 180
[NODE-INFO] 187 20000 1 140 180
[NODE-INFO] 188 20000 1 160 180
[NODE-INFO] 189 10001 0 180 180
[NODE-INFO] 190 10001 0 200 180
[NODE-INFO] 191 10001 0 220 180
[NODE-INFO] 192 10001 0 240 180
[NODE-INFO] 193 20001 2 260 180
[NODE-INFO] 194 20001 2 280 180
[NODE-INFO] 195 20001 2 300 180
[NODE-INFO] 196 10002 1 320 180
[NODE-INFO] 197 10002 1 340 180
[NODE-INFO] 198 10002 1 360 180
[NODE-INFO] 199 10002 1 380 180
[NODE-INFO] 200 19999 0 0 200
[NODE-INFO] 201 19999 0 20 200
[NODE-INFO] 202 19999 0 40 200
[NODE-INFO] 203 19999 0 60 200
[NODE-INFO] 204 20000 1 80 200
[NODE-INFO] 205 20000 1 100 200
[NODE-INFO] 206 20000 1 120 200
[NODE-INFO] 207 20000 1 140 200
[NODE-INFO] 208 20000 1 160 200
[NODE-INFO] 209 20000 1 180 200
[NODE-INFO] 210 20000 1 200 200
[NODE-INFO] 211 20001 2 220 200
[NODE-INFO] 212 20001 2 240 200
[NODE-INFO] 213 20001 2 260 200
[NODE-INFO] 214 20001 2 280 200
[NODE-INFO] 215 20001 2 300 200
[NODE-INFO] 216 20001 2 320 200
[NODE-INFO] 217 20001 2 340 200
[NODE-INFO] 218 20002 0 360 200
[NODE-INFO] 219 20002 0 380 200
[NODE-INFO] 220 19999 0 0 220
[NODE-INFO] 221 19999 0 20 220
[NODE-INFO] 222 19999 0 40 220
[NODE-INFO] 223 19999 0 60 220
[NODE-INFO] 224 20000 1 80 220
[NODE-INFO] 225 20000 1 100 220
[NODE-INFO] 226 20000 1 120 220
[NODE-INFO] 227 20000 1 140 220
[NODE-INFO] 228 20000 1 160 220
[NODE-INFO] 229 20000 1 180 220
[NODE-INFO] 230 20000 1 200 220
[NODE-INFO] 231 20001 2 220 220
[NODE-INFO] 232 20001 2 240 220
[NODE-INFO] 233 20001 2 260 220
[NODE-INFO] 234 20001 2 280 220
[NODE-INFO] 235 20001 2 300 220
[NODE-INFO] 236 20001 2 320 220
[NODE-INFO] 237 20001 2 340 220
[NODE-INFO] 238 20002 0 360 220
[NODE-INFO] 239 20002 0 380 220
[NODE-INFO] 240 19999 0 0 240
[NODE-INFO] 241 19999 0 20 240
[NODE-INFO] 242 19999 0 40 240
[NODE-INFO] 243 19999 0 60 240
[NODE-INFO] 244 20000 1 80 240
[NODE-INFO] 245 20000 1 100 240
[NODE-INFO] 246 20000 1 120 240
[NODE-INFO] 247 20000 1 140 240
[NODE-INFO] 248 20000 1 160 240
[NODE-INFO] 249 20000 1 180 240
[NODE-INFO] 250 20000 1 200 240
[NODE-INFO] 251 20001 2 220 240
[NODE-INFO] 252 20001 2 240 240
[NODE-INFO] 253 20001 2 260 240
[NODE-INFO] 254 20001 2 280 240
[NODE-INFO] 255 20001 2 300 240
[NODE-INFO] 256 20001 2 320 240
[NODE-INFO] 257 20001 2 340 240
[NODE-INFO] 258 20002 0 360 240
[NODE-INFO] 259 20002 0 380 240
[NODE-INFO] 260 19999 0 0 260
[NODE-INFO] 261 19999 0 20 260
[NODE-INFO] 262 19999 0 40 260
[NODE-INFO] 263 19999 0 60 260
[NODE-INFO] 264 20000 1 80 260
[NODE-INFO] 265 20000 1 100 260
[NODE-INFO] 266 20000 1 120 260
[NODE-INFO] 267 20000 1 140 260
[NODE-INFO] 268 20000 1 160 260
[NODE-INFO] 269 20000 1 180 260
[NODE-INFO] 270 20000 1 200 260
[NODE-INFO] 271 20001 2 220 260
[NODE-INFO] 272 20001 2 240 260
[NODE-INFO] 273 20001 2 260 260
[NODE-INFO] 274 20001 2 280 260
[NODE-INFO] 275 20001 2 300 260
[NODE-INFO] 276 20001 2 320 260
[NODE-INFO] 277 20001 2 340 260
[NODE-INFO] 278 20002 0 360 260
[NODE-INFO] 279 20002 0 380 260
[NODE-INFO] 280 19999 0 0 280
[NODE-INFO] 281 19999 0 20 280
[NODE-INFO] 282 19999 0 40 280
[NODE-INFO] 283 19999 0 60 280
[NODE-INFO] 284 20000 1 80 280
[NODE-INFO] 285 20000 1 100 280
[NODE-INFO] 286 20000 1 120 280
[NODE-INFO] 287 20000 1 140 280
[NODE-INFO] 288 20000 1 160 280
[NODE-INFO] 289 20000 1 180 280
[NODE-INFO] 290 20000 1 200 280
[NODE-INFO] 291 20001 2 220 280
[NODE-INFO] 292 20001 2 240 280
[NODE-INFO] 293 20001 2 260 280
[NODE-INFO] 294 20001 2 280 280
[NODE-INFO] 295 20001 2 300 280
[NODE-INFO] 296 20001 2 320 280
[NODE-INFO] 297 20001 2 340 280
[NODE-INFO] 298 20002 0 360 280
[NODE-INFO] 299 20002 0 380 280
[NODE-INFO] 300 19999 0 0 300
[NODE-INFO] 301 19999 0 20 300
[NODE-INFO] 302 29999 2 40 300
[NODE-INFO] 303 29999 2 60 300
[NODE-INFO] 304 29999 2 80 300
[NODE-INFO] 305 29999 2 100 300
[NODE-INFO] 306 20000 1 120 300
[NODE-INFO] 307 20000 1 140 300
[NODE-INFO] 308 20000 1 160 300
[NODE-INFO] 309 30000 0 180 300
[NODE-INFO] 310 30000 0 200 300
[NODE-INFO] 311 30000 0 220 300
[NODE-INFO] 312 30000 0 240 300
[NODE-INFO] 313 20001 2 260 300
[NODE-INFO] 314 20001 2 280 300
[NODE-INFO] 315 20001 2 300 300
[NODE-INFO] 316 30001 1 320 300
[NODE-INFO] 317 30001 1 340 300
[NODE-INFO] 318 30001 1 360 300
[NODE-INFO] 319 30001 1 380 300
[NODE-INFO] 320 19999 0 0 320
[NODE-INFO] 321 29999 2 20 320
[NODE-INFO] 322 29999 2 40 320
[NODE-INFO] 323 29999 2 60 320
[NODE-INFO] 324 29999 2 80 320
[NODE-INFO] 325 29999 2 100 320
[NODE-INFO] 326 29999 2 120 320
[NODE-INFO] 327 30000 0 140 320
[NODE-INFO] 328 30000 0 160 320
[NODE-INFO] 329 30000 0 180 320
[NODE-INFO] 330 30000 0 200 320
[NODE-INFO] 331 30000 0 220 320
[NODE-INFO] 332 30000 0 240 320
[NODE-INFO] 333 30000 0 260 320
[NODE-INFO] 334 30001 1 280 320
[NODE-INFO] 335 30001 1 300 320
[NODE-INFO] 336 30001 1 320 320
[NODE-INFO] 337 30001 1 340 320
[NODE-INFO] 338 30001 1 360 320
[NODE-INFO] 339 30001 1 380 320
[NODE-INFO] 340 29999 2 0 340
[NODE-INFO] 341 29999 2 20 340
[NODE-INFO] 342 29999 2 40 340
[NODE-INFO] 343 29999 2 60 340
[NODE-INFO] 344 29999 2 80 340
[NODE-INFO] 345 29999 2 100 340
[NODE-INFO] 346 29999 2 120 340
[NODE-INFO] 347 30000 0 140 340
[NODE-INFO] 348 30000 0 160 340
[NODE-INFO] 349 30000 0 180 340
[NODE-INFO] 350 30000 0 200 340
[NODE-INFO] 351 30000 0 220 340
[NODE-INFO] 352 30000 0 240 340
[NODE-INFO] 353 30000 0 260 340
[NODE-INFO] 354 30001 1 280 340
[NODE-INFO] 355 30001 1 300 340
[NODE-INFO] 356 30001 1 320 340
[NODE-INFO] 357 30001 1 340 340
[NODE-INFO] 358 30001 1 360 340
[NODE-INFO] 359 30001 1 380 340
[NODE-INFO] 360 29998 1 0 360
[NODE-INFO] 361 29999 2 20 360
[NODE-INFO] 362 29999 2 40 360
[NODE-INFO] 363 29999 2 60 360
[NODE-INFO] 364 29999 2 80 360
[NODE-INFO] 365 29999 2 100 360
[NODE-INFO] 366 29999 2 120 360
[NODE-INFO] 367 30000 0 140 360
[NODE-INFO] 368 30000 0 160 360
[NODE-INFO] 369 30000 0 180 360
[NODE-INFO] 370 30000 0 200 360
[NODE-INFO] 371 30000 0 220 360
[NODE-INFO] 372 30000 0 240 360
[NODE-INFO] 373 30000 0 260 360
[NODE-INFO] 374 30001 1 280 360
[NODE-INFO] 375 30001 1 300 360
[NODE-INFO] 376 30001 1 320 360
[NODE-INFO] 377 30001 1 340 360
[NODE-INFO] 378 30001 1 360 360
[NODE-INFO] 379 30001 1 380 360
[NODE-INFO] 380 29998 1 0 380
[NODE-INFO] 381 29999 2 20 380
[NODE-INFO] 382 29999 2 40 380
[NODE-INFO] 383 29999 2 60 380
[NODE-INFO] 384 29999 2 80 380
[NODE-INFO] 385 29999 2 100 380
[NODE-INFO] 386 29999 2 120 380
[NODE-INFO] 387 30000 0 140 380
[NODE-INFO] 388 30000 0 160 380
[NODE-INFO] 389 30000 0 180 380
[NODE-INFO] 390 30000 0 200 380
[NODE-INFO] 391 30000 0 220 380
[NODE-INFO] 392 30000 0 240 380
[NODE-INFO] 393 30000 0 260 380
[NODE-INFO] 394 30001 1 280 380
[NODE-INFO] 395 30001 1 300 380
[NODE-INFO] 396 30001 1 320 380
[NODE-INFO] 397 30001 1 340 380
[NODE-INFO] 398 30001 1 360 380
[NODE-INFO] 399 30001 1 380 380
Step 1: Assign Cell ID and Color
  Total ground nodes: 400
  Cell radius: 80m

[NEIGHBOR-DISCOVERY] [0] 1 2 3 4 20 21 22 23 40 41 42 43 60 61 62 80
[NEIGHBOR-DISCOVERY] [1] 0 2 3 4 5 20 21 22 23 24 40 41 42 43 44 60 61 62 63 81
[NEIGHBOR-DISCOVERY] [2] 0 1 3 4 5 6 20 21 22 23 24 25 40 41 42 43 44 45 60 61 62 63 64 82
[NEIGHBOR-DISCOVERY] [3] 0 1 2 4 5 6 7 20 21 22 23 24 25 26 40 41 42 43 44 45 46 61 62 63 64 65 83
[NEIGHBOR-DISCOVERY] [4] 0 1 2 3 5 6 7 8 21 22 23 24 25 26 27 41 42 43 44 45 46 47 62 63 64 65 66 84
[NEIGHBOR-DISCOVERY] [5] 1 2 3 4 6 7 8 9 22 23 24 25 26 27 28 42 43 44 45 46 47 48 63 64 65 66 67 85
[NEIGHBOR-DISCOVERY] [6] 2 3 4 5 7 8 9 10 23 24 25 26 27 28 29 43 44 45 46 47 48 49 64 65 66 67 68 86
[NEIGHBOR-DISCOVERY] [7] 3 4 5 6 8 9 10 11 24 25 26 27 28 29 30 44 45 46 47 48 49 50 65 66 67 68 69 87
[NEIGHBOR-DISCOVERY] [8] 4 5 6 7 9 10 11 12 25 26 27 28 29 30 31 45 46 47 48 49 50 51 66 67 68 69 70 88
[NEIGHBOR-DISCOVERY] [9] 5 6 7 8 10 11 12 13 26 27 28 29 30 31 32 46 47 48 49 50 51 52 67 68 69 70 71 89
[NEIGHBOR-DISCOVERY] [10] 6 7 8 9 11 12 13 14 27 28 29 30 31 32 33 47 48 49 50 51 52 53 68 69 70 71 72 90
[NEIGHBOR-DISCOVERY] [11] 7 8 9 10 12 13 14 15 28 29 30 31 32 33 34 48 49 50 51 52 53 54 69 70 71 72 73 91
[NEIGHBOR-DISCOVERY] [12] 8 9 10 11 13 14 15 16 29 30 31 32 33 34 35 49 50 51 52 53 54 55 70 71 72 73 74 92
[NEIGHBOR-DISCOVERY] [13] 9 10 11 12 14 15 16 17 30 31 32 33 34 35 36 50 51 52 53 54 55 56 71 72 73 74 75 93
[NEIGHBOR-DISCOVERY] [14] 10 11 12 13 15 16 17 18 31 32 33 34 35 36 37 51 52 53 54 55 56 57 72 73 74 75 76 94
[NEIGHBOR-DISCOVERY] [15] 11 12 13 14 16 17 18 19 32 33 34 35 36 37 38 52 53 54 55 56 57 58 73 74 75 76 77 95
[NEIGHBOR-DISCOVERY] [16] 12 13 14 15 17 18 19 33 34 35 36 37 38 39 53 54 55 56 57 58 59 74 75 76 77 78 96
[NEIGHBOR-DISCOVERY] [17] 13 14 15 16 18 19 34 35 36 37 38 39 54 55 56 57 58 59 75 76 77 78 79 97
[NEIGHBOR-DISCOVERY] [18] 14 15 16 17 19 35 36 37 38 39 55 56 57 58 59 76 77 78 79 98
[NEIGHBOR-DISCOVERY] [19] 15 16 17 18 36 37 38 39 56 57 58 59 77 78 79 99
[NEIGHBOR-DISCOVERY] [20] 0 1 2 3 21 22 23 24 40 41 42 43 60 61 62 63 80 81 82 100
[NEIGHBOR-DISCOVERY] [21] 0 1 2 3 4 20 22 23 24 25 40 41 42 43 44 60 61 62 63 64 80 81 82 83 101
[NEIGHBOR-DISCOVERY] [22] 0 1 2 3 4 5 20 21 23 24 25 26 40 41 42 43 44 45 60 61 62 63 64 65 80 81 82 83 84 102
[NEIGHBOR-DISCOVERY] [23] 0 1 2 3 4 5 6 20 21 22 24 25 26 27 40 41 42 43 44 45 46 60 61 62 63 64 65 66 81 82 83 84 85 103
[NEIGHBOR-DISCOVERY] [24] 1 2 3 4 5 6 7 20 21 22 23 25 26 27 28 41 42 43 44 45 46 47 61 62 63 64 65 66 67 82 83 84 85 86 104
[NEIGHBOR-DISCOVERY] [25] 2 3 4 5 6 7 8 21 22 23 24 26 27 28 29 42 43 44 45 46 47 48 62 63 64 65 66 67 68 83 84 85 86 87 105
[NEIGHBOR-DISCOVERY] [26] 3 4 5 6 7 8 9 22 23 24 25 27 28 29 30 43 44 45 46 47 48 49 63 64 65 66 67 68 69 84 85 86 87 88 106
[NEIGHBOR-DISCOVERY] [27] 4 5 6 7 8 9 10 23 24 25 26 28 29 30 31 44 45 46 47 48 49 50 64 65 66 67 68 69 70 85 86 87 88 89 107
[NEIGHBOR-DISCOVERY] [28] 5 6 7 8 9 10 11 24 25 26 27 29 30 31 32 45 46 47 48 49 50 51 65 66 67 68 69 70 71 86 87 88 89 90 108
[NEIGHBOR-DISCOVERY] [29] 6 7 8 9 10 11 12 25 26 27 28 30 31 32 33 46 47 48 49 50 51 52 66 67 68 69 70 71 72 87 88 89 90 91 109
[NEIGHBOR-DISCOVERY] [30] 7 8 9 10 11 12 13 26 27 28 29 31 32 33 34 47 48 49 50 51 52 53 67 68 69 70 71 72 73 88 89 90 91 92 110
[NEIGHBOR-DISCOVERY] [31] 8 9 10 11 12 13 14 27 28 29 30 32 33 34 35 48 49 50 51 52 53 54 68 69 70 71 72 73 74 89 90 91 92 93 111
[NEIGHBOR-DISCOVERY] [32] 9 10 11 12 13 14 15 28 29 30 31 33 34 35 36 49 50 51 52 53 54 55 69 70 71 72 73 74 75 90 91 92 93 94 112
[NEIGHBOR-DISCOVERY] [33] 10 11 12 13 14 15 16 29 30 31 32 34 35 36 37 50 51 52 53 54 55 56 70 71 72 73 74 75 76 91 92 93 94 95 113
[NEIGHBOR-DISCOVERY] [34] 11 12 13 14 15 16 17 30 31 32 33 35 36 37 38 51 52 53 54 55 56 57 71 72 73 74 75 76 77 92 93 94 95 96 114
[NEIGHBOR-DISCOVERY] [35] 12 13 14 15 16 17 18 31 32 33 34 36 37 38 39 52 53 54 55 56 57 58 72 73 74 75 76 77 78 93 94 95 96 97 115
[NEIGHBOR-DISCOVERY] [36] 13 14 15 16 17 18 19 32 33 34 35 37 38 39 53 54 55 56 57 58 59 73 74 75 76 77 78 79 94 95 96 97 98 116
[NEIGHBOR-DISCOVERY] [37] 14 15 16 17 18 19 33 34 35 36 38 39 54 55 56 57 58 59 74 75 76 77 78 79 95 96 97 98 99 117
[NEIGHBOR-DISCOVERY] [38] 15 16 17 18 19 34 35 36 37 39 55 56 57 58 59 75 76 77 78 79 96 97 98 99 118
[NEIGHBOR-DISCOVERY] [39] 16 17 18 19 35 36 37 38 56 57 58 59 76 77 78 79 97 98 99 119
[NEIGHBOR-DISCOVERY] [40] 0 1 2 3 20 21 22 23 41 42 43 44 60 61 62 63 80 81 82 83 100 101 102 120
[NEIGHBOR-DISCOVERY] [41] 0 1 2 3 4 20 21 22 23 24 40 42 43 44 45 60 61 62 63 64 80 81 82 83 84 100 101 102 103 121
[NEIGHBOR-DISCOVERY] [42] 0 1 2 3 4 5 20 21 22 23 24 25 40 41 43 44 45 46 60 61 62 63 64 65 80 81 82 83 84 85 100 101 102 103 104 122
[NEIGHBOR-DISCOVERY] [43] 0 1 2 3 4 5 6 20 21 22 23 24 25 26 40 41 42 44 45 46 47 60 61 62 63 64 65 66 80 81 82 83 84 85 86 101 102 103 104 105 123
[NEIGHBOR-DISCOVERY] [44] 1 2 3 4 5 6 7 21 22 23 24 25 26 27 40 41 42 43 45 46 47 48 61 62 63 64 65 66 67 81 82 83 84 85 86 87 102 103 104 105 106 124
[NEIGHBOR-DISCOVERY] [45] 2 3 4 5 6 7 8 22 23 24 25 26 27 28 41 42 43 44 46 47 48 49 62 63 64 65 66 67 68 82 83 84 85 86 87 88 103 104 105 106 107 125
[NEIGHBOR-DISCOVERY] [46] 3 4 5 6 7 8 9 23 24 25 26 27 28 29 42 43 44 45 47 48 49 50 63 64 65 66 67 68 69 83 84 85 86 87 88 89 104 105 106 107 108 126
[NEIGHBOR-DISCOVERY] [47] 4 5 6 7 8 9 10 24 25 26 27 28 29 30 43 44 45 46 48 49 50 51 64 65 66 67 68 69 70 84 85 86 87 88 89 90 105 106 107 108 109 127
[NEIGHBOR-DISCOVERY] [48] 5 6 7 8 9 10 11 25 26 27 28 29 30 31 44 45 46 47 49 50 51 52 65 66 67 68 69 70 71 85 86 87 88 89 90 91 106 107 108 109 110 128
[NEIGHBOR-DISCOVERY] [49] 6 7 8 9 10 11 12 26 27 28 29 30 31 32 45 46 47 48 50 51 52 53 66 67 68 69 70 71 72 86 87 88 89 90 91 92 107 108 109 110 111 129
[NEIGHBOR-DISCOVERY] [50] 7 8 9 10 11 12 13 27 28 29 30 31 32 33 46 47 48 49 51 52 53 54 67 68 69 70 71 72 73 87 88 89 90 91 92 93 108 109 110 111 112 130
[NEIGHBOR-DISCOVERY] [51] 8 9 10 11 12 13 14 28 29 30 31 32 33 34 47 48 49 50 52 53 54 55 68 69 70 71 72 73 74 88 89 90 91 92 93 94 109 110 111 112 113 131
[NEIGHBOR-DISCOVERY] [52] 9 10 11 12 13 14 15 29 30 31 32 33 34 35 48 49 50 51 53 54 55 56 69 70 71 72 73 74 75 89 90 91 92 93 94 95 110 111 112 113 114 132
[NEIGHBOR-DISCOVERY] [53] 10 11 12 13 14 15 16 30 31 32 33 34 35 36 49 50 51 52 54 55 56 57 70 71 72 73 74 75 76 90 91 92 93 94 95 96 111 112 113 114 115 133
[NEIGHBOR-DISCOVERY] [54] 11 12 13 14 15 16 17 31 32 33 34 35 36 37 50 51 52 53 55 56 57 58 71 72 73 74 75 76 77 91 92 93 94 95 96 97 112 113 114 115 116 134
[NEIGHBOR-DISCOVERY] [55] 12 13 14 15 16 17 18 32 33 34 35 36 37 38 51 52 53 54 56 57 58 59 72 73 74 75 76 77 78 92 93 94 95 96 97 98 113 114 115 116 117 135
[NEIGHBOR-DISCOVERY] [56] 13 14 15 16 17 18 19 33 34 35 36 37 38 39 52 53 54 55 57 58 59 73 74 75 76 77 78 79 93 94 95 96 97 98 99 114 115 116 117 118 136
[NEIGHBOR-DISCOVERY] [57] 14 15 16 17 18 19 34 35 36 37 38 39 53 54 55 56 58 59 74 75 76 77 78 79 94 95 96 97 98 99 115 116 117 118 119 137
[NEIGHBOR-DISCOVERY] [58] 15 16 17 18 19 35 36 37 38 39 54 55 56 57 59 75 76 77 78 79 95 96 97 98 99 116 117 118 119 138
[NEIGHBOR-DISCOVERY] [59] 16 17 18 19 36 37 38 39 55 56 57 58 76 77 78 79 96 97 98 99 117 118 119 139
[NEIGHBOR-DISCOVERY] [60] 0 1 2 20 21 22 23 40 41 42 43 61 62 63 64 80 81 82 83 100 101 102 103 120 121 122 140
[NEIGHBOR-DISCOVERY] [61] 0 1 2 3 20 21 22 23 24 40 41 42 43 44 60 62 63 64 65 80 81 82 83 84 100 101 102 103 104 120 121 122 123 141
[NEIGHBOR-DISCOVERY] [62] 0 1 2 3 4 20 21 22 23 24 25 40 41 42 43 44 45 60 61 63 64 65 66 80 81 82 83 84 85 100 101 102 103 104 105 120 121 122 123 124 142
[NEIGHBOR-DISCOVERY] [63] 1 2 3 4 5 20 21 22 23 24 25 26 40 41 42 43 44 45 46 60 61 62 64 65 66 67 80 81 82 83 84 85 86 100 101 102 103 104 105 106 121 122 123 124 125 143
[NEIGHBOR-DISCOVERY] [64] 2 3 4 5 6 21 22 23 24 25 26 27 41 42 43 44 45 46 47 60 61 62 63 65 66 67 68 81 82 83 84 85 86 87 101 102 103 104 105 106 107 122 123 124 125 126 144
[NEIGHBOR-DISCOVERY] [65] 3 4 5 6 7 22 23 24 25 26 27 28 42 43 44 45 46 47 48 61 62 63 64 66 67 68 69 82 83 84 85 86 87 88 102 103 104 105 106 107 108 123 124 125 126 127 145
[NEIGHBOR-DISCOVERY] [66] 4 5 6 7 8 23 24 25 26 27 28 29 43 44 45 46 47 48 49 62 63 64 65 67 68 69 70 83 84 85 86 87 88 89 103 104 105 106 107 108 109 124 125 126 127 128 146
[NEIGHBOR-DISCOVERY] [67] 5 6 7 8 9 24 25 26 27 28 29 30 44 45 46 47 48 49 50 63 64 65 66 68 69 70 71 84 85 86 87 88 89 90 104 105 106 107 108 109 110 125 126 127 128 129 147
[NEIGHBOR-DISCOVERY] [68] 6 7 8 9 10 25 26 27 28 29 30 31 45 46 47 48 49 50 51 64 65 66 67 69 70 71 72 85 86 87 88 89 90 91 105 106 107 108 109 110 111 126 127 128 129 130 148
[NEIGHBOR-DISCOVERY] [69] 7 8 9 10 11 26 27 28 29 30 31 32 46 47 48 49 50 51 52 65 66 67 68 70 71 72 73 86 87 88 89 90 91 92 106 107 108 109 110 111 112 127 128 129 130 131 149
[NEIGHBOR-DISCOVERY] [70] 8 9 10 11 12 27 28 29 30 31 32 33 47 48 49 50 51 52 53 66 67 68 69 71 72 73 74 87 88 89 90 91 92 93 107 108 109 110 111 112 113 128 129 130 131 132 150
[NEIGHBOR-DISCOVERY] [71] 9 10 11 12 13 28 29 30 31 32 33 34 48 49 50 51 52 53 54 67 68 69 70 72 73 74 75 88 89 90 91 92 93 94 108 109 110 111 112 113 114 129 130 131 132 133 151
[NEIGHBOR-DISCOVERY] [72] 10 11 12 13 14 29 30 31 32 33 34 35 49 50 51 52 53 54 55 68 69 70 71 73 74 75 76 89 90 91 92 93 94 95 109 110 111 112 113 114 115 130 131 132 133 134 152
[NEIGHBOR-DISCOVERY] [73] 11 12 13 14 15 30 31 32 33 34 35 36 50 51 52 53 54 55 56 69 70 71 72 74 75 76 77 90 91 92 93 94 95 96 110 111 112 113 114 115 116 131 132 133 134 135 153
[NEIGHBOR-DISCOVERY] [74] 12 13 14 15 16 31 32 33 34 35 36 37 51 52 53 54 55 56 57 70 71 72 73 75 76 77 78 91 92 93 94 95 96 97 111 112 113 114 115 116 117 132 133 134 135 136 154
[NEIGHBOR-DISCOVERY] [75] 13 14 15 16 17 32 33 34 35 36 37 38 52 53 54 55 56 57 58 71 72 73 74 76 77 78 79 92 93 94 95 96 97 98 112 113 114 115 116 117 118 133 134 135 136 137 155
[NEIGHBOR-DISCOVERY] [76] 14 15 16 17 18 33 34 35 36 37 38 39 53 54 55 56 57 58 59 72 73 74 75 77 78 79 93 94 95 96 97 98 99 113 114 115 116 117 118 119 134 135 136 137 138 156
[NEIGHBOR-DISCOVERY] [77] 15 16 17 18 19 34 35 36 37 38 39 54 55 56 57 58 59 73 74 75 76 78 79 94 95 96 97 98 99 114 115 116 117 118 119 135 136 137 138 139 157
[NEIGHBOR-DISCOVERY] [78] 16 17 18 19 35 36 37 38 39 55 56 57 58 59 74 75 76 77 79 95 96 97 98 99 115 116 117 118 119 136 137 138 139 158
[NEIGHBOR-DISCOVERY] [79] 17 18 19 36 37 38 39 56 57 58 59 75 76 77 78 96 97 98 99 116 117 118 119 137 138 139 159
[NEIGHBOR-DISCOVERY] [80] 0 20 21 22 40 41 42 43 60 61 62 63 81 82 83 84 100 101 102 103 120 121 122 123 140 141 142 160
[NEIGHBOR-DISCOVERY] [81] 1 20 21 22 23 40 41 42 43 44 60 61 62 63 64 80 82 83 84 85 100 101 102 103 104 120 121 122 123 124 140 141 142 143 161
[NEIGHBOR-DISCOVERY] [82] 2 20 21 22 23 24 40 41 42 43 44 45 60 61 62 63 64 65 80 81 83 84 85 86 100 101 102 103 104 105 120 121 122 123 124 125 140 141 142 143 144 162
[NEIGHBOR-DISCOVERY] [83] 3 21 22 23 24 25 40 41 42 43 44 45 46 60 61 62 63 64 65 66 80 81 82 84 85 86 87 100 101 102 103 104 105 106 120 121 122 123 124 125 126 141 142 143 144 145 163
[NEIGHBOR-DISCOVERY] [84] 4 22 23 24 25 26 41 42 43 44 45 46 47 61 62 63 64 65 66 67 80 81 82 83 85 86 87 88 101 102 103 104 105 106 107 121 122 123 124 125 126 127 142 143 144 145 146 164
[NEIGHBOR-DISCOVERY] [85] 5 23 24 25 26 27 42 43 44 45 46 47 48 62 63 64 65 66 67 68 81 82 83 84 86 87 88 89 102 103 104 105 106 107 108 122 123 124 125 126 127 128 143 144 145 146 147 165
[NEIGHBOR-DISCOVERY] [86] 6 24 25 26 27 28 43 44 45 46 47 48 49 63 64 65 66 67 68 69 82 83 84 85 87 88 89 90 103 104 105 106 107 108 109 123 124 125 126 127 128 129 144 145 146 147 148 166
[NEIGHBOR-DISCOVERY] [87] 7 25 26 27 28 29 44 45 46 47 48 49 50 64 65 66 67 68 69 70 83 84 85 86 88 89 90 91 104 105 106 107 108 109 110 124 125 126 127 128 129 130 145 146 147 148 149 167
[NEIGHBOR-DISCOVERY] [88] 8 26 27 28 29 30 45 46 47 48 49 50 51 65 66 67 68 69 70 71 84 85 86 87 89 90 91 92 105 106 107 108 109 110 111 125 126 127 128 129 130 131 146 147 148 149 150 168
[NEIGHBOR-DISCOVERY] [89] 9 27 28 29 30 31 46 47 48 49 50 51 52 66 67 68 69 70 71 72 85 86 87 88 90 91 92 93 106 107 108 109 110 111 112 126 127 128 129 130 131 132 147 148 149 150 151 169
[NEIGHBOR-DISCOVERY] [90] 10 28 29 30 31 32 47 48 49 50 51 52 53 67 68 69 70 71 72 73 86 87 88 89 91 92 93 94 107 108 109 110 111 112 113 127 128 129 130 131 132 133 148 149 150 151 152 170
[NEIGHBOR-DISCOVERY] [91] 11 29 30 31 32 33 48 49 50 51 52 53 54 68 69 70 71 72 73 74 87 88 89 90 92 93 94 95 108 109 110 111 112 113 114 128 129 130 131 132 133 134 149 150 151 152 153 171
[NEIGHBOR-DISCOVERY] [92] 12 30 31 32 33 34 49 50 51 52 53 54 55 69 70 71 72 73 74 75 88 89 90 91 93 94 95 96 109 110 111 112 113 114 115 129 130 131 132 133 134 135 150 151 152 153 154 172
[NEIGHBOR-DISCOVERY] [93] 13 31 32 33 34 35 50 51 52 53 54 55 56 70 71 72 73 74 75 76 89 90 91 92 94 95 96 97 110 111 112 113 114 115 116 130 131 132 133 134 135 136 151 152 153 154 155 173
[NEIGHBOR-DISCOVERY] [94] 14 32 33 34 35 36 51 52 53 54 55 56 57 71 72 73 74 75 76 77 90 91 92 93 95 96 97 98 111 112 113 114 115 116 117 131 132 133 134 135 136 137 152 153 154 155 156 174
[NEIGHBOR-DISCOVERY] [95] 15 33 34 35 36 37 52 53 54 55 56 57 58 72 73 74 75 76 77 78 91 92 93 94 96 97 98 99 112 113 114 115 116 117 118 132 133 134 135 136 137 138 153 154 155 156 157 175
[NEIGHBOR-DISCOVERY] [96] 16 34 35 36 37 38 53 54 55 56 57 58 59 73 74 75 76 77 78 79 92 93 94 95 97 98 99 113 114 115 116 117 118 119 133 134 135 136 137 138 139 154 155 156 157 158 176
[NEIGHBOR-DISCOVERY] [97] 17 35 36 37 38 39 54 55 56 57 58 59 74 75 76 77 78 79 93 94 95 96 98 99 114 115 116 117 118 119 134 135 136 137 138 139 155 156 157 158 159 177
[NEIGHBOR-DISCOVERY] [98] 18 36 37 38 39 55 56 57 58 59 75 76 77 78 79 94 95 96 97 99 115 116 117 118 119 135 136 137 138 139 156 157 158 159 178
[NEIGHBOR-DISCOVERY] [99] 19 37 38 39 56 57 58 59 76 77 78 79 95 96 97 98 116 117 118 119 136 137 138 139 157 158 159 179
[NEIGHBOR-DISCOVERY] [100] 20 40 41 42 60 61 62 63 80 81 82 83 101 102 103 104 120 121 122 123 140 141 142 143 160 161 162 180
[NEIGHBOR-DISCOVERY] [101] 21 40 41 42 43 60 61 62 63 64 80 81 82 83 84 100 102 103 104 105 120 121 122 123 124 140 141 142 143 144 160 161 162 163 181
[NEIGHBOR-DISCOVERY] [102] 22 40 41 42 43 44 60 61 62 63 64 65 80 81 82 83 84 85 100 101 103 104 105 106 120 121 122 123 124 125 140 141 142 143 144 145 160 161 162 163 164 182
[NEIGHBOR-DISCOVERY] [103] 23 41 42 43 44 45 60 61 62 63 64 65 66 80 81 82 83 84 85 86 100 101 102 104 105 106 107 120 121 122 123 124 125 126 140 141 142 143 144 145 146 161 162 163 164 165 183
[NEIGHBOR-DISCOVERY] [104] 24 42 43 44 45 46 61 62 63 64 65 66 67 81 82 83 84 85 86 87 100 101 102 103 105 106 107 108 121 122 123 124 125 126 127 141 142 143 144 145 146 147 162 163 164 165 166 184
[NEIGHBOR-DISCOVERY] [105] 25 43 44 45 46 47 62 63 64 65 66 67 68 82 83 84 85 86 87 88 101 102 103 104 106 107 108 109 122 123 124 125 126 127 128 142 143 144 145 146 147 148 163 164 165 166 167 185
[NEIGHBOR-DISCOVERY] [106] 26 44 45 46 47 48 63 64 65 66 67 68 69 83 84 85 86 87 88 89 102 103 104 105 107 108 109 110 123 124 125 126 127 128 129 143 144 145 146 147 148 149 164 165 166 167 168 186
[NEIGHBOR-DISCOVERY] [107] 27 45 46 47 48 49 64 65 66 67 68 69 70 84 85 86 87 88 89 90 103 104 105 106 108 109 110 111 124 125 126 127 128 129 130 144 145 146 147 148 149 150 165 166 167 168 169 187
[NEIGHBOR-DISCOVERY] [108] 28 46 47 48 49 50 65 66 67 68 69 70 71 85 86 87 88 89 90 91 104 105 106 107 109 110 111 112 125 126 127 128 129 130 131 145 146 147 148 149 150 151 166 167 168 169 170 188
[NEIGHBOR-DISCOVERY] [109] 29 47 48 49 50 51 66 67 68 69 70 71 72 86 87 88 89 90 91 92 105 106 107 108 110 111 112 113 126 127 128 129 130 131 132 146 147 148 149 150 151 152 167 168 169 170 171 189
[NEIGHBOR-DISCOVERY] [110] 30 48 49 50 51 52 67 68 69 70 71 72 73 87 88 89 90 91 92 93 106 107 108 109 111 112 113 114 127 128 129 130 131 132 133 147 148 149 150 151 152 153 168 169 170 171 172 190
[NEIGHBOR-DISCOVERY] [111] 31 49 50 51 52 53 68 69 70 71 72 73 74 88 89 90 91 92 93 94 107 108 109 110 112 113 114 115 128 129 130 131 132 133 134 148 149 150 151 152 153 154 169 170 171 172 173 191
[NEIGHBOR-DISCOVERY] [112] 32 50 51 52 53 54 69 70 71 72 73 74 75 89 90 91 92 93 94 95 108 109 110 111 113 114 115 116 129 130 131 132 133 134 135 149 150 151 152 153 154 155 170 171 172 173 174 192
[NEIGHBOR-DISCOVERY] [113] 33 51 52 53 54 55 70 71 72 73 74 75 76 90 91 92 93 94 95 96 109 110 111 112 114 115 116 117 130 131 132 133 134 135 136 150 151 152 153 154 155 156 171 172 173 174 175 193
[NEIGHBOR-DISCOVERY] [114] 34 52 53 54 55 56 71 72 73 74 75 76 77 91 92 93 94 95 96 97 110 111 112 113 115 116 117 118 131 132 133 134 135 136 137 151 152 153 154 155 156 157 172 173 174 175 176 194
[NEIGHBOR-DISCOVERY] [115] 35 53 54 55 56 57 72 73 74 75 76 77 78 92 93 94 95 96 97 98 111 112 113 114 116 117 118 119 132 133 134 135 136 137 138 152 153 154 155 156 157 158 173 174 175 176 177 195
[NEIGHBOR-DISCOVERY] [116] 36 54 55 56 57 58 73 74 75 76 77 78 79 93 94 95 96 97 98 99 112 113 114 115 117 118 119 133 134 135 136 137 138 139 153 154 155 156 157 158 159 174 175 176 177 178 196
[NEIGHBOR-DISCOVERY] [117] 37 55 56 57 58 59 74 75 76 77 78 79 94 95 96 97 98 99 113 114 115 116 118 119 134 135 136 137 138 139 154 155 156 157 158 159 175 176 177 178 179 197
[NEIGHBOR-DISCOVERY] [118] 38 56 57 58 59 75 76 77 78 79 95 96 97 98 99 114 115 116 117 119 135 136 137 138 139 155 156 157 158 159 176 177 178 179 198
[NEIGHBOR-DISCOVERY] [119] 39 57 58 59 76 77 78 79 96 97 98 99 115 116 117 118 136 137 138 139 156 157 158 159 177 178 179 199
[NEIGHBOR-DISCOVERY] [120] 40 60 61 62 80 81 82 83 100 101 102 103 121 122 123 124 140 141 142 143 160 161 162 163 180 181 182 200
[NEIGHBOR-DISCOVERY] [121] 41 60 61 62 63 80 81 82 83 84 100 101 102 103 104 120 122 123 124 125 140 141 142 143 144 160 161 162 163 164 180 181 182 183 201
[NEIGHBOR-DISCOVERY] [122] 42 60 61 62 63 64 80 81 82 83 84 85 100 101 102 103 104 105 120 121 123 124 125 126 140 141 142 143 144 145 160 161 162 163 164 165 180 181 182 183 184 202
[NEIGHBOR-DISCOVERY] [123] 43 61 62 63 64 65 80 81 82 83 84 85 86 100 101 102 103 104 105 106 120 121 122 124 125 126 127 140 141 142 143 144 145 146 160 161 162 163 164 165 166 181 182 183 184 185 203
[NEIGHBOR-DISCOVERY] [124] 44 62 63 64 65 66 81 82 83 84 85 86 87 101 102 103 104 105 106 107 120 121 122 123 125 126 127 128 141 142 143 144 145 146 147 161 162 163 164 165 166 167 182 183 184 185 186 204
[NEIGHBOR-DISCOVERY] [125] 45 63 64 65 66 67 82 83 84 85 86 87 88 102 103 104 105 106 107 108 121 122 123 124 126 127 128 129 142 143 144 145 146 147 148 162 163 164 165 166 167 168 183 184 185 186 187 205
[NEIGHBOR-DISCOVERY] [126] 46 64 65 66 67 68 83 84 85 86 87 88 89 103 104 105 106 107 108 109 122 123 124 125 127 128 129 130 143 144 145 146 147 148 149 163 164 165 166 167 168 169 184 185 186 187 188 206
[NEIGHBOR-DISCOVERY] [127] 47 65 66 67 68 69 84 85 86 87 88 89 90 104 105 106 107 108 109 110 123 124 125 126 128 129 130 131 144 145 146 147 148 149 150 164 165 166 167 168 169 170 185 186 187 188 189 207
[NEIGHBOR-DISCOVERY] [128] 48 66 67 68 69 70 85 86 87 88 89 90 91 105 106 107 108 109 110 111 124 125 126 127 129 130 131 132 145 146 147 148 149 150 151 165 166 167 168 169 170 171 186 187 188 189 190 208
[NEIGHBOR-DISCOVERY] [129] 49 67 68 69 70 71 86 87 88 89 90 91 92 106 107 108 109 110 111 112 125 126 127 128 130 131 132 133 146 147 148 149 150 151 152 166 167 168 169 170 171 172 187 188 189 190 191 209
[NEIGHBOR-DISCOVERY] [130] 50 68 69 70 71 72 87 88 89 90 91 92 93 107 108 109 110 111 112 113 126 127 128 129 131 132 133 134 147 148 149 150 151 152 153 167 168 169 170 171 172 173 188 189 190 191 192 210
[NEIGHBOR-DISCOVERY] [131] 51 69 70 71 72 73 88 89 90 91 92 93 94 108 109 110 111 112 113 114 127 128 129 130 132 133 134 135 148 149 150 151 152 153 154 168 169 170 171 172 173 174 189 190 191 192 193 211
[NEIGHBOR-DISCOVERY] [132] 52 70 71 72 73 74 89 90 91 92 93 94 95 109 110 111 112 113 114 115 128 129 130 131 133 134 135 136 149 150 151 152 153 154 155 169 170 171 172 173 174 175 190 191 192 193 194 212
[NEIGHBOR-DISCOVERY] [133] 53 71 72 73 74 75 90 91 92 93 94 95 96 110 111 112 113 114 115 116 129 130 131 132 134 135 136 137 150 151 152 153 154 155 156 170 171 172 173 174 175 176 191 192 193 194 195 213
[NEIGHBOR-DISCOVERY] [134] 54 72 73 74 75 76 91 92 93 94 95 96 97 111 112 113 114 115 116 117 130 131 132 133 135 136 137 138 151 152 153 154 155 156 157 171 172 173 174 175 176 177 192 193 194 195 196 214
[NEIGHBOR-DISCOVERY] [135] 55 73 74 75 76 77 92 93 94 95 96 97 98 112 113 114 115 116 117 118 131 132 133 134 136 137 138 139 152 153 154 155 156 157 158 172 173 174 175 176 177 178 193 194 195 196 197 215
[NEIGHBOR-DISCOVERY] [136] 56 74 75 76 77 78 93 94 95 96 97 98 99 113 114 115 116 117 118 119 132 133 134 135 137 138 139 153 154 155 156 157 158 159 173 174 175 176 177 178 179 194 195 196 197 198 216
[NEIGHBOR-DISCOVERY] [137] 57 75 76 77 78 79 94 95 96 97 98 99 114 115 116 117 118 119 133 134 135 136 138 139 154 155 156 157 158 159 174 175 176 177 178 179 195 196 197 198 199 217
[NEIGHBOR-DISCOVERY] [138] 58 76 77 78 79 95 96 97 98 99 115 116 117 118 119 134 135 136 137 139 155 156 157 158 159 175 176 177 178 179 196 197 198 199 218
[NEIGHBOR-DISCOVERY] [139] 59 77 78 79 96 97 98 99 116 117 118 119 135 136 137 138 156 157 158 159 176 177 178 179 197 198 199 219
[NEIGHBOR-DISCOVERY] [140] 60 80 81 82 100 101 102 103 120 121 122 123 141 142 143 144 160 161 162 163 180 181 182 183 200 201 202 220
[NEIGHBOR-DISCOVERY] [141] 61 80 81 82 83 100 101 102 103 104 120 121 122 123 124 140 142 143 144 145 160 161 162 163 164 180 181 182 183 184 200 201 202 203 221
[NEIGHBOR-DISCOVERY] [142] 62 80 81 82 83 84 100 101 102 103 104 105 120 121 122 123 124 125 140 141 143 144 145 146 160 161 162 163 164 165 180 181 182 183 184 185 200 201 202 203 204 222
[NEIGHBOR-DISCOVERY] [143] 63 81 82 83 84 85 100 101 102 103 104 105 106 120 121 122 123 124 125 126 140 141 142 144 145 146 147 160 161 162 163 164 165 166 180 181 182 183 184 185 186 201 202 203 204 205 223
[NEIGHBOR-DISCOVERY] [144] 64 82 83 84 85 86 101 102 103 104 105 106 107 121 122 123 124 125 126 127 140 141 142 143 145 146 147 148 161 162 163 164 165 166 167 181 182 183 184 185 186 187 202 203 204 205 206 224
[NEIGHBOR-DISCOVERY] [145] 65 83 84 85 86 87 102 103 104 105 106 107 108 122 123 124 125 126 127 128 141 142 143 144 146 147 148 149 162 163 164 165 166 167 168 182 183 184 185 186 187 188 203 204 205 206 207 225
[NEIGHBOR-DISCOVERY] [146] 66 84 85 86 87 88 103 104 105 106 107 108 109 123 124 125 126 127 128 129 142 143 144 145 147 148 149 150 163 164 165 166 167 168 169 183 184 185 186 187 188 189 204 205 206 207 208 226
[NEIGHBOR-DISCOVERY] [147] 67 85 86 87 88 89 104 105 106 107 108 109 110 124 125 126 127 128 129 130 143 144 145 146 148 149 150 151 164 165 166 167 168 169 170 184 185 186 187 188 189 190 205 206 207 208 209 227
[NEIGHBOR-DISCOVERY] [148] 68 86 87 88 89 90 105 106 107 108 109 110 111 125 126 127 128 129 130 131 144 145 146 147 149 150 151 152 165 166 167 168 169 170 171 185 186 187 188 189 190 191 206 207 208 209 210 228
[NEIGHBOR-DISCOVERY] [149] 69 87 88 89 90 91 106 107 108 109 110 111 112 126 127 128 129 130 131 132 145 146 147 148 150 151 152 153 166 167 168 169 170 171 172 186 187 188 189 190 191 192 207 208 209 210 211 229
[NEIGHBOR-DISCOVERY] [150] 70 88 89 90 91 92 107 108 109 110 111 112 113 127 128 129 130 131 132 133 146 147 148 149 151 152 153 154 167 168 169 170 171 172 173 187 188 189 190 191 192 193 208 209 210 211 212 230
[NEIGHBOR-DISCOVERY] [151] 71 89 90 91 92 93 108 109 110 111 112 113 114 128 129 130 131 132 133 134 147 148 149 150 152 153 154 155 168 169 170 171 172 173 174 188 189 190 191 192 193 194 209 210 211 212 213 231
[NEIGHBOR-DISCOVERY] [152] 72 90 91 92 93 94 109 110 111 112 113 114 115 129 130 131 132 133 134 135 148 149 150 151 153 154 155 156 169 170 171 172 173 174 175 189 190 191 192 193 194 195 210 211 212 213 214 232
[NEIGHBOR-DISCOVERY] [153] 73 91 92 93 94 95 110 111 112 113 114 115 116 130 131 132 133 134 135 136 149 150 151 152 154 155 156 157 170 171 172 173 174 175 176 190 191 192 193 194 195 196 211 212 213 214 215 233
[NEIGHBOR-DISCOVERY] [154] 74 92 93 94 95 96 111 112 113 114 115 116 117 131 132 133 134 135 136 137 150 151 152 153 155 156 157 158 171 172 173 174 175 176 177 191 192 193 194 195 196 197 212 213 214 215 216 234
[NEIGHBOR-DISCOVERY] [155] 75 93 94 95 96 97 112 113 114 115 116 117 118 132 133 134 135 136 137 138 151 152 153 154 156 157 158 159 172 173 174 175 176 177 178 192 193 194 195 196 197 198 213 214 215 216 217 235
[NEIGHBOR-DISCOVERY] [156] 76 94 95 96 97 98 113 114 115 116 117 118 119 133 134 135 136 137 138 139 152 153 154 155 157 158 159 173 174 175 176 177 178 179 193 194 195 196 197 198 199 214 215 216 217 218 236
[NEIGHBOR-DISCOVERY] [157] 77 95 96 97 98 99 114 115 116 117 118 119 134 135 136 137 138 139 153 154 155 156 158 159 174 175 176 177 178 179 194 195 196 197 198 199 215 216 217 218 219 237
[NEIGHBOR-DISCOVERY] [158] 78 96 97 98 99 115 116 117 118 119 135 136 137 138 139 154 155 156 157 159 175 176 177 178 179 195 196 197 198 199 216 217 218 219 238
[NEIGHBOR-DISCOVERY] [159] 79 97 98 99 116 117 118 119 136 137 138 139 155 156 157 158 176 177 178 179 196 197 198 199 217 218 219 239
[NEIGHBOR-DISCOVERY] [160] 80 100 101 102 120 121 122 123 140 141 142 143 161 162 163 164 180 181 182 183 200 201 202 203 220 221 222 240
[NEIGHBOR-DISCOVERY] [161] 81 100 101 102 103 120 121 122 123 124 140 141 142 143 144 160 162 163 164 165 180 181 182 183 184 200 201 202 203 204 220 221 222 223 241
[NEIGHBOR-DISCOVERY] [162] 82 100 101 102 103 104 120 121 122 123 124 125 140 141 142 143 144 145 160 161 163 164 165 166 180 181 182 183 184 185 200 201 202 203 204 205 220 221 222 223 224 242
[NEIGHBOR-DISCOVERY] [163] 83 101 102 103 104 105 120 121 122 123 124 125 126 140 141 142 143 144 145 146 160 161 162 164 165 166 167 180 181 182 183 184 185 186 200 201 202 203 204 205 206 221 222 223 224 225 243
[NEIGHBOR-DISCOVERY] [164] 84 102 103 104 105 106 121 122 123 124 125 126 127 141 142 143 144 145 146 147 160 161 162 163 165 166 167 168 181 182 183 184 185 186 187 201 202 203 204 205 206 207 222 223 224 225 226 244
[NEIGHBOR-DISCOVERY] [165] 85 103 104 105 106 107 122 123 124 125 126 127 128 142 143 144 145 146 147 148 161 162 163 164 166 167 168 169 182 183 184 185 186 187 188 202 203 204 205 206 207 208 223 224 225 226 227 245
[NEIGHBOR-DISCOVERY] [166] 86 104 105 106 107 108 123 124 125 126 127 128 129 143 144 145 146 147 148 149 162 163 164 165 167 168 169 170 183 184 185 186 187 188 189 203 204 205 206 207 208 209 224 225 226 227 228 246
[NEIGHBOR-DISCOVERY] [167] 87 105 106 107 108 109 124 125 126 127 128 129 130 144 145 146 147 148 149 150 163 164 165 166 168 169 170 171 184 185 186 187 188 189 190 204 205 206 207 208 209 210 225 226 227 228 229 247
[NEIGHBOR-DISCOVERY] [168] 88 106 107 108 109 110 125 126 127 128 129 130 131 145 146 147 148 149 150 151 164 165 166 167 169 170 171 172 185 186 187 188 189 190 191 205 206 207 208 209 210 211 226 227 228 229 230 248
[NEIGHBOR-DISCOVERY] [169] 89 107 108 109 110 111 126 127 128 129 130 131 132 146 147 148 149 150 151 152 165 166 167 168 170 171 172 173 186 187 188 189 190 191 192 206 207 208 209 210 211 212 227 228 229 230 231 249
[NEIGHBOR-DISCOVERY] [170] 90 108 109 110 111 112 127 128 129 130 131 132 133 147 148 149 150 151 152 153 166 167 168 169 171 172 173 174 187 188 189 190 191 192 193 207 208 209 210 211 212 213 228 229 230 231 232 250
[NEIGHBOR-DISCOVERY] [171] 91 109 110 111 112 113 128 129 130 131 132 133 134 148 149 150 151 152 153 154 167 168 169 170 172 173 174 175 188 189 190 191 192 193 194 208 209 210 211 212 213 214 229 230 231 232 233 251
[NEIGHBOR-DISCOVERY] [172] 92 110 111 112 113 114 129 130 131 132 133 134 135 149 150 151 152 153 154 155 168 169 170 171 173 174 175 176 189 190 191 192 193 194 195 209 210 211 212 213 214 215 230 231 232 233 234 252
[NEIGHBOR-DISCOVERY] [173] 93 111 112 113 114 115 130 131 132 133 134 135 136 150 151 152 153 154 155 156 169 170 171 172 174 175 176 177 190 191 192 193 194 195 196 210 211 212 213 214 215 216 231 232 233 234 235 253
[NEIGHBOR-DISCOVERY] [174] 94 112 113 114 115 116 131 132 133 134 135 136 137 151 152 153 154 155 156 157 170 171 172 173 175 176 177 178 191 192 193 194 195 196 197 211 212 213 214 215 216 217 232 233 234 235 236 254
[NEIGHBOR-DISCOVERY] [175] 95 113 114 115 116 117 132 133 134 135 136 137 138 152 153 154 155 156 157 158 171 172 173 174 176 177 178 179 192 193 194 195 196 197 198 212 213 214 215 216 217 218 233 234 235 236 237 255
[NEIGHBOR-DISCOVERY] [176] 96 114 115 116 117 118 133 134 135 136 137 138 139 153 154 155 156 157 158 159 172 173 174 175 177 178 179 193 194 195 196 197 198 199 213 214 215 216 217 218 219 234 235 236 237 238 256
[NEIGHBOR-DISCOVERY] [177] 97 115 116 117 118 119 134 135 136 137 138 139 154 155 156 157 158 159 173 174 175 176 178 179 194 195 196 197 198 199 214 215 216 217 218 219 235 236 237 238 239 257
[NEIGHBOR-DISCOVERY] [178] 98 116 117 118 119 135 136 137 138 139 155 156 157 158 159 174 175 176 177 179 195 196 197 198 199 215 216 217 218 219 236 237 238 239 258
[NEIGHBOR-DISCOVERY] [179] 99 117 118 119 136 137 138 139 156 157 158 159 175 176 177 178 196 197 198 199 216 217 218 219 237 238 239 259
[NEIGHBOR-DISCOVERY] [180] 100 120 121 122 140 141 142 143 160 161 162 163 181 182 183 184 200 201 202 203 220 221 222 223 240 241 242 260
[NEIGHBOR-DISCOVERY] [181] 101 120 121 122 123 140 141 142 143 144 160 161 162 163 164 180 182 183 184 185 200 201 202 203 204 220 221 222 223 224 240 241 242 243 261
[NEIGHBOR-DISCOVERY] [182] 102 120 121 122 123 124 140 141 142 143 144 145 160 161 162 163 164 165 180 181 183 184 185 186 200 201 202 203 204 205 220 221 222 223 224 225 240 241 242 243 244 262
[NEIGHBOR-DISCOVERY] [183] 103 121 122 123 124 125 140 141 142 143 144 145 146 160 161 162 163 164 165 166 180 181 182 184 185 186 187 200 201 202 203 204 205 206 220 221 222 223 224 225 226 241 242 243 244 245 263
[NEIGHBOR-DISCOVERY] [184] 104 122 123 124 125 126 141 142 143 144 145 146 147 161 162 163 164 165 166 167 180 181 182 183 185 186 187 188 201 202 203 204 205 206 207 221 222 223 224 225 226 227 242 243 244 245 246 264
[NEIGHBOR-DISCOVERY] [185] 105 123 124 125 126 127 142 143 144 145 146 147 148 162 163 164 165 166 167 168 181 182 183 184 186 187 188 189 202 203 204 205 206 207 208 222 223 224 225 226 227 228 243 244 245 246 247 265
[NEIGHBOR-DISCOVERY] [186] 106 124 125 126 127 128 143 144 145 146 147 148 149 163 164 165 166 167 168 169 182 183 184 185 187 188 189 190 203 204 205 206 207 208 209 223 224 225 226 227 228 229 244 245 246 247 248 266
[NEIGHBOR-DISCOVERY] [187] 107 125 126 127 128 129 144 145 146 147 148 149 150 164 165 166 167 168 169 170 183 184 185 186 188 189 190 191 204 205 206 207 208 209 210 224 225 226 227 228 229 230 245 246 247 248 249 267
[NEIGHBOR-DISCOVERY] [188] 108 126 127 128 129 130 145 146 147 148 149 150 151 165 166 167 168 169 170 171 184 185 186 187 189 190 191 192 205 206 207 208 209 210 211 225 226 227 228 229 230 231 246 247 248 249 250 268
[NEIGHBOR-DISCOVERY] [189] 109 127 128 129 130 131 146 147 148 149 150 151 152 166 167 168 169 170 171 172 185 186 187 188 190 191 192 193 206 207 208 209 210 211 212 226 227 228 229 230 231 232 247 248 249 250 251 269
[NEIGHBOR-DISCOVERY] [190] 110 128 129 130 131 132 147 148 149 150 151 152 153 167 168 169 170 171 172 173 186 187 188 189 191 192 193 194 207 208 209 210 211 212 213 227 228 229 230 231 232 233 248 249 250 251 252 270
[NEIGHBOR-DISCOVERY] [191] 111 129 130 131 132 133 148 149 150 151 152 153 154 168 169 170 171 172 173 174 187 188 189 190 192 193 194 195 208 209 210 211 212 213 214 228 229 230 231 232 233 234 249 250 251 252 253 271
[NEIGHBOR-DISCOVERY] [192] 112 130 131 132 133 134 149 150 151 152 153 154 155 169 170 171 172 173 174 175 188 189 190 191 193 194 195 196 209 210 211 212 213 214 215 229 230 231 232 233 234 235 250 251 252 253 254 272
[NEIGHBOR-DISCOVERY] [193] 113 131 132 133 134 135 150 151 152 153 154 155 156 170 171 172 173 174 175 176 189 190 191 192 194 195 196 197 210 211 212 213 214 215 216 230 231 232 233 234 235 236 251 252 253 254 255 273
[NEIGHBOR-DISCOVERY] [194] 114 132 133 134 135 136 151 152 153 154 155 156 157 171 172 173 174 175 176 177 190 191 192 193 195 196 197 198 211 212 213 214 215 216 217 231 232 233 234 235 236 237 252 253 254 255 256 274
[NEIGHBOR-DISCOVERY] [195] 115 133 134 135 136 137 152 153 154 155 156 157 158 172 173 174 175 176 177 178 191 192 193 194 196 197 198 199 212 213 214 215 216 217 218 232 233 234 235 236 237 238 253 254 255 256 257 275
[NEIGHBOR-DISCOVERY] [196] 116 134 135 136 137 138 153 154 155 156 157 158 159 173 174 175 176 177 178 179 192 193 194 195 197 198 199 213 214 215 216 217 218 219 233 234 235 236 237 238 239 254 255 256 257 258 276
[NEIGHBOR-DISCOVERY] [197] 117 135 136 137 138 139 154 155 156 157 158 159 174 175 176 177 178 179 193 194 195 196 198 199 214 215 216 217 218 219 234 235 236 237 238 239 255 256 257 258 259 277
[NEIGHBOR-DISCOVERY] [198] 118 136 137 138 139 155 156 157 158 159 175 176 177 178 179 194 195 196 197 199 215 216 217 218 219 235 236 237 238 239 256 257 258 259 278
[NEIGHBOR-DISCOVERY] [199] 119 137 138 139 156 157 158 159 176 177 178 179 195 196 197 198 216 217 218 219 236 237 238 239 257 258 259 279
[NEIGHBOR-DISCOVERY] [200] 120 140 141 142 160 161 162 163 180 181 182 183 201 202 203 204 220 221 222 223 240 241 242 243 260 261 262 280
[NEIGHBOR-DISCOVERY] [201] 121 140 141 142 143 160 161 162 163 164 180 181 182 183 184 200 202 203 204 205 220 221 222 223 224 240 241 242 243 244 260 261 262 263 281
[NEIGHBOR-DISCOVERY] [202] 122 140 141 142 143 144 160 161 162 163 164 165 180 181 182 183 184 185 200 201 203 204 205 206 220 221 222 223 224 225 240 241 242 243 244 245 260 261 262 263 264 282
[NEIGHBOR-DISCOVERY] [203] 123 141 142 143 144 145 160 161 162 163 164 165 166 180 181 182 183 184 185 186 200 201 202 204 205 206 207 220 221 222 223 224 225 226 240 241 242 243 244 245 246 261 262 263 264 265 283
[NEIGHBOR-DISCOVERY] [204] 124 142 143 144 145 146 161 162 163 164 165 166 167 181 182 183 184 185 186 187 200 201 202 203 205 206 207 208 221 222 223 224 225 226 227 241 242 243 244 245 246 247 262 263 264 265 266 284
[NEIGHBOR-DISCOVERY] [205] 125 143 144 145 146 147 162 163 164 165 166 167 168 182 183 184 185 186 187 188 201 202 203 204 206 207 208 209 222 223 224 225 226 227 228 242 243 244 245 246 247 248 263 264 265 266 267 285
[NEIGHBOR-DISCOVERY] [206] 126 144 145 146 147 148 163 164 165 166 167 168 169 183 184 185 186 187 188 189 202 203 204 205 207 208 209 210 223 224 225 226 227 228 229 243 244 245 246 247 248 249 264 265 266 267 268 286
[NEIGHBOR-DISCOVERY] [207] 127 145 146 147 148 149 164 165 166 167 168 169 170 184 185 186 187 188 189 190 203 204 205 206 208 209 210 211 224 225 226 227 228 229 230 244 245 246 247 248 249 250 265 266 267 268 269 287
[NEIGHBOR-DISCOVERY] [208] 128 146 147 148 149 150 165 166 167 168 169 170 171 185 186 187 188 189 190 191 204 205 206 207 209 210 211 212 225 226 227 228 229 230 231 245 246 247 248 249 250 251 266 267 268 269 270 288
[NEIGHBOR-DISCOVERY] [209] 129 147 148 149 150 151 166 167 168 169 170 171 172 186 187 188 189 190 191 192 205 206 207 208 210 211 212 213 226 227 228 229 230 231 232 246 247 248 249 250 251 252 267 268 269 270 271 289
[NEIGHBOR-DISCOVERY] [210] 130 148 149 150 151 152 167 168 169 170 171 172 173 187 188 189 190 191 192 193 206 207 208 209 211 212 213 214 227 228 229 230 231 232 233 247 248 249 250 251 252 253 268 269 270 271 272 290
[NEIGHBOR-DISCOVERY] [211] 131 149 150 151 152 153 168 169 170 171 172 173 174 188 189 190 191 192 193 194 207 208 209 210 212 213 214 215 228 229 230 231 232 233 234 248 249 250 251 252 253 254 269 270 271 272 273 291
[NEIGHBOR-DISCOVERY] [212] 132 150 151 152 153 154 169 170 171 172 173 174 175 189 190 191 192 193 194 195 208 209 210 211 213 214 215 216 229 230 231 232 233 234 235 249 250 251 252 253 254 255 270 271 272 273 274 292
[NEIGHBOR-DISCOVERY] [213] 133 151 152 153 154 155 170 171 172 173 174 175 176 190 191 192 193 194 195 196 209 210 211 212 214 215 216 217 230 231 232 233 234 235 236 250 251 252 253 254 255 256 271 272 273 274 275 293
[NEIGHBOR-DISCOVERY] [214] 134 152 153 154 155 156 171 172 173 174 175 176 177 191 192 193 194 195 196 197 210 211 212 213 215 216 217 218 231 232 233 234 235 236 237 251 252 253 254 255 256 257 272 273 274 275 276 294
[NEIGHBOR-DISCOVERY] [215] 135 153 154 155 156 157 172 173 174 175 176 177 178 192 193 194 195 196 197 198 211 212 213 214 216 217 218 219 232 233 234 235 236 237 238 252 253 254 255 256 257 258 273 274 275 276 277 295
[NEIGHBOR-DISCOVERY] [216] 136 154 155 156 157 158 173 174 175 176 177 178 179 193 194 195 196 197 198 199 212 213 214 215 217 218 219 233 234 235 236 237 238 239 253 254 255 256 257 258 259 274 275 276 277 278 296
[NEIGHBOR-DISCOVERY] [217] 137 155 156 157 158 159 174 175 176 177 178 179 194 195 196 197 198 199 213 214 215 216 218 219 234 235 236 237 238 239 254 255 256 257 258 259 275 276 277 278 279 297
[NEIGHBOR-DISCOVERY] [218] 138 156 157 158 159 175 176 177 178 179 195 196 197 198 199 214 215 216 217 219 235 236 237 238 239 255 256 257 258 259 276 277 278 279 298
[NEIGHBOR-DISCOVERY] [219] 139 157 158 159 176 177 178 179 196 197 198 199 215 216 217 218 236 237 238 239 256 257 258 259 277 278 279 299
[NEIGHBOR-DISCOVERY] [220] 140 160 161 162 180 181 182 183 200 201 202 203 221 222 223 224 240 241 242 243 260 261 262 263 280 281 282 300
[NEIGHBOR-DISCOVERY] [221] 141 160 161 162 163 180 181 182 183 184 200 201 202 203 204 220 222 223 224 225 240 241 242 243 244 260 261 262 263 264 280 281 282 283 301
[NEIGHBOR-DISCOVERY] [222] 142 160 161 162 163 164 180 181 182 183 184 185 200 201 202 203 204 205 220 221 223 224 225 226 240 241 242 243 244 245 260 261 262 263 264 265 280 281 282 283 284 302
[NEIGHBOR-DISCOVERY] [223] 143 161 162 163 164 165 180 181 182 183 184 185 186 200 201 202 203 204 205 206 220 221 222 224 225 226 227 240 241 242 243 244 245 246 260 261 262 263 264 265 266 281 282 283 284 285 303
[NEIGHBOR-DISCOVERY] [224] 144 162 163 164 165 166 181 182 183 184 185 186 187 201 202 203 204 205 206 207 220 221 222 223 225 226 227 228 241 242 243 244 245 246 247 261 262 263 264 265 266 267 282 283 284 285 286 304
[NEIGHBOR-DISCOVERY] [225] 145 163 164 165 166 167 182 183 184 185 186 187 188 202 203 204 205 206 207 208 221 222 223 224 226 227 228 229 242 243 244 245 246 247 248 262 263 264 265 266 267 268 283 284 285 286 287 305
[NEIGHBOR-DISCOVERY] [226] 146 164 165 166 167 168 183 184 185 186 187 188 189 203 204 205 206 207 208 209 222 223 224 225 227 228 229 230 243 244 245 246 247 248 249 263 264 265 266 267 268 269 284 285 286 287 288 306
[NEIGHBOR-DISCOVERY] [227] 147 165 166 167 168 169 184 185 186 187 188 189 190 204 205 206 207 208 209 210 223 224 225 226 228 229 230 231 244 245 246 247 248 249 250 264 265 266 267 268 269 270 285 286 287 288 289 307
[NEIGHBOR-DISCOVERY] [228] 148 166 167 168 169 170 185 186 187 188 189 190 191 205 206 207 208 209 210 211 224 225 226 227 229 230 231 232 245 246 247 248 249 250 251 265 266 267 268 269 270 271 286 287 288 289 290 308
[NEIGHBOR-DISCOVERY] [229] 149 167 168 169 170 171 186 187 188 189 190 191 192 206 207 208 209 210 211 212 225 226 227 228 230 231 232 233 246 247 248 249 250 251 252 266 267 268 269 270 271 272 287 288 289 290 291 309
[NEIGHBOR-DISCOVERY] [230] 150 168 169 170 171 172 187 188 189 190 191 192 193 207 208 209 210 211 212 213 226 227 228 229 231 232 233 234 247 248 249 250 251 252 253 267 268 269 270 271 272 273 288 289 290 291 292 310
[NEIGHBOR-DISCOVERY] [231] 151 169 170 171 172 173 188 189 190 191 192 193 194 208 209 210 211 212 213 214 227 228 229 230 232 233 234 235 248 249 250 251 252 253 254 268 269 270 271 272 273 274 289 290 291 292 293 311
[NEIGHBOR-DISCOVERY] [232] 152 170 171 172 173 174 189 190 191 192 193 194 195 209 210 211 212 213 214 215 228 229 230 231 233 234 235 236 249 250 251 252 253 254 255 269 270 271 272 273 274 275 290 291 292 293 294 312
[NEIGHBOR-DISCOVERY] [233] 153 171 172 173 174 175 190 191 192 193 194 195 196 210 211 212 213 214 215 216 229 230 231 232 234 235 236 237 250 251 252 253 254 255 256 270 271 272 273 274 275 276 291 292 293 294 295 313
[NEIGHBOR-DISCOVERY] [234] 154 172 173 174 175 176 191 192 193 194 195 196 197 211 212 213 214 215 216 217 230 231 232 233 235 236 237 238 251 252 253 254 255 256 257 271 272 273 274 275 276 277 292 293 294 295 296 314
[NEIGHBOR-DISCOVERY] [235] 155 173 174 175 176 177 192 193 194 195 196 197 198 212 213 214 215 216 217 218 231 232 233 234 236 237 238 239 252 253 254 255 256 257 258 272 273 274 275 276 277 278 293 294 295 296 297 315
[NEIGHBOR-DISCOVERY] [236] 156 174 175 176 177 178 193 194 195 196 197 198 199 213 214 215 216 217 218 219 232 233 234 235 237 238 239 253 254 255 256 257 258 259 273 274 275 276 277 278 279 294 295 296 297 298 316
[NEIGHBOR-DISCOVERY] [237] 157 175 176 177 178 179 194 195 196 197 198 199 214 215 216 217 218 219 233 234 235 236 238 239 254 255 256 257 258 259 274 275 276 277 278 279 295 296 297 298 299 317
[NEIGHBOR-DISCOVERY] [238] 158 176 177 178 179 195 196 197 198 199 215 216 217 218 219 234 235 236 237 239 255 256 257 258 259 275 276 277 278 279 296 297 298 299 318
[NEIGHBOR-DISCOVERY] [239] 159 177 178 179 196 197 198 199 216 217 218 219 235 236 237 238 256 257 258 259 276 277 278 279 297 298 299 319
[NEIGHBOR-DISCOVERY] [240] 160 180 181 182 200 201 202 203 220 221 222 223 241 242 243 244 260 261 262 263 280 281 282 283 300 301 302 320
[NEIGHBOR-DISCOVERY] [241] 161 180 181 182 183 200 201 202 203 204 220 221 222 223 224 240 242 243 244 245 260 261 262 263 264 280 281 282 283 284 300 301 302 303 321
[NEIGHBOR-DISCOVERY] [242] 162 180 181 182 183 184 200 201 202 203 204 205 220 221 222 223 224 225 240 241 243 244 245 246 260 261 262 263 264 265 280 281 282 283 284 285 300 301 302 303 304 322
[NEIGHBOR-DISCOVERY] [243] 163 181 182 183 184 185 200 201 202 203 204 205 206 220 221 222 223 224 225 226 240 241 242 244 245 246 247 260 261 262 263 264 265 266 280 281 282 283 284 285 286 301 302 303 304 305 323
[NEIGHBOR-DISCOVERY] [244] 164 182 183 184 185 186 201 202 203 204 205 206 207 221 222 223 224 225 226 227 240 241 242 243 245 246 247 248 261 262 263 264 265 266 267 281 282 283 284 285 286 287 302 303 304 305 306 324
[NEIGHBOR-DISCOVERY] [245] 165 183 184 185 186 187 202 203 204 205 206 207 208 222 223 224 225 226 227 228 241 242 243 244 246 247 248 249 262 263 264 265 266 267 268 282 283 284 285 286 287 288 303 304 305 306 307 325
[NEIGHBOR-DISCOVERY] [246] 166 184 185 186 187 188 203 204 205 206 207 208 209 223 224 225 226 227 228 229 242 243 244 245 247 248 249 250 263 264 265 266 267 268 269 283 284 285 286 287 288 289 304 305 306 307 308 326
[NEIGHBOR-DISCOVERY] [247] 167 185 186 187 188 189 204 205 206 207 208 209 210 224 225 226 227 228 229 230 243 244 245 246 248 249 250 251 264 265 266 267 268 269 270 284 285 286 287 288 289 290 305 306 307 308 309 327
[NEIGHBOR-DISCOVERY] [248] 168 186 187 188 189 190 205 206 207 208 209 210 211 225 226 227 228 229 230 231 244 245 246 247 249 250 251 252 265 266 267 268 269 270 271 285 286 287 288 289 290 291 306 307 308 309 310 328
[NEIGHBOR-DISCOVERY] [249] 169 187 188 189 190 191 206 207 208 209 210 211 212 226 227 228 229 230 231 232 245 246 247 248 250 251 252 253 266 267 268 269 270 271 272 286 287 288 289 290 291 292 307 308 309 310 311 329
[NEIGHBOR-DISCOVERY] [250] 170 188 189 190 191 192 207 208 209 210 211 212 213 227 228 229 230 231 232 233 246 247 248 249 251 252 253 254 267 268 269 270 271 272 273 287 288 289 290 291 292 293 308 309 310 311 312 330
[NEIGHBOR-DISCOVERY] [251] 171 189 190 191 192 193 208 209 210 211 212 213 214 228 229 230 231 232 233 234 247 248 249 250 252 253 254 255 268 269 270 271 272 273 274 288 289 290 291 292 293 294 309 310 311 312 313 331
[NEIGHBOR-DISCOVERY] [252] 172 190 191 192 193 194 209 210 211 212 213 214 215 229 230 231 232 233 234 235 248 249 250 251 253 254 255 256 269 270 271 272 273 274 275 289 290 291 292 293 294 295 310 311 312 313 314 332
[NEIGHBOR-DISCOVERY] [253] 173 191 192 193 194 195 210 211 212 213 214 215 216 230 231 232 233 234 235 236 249 250 251 252 254 255 256 257 270 271 272 273 274 275 276 290 291 292 293 294 295 296 311 312 313 314 315 333
[NEIGHBOR-DISCOVERY] [254] 174 192 193 194 195 196 211 212 213 214 215 216 217 231 232 233 234 235 236 237 250 251 252 253 255 256 257 258 271 272 273 274 275 276 277 291 292 293 294 295 296 297 312 313 314 315 316 334
[NEIGHBOR-DISCOVERY] [255] 175 193 194 195 196 197 212 213 214 215 216 217 218 232 233 234 235 236 237 238 251 252 253 254 256 257 258 259 272 273 274 275 276 277 278 292 293 294 295 296 297 298 313 314 315 316 317 335
[NEIGHBOR-DISCOVERY] [256] 176 194 195 196 197 198 213 214 215 216 217 218 219 233 234 235 236 237 238 239 252 253 254 255 257 258 259 273 274 275 276 277 278 279 293 294 295 296 297 298 299 314 315 316 317 318 336
[NEIGHBOR-DISCOVERY] [257] 177 195 196 197 198 199 214 215 216 217 218 219 234 235 236 237 238 239 253 254 255 256 258 259 274 275 276 277 278 279 294 295 296 297 298 299 315 316 317 318 319 337
[NEIGHBOR-DISCOVERY] [258] 178 196 197 198 199 215 216 217 218 219 235 236 237 238 239 254 255 256 257 259 275 276 277 278 279 295 296 297 298 299 316 317 318 319 338
[NEIGHBOR-DISCOVERY] [259] 179 197 198 199 216 217 218 219 236 237 238 239 255 256 257 258 276 277 278 279 296 297 298 299 317 318 319 339
[NEIGHBOR-DISCOVERY] [260] 180 200 201 202 220 221 222 223 240 241 242 243 261 262 263 264 280 281 282 283 300 301 302 303 320 321 322 340
[NEIGHBOR-DISCOVERY] [261] 181 200 201 202 203 220 221 222 223 224 240 241 242 243 244 260 262 263 264 265 280 281 282 283 284 300 301 302 303 304 320 321 322 323 341
[NEIGHBOR-DISCOVERY] [262] 182 200 201 202 203 204 220 221 222 223 224 225 240 241 242 243 244 245 260 261 263 264 265 266 280 281 282 283 284 285 300 301 302 303 304 305 320 321 322 323 324 342
[NEIGHBOR-DISCOVERY] [263] 183 201 202 203 204 205 220 221 222 223 224 225 226 240 241 242 243 244 245 246 260 261 262 264 265 266 267 280 281 282 283 284 285 286 300 301 302 303 304 305 306 321 322 323 324 325 343
[NEIGHBOR-DISCOVERY] [264] 184 202 203 204 205 206 221 222 223 224 225 226 227 241 242 243 244 245 246 247 260 261 262 263 265 266 267 268 281 282 283 284 285 286 287 301 302 303 304 305 306 307 322 323 324 325 326 344
[NEIGHBOR-DISCOVERY] [265] 185 203 204 205 206 207 222 223 224 225 226 227 228 242 243 244 245 246 247 248 261 262 263 264 266 267 268 269 282 283 284 285 286 287 288 302 303 304 305 306 307 308 323 324 325 326 327 345
[NEIGHBOR-DISCOVERY] [266] 186 204 205 206 207 208 223 224 225 226 227 228 229 243 244 245 246 247 248 249 262 263 264 265 267 268 269 270 283 284 285 286 287 288 289 303 304 305 306 307 308 309 324 325 326 327 328 346
[NEIGHBOR-DISCOVERY] [267] 187 205 206 207 208 209 224 225 226 227 228 229 230 244 245 246 247 248 249 250 263 264 265 266 268 269 270 271 284 285 286 287 288 289 290 304 305 306 307 308 309 310 325 326 327 328 329 347
[NEIGHBOR-DISCOVERY] [268] 188 206 207 208 209 210 225 226 227 228 229 230 231 245 246 247 248 249 250 251 264 265 266 267 269 270 271 272 285 286 287 288 289 290 291 305 306 307 308 309 310 311 326 327 328 329 330 348
[NEIGHBOR-DISCOVERY] [269] 189 207 208 209 210 211 226 227 228 229 230 231 232 246 247 248 249 250 251 252 265 266 267 268 270 271 272 273 286 287 288 289 290 291 292 306 307 308 309 310 311 312 327 328 329 330 331 349
[NEIGHBOR-DISCOVERY] [270] 190 208 209 210 211 212 227 228 229 230 231 232 233 247 248 249 250 251 252 253 266 267 268 269 271 272 273 274 287 288 289 290 291 292 293 307 308 309 310 311 312 313 328 329 330 331 332 350
[NEIGHBOR-DISCOVERY] [271] 191 209 210 211 212 213 228 229 230 231 232 233 234 248 249 250 251 252 253 254 267 268 269 270 272 273 274 275 288 289 290 291 292 293 294 308 309 310 311 312 313 314 329 330 331 332 333 351
[NEIGHBOR-DISCOVERY] [272] 192 210 211 212 213 214 229 230 231 232 233 234 235 249 250 251 252 253 254 255 268 269 270 271 273 274 275 276 289 290 291 292 293 294 295 309 310 311 312 313 314 315 330 331 332 333 334 352
[NEIGHBOR-DISCOVERY] [273] 193 211 212 213 214 215 230 231 232 233 234 235 236 250 251 252 253 254 255 256 269 270 271 272 274 275 276 277 290 291 292 293 294 295 296 310 311 312 313 314 315 316 331 332 333 334 335 353
[NEIGHBOR-DISCOVERY] [274] 194 212 213 214 215 216 231 232 233 234 235 236 237 251 252 253 254 255 256 257 270 271 272 273 275 276 277 278 291 292 293 294 295 296 297 311 312 313 314 315 316 317 332 333 334 335 336 354
[NEIGHBOR-DISCOVERY] [275] 195 213 214 215 216 217 232 233 234 235 236 237 238 252 253 254 255 256 257 258 271 272 273 274 276 277 278 279 292 293 294 295 296 297 298 312 313 314 315 316 317 318 333 334 335 336 337 355
[NEIGHBOR-DISCOVERY] [276] 196 214 215 216 217 218 233 234 235 236 237 238 239 253 254 255 256 257 258 259 272 273 274 275 277 278 279 293 294 295 296 297 298 299 313 314 315 316 317 318 319 334 335 336 337 338 356
[NEIGHBOR-DISCOVERY] [277] 197 215 216 217 218 219 234 235 236 237 238 239 254 255 256 257 258 259 273 274 275 276 278 279 294 295 296 297 298 299 314 315 316 317 318 319 335 336 337 338 339 357
[NEIGHBOR-DISCOVERY] [278] 198 216 217 218 219 235 236 237 238 239 255 256 257 258 259 274 275 276 277 279 295 296 297 298 299 315 316 317 318 319 336 337 338 339 358
[NEIGHBOR-DISCOVERY] [279] 199 217 218 219 236 237 238 239 256 257 258 259 275 276 277 278 296 297 298 299 316 317 318 319 337 338 339 359
[NEIGHBOR-DISCOVERY] [280] 200 220 221 222 240 241 242 243 260 261 262 263 281 282 283 284 300 301 302 303 320 321 322 323 340 341 342 360
[NEIGHBOR-DISCOVERY] [281] 201 220 221 222 223 240 241 242 243 244 260 261 262 263 264 280 282 283 284 285 300 301 302 303 304 320 321 322 323 324 340 341 342 343 361
[NEIGHBOR-DISCOVERY] [282] 202 220 221 222 223 224 240 241 242 243 244 245 260 261 262 263 264 265 280 281 283 284 285 286 300 301 302 303 304 305 320 321 322 323 324 325 340 341 342 343 344 362
[NEIGHBOR-DISCOVERY] [283] 203 221 222 223 224 225 240 241 242 243 244 245 246 260 261 262 263 264 265 266 280 281 282 284 285 286 287 300 301 302 303 304 305 306 320 321 322 323 324 325 326 341 342 343 344 345 363
[NEIGHBOR-DISCOVERY] [284] 204 222 223 224 225 226 241 242 243 244 245 246 247 261 262 263 264 265 266 267 280 281 282 283 285 286 287 288 301 302 303 304 305 306 307 321 322 323 324 325 326 327 342 343 344 345 346 364
[NEIGHBOR-DISCOVERY] [285] 205 223 224 225 226 227 242 243 244 245 246 247 248 262 263 264 265 266 267 268 281 282 283 284 286 287 288 289 302 303 304 305 306 307 308 322 323 324 325 326 327 328 343 344 345 346 347 365
[NEIGHBOR-DISCOVERY] [286] 206 224 225 226 227 228 243 244 245 246 247 248 249 263 264 265 266 267 268 269 282 283 284 285 287 288 289 290 303 304 305 306 307 308 309 323 324 325 326 327 328 329 344 345 346 347 348 366
[NEIGHBOR-DISCOVERY] [287] 207 225 226 227 228 229 244 245 246 247 248 249 250 264 265 266 267 268 269 270 283 284 285 286 288 289 290 291 304 305 306 307 308 309 310 324 325 326 327 328 329 330 345 346 347 348 349 367
[NEIGHBOR-DISCOVERY] [288] 208 226 227 228 229 230 245 246 247 248 249 250 251 265 266 267 268 269 270 271 284 285 286 287 289 290 291 292 305 306 307 308 309 310 311 325 326 327 328 329 330 331 346 347 348 349 350 368
[NEIGHBOR-DISCOVERY] [289] 209 227 228 229 230 231 246 247 248 249 250 251 252 266 267 268 269 270 271 272 285 286 287 288 290 291 292 293 306 307 308 309 310 311 312 326 327 328 329 330 331 332 347 348 349 350 351 369
[NEIGHBOR-DISCOVERY] [290] 210 228 229 230 231 232 247 248 249 250 251 252 253 267 268 269 270 271 272 273 286 287 288 289 291 292 293 294 307 308 309 310 311 312 313 327 328 329 330 331 332 333 348 349 350 351 352 370
[NEIGHBOR-DISCOVERY] [291] 211 229 230 231 232 233 248 249 250 251 252 253 254 268 269 270 271 272 273 274 287 288 289 290 292 293 294 295 308 309 310 311 312 313 314 328 329 330 331 332 333 334 349 350 351 352 353 371
[NEIGHBOR-DISCOVERY] [292] 212 230 231 232 233 234 249 250 251 252 253 254 255 269 270 271 272 273 274 275 288 289 290 291 293 294 295 296 309 310 311 312 313 314 315 329 330 331 332 333 334 335 350 351 352 353 354 372
[NEIGHBOR-DISCOVERY] [293] 213 231 232 233 234 235 250 251 252 253 254 255 256 270 271 272 273 274 275 276 289 290 291 292 294 295 296 297 310 311 312 313 314 315 316 330 331 332 333 334 335 336 351 352 353 354 355 373
[NEIGHBOR-DISCOVERY] [294] 214 232 233 234 235 236 251 252 253 254 255 256 257 271 272 273 274 275 276 277 290 291 292 293 295 296 297 298 311 312 313 314 315 316 317 331 332 333 334 335 336 337 352 353 354 355 356 374
[NEIGHBOR-DISCOVERY] [295] 215 233 234 235 236 237 252 253 254 255 256 257 258 272 273 274 275 276 277 278 291 292 293 294 296 297 298 299 312 313 314 315 316 317 318 332 333 334 335 336 337 338 353 354 355 356 357 375
[NEIGHBOR-DISCOVERY] [296] 216 234 235 236 237 238 253 254 255 256 257 258 259 273 274 275 276 277 278 279 292 293 294 295 297 298 299 313 314 315 316 317 318 319 333 334 335 336 337 338 339 354 355 356 357 358 376
[NEIGHBOR-DISCOVERY] [297] 217 235 236 237 238 239 254 255 256 257 258 259 274 275 276 277 278 279 293 294 295 296 298 299 314 315 316 317 318 319 334 335 336 337 338 339 355 356 357 358 359 377
[NEIGHBOR-DISCOVERY] [298] 218 236 237 238 239 255 256 257 258 259 275 276 277 278 279 294 295 296 297 299 315 316 317 318 319 335 336 337 338 339 356 357 358 359 378
[NEIGHBOR-DISCOVERY] [299] 219 237 238 239 256 257 258 259 276 277 278 279 295 296 297 298 316 317 318 319 336 337 338 339 357 358 359 379
[NEIGHBOR-DISCOVERY] [300] 220 240 241 242 260 261 262 263 280 281 282 283 301 302 303 304 320 321 322 323 340 341 342 343 360 361 362 380
[NEIGHBOR-DISCOVERY] [301] 221 240 241 242 243 260 261 262 263 264 280 281 282 283 284 300 302 303 304 305 320 321 322 323 324 340 341 342 343 344 360 361 362 363 381
[NEIGHBOR-DISCOVERY] [302] 222 240 241 242 243 244 260 261 262 263 264 265 280 281 282 283 284 285 300 301 303 304 305 306 320 321 322 323 324 325 340 341 342 343 344 345 360 361 362 363 364 382
[NEIGHBOR-DISCOVERY] [303] 223 241 242 243 244 245 260 261 262 263 264 265 266 280 281 282 283 284 285 286 300 301 302 304 305 306 307 320 321 322 323 324 325 326 340 341 342 343 344 345 346 361 362 363 364 365 383
[NEIGHBOR-DISCOVERY] [304] 224 242 243 244 245 246 261 262 263 264 265 266 267 281 282 283 284 285 286 287 300 301 302 303 305 306 307 308 321 322 323 324 325 326 327 341 342 343 344 345 346 347 362 363 364 365 366 384
[NEIGHBOR-DISCOVERY] [305] 225 243 244 245 246 247 262 263 264 265 266 267 268 282 283 284 285 286 287 288 301 302 303 304 306 307 308 309 322 323 324 325 326 327 328 342 343 344 345 346 347 348 363 364 365 366 367 385
[NEIGHBOR-DISCOVERY] [306] 226 244 245 246 247 248 263 264 265 266 267 268 269 283 284 285 286 287 288 289 302 303 304 305 307 308 309 310 323 324 325 326 327 328 329 343 344 345 346 347 348 349 364 365 366 367 368 386
[NEIGHBOR-DISCOVERY] [307] 227 245 246 247 248 249 264 265 266 267 268 269 270 284 285 286 287 288 289 290 303 304 305 306 308 309 310 311 324 325 326 327 328 329 330 344 345 346 347 348 349 350 365 366 367 368 369 387
[NEIGHBOR-DISCOVERY] [308] 228 246 247 248 249 250 265 266 267 268 269 270 271 285 286 287 288 289 290 291 304 305 306 307 309 310 311 312 325 326 327 328 329 330 331 345 346 347 348 349 350 351 366 367 368 369 370 388
[NEIGHBOR-DISCOVERY] [309] 229 247 248 249 250 251 266 267 268 269 270 271 272 286 287 288 289 290 291 292 305 306 307 308 310 311 312 313 326 327 328 329 330 331 332 346 347 348 349 350 351 352 367 368 369 370 371 389
[NEIGHBOR-DISCOVERY] [310] 230 248 249 250 251 252 267 268 269 270 271 272 273 287 288 289 290 291 292 293 306 307 308 309 311 312 313 314 327 328 329 330 331 332 333 347 348 349 350 351 352 353 368 369 370 371 372 390
[NEIGHBOR-DISCOVERY] [311] 231 249 250 251 252 253 268 269 270 271 272 273 274 288 289 290 291 292 293 294 307 308 309 310 312 313 314 315 328 329 330 331 332 333 334 348 349 350 351 352 353 354 369 370 371 372 373 391
[NEIGHBOR-DISCOVERY] [312] 232 250 251 252 253 254 269 270 271 272 273 274 275 289 290 291 292 293 294 295 308 309 310 311 313 314 315 316 329 330 331 332 333 334 335 349 350 351 352 353 354 355 370 371 372 373 374 392
[NEIGHBOR-DISCOVERY] [313] 233 251 252 253 254 255 270 271 272 273 274 275 276 290 291 292 293 294 295 296 309 310 311 312 314 315 316 317 330 331 332 333 334 335 336 350 351 352 353 354 355 356 371 372 373 374 375 393
[NEIGHBOR-DISCOVERY] [314] 234 252 253 254 255 256 271 272 273 274 275 276 277 291 292 293 294 295 296 297 310 311 312 313 315 316 317 318 331 332 333 334 335 336 337 351 352 353 354 355 356 357 372 373 374 375 376 394
[NEIGHBOR-DISCOVERY] [315] 235 253 254 255 256 257 272 273 274 275 276 277 278 292 293 294 295 296 297 298 311 312 313 314 316 317 318 319 332 333 334 335 336 337 338 352 353 354 355 356 357 358 373 374 375 376 377 395
[NEIGHBOR-DISCOVERY] [316] 236 254 255 256 257 258 273 274 275 276 277 278 279 293 294 295 296 297 298 299 312 313 314 315 317 318 319 333 334 335 336 337 338 339 353 354 355 356 357 358 359 374 375 376 377 378 396
[NEIGHBOR-DISCOVERY] [317] 237 255 256 257 258 259 274 275 276 277 278 279 294 295 296 297 298 299 313 314 315 316 318 319 334 335 336 337 338 339 354 355 356 357 358 359 375 376 377 378 379 397
[NEIGHBOR-DISCOVERY] [318] 238 256 257 258 259 275 276 277 278 279 295 296 297 298 299 314 315 316 317 319 335 336 337 338 339 355 356 357 358 359 376 377 378 379 398
[NEIGHBOR-DISCOVERY] [319] 239 257 258 259 276 277 278 279 296 297 298 299 315 316 317 318 336 337 338 339 356 357 358 359 377 378 379 399
[NEIGHBOR-DISCOVERY] [320] 240 260 261 262 280 281 282 283 300 301 302 303 321 322 323 324 340 341 342 343 360 361 362 363 380 381 382
[NEIGHBOR-DISCOVERY] [321] 241 260 261 262 263 280 281 282 283 284 300 301 302 303 304 320 322 323 324 325 340 341 342 343 344 360 361 362 363 364 380 381 382 383
[NEIGHBOR-DISCOVERY] [322] 242 260 261 262 263 264 280 281 282 283 284 285 300 301 302 303 304 305 320 321 323 324 325 326 340 341 342 343 344 345 360 361 362 363 364 365 380 381 382 383 384
[NEIGHBOR-DISCOVERY] [323] 243 261 262 263 264 265 280 281 282 283 284 285 286 300 301 302 303 304 305 306 320 321 322 324 325 326 327 340 341 342 343 344 345 346 360 361 362 363 364 365 366 381 382 383 384 385
[NEIGHBOR-DISCOVERY] [324] 244 262 263 264 265 266 281 282 283 284 285 286 287 301 302 303 304 305 306 307 320 321 322 323 325 326 327 328 341 342 343 344 345 346 347 361 362 363 364 365 366 367 382 383 384 385 386
[NEIGHBOR-DISCOVERY] [325] 245 263 264 265 266 267 282 283 284 285 286 287 288 302 303 304 305 306 307 308 321 322 323 324 326 327 328 329 342 343 344 345 346 347 348 362 363 364 365 366 367 368 383 384 385 386 387
[NEIGHBOR-DISCOVERY] [326] 246 264 265 266 267 268 283 284 285 286 287 288 289 303 304 305 306 307 308 309 322 323 324 325 327 328 329 330 343 344 345 346 347 348 349 363 364 365 366 367 368 369 384 385 386 387 388
[NEIGHBOR-DISCOVERY] [327] 247 265 266 267 268 269 284 285 286 287 288 289 290 304 305 306 307 308 309 310 323 324 325 326 328 329 330 331 344 345 346 347 348 349 350 364 365 366 367 368 369 370 385 386 387 388 389
[NEIGHBOR-DISCOVERY] [328] 248 266 267 268 269 270 285 286 287 288 289 290 291 305 306 307 308 309 310 311 324 325 326 327 329 330 331 332 345 346 347 348 349 350 351 365 366 367 368 369 370 371 386 387 388 389 390
[NEIGHBOR-DISCOVERY] [329] 249 267 268 269 270 271 286 287 288 289 290 291 292 306 307 308 309 310 311 312 325 326 327 328 330 331 332 333 346 347 348 349 350 351 352 366 367 368 369 370 371 372 387 388 389 390 391
[NEIGHBOR-DISCOVERY] [330] 250 268 269 270 271 272 287 288 289 290 291 292 293 307 308 309 310 311 312 313 326 327 328 329 331 332 333 334 347 348 349 350 351 352 353 367 368 369 370 371 372 373 388 389 390 391 392
[NEIGHBOR-DISCOVERY] [331] 251 269 270 271 272 273 288 289 290 291 292 293 294 308 309 310 311 312 313 314 327 328 329 330 332 333 334 335 348 349 350 351 352 353 354 368 369 370 371 372 373 374 389 390 391 392 393
[NEIGHBOR-DISCOVERY] [332] 252 270 271 272 273 274 289 290 291 292 293 294 295 309 310 311 312 313 314 315 328 329 330 331 333 334 335 336 349 350 351 352 353 354 355 369 370 371 372 373 374 375 390 391 392 393 394
[NEIGHBOR-DISCOVERY] [333] 253 271 272 273 274 275 290 291 292 293 294 295 296 310 311 312 313 314 315 316 329 330 331 332 334 335 336 337 350 351 352 353 354 355 356 370 371 372 373 374 375 376 391 392 393 394 395
[NEIGHBOR-DISCOVERY] [334] 254 272 273 274 275 276 291 292 293 294 295 296 297 311 312 313 314 315 316 317 330 331 332 333 335 336 337 338 351 352 353 354 355 356 357 371 372 373 374 375 376 377 392 393 394 395 396
[NEIGHBOR-DISCOVERY] [335] 255 273 274 275 276 277 292 293 294 295 296 297 298 312 313 314 315 316 317 318 331 332 333 334 336 337 338 339 352 353 354 355 356 357 358 372 373 374 375 376 377 378 393 394 395 396 397
[NEIGHBOR-DISCOVERY] [336] 256 274 275 276 277 278 293 294 295 296 297 298 299 313 314 315 316 317 318 319 332 333 334 335 337 338 339 353 354 355 356 357 358 359 373 374 375 376 377 378 379 394 395 396 397 398
[NEIGHBOR-DISCOVERY] [337] 257 275 276 277 278 279 294 295 296 297 298 299 314 315 316 317 318 319 333 334 335 336 338 339 354 355 356 357 358 359 374 375 376 377 378 379 395 396 397 398 399
[NEIGHBOR-DISCOVERY] [338] 258 276 277 278 279 295 296 297 298 299 315 316 317 318 319 334 335 336 337 339 355 356 357 358 359 375 376 377 378 379 396 397 398 399
[NEIGHBOR-DISCOVERY] [339] 259 277 278 279 296 297 298 299 316 317 318 319 335 336 337 338 356 357 358 359 376 377 378 379 397 398 399
[NEIGHBOR-DISCOVERY] [340] 260 280 281 282 300 301 302 303 320 321 322 323 341 342 343 344 360 361 362 363 380 381 382 383
[NEIGHBOR-DISCOVERY] [341] 261 280 281 282 283 300 301 302 303 304 320 321 322 323 324 340 342 343 344 345 360 361 362 363 364 380 381 382 383 384
[NEIGHBOR-DISCOVERY] [342] 262 280 281 282 283 284 300 301 302 303 304 305 320 321 322 323 324 325 340 341 343 344 345 346 360 361 362 363 364 365 380 381 382 383 384 385
[NEIGHBOR-DISCOVERY] [343] 263 281 282 283 284 285 300 301 302 303 304 305 306 320 321 322 323 324 325 326 340 341 342 344 345 346 347 360 361 362 363 364 365 366 380 381 382 383 384 385 386
[NEIGHBOR-DISCOVERY] [344] 264 282 283 284 285 286 301 302 303 304 305 306 307 321 322 323 324 325 326 327 340 341 342 343 345 346 347 348 361 362 363 364 365 366 367 381 382 383 384 385 386 387
[NEIGHBOR-DISCOVERY] [345] 265 283 284 285 286 287 302 303 304 305 306 307 308 322 323 324 325 326 327 328 341 342 343 344 346 347 348 349 362 363 364 365 366 367 368 382 383 384 385 386 387 388
[NEIGHBOR-DISCOVERY] [346] 266 284 285 286 287 288 303 304 305 306 307 308 309 323 324 325 326 327 328 329 342 343 344 345 347 348 349 350 363 364 365 366 367 368 369 383 384 385 386 387 388 389
[NEIGHBOR-DISCOVERY] [347] 267 285 286 287 288 289 304 305 306 307 308 309 310 324 325 326 327 328 329 330 343 344 345 346 348 349 350 351 364 365 366 367 368 369 370 384 385 386 387 388 389 390
[NEIGHBOR-DISCOVERY] [348] 268 286 287 288 289 290 305 306 307 308 309 310 311 325 326 327 328 329 330 331 344 345 346 347 349 350 351 352 365 366 367 368 369 370 371 385 386 387 388 389 390 391
[NEIGHBOR-DISCOVERY] [349] 269 287 288 289 290 291 306 307 308 309 310 311 312 326 327 328 329 330 331 332 345 346 347 348 350 351 352 353 366 367 368 369 370 371 372 386 387 388 389 390 391 392
[NEIGHBOR-DISCOVERY] [350] 270 288 289 290 291 292 307 308 309 310 311 312 313 327 328 329 330 331 332 333 346 347 348 349 351 352 353 354 367 368 369 370 371 372 373 387 388 389 390 391 392 393
[NEIGHBOR-DISCOVERY] [351] 271 289 290 291 292 293 308 309 310 311 312 313 314 328 329 330 331 332 333 334 347 348 349 350 352 353 354 355 368 369 370 371 372 373 374 388 389 390 391 392 393 394
[NEIGHBOR-DISCOVERY] [352] 272 290 291 292 293 294 309 310 311 312 313 314 315 329 330 331 332 333 334 335 348 349 350 351 353 354 355 356 369 370 371 372 373 374 375 389 390 391 392 393 394 395
[NEIGHBOR-DISCOVERY] [353] 273 291 292 293 294 295 310 311 312 313 314 315 316 330 331 332 333 334 335 336 349 350 351 352 354 355 356 357 370 371 372 373 374 375 376 390 391 392 393 394 395 396
[NEIGHBOR-DISCOVERY] [354] 274 292 293 294 295 296 311 312 313 314 315 316 317 331 332 333 334 335 336 337 350 351 352 353 355 356 357 358 371 372 373 374 375 376 377 391 392 393 394 395 396 397
[NEIGHBOR-DISCOVERY] [355] 275 293 294 295 296 297 312 313 314 315 316 317 318 332 333 334 335 336 337 338 351 352 353 354 356 357 358 359 372 373 374 375 376 377 378 392 393 394 395 396 397 398
[NEIGHBOR-DISCOVERY] [356] 276 294 295 296 297 298 313 314 315 316 317 318 319 333 334 335 336 337 338 339 352 353 354 355 357 358 359 373 374 375 376 377 378 379 393 394 395 396 397 398 399
[NEIGHBOR-DISCOVERY] [357] 277 295 296 297 298 299 314 315 316 317 318 319 334 335 336 337 338 339 353 354 355 356 358 359 374 375 376 377 378 379 394 395 396 397 398 399
[NEIGHBOR-DISCOVERY] [358] 278 296 297 298 299 315 316 317 318 319 335 336 337 338 339 354 355 356 357 359 375 376 377 378 379 395 396 397 398 399
[NEIGHBOR-DISCOVERY] [359] 279 297 298 299 316 317 318 319 336 337 338 339 355 356 357 358 376 377 378 379 396 397 398 399
[NEIGHBOR-DISCOVERY] [360] 280 300 301 302 320 321 322 323 340 341 342 343 361 362 363 364 380 381 382 383
[NEIGHBOR-DISCOVERY] [361] 281 300 301 302 303 320 321 322 323 324 340 341 342 343 344 360 362 363 364 365 380 381 382 383 384
[NEIGHBOR-DISCOVERY] [362] 282 300 301 302 303 304 320 321 322 323 324 325 340 341 342 343 344 345 360 361 363 364 365 366 380 381 382 383 384 385
[NEIGHBOR-DISCOVERY] [363] 283 301 302 303 304 305 320 321 322 323 324 325 326 340 341 342 343 344 345 346 360 361 362 364 365 366 367 380 381 382 383 384 385 386
[NEIGHBOR-DISCOVERY] [364] 284 302 303 304 305 306 321 322 323 324 325 326 327 341 342 343 344 345 346 347 360 361 362 363 365 366 367 368 381 382 383 384 385 386 387
[NEIGHBOR-DISCOVERY] [365] 285 303 304 305 306 307 322 323 324 325 326 327 328 342 343 344 345 346 347 348 361 362 363 364 366 367 368 369 382 383 384 385 386 387 388
[NEIGHBOR-DISCOVERY] [366] 286 304 305 306 307 308 323 324 325 326 327 328 329 343 344 345 346 347 348 349 362 363 364 365 367 368 369 370 383 384 385 386 387 388 389
[NEIGHBOR-DISCOVERY] [367] 287 305 306 307 308 309 324 325 326 327 328 329 330 344 345 346 347 348 349 350 363 364 365 366 368 369 370 371 384 385 386 387 388 389 390
[NEIGHBOR-DISCOVERY] [368] 288 306 307 308 309 310 325 326 327 328 329 330 331 345 346 347 348 349 350 351 364 365 366 367 369 370 371 372 385 386 387 388 389 390 391
[NEIGHBOR-DISCOVERY] [369] 289 307 308 309 310 311 326 327 328 329 330 331 332 346 347 348 349 350 351 352 365 366 367 368 370 371 372 373 386 387 388 389 390 391 392
[NEIGHBOR-DISCOVERY] [370] 290 308 309 310 311 312 327 328 329 330 331 332 333 347 348 349 350 351 352 353 366 367 368 369 371 372 373 374 387 388 389 390 391 392 393
[NEIGHBOR-DISCOVERY] [371] 291 309 310 311 312 313 328 329 330 331 332 333 334 348 349 350 351 352 353 354 367 368 369 370 372 373 374 375 388 389 390 391 392 393 394
[NEIGHBOR-DISCOVERY] [372] 292 310 311 312 313 314 329 330 331 332 333 334 335 349 350 351 352 353 354 355 368 369 370 371 373 374 375 376 389 390 391 392 393 394 395
[NEIGHBOR-DISCOVERY] [373] 293 311 312 313 314 315 330 331 332 333 334 335 336 350 351 352 353 354 355 356 369 370 371 372 374 375 376 377 390 391 392 393 394 395 396
[NEIGHBOR-DISCOVERY] [374] 294 312 313 314 315 316 331 332 333 334 335 336 337 351 352 353 354 355 356 357 370 371 372 373 375 376 377 378 391 392 393 394 395 396 397
[NEIGHBOR-DISCOVERY] [375] 295 313 314 315 316 317 332 333 334 335 336 337 338 352 353 354 355 356 357 358 371 372 373 374 376 377 378 379 392 393 394 395 396 397 398
[NEIGHBOR-DISCOVERY] [376] 296 314 315 316 317 318 333 334 335 336 337 338 339 353 354 355 356 357 358 359 372 373 374 375 377 378 379 393 394 395 396 397 398 399
[NEIGHBOR-DISCOVERY] [377] 297 315 316 317 318 319 334 335 336 337 338 339 354 355 356 357 358 359 373 374 375 376 378 379 394 395 396 397 398 399
[NEIGHBOR-DISCOVERY] [378] 298 316 317 318 319 335 336 337 338 339 355 356 357 358 359 374 375 376 377 379 395 396 397 398 399
[NEIGHBOR-DISCOVERY] [379] 299 317 318 319 336 337 338 339 356 357 358 359 375 376 377 378 396 397 398 399
[NEIGHBOR-DISCOVERY] [380] 300 320 321 322 340 341 342 343 360 361 362 363 381 382 383 384
[NEIGHBOR-DISCOVERY] [381] 301 320 321 322 323 340 341 342 343 344 360 361 362 363 364 380 382 383 384 385
[NEIGHBOR-DISCOVERY] [382] 302 320 321 322 323 324 340 341 342 343 344 345 360 361 362 363 364 365 380 381 383 384 385 386
[NEIGHBOR-DISCOVERY] [383] 303 321 322 323 324 325 340 341 342 343 344 345 346 360 361 362 363 364 365 366 380 381 382 384 385 386 387
[NEIGHBOR-DISCOVERY] [384] 304 322 323 324 325 326 341 342 343 344 345 346 347 361 362 363 364 365 366 367 380 381 382 383 385 386 387 388
[NEIGHBOR-DISCOVERY] [385] 305 323 324 325 326 327 342 343 344 345 346 347 348 362 363 364 365 366 367 368 381 382 383 384 386 387 388 389
[NEIGHBOR-DISCOVERY] [386] 306 324 325 326 327 328 343 344 345 346 347 348 349 363 364 365 366 367 368 369 382 383 384 385 387 388 389 390
[NEIGHBOR-DISCOVERY] [387] 307 325 326 327 328 329 344 345 346 347 348 349 350 364 365 366 367 368 369 370 383 384 385 386 388 389 390 391
[NEIGHBOR-DISCOVERY] [388] 308 326 327 328 329 330 345 346 347 348 349 350 351 365 366 367 368 369 370 371 384 385 386 387 389 390 391 392
[NEIGHBOR-DISCOVERY] [389] 309 327 328 329 330 331 346 347 348 349 350 351 352 366 367 368 369 370 371 372 385 386 387 388 390 391 392 393
[NEIGHBOR-DISCOVERY] [390] 310 328 329 330 331 332 347 348 349 350 351 352 353 367 368 369 370 371 372 373 386 387 388 389 391 392 393 394
[NEIGHBOR-DISCOVERY] [391] 311 329 330 331 332 333 348 349 350 351 352 353 354 368 369 370 371 372 373 374 387 388 389 390 392 393 394 395
[NEIGHBOR-DISCOVERY] [392] 312 330 331 332 333 334 349 350 351 352 353 354 355 369 370 371 372 373 374 375 388 389 390 391 393 394 395 396
[NEIGHBOR-DISCOVERY] [393] 313 331 332 333 334 335 350 351 352 353 354 355 356 370 371 372 373 374 375 376 389 390 391 392 394 395 396 397
[NEIGHBOR-DISCOVERY] [394] 314 332 333 334 335 336 351 352 353 354 355 356 357 371 372 373 374 375 376 377 390 391 392 393 395 396 397 398
[NEIGHBOR-DISCOVERY] [395] 315 333 334 335 336 337 352 353 354 355 356 357 358 372 373 374 375 376 377 378 391 392 393 394 396 397 398 399
[NEIGHBOR-DISCOVERY] [396] 316 334 335 336 337 338 353 354 355 356 357 358 359 373 374 375 376 377 378 379 392 393 394 395 397 398 399
[NEIGHBOR-DISCOVERY] [397] 317 335 336 337 338 339 354 355 356 357 358 359 374 375 376 377 378 379 393 394 395 396 398 399
[NEIGHBOR-DISCOVERY] [398] 318 336 337 338 339 355 356 357 358 359 375 376 377 378 379 394 395 396 397 399
[NEIGHBOR-DISCOVERY] [399] 319 337 338 339 356 357 358 359 376 377 378 379 395 396 397 398
Step 2: Neighbor Discovery
  Discovery radius: 80m
  Total neighbor links: 8054

[CELL-LEADER] cellId leaderNodeId distanceToCenter
[CELL-LEADER] [0] 0 (0)
[CELL-LEADER] [1] 7 (1.43594)
[CELL-LEADER] [2] 14 (2.87187)
[CELL-LEADER] [3] 19 (35.6922)
[CELL-LEADER] [9999] 120 (69.282)
[CELL-LEADER] [10000] 123 (9.28203)
[CELL-LEADER] [10001] 130 (7.8461)
[CELL-LEADER] [10002] 137 (6.41016)
[CELL-LEADER] [19999] 240 (0)
[CELL-LEADER] [20000] 247 (1.43594)
[CELL-LEADER] [20001] 254 (2.87187)
[CELL-LEADER] [20002] 259 (35.6922)
[CELL-LEADER] [29998] 360 (69.282)
[CELL-LEADER] [29999] 363 (9.28203)
[CELL-LEADER] [30000] 370 (7.8461)
[CELL-LEADER] [30001] 377 (6.41016)
Step 3: Select Cell Leaders
  Total cells: 16
    Cell 0: Leader 0
    Cell 1: Leader 7
    Cell 2: Leader 14
    Cell 3: Leader 19
    Cell 9999: Leader 120
    Cell 10000: Leader 123
    Cell 10001: Leader 130
    Cell 10002: Leader 137
    Cell 19999: Leader 240
    Cell 20000: Leader 247
    Cell 20001: Leader 254
    Cell 20002: Leader 259
    Cell 29998: Leader 360
    Cell 29999: Leader 363
    Cell 30000: Leader 370
    Cell 30001: Leader 377

Step 4: Select Gateway Pairs
  Total gateway pairs: 33

[INTRA-CELL-TREE] nodeId [cellId] parentId1 (destCellId1) parentId2 (destCellId2) ...
[INTRA-CELL-TREE] [0] 0 (0) 3 (1) 80 (9999) 42 (10000)
[INTRA-CELL-TREE] [1] 0 (0) 3 (1) 0 (9999) 42 (10000)
[INTRA-CELL-TREE] [2] 0 (0) 3 (1) 0 (9999) 42 (10000)
[INTRA-CELL-TREE] [3] 0 (0) 3 (1) 0 (9999) 42 (10000)
[INTRA-CELL-TREE] [4] 4 (0) 7 (1) 6 (2) 44 (10000) 6 (10001)
[INTRA-CELL-TREE] [5] 4 (0) 7 (1) 6 (2) 44 (10000) 6 (10001)
[INTRA-CELL-TREE] [6] 4 (0) 7 (1) 10 (2) 44 (10000) 49 (10001)
[INTRA-CELL-TREE] [7] 4 (0) 7 (1) 10 (2) 44 (10000) 49 (10001)
[INTRA-CELL-TREE] [8] 4 (0) 7 (1) 10 (2) 4 (10000) 49 (10001)
[INTRA-CELL-TREE] [9] 5 (0) 7 (1) 10 (2) 5 (10000) 49 (10001)
[INTRA-CELL-TREE] [10] 6 (0) 7 (1) 10 (2) 6 (10000) 49 (10001)
[INTRA-CELL-TREE] [11] 11 (1) 14 (2) 13 (3) 51 (10001) 13 (10002)
[INTRA-CELL-TREE] [12] 11 (1) 14 (2) 13 (3) 51 (10001) 13 (10002)
[INTRA-CELL-TREE] [13] 11 (1) 14 (2) 17 (3) 51 (10001) 56 (10002)
[INTRA-CELL-TREE] [14] 11 (1) 14 (2) 17 (3) 51 (10001) 56 (10002)
[INTRA-CELL-TREE] [15] 11 (1) 14 (2) 17 (3) 11 (10001) 56 (10002)
[INTRA-CELL-TREE] [16] 12 (1) 14 (2) 17 (3) 12 (10001) 56 (10002)
[INTRA-CELL-TREE] [17] 13 (1) 14 (2) 17 (3) 13 (10001) 56 (10002)
[INTRA-CELL-TREE] [18] 18 (2) 19 (3) 58 (10002)
[INTRA-CELL-TREE] [19] 18 (2) 19 (3) 58 (10002)
[INTRA-CELL-TREE] [20] 0 (0) 3 (1) 80 (9999) 42 (10000)
[INTRA-CELL-TREE] [21] 0 (0) 3 (1) 80 (9999) 42 (10000)
[INTRA-CELL-TREE] [22] 0 (0) 3 (1) 80 (9999) 42 (10000)
[INTRA-CELL-TREE] [23] 0 (0) 3 (1) 0 (9999) 42 (10000)
[INTRA-CELL-TREE] [24] 4 (0) 7 (1) 6 (2) 44 (10000) 6 (10001)
[INTRA-CELL-TREE] [25] 4 (0) 7 (1) 6 (2) 44 (10000) 6 (10001)
[INTRA-CELL-TREE] [26] 4 (0) 7 (1) 6 (2) 44 (10000) 49 (10001)
[INTRA-CELL-TREE] [27] 4 (0) 7 (1) 10 (2) 44 (10000) 49 (10001)
[INTRA-CELL-TREE] [28] 5 (0) 7 (1) 10 (2) 5 (10000) 49 (10001)
[INTRA-CELL-TREE] [29] 6 (0) 7 (1) 10 (2) 6 (10000) 49 (10001)
[INTRA-CELL-TREE] [30] 7 (0) 7 (1) 10 (2) 7 (10000) 49 (10001)
[INTRA-CELL-TREE] [31] 11 (1) 14 (2) 13 (3) 51 (10001) 13 (10002)
[INTRA-CELL-TREE] [32] 11 (1) 14 (2) 13 (3) 51 (10001) 13 (10002)
[INTRA-CELL-TREE] [33] 11 (1) 14 (2) 13 (3) 51 (10001) 56 (10002)
[INTRA-CELL-TREE] [34] 11 (1) 14 (2) 17 (3) 51 (10001) 56 (10002)
[INTRA-CELL-TREE] [35] 12 (1) 14 (2) 17 (3) 12 (10001) 56 (10002)
[INTRA-CELL-TREE] [36] 13 (1) 14 (2) 17 (3) 13 (10001) 56 (10002)
[INTRA-CELL-TREE] [37] 14 (1) 14 (2) 17 (3) 14 (10001) 56 (10002)
[INTRA-CELL-TREE] [38] 18 (2) 19 (3) 58 (10002)
[INTRA-CELL-TREE] [39] 18 (2) 19 (3) 58 (10002)
[INTRA-CELL-TREE] [40] 0 (0) 3 (1) 80 (9999) 42 (10000)
[INTRA-CELL-TREE] [41] 0 (0) 3 (1) 80 (9999) 42 (10000)
[INTRA-CELL-TREE] [42] 0 (0) 3 (1) 80 (9999) 42 (10000)
[INTRA-CELL-TREE] [43] 0 (0) 3 (1) 80 (9999) 42 (10000)
[INTRA-CELL-TREE] [44] 4 (0) 7 (1) 6 (2) 44 (10000) 6 (10001)
[INTRA-CELL-TREE] [45] 4 (0) 7 (1) 6 (2) 44 (10000) 49 (10001)
[INTRA-CELL-TREE] [46] 4 (0) 7 (1) 6 (2) 44 (10000) 49 (10001)
[INTRA-CELL-TREE] [47] 4 (0) 7 (1) 10 (2) 44 (10000) 49 (10001)
[INTRA-CELL-TREE] [48] 5 (0) 7 (1) 10 (2) 44 (10000) 49 (10001)
[INTRA-CELL-TREE] [49] 6 (0) 7 (1) 10 (2) 6 (10000) 49 (10001)
[INTRA-CELL-TREE] [50] 7 (0) 7 (1) 10 (2) 7 (10000) 49 (10001)
[INTRA-CELL-TREE] [51] 11 (1) 14 (2) 13 (3) 51 (10001) 13 (10002)
[INTRA-CELL-TREE] [52] 11 (1) 14 (2) 13 (3) 51 (10001) 56 (10002)
[INTRA-CELL-TREE] [53] 11 (1) 14 (2) 13 (3) 51 (10001) 56 (10002)
[INTRA-CELL-TREE] [54] 11 (1) 14 (2) 17 (3) 51 (10001) 56 (10002)
[INTRA-CELL-TREE] [55] 12 (1) 14 (2) 17 (3) 51 (10001) 56 (10002)
[INTRA-CELL-TREE] [56] 13 (1) 14 (2) 17 (3) 13 (10001) 56 (10002)
[INTRA-CELL-TREE] [57] 14 (1) 14 (2) 17 (3) 14 (10001) 56 (10002)
[INTRA-CELL-TREE] [58] 18 (2) 19 (3) 58 (10002)
[INTRA-CELL-TREE] [59] 18 (2) 19 (3) 58 (10002)
[INTRA-CELL-TREE] [60] 0 (0) 0 (1) 80 (9999) 42 (10000)
[INTRA-CELL-TREE] [61] 0 (0) 3 (1) 80 (9999) 42 (10000)
[INTRA-CELL-TREE] [62] 62 (0) 64 (1) 100 (9999) 123 (10000) 63 (10001) 81 (19999) 104 (20000)
[INTRA-CELL-TREE] [63] 62 (0) 64 (1) 100 (9999) 123 (10000) 86 (10001) 81 (19999) 86 (20000)
[INTRA-CELL-TREE] [64] 62 (0) 64 (1) 62 (9999) 123 (10000) 86 (10001) 81 (19999) 86 (20000)
[INTRA-CELL-TREE] [65] 62 (0) 64 (1) 62 (9999) 123 (10000) 86 (10001) 102 (19999) 86 (20000)
[INTRA-CELL-TREE] [66] 4 (0) 7 (1) 6 (2) 44 (10000) 49 (10001)
[INTRA-CELL-TREE] [67] 5 (0) 7 (1) 6 (2) 44 (10000) 49 (10001)
[INTRA-CELL-TREE] [68] 6 (0) 7 (1) 10 (2) 6 (10000) 49 (10001)
[INTRA-CELL-TREE] [69] 69 (1) 71 (2) 87 (10000) 130 (10001) 70 (10002) 87 (20000) 111 (20001)
[INTRA-CELL-TREE] [70] 69 (1) 71 (2) 87 (10000) 130 (10001) 93 (10002) 87 (20000) 93 (20001)
[INTRA-CELL-TREE] [71] 69 (1) 71 (2) 69 (10000) 130 (10001) 93 (10002) 108 (20000) 93 (20001)
[INTRA-CELL-TREE] [72] 69 (1) 71 (2) 69 (10000) 130 (10001) 93 (10002) 109 (20000) 93 (20001)
[INTRA-CELL-TREE] [73] 11 (1) 14 (2) 13 (3) 51 (10001) 56 (10002)
[INTRA-CELL-TREE] [74] 12 (1) 14 (2) 13 (3) 51 (10001) 56 (10002)
[INTRA-CELL-TREE] [75] 13 (1) 14 (2) 17 (3) 13 (10001) 56 (10002)
[INTRA-CELL-TREE] [76] 76 (2) 78 (3) 94 (10001) 137 (10002) 94 (20001) 118 (20002)
[INTRA-CELL-TREE] [77] 76 (2) 78 (3) 94 (10001) 137 (10002) 94 (20001) 118 (20002)
[INTRA-CELL-TREE] [78] 76 (2) 78 (3) 76 (10001) 137 (10002) 115 (20001) 118 (20002)
[INTRA-CELL-TREE] [79] 76 (2) 78 (3) 76 (10001) 137 (10002) 116 (20001) 118 (20002)
[INTRA-CELL-TREE] [80] 0 (0) 0 (1) 80 (9999) 42 (10000)
[INTRA-CELL-TREE] [81] 62 (0) 64 (1) 100 (9999) 123 (10000) 63 (10001) 161 (19999) 104 (20000)
[INTRA-CELL-TREE] [82] 62 (0) 64 (1) 100 (9999) 123 (10000) 86 (10001) 81 (19999) 86 (20000)
[INTRA-CELL-TREE] [83] 62 (0) 64 (1) 100 (9999) 123 (10000) 86 (10001) 81 (19999) 86 (20000)
[INTRA-CELL-TREE] [84] 62 (0) 64 (1) 62 (9999) 123 (10000) 86 (10001) 81 (19999) 86 (20000)
[INTRA-CELL-TREE] [85] 62 (0) 64 (1) 62 (9999) 123 (10000) 86 (10001) 81 (19999) 86 (20000)
[INTRA-CELL-TREE] [86] 63 (0) 64 (1) 63 (9999) 123 (10000) 86 (10001) 103 (19999) 166 (20000)
[INTRA-CELL-TREE] [87] 69 (1) 69 (2) 87 (10000) 130 (10001) 70 (10002) 167 (20000) 130 (20001)
[INTRA-CELL-TREE] [88] 69 (1) 71 (2) 87 (10000) 130 (10001) 70 (10002) 87 (20000) 111 (20001)
[INTRA-CELL-TREE] [89] 69 (1) 71 (2) 87 (10000) 130 (10001) 93 (10002) 87 (20000) 93 (20001)
[INTRA-CELL-TREE] [90] 69 (1) 71 (2) 87 (10000) 130 (10001) 93 (10002) 87 (20000) 93 (20001)
[INTRA-CELL-TREE] [91] 69 (1) 71 (2) 87 (10000) 130 (10001) 93 (10002) 87 (20000) 93 (20001)
[INTRA-CELL-TREE] [92] 69 (1) 71 (2) 69 (10000) 130 (10001) 93 (10002) 109 (20000) 93 (20001)
[INTRA-CELL-TREE] [93] 70 (1) 71 (2) 70 (10000) 130 (10001) 93 (10002) 130 (20000) 173 (20001)
[INTRA-CELL-TREE] [94] 76 (2) 76 (3) 94 (10001) 137 (10002) 174 (20001) 136 (20002)
[INTRA-CELL-TREE] [95] 76 (2) 78 (3) 94 (10001) 137 (10002) 94 (20001) 118 (20002)
[INTRA-CELL-TREE] [96] 76 (2) 78 (3) 94 (10001) 137 (10002) 94 (20001) 118 (20002)
[INTRA-CELL-TREE] [97] 76 (2) 78 (3) 94 (10001) 137 (10002) 94 (20001) 118 (20002)
[INTRA-CELL-TREE] [98] 76 (2) 78 (3) 94 (10001) 137 (10002) 94 (20001) 118 (20002)
[INTRA-CELL-TREE] [99] 76 (2) 78 (3) 76 (10001) 137 (10002) 116 (20001) 118 (20002)
[INTRA-CELL-TREE] [100] 62 (0) 62 (1) 100 (9999) 123 (10000) 63 (10001) 161 (19999) 104 (20000)
[INTRA-CELL-TREE] [101] 62 (0) 64 (1) 100 (9999) 123 (10000) 63 (10001) 161 (19999) 104 (20000)
[INTRA-CELL-TREE] [102] 62 (0) 64 (1) 100 (9999) 123 (10000) 63 (10001) 161 (19999) 104 (20000)
[INTRA-CELL-TREE] [103] 62 (0) 64 (1) 100 (9999) 123 (10000) 86 (10001) 161 (19999) 86 (20000)
[INTRA-CELL-TREE] [104] 62 (0) 64 (1) 100 (9999) 123 (10000) 86 (10001) 81 (19999) 166 (20000)
[INTRA-CELL-TREE] [105] 62 (0) 64 (1) 62 (9999) 123 (10000) 86 (10001) 101 (19999) 166 (20000)
[INTRA-CELL-TREE] [106] 63 (0) 64 (1) 63 (9999) 123 (10000) 86 (10001) 102 (19999) 166 (20000)
[INTRA-CELL-TREE] [107] 69 (1) 69 (2) 87 (10000) 130 (10001) 70 (10002) 167 (20000) 111 (20001)
[INTRA-CELL-TREE] [108] 69 (1) 71 (2) 87 (10000) 130 (10001) 70 (10002) 167 (20000) 111 (20001)
[INTRA-CELL-TREE] [109] 69 (1) 71 (2) 87 (10000) 130 (10001) 70 (10002) 167 (20000) 111 (20001)
[INTRA-CELL-TREE] [110] 69 (1) 71 (2) 87 (10000) 130 (10001) 93 (10002) 87 (20000) 93 (20001)
[INTRA-CELL-TREE] [111] 69 (1) 71 (2) 69 (10000) 130 (10001) 93 (10002) 107 (20000) 173 (20001)
[INTRA-CELL-TREE] [112] 69 (1) 71 (2) 69 (10000) 130 (10001) 93 (10002) 108 (20000) 173 (20001)
[INTRA-CELL-TREE] [113] 70 (1) 71 (2) 70 (10000) 130 (10001) 93 (10002) 109 (20000) 173 (20001)
[INTRA-CELL-TREE] [114] 76 (2) 76 (3) 94 (10001) 137 (10002) 174 (20001) 118 (20002)
[INTRA-CELL-TREE] [115] 76 (2) 78 (3) 94 (10001) 137 (10002) 174 (20001) 118 (20002)
[INTRA-CELL-TREE] [116] 76 (2) 78 (3) 94 (10001) 137 (10002) 174 (20001) 118 (20002)
[INTRA-CELL-TREE] [117] 76 (2) 78 (3) 94 (10001) 137 (10002) 94 (20001) 118 (20002)
[INTRA-CELL-TREE] [118] 76 (2) 78 (3) 76 (10001) 137 (10002) 114 (20001) 198 (20002)
[INTRA-CELL-TREE] [119] 76 (2) 78 (3) 76 (10001) 137 (10002) 115 (20001) 118 (20002)
[INTRA-CELL-TREE] [120] 120 (0) 120 (9999) 120 (10000) 160 (19999)
[INTRA-CELL-TREE] [121] 62 (0) 62 (1) 100 (9999) 123 (10000) 63 (10001) 161 (19999) 104 (20000)
[INTRA-CELL-TREE] [122] 62 (0) 64 (1) 100 (9999) 123 (10000) 63 (10001) 161 (19999) 104 (20000)
[INTRA-CELL-TREE] [123] 62 (0) 64 (1) 100 (9999) 123 (10000) 86 (10001) 161 (19999) 166 (20000)
[INTRA-CELL-TREE] [124] 62 (0) 64 (1) 62 (9999) 123 (10000) 86 (10001) 161 (19999) 166 (20000)
[INTRA-CELL-TREE] [125] 63 (0) 64 (1) 63 (9999) 123 (10000) 86 (10001) 102 (19999) 166 (20000)
[INTRA-CELL-TREE] [126] 64 (0) 64 (1) 83 (9999) 123 (10000) 86 (10001) 103 (19999) 166 (20000)
[INTRA-CELL-TREE] [127] 69 (1) 69 (2) 87 (10000) 130 (10001) 89 (10002) 167 (20000) 130 (20001)
[INTRA-CELL-TREE] [128] 69 (1) 69 (2) 87 (10000) 130 (10001) 70 (10002) 167 (20000) 111 (20001)
[INTRA-CELL-TREE] [129] 69 (1) 71 (2) 87 (10000) 130 (10001) 70 (10002) 167 (20000) 111 (20001)
[INTRA-CELL-TREE] [130] 69 (1) 71 (2) 87 (10000) 130 (10001) 93 (10002) 167 (20000) 173 (20001)
[INTRA-CELL-TREE] [131] 69 (1) 71 (2) 69 (10000) 130 (10001) 93 (10002) 108 (20000) 173 (20001)
[INTRA-CELL-TREE] [132] 70 (1) 71 (2) 70 (10000) 130 (10001) 93 (10002) 109 (20000) 173 (20001)
[INTRA-CELL-TREE] [133] 71 (1) 71 (2) 90 (10000) 130 (10001) 93 (10002) 129 (20000) 173 (20001)
[INTRA-CELL-TREE] [134] 76 (2) 76 (3) 94 (10001) 137 (10002) 174 (20001) 136 (20002)
[INTRA-CELL-TREE] [135] 76 (2) 76 (3) 94 (10001) 137 (10002) 174 (20001) 118 (20002)
[INTRA-CELL-TREE] [136] 76 (2) 78 (3) 94 (10001) 137 (10002) 174 (20001) 198 (20002)
[INTRA-CELL-TREE] [137] 76 (2) 78 (3) 94 (10001) 137 (10002) 174 (20001) 198 (20002)
[INTRA-CELL-TREE] [138] 76 (2) 78 (3) 76 (10001) 137 (10002) 115 (20001) 198 (20002)
[INTRA-CELL-TREE] [139] 77 (2) 78 (3) 77 (10001) 137 (10002) 116 (20001) 198 (20002)
[INTRA-CELL-TREE] [140] 120 (0) 120 (9999) 120 (10000) 160 (19999)
[INTRA-CELL-TREE] [141] 81 (0) 81 (1) 100 (9999) 123 (10000) 82 (10001) 161 (19999) 104 (20000)
[INTRA-CELL-TREE] [142] 62 (0) 62 (1) 100 (9999) 123 (10000) 82 (10001) 161 (19999) 104 (20000)
[INTRA-CELL-TREE] [143] 63 (0) 63 (1) 100 (9999) 123 (10000) 63 (10001) 161 (19999) 166 (20000)
[INTRA-CELL-TREE] [144] 64 (0) 64 (1) 82 (9999) 123 (10000) 86 (10001) 161 (19999) 166 (20000)
[INTRA-CELL-TREE] [145] 65 (0) 65 (1) 83 (9999) 123 (10000) 86 (10001) 102 (19999) 166 (20000)
[INTRA-CELL-TREE] [146] 84 (0) 84 (1) 103 (9999) 123 (10000) 86 (10001) 103 (19999) 166 (20000)
[INTRA-CELL-TREE] [147] 87 (1) 88 (2) 87 (10000) 130 (10001) 89 (10002) 167 (20000) 130 (20001)
[INTRA-CELL-TREE] [148] 87 (1) 88 (2) 87 (10000) 130 (10001) 89 (10002) 167 (20000) 111 (20001)
[INTRA-CELL-TREE] [149] 69 (1) 69 (2) 87 (10000) 130 (10001) 89 (10002) 167 (20000) 111 (20001)
[INTRA-CELL-TREE] [150] 70 (1) 70 (2) 70 (10000) 130 (10001) 70 (10002) 167 (20000) 173 (20001)
[INTRA-CELL-TREE] [151] 71 (1) 71 (2) 89 (10000) 130 (10001) 93 (10002) 108 (20000) 173 (20001)
[INTRA-CELL-TREE] [152] 72 (1) 72 (2) 90 (10000) 130 (10001) 93 (10002) 109 (20000) 173 (20001)
[INTRA-CELL-TREE] [153] 91 (1) 91 (2) 91 (10000) 130 (10001) 93 (10002) 130 (20000) 173 (20001)
[INTRA-CELL-TREE] [154] 94 (2) 95 (3) 94 (10001) 137 (10002) 174 (20001) 136 (20002)
[INTRA-CELL-TREE] [155] 94 (2) 95 (3) 94 (10001) 137 (10002) 174 (20001) 198 (20002)
[INTRA-CELL-TREE] [156] 76 (2) 76 (3) 94 (10001) 137 (10002) 174 (20001) 198 (20002)
[INTRA-CELL-TREE] [157] 77 (2) 77 (3) 77 (10001) 137 (10002) 174 (20001) 198 (20002)
[INTRA-CELL-TREE] [158] 78 (2) 78 (3) 96 (10001) 137 (10002) 115 (20001) 198 (20002)
[INTRA-CELL-TREE] [159] 79 (2) 79 (3) 97 (10001) 137 (10002) 116 (20001) 198 (20002)
[INTRA-CELL-TREE] [160] 120 (0) 120 (9999) 120 (10000) 160 (19999)
[INTRA-CELL-TREE] [161] 81 (0) 81 (1) 100 (9999) 123 (10000) 103 (10001) 161 (19999) 123 (20000)
[INTRA-CELL-TREE] [162] 82 (0) 82 (1) 100 (9999) 123 (10000) 82 (10001) 161 (19999) 166 (20000)
[INTRA-CELL-TREE] [163] 83 (0) 83 (1) 83 (9999) 123 (10000) 83 (10001) 161 (19999) 166 (20000)
[INTRA-CELL-TREE] [164] 84 (0) 84 (1) 102 (9999) 123 (10000) 84 (10001) 161 (19999) 166 (20000)
[INTRA-CELL-TREE] [165] 85 (0) 85 (1) 103 (9999) 123 (10000) 85 (10001) 161 (19999) 166 (20000)
[INTRA-CELL-TREE] [166] 104 (0) 86 (1) 104 (9999) 123 (10000) 86 (10001) 123 (19999) 166 (20000)
[INTRA-CELL-TREE] [167] 87 (1) 108 (2) 87 (10000) 130 (10001) 130 (10002) 167 (20000) 130 (20001)
[INTRA-CELL-TREE] [168] 88 (1) 88 (2) 88 (10000) 130 (10001) 110 (10002) 167 (20000) 130 (20001)
[INTRA-CELL-TREE] [169] 89 (1) 89 (2) 89 (10000) 130 (10001) 89 (10002) 167 (20000) 173 (20001)
[INTRA-CELL-TREE] [170] 90 (1) 90 (2) 90 (10000) 130 (10001) 90 (10002) 167 (20000) 173 (20001)
[INTRA-CELL-TREE] [171] 91 (1) 91 (2) 91 (10000) 130 (10001) 91 (10002) 167 (20000) 173 (20001)
[INTRA-CELL-TREE] [172] 92 (1) 92 (2) 110 (10000) 130 (10001) 92 (10002) 129 (20000) 173 (20001)
[INTRA-CELL-TREE] [173] 111 (1) 93 (2) 130 (10000) 130 (10001) 93 (10002) 130 (20000) 173 (20001)
[INTRA-CELL-TREE] [174] 94 (2) 115 (3) 94 (10001) 137 (10002) 174 (20001) 136 (20002)
[INTRA-CELL-TREE] [175] 95 (2) 95 (3) 95 (10001) 137 (10002) 174 (20001) 198 (20002)
[INTRA-CELL-TREE] [176] 96 (2) 96 (3) 96 (10001) 137 (10002) 174 (20001) 198 (20002)
[INTRA-CELL-TREE] [177] 97 (2) 97 (3) 97 (10001) 137 (10002) 174 (20001) 198 (20002)
[INTRA-CELL-TREE] [178] 98 (2) 98 (3) 98 (10001) 137 (10002) 174 (20001) 198 (20002)
[INTRA-CELL-TREE] [179] 99 (2) 99 (3) 117 (10001) 137 (10002) 136 (20001) 198 (20002)
[INTRA-CELL-TREE] [180] 180 (9999) 181 (10000) 240 (19999) 203 (20000) 240 (29998) 202 (29999)
[INTRA-CELL-TREE] [181] 180 (9999) 181 (10000) 240 (19999) 203 (20000) 240 (29998) 202 (29999)
[INTRA-CELL-TREE] [182] 102 (0) 102 (1) 102 (9999) 123 (10000) 123 (10001) 161 (19999) 123 (20000)
[INTRA-CELL-TREE] [183] 103 (0) 103 (1) 103 (9999) 123 (10000) 103 (10001) 161 (19999) 166 (20000)
[INTRA-CELL-TREE] [184] 104 (0) 104 (1) 104 (9999) 123 (10000) 104 (10001) 161 (19999) 166 (20000)
[INTRA-CELL-TREE] [185] 105 (0) 105 (1) 123 (9999) 123 (10000) 105 (10001) 123 (19999) 166 (20000)
[INTRA-CELL-TREE] [186] 186 (10000) 187 (10001) 204 (19999) 247 (20000) 187 (20001) 204 (29999) 209 (30000)
[INTRA-CELL-TREE] [187] 186 (10000) 187 (10001) 204 (19999) 247 (20000) 210 (20001) 204 (29999) 209 (30000)
[INTRA-CELL-TREE] [188] 186 (10000) 187 (10001) 186 (19999) 247 (20000) 210 (20001) 225 (29999) 209 (30000)
[INTRA-CELL-TREE] [189] 109 (1) 109 (2) 109 (10000) 130 (10001) 130 (10002) 167 (20000) 130 (20001)
[INTRA-CELL-TREE] [190] 110 (1) 110 (2) 110 (10000) 130 (10001) 110 (10002) 167 (20000) 173 (20001)
[INTRA-CELL-TREE] [191] 111 (1) 111 (2) 129 (10000) 130 (10001) 111 (10002) 129 (20000) 173 (20001)
[INTRA-CELL-TREE] [192] 112 (1) 112 (2) 130 (10000) 130 (10001) 112 (10002) 130 (20000) 173 (20001)
[INTRA-CELL-TREE] [193] 193 (10001) 194 (10002) 211 (20000) 254 (20001) 194 (20002) 211 (30000) 216 (30001)
[INTRA-CELL-TREE] [194] 193 (10001) 194 (10002) 211 (20000) 254 (20001) 217 (20002) 211 (30000) 216 (30001)
[INTRA-CELL-TREE] [195] 193 (10001) 194 (10002) 193 (20000) 254 (20001) 217 (20002) 232 (30000) 216 (30001)
[INTRA-CELL-TREE] [196] 116 (2) 116 (3) 116 (10001) 137 (10002) 174 (20001) 198 (20002)
[INTRA-CELL-TREE] [197] 117 (2) 117 (3) 117 (10001) 137 (10002) 174 (20001) 198 (20002)
[INTRA-CELL-TREE] [198] 118 (2) 118 (3) 136 (10001) 137 (10002) 136 (20001) 198 (20002)
[INTRA-CELL-TREE] [199] 119 (2) 119 (3) 137 (10001) 137 (10002) 137 (20001) 198 (20002)
[INTRA-CELL-TREE] [200] 180 (9999) 181 (10000) 240 (19999) 203 (20000) 240 (29998) 202 (29999)
[INTRA-CELL-TREE] [201] 180 (9999) 181 (10000) 240 (19999) 203 (20000) 240 (29998) 202 (29999)
[INTRA-CELL-TREE] [202] 180 (9999) 181 (10000) 240 (19999) 203 (20000) 240 (29998) 282 (29999)
[INTRA-CELL-TREE] [203] 180 (9999) 181 (10000) 240 (19999) 203 (20000) 240 (29998) 202 (29999)
[INTRA-CELL-TREE] [204] 186 (10000) 187 (10001) 204 (19999) 247 (20000) 187 (20001) 284 (29999) 227 (30000)
[INTRA-CELL-TREE] [205] 186 (10000) 187 (10001) 204 (19999) 247 (20000) 187 (20001) 204 (29999) 209 (30000)
[INTRA-CELL-TREE] [206] 186 (10000) 187 (10001) 204 (19999) 247 (20000) 210 (20001) 204 (29999) 209 (30000)
[INTRA-CELL-TREE] [207] 186 (10000) 187 (10001) 204 (19999) 247 (20000) 210 (20001) 204 (29999) 209 (30000)
[INTRA-CELL-TREE] [208] 186 (10000) 187 (10001) 204 (19999) 247 (20000) 210 (20001) 204 (29999) 209 (30000)
[INTRA-CELL-TREE] [209] 186 (10000) 187 (10001) 186 (19999) 247 (20000) 210 (20001) 226 (29999) 289 (30000)
[INTRA-CELL-TREE] [210] 187 (10000) 187 (10001) 187 (19999) 247 (20000) 210 (20001) 247 (29999) 209 (30000)
[INTRA-CELL-TREE] [211] 193 (10001) 194 (10002) 211 (20000) 254 (20001) 194 (20002) 291 (30000) 234 (30001)
[INTRA-CELL-TREE] [212] 193 (10001) 194 (10002) 211 (20000) 254 (20001) 194 (20002) 211 (30000) 216 (30001)
[INTRA-CELL-TREE] [213] 193 (10001) 194 (10002) 211 (20000) 254 (20001) 217 (20002) 211 (30000) 216 (30001)
[INTRA-CELL-TREE] [214] 193 (10001) 194 (10002) 211 (20000) 254 (20001) 217 (20002) 211 (30000) 216 (30001)
[INTRA-CELL-TREE] [215] 193 (10001) 194 (10002) 211 (20000) 254 (20001) 217 (20002) 211 (30000) 216 (30001)
[INTRA-CELL-TREE] [216] 193 (10001) 194 (10002) 193 (20000) 254 (20001) 217 (20002) 233 (30000) 296 (30001)
[INTRA-CELL-TREE] [217] 194 (10001) 194 (10002) 194 (20000) 254 (20001) 217 (20002) 254 (30000) 216 (30001)
[INTRA-CELL-TREE] [218] 218 (10002) 218 (20001) 259 (20002) 298 (30001)
[INTRA-CELL-TREE] [219] 218 (10002) 218 (20001) 259 (20002) 218 (30001)
[INTRA-CELL-TREE] [220] 180 (9999) 181 (10000) 240 (19999) 203 (20000) 240 (29998) 282 (29999)
[INTRA-CELL-TREE] [221] 180 (9999) 181 (10000) 240 (19999) 203 (20000) 240 (29998) 282 (29999)
[INTRA-CELL-TREE] [222] 180 (9999) 181 (10000) 240 (19999) 203 (20000) 240 (29998) 282 (29999)
[INTRA-CELL-TREE] [223] 180 (9999) 181 (10000) 240 (19999) 203 (20000) 240 (29998) 282 (29999)
[INTRA-CELL-TREE] [224] 186 (10000) 187 (10001) 204 (19999) 247 (20000) 187 (20001) 284 (29999) 227 (30000)
[INTRA-CELL-TREE] [225] 186 (10000) 187 (10001) 204 (19999) 247 (20000) 187 (20001) 284 (29999) 227 (30000)
[INTRA-CELL-TREE] [226] 186 (10000) 187 (10001) 204 (19999) 247 (20000) 187 (20001) 284 (29999) 209 (30000)
[INTRA-CELL-TREE] [227] 186 (10000) 187 (10001) 204 (19999) 247 (20000) 210 (20001) 204 (29999) 289 (30000)
[INTRA-CELL-TREE] [228] 186 (10000) 187 (10001) 186 (19999) 247 (20000) 210 (20001) 224 (29999) 289 (30000)
[INTRA-CELL-TREE] [229] 186 (10000) 187 (10001) 186 (19999) 247 (20000) 210 (20001) 225 (29999) 289 (30000)
[INTRA-CELL-TREE] [230] 187 (10000) 187 (10001) 187 (19999) 247 (20000) 210 (20001) 226 (29999) 289 (30000)
[INTRA-CELL-TREE] [231] 193 (10001) 194 (10002) 211 (20000) 254 (20001) 194 (20002) 291 (30000) 234 (30001)
[INTRA-CELL-TREE] [232] 193 (10001) 194 (10002) 211 (20000) 254 (20001) 194 (20002) 291 (30000) 234 (30001)
[INTRA-CELL-TREE] [233] 193 (10001) 194 (10002) 211 (20000) 254 (20001) 194 (20002) 291 (30000) 216 (30001)
[INTRA-CELL-TREE] [234] 193 (10001) 194 (10002) 211 (20000) 254 (20001) 217 (20002) 211 (30000) 296 (30001)
[INTRA-CELL-TREE] [235] 193 (10001) 194 (10002) 193 (20000) 254 (20001) 217 (20002) 231 (30000) 296 (30001)
[INTRA-CELL-TREE] [236] 193 (10001) 194 (10002) 193 (20000) 254 (20001) 217 (20002) 232 (30000) 296 (30001)
[INTRA-CELL-TREE] [237] 194 (10001) 194 (10002) 194 (20000) 254 (20001) 217 (20002) 233 (30000) 296 (30001)
[INTRA-CELL-TREE] [238] 218 (10002) 218 (20001) 259 (20002) 298 (30001)
[INTRA-CELL-TREE] [239] 218 (10002) 218 (20001) 259 (20002) 298 (30001)
[INTRA-CELL-TREE] [240] 180 (9999) 181 (10000) 240 (19999) 203 (20000) 320 (29998) 282 (29999)
[INTRA-CELL-TREE] [241] 180 (9999) 181 (10000) 240 (19999) 203 (20000) 240 (29998) 282 (29999)
[INTRA-CELL-TREE] [242] 180 (9999) 181 (10000) 240 (19999) 203 (20000) 240 (29998) 282 (29999)
[INTRA-CELL-TREE] [243] 181 (9999) 181 (10000) 240 (19999) 203 (20000) 240 (29998) 282 (29999)
[INTRA-CELL-TREE] [244] 186 (10000) 186 (10001) 204 (19999) 247 (20000) 206 (20001) 284 (29999) 227 (30000)
[INTRA-CELL-TREE] [245] 186 (10000) 187 (10001) 204 (19999) 247 (20000) 187 (20001) 284 (29999) 227 (30000)
[INTRA-CELL-TREE] [246] 186 (10000) 187 (10001) 204 (19999) 247 (20000) 187 (20001) 284 (29999) 289 (30000)
[INTRA-CELL-TREE] [247] 186 (10000) 187 (10001) 204 (19999) 247 (20000) 210 (20001) 284 (29999) 289 (30000)
[INTRA-CELL-TREE] [248] 186 (10000) 187 (10001) 186 (19999) 247 (20000) 210 (20001) 225 (29999) 289 (30000)
[INTRA-CELL-TREE] [249] 187 (10000) 187 (10001) 187 (19999) 247 (20000) 210 (20001) 226 (29999) 289 (30000)
[INTRA-CELL-TREE] [250] 188 (10000) 188 (10001) 207 (19999) 247 (20000) 210 (20001) 246 (29999) 289 (30000)
[INTRA-CELL-TREE] [251] 193 (10001) 193 (10002) 211 (20000) 254 (20001) 213 (20002) 291 (30000) 234 (30001)
[INTRA-CELL-TREE] [252] 193 (10001) 194 (10002) 211 (20000) 254 (20001) 194 (20002) 291 (30000) 234 (30001)
[INTRA-CELL-TREE] [253] 193 (10001) 194 (10002) 211 (20000) 254 (20001) 194 (20002) 291 (30000) 296 (30001)
[INTRA-CELL-TREE] [254] 193 (10001) 194 (10002) 211 (20000) 254 (20001) 217 (20002) 291 (30000) 296 (30001)
[INTRA-CELL-TREE] [255] 193 (10001) 194 (10002) 193 (20000) 254 (20001) 217 (20002) 232 (30000) 296 (30001)
[INTRA-CELL-TREE] [256] 194 (10001) 194 (10002) 194 (20000) 254 (20001) 217 (20002) 233 (30000) 296 (30001)
[INTRA-CELL-TREE] [257] 195 (10001) 195 (10002) 214 (20000) 254 (20001) 217 (20002) 253 (30000) 296 (30001)
[INTRA-CELL-TREE] [258] 218 (10002) 218 (20001) 259 (20002) 298 (30001)
[INTRA-CELL-TREE] [259] 218 (10002) 218 (20001) 259 (20002) 298 (30001)
[INTRA-CELL-TREE] [260] 180 (9999) 180 (10000) 240 (19999) 180 (20000) 320 (29998) 282 (29999)
[INTRA-CELL-TREE] [261] 181 (9999) 181 (10000) 240 (19999) 203 (20000) 320 (29998) 282 (29999)
[INTRA-CELL-TREE] [262] 200 (9999) 200 (10000) 240 (19999) 203 (20000) 320 (29998) 282 (29999)
[INTRA-CELL-TREE] [263] 201 (9999) 201 (10000) 240 (19999) 203 (20000) 240 (29998) 282 (29999)
[INTRA-CELL-TREE] [264] 204 (10000) 204 (10001) 204 (19999) 247 (20000) 206 (20001) 284 (29999) 227 (30000)
[INTRA-CELL-TREE] [265] 204 (10000) 204 (10001) 204 (19999) 247 (20000) 206 (20001) 284 (29999) 227 (30000)
[INTRA-CELL-TREE] [266] 186 (10000) 186 (10001) 204 (19999) 247 (20000) 206 (20001) 284 (29999) 289 (30000)
[INTRA-CELL-TREE] [267] 187 (10000) 187 (10001) 187 (19999) 247 (20000) 187 (20001) 284 (29999) 289 (30000)
[INTRA-CELL-TREE] [268] 188 (10000) 188 (10001) 206 (19999) 247 (20000) 210 (20001) 225 (29999) 289 (30000)
[INTRA-CELL-TREE] [269] 207 (10000) 207 (10001) 207 (19999) 247 (20000) 210 (20001) 226 (29999) 289 (30000)
[INTRA-CELL-TREE] [270] 208 (10000) 208 (10001) 208 (19999) 247 (20000) 210 (20001) 247 (29999) 289 (30000)
[INTRA-CELL-TREE] [271] 211 (10001) 211 (10002) 211 (20000) 254 (20001) 213 (20002) 291 (30000) 234 (30001)
[INTRA-CELL-TREE] [272] 211 (10001) 211 (10002) 211 (20000) 254 (20001) 213 (20002) 291 (30000) 234 (30001)
[INTRA-CELL-TREE] [273] 193 (10001) 193 (10002) 211 (20000) 254 (20001) 213 (20002) 291 (30000) 296 (30001)
[INTRA-CELL-TREE] [274] 194 (10001) 194 (10002) 194 (20000) 254 (20001) 194 (20002) 291 (30000) 296 (30001)
[INTRA-CELL-TREE] [275] 195 (10001) 195 (10002) 213 (20000) 254 (20001) 217 (20002) 232 (30000) 296 (30001)
[INTRA-CELL-TREE] [276] 214 (10001) 214 (10002) 214 (20000) 254 (20001) 217 (20002) 233 (30000) 296 (30001)
[INTRA-CELL-TREE] [277] 215 (10001) 215 (10002) 215 (20000) 254 (20001) 217 (20002) 254 (30000) 296 (30001)
[INTRA-CELL-TREE] [278] 218 (10002) 218 (20001) 259 (20002) 298 (30001)
[INTRA-CELL-TREE] [279] 218 (10002) 218 (20001) 259 (20002) 298 (30001)
[INTRA-CELL-TREE] [280] 200 (9999) 200 (10000) 240 (19999) 200 (20000) 320 (29998) 282 (29999)
[INTRA-CELL-TREE] [281] 201 (9999) 201 (10000) 240 (19999) 201 (20000) 320 (29998) 282 (29999)
[INTRA-CELL-TREE] [282] 202 (9999) 202 (10000) 240 (19999) 202 (20000) 320 (29998) 282 (29999)
[INTRA-CELL-TREE] [283] 203 (9999) 203 (10000) 240 (19999) 203 (20000) 320 (29998) 282 (29999)
[INTRA-CELL-TREE] [284] 204 (10000) 204 (10001) 204 (19999) 247 (20000) 247 (20001) 284 (29999) 246 (30000)
[INTRA-CELL-TREE] [285] 205 (10000) 205 (10001) 205 (19999) 247 (20000) 227 (20001) 284 (29999) 289 (30000)
[INTRA-CELL-TREE] [286] 206 (10000) 206 (10001) 206 (19999) 247 (20000) 206 (20001) 284 (29999) 289 (30000)
[INTRA-CELL-TREE] [287] 207 (10000) 207 (10001) 207 (19999) 247 (20000) 207 (20001) 284 (29999) 289 (30000)
[INTRA-CELL-TREE] [288] 208 (10000) 208 (10001) 208 (19999) 247 (20000) 208 (20001) 284 (29999) 289 (30000)
[INTRA-CELL-TREE] [289] 209 (10000) 209 (10001) 227 (19999) 247 (20000) 209 (20001) 246 (29999) 289 (30000)
[INTRA-CELL-TREE] [290] 228 (10000) 210 (10001) 247 (19999) 247 (20000) 210 (20001) 247 (29999) 289 (30000)
[INTRA-CELL-TREE] [291] 211 (10001) 211 (10002) 211 (20000) 254 (20001) 254 (20002) 291 (30000) 253 (30001)
[INTRA-CELL-TREE] [292] 212 (10001) 212 (10002) 212 (20000) 254 (20001) 234 (20002) 291 (30000) 296 (30001)
[INTRA-CELL-TREE] [293] 213 (10001) 213 (10002) 213 (20000) 254 (20001) 213 (20002) 291 (30000) 296 (30001)
[INTRA-CELL-TREE] [294] 214 (10001) 214 (10002) 214 (20000) 254 (20001) 214 (20002) 291 (30000) 296 (30001)
[INTRA-CELL-TREE] [295] 215 (10001) 215 (10002) 215 (20000) 254 (20001) 215 (20002) 291 (30000) 296 (30001)
[INTRA-CELL-TREE] [296] 216 (10001) 216 (10002) 234 (20000) 254 (20001) 216 (20002) 253 (30000) 296 (30001)
[INTRA-CELL-TREE] [297] 235 (10001) 217 (10002) 254 (20000) 254 (20001) 217 (20002) 254 (30000) 296 (30001)
[INTRA-CELL-TREE] [298] 218 (10002) 218 (20001) 259 (20002) 298 (30001)
[INTRA-CELL-TREE] [299] 219 (10002) 219 (20001) 259 (20002) 298 (30001)
[INTRA-CELL-TREE] [300] 220 (9999) 220 (10000) 240 (19999) 220 (20000) 320 (29998) 282 (29999)
[INTRA-CELL-TREE] [301] 221 (9999) 221 (10000) 240 (19999) 221 (20000) 320 (29998) 282 (29999)
[INTRA-CELL-TREE] [302] 302 (19999) 304 (20000) 340 (29998) 363 (29999) 303 (30000)
[INTRA-CELL-TREE] [303] 302 (19999) 304 (20000) 340 (29998) 363 (29999) 326 (30000)
[INTRA-CELL-TREE] [304] 302 (19999) 304 (20000) 302 (29998) 363 (29999) 326 (30000)
[INTRA-CELL-TREE] [305] 302 (19999) 304 (20000) 302 (29998) 363 (29999) 326 (30000)
[INTRA-CELL-TREE] [306] 226 (10000) 226 (10001) 226 (19999) 247 (20000) 247 (20001) 284 (29999) 289 (30000)
[INTRA-CELL-TREE] [307] 227 (10000) 227 (10001) 227 (19999) 247 (20000) 227 (20001) 284 (29999) 289 (30000)
[INTRA-CELL-TREE] [308] 228 (10000) 228 (10001) 246 (19999) 247 (20000) 228 (20001) 246 (29999) 289 (30000)
[INTRA-CELL-TREE] [309] 309 (20000) 311 (20001) 327 (29999) 370 (30000) 310 (30001)
[INTRA-CELL-TREE] [310] 309 (20000) 311 (20001) 327 (29999) 370 (30000) 333 (30001)
[INTRA-CELL-TREE] [311] 309 (20000) 311 (20001) 309 (29999) 370 (30000) 333 (30001)
[INTRA-CELL-TREE] [312] 309 (20000) 311 (20001) 309 (29999) 370 (30000) 333 (30001)
[INTRA-CELL-TREE] [313] 233 (10001) 233 (10002) 233 (20000) 254 (20001) 254 (20002) 291 (30000) 296 (30001)
[INTRA-CELL-TREE] [314] 234 (10001) 234 (10002) 234 (20000) 254 (20001) 234 (20002) 291 (30000) 296 (30001)
[INTRA-CELL-TREE] [315] 235 (10001) 235 (10002) 253 (20000) 254 (20001) 235 (20002) 253 (30000) 296 (30001)
[INTRA-CELL-TREE] [316] 316 (20001) 318 (20002) 334 (30000) 377 (30001)
[INTRA-CELL-TREE] [317] 316 (20001) 318 (20002) 334 (30000) 377 (30001)
[INTRA-CELL-TREE] [318] 316 (20001) 318 (20002) 316 (30000) 377 (30001)
[INTRA-CELL-TREE] [319] 316 (20001) 318 (20002) 316 (30000) 377 (30001)
[INTRA-CELL-TREE] [320] 240 (9999) 240 (10000) 240 (19999) 240 (20000) 320 (29998) 282 (29999)
[INTRA-CELL-TREE] [321] 302 (19999) 304 (20000) 340 (29998) 363 (29999) 303 (30000)
[INTRA-CELL-TREE] [322] 302 (19999) 304 (20000) 340 (29998) 363 (29999) 326 (30000)
[INTRA-CELL-TREE] [323] 302 (19999) 304 (20000) 340 (29998) 363 (29999) 326 (30000)
[INTRA-CELL-TREE] [324] 302 (19999) 304 (20000) 302 (29998) 363 (29999) 326 (30000)
[INTRA-CELL-TREE] [325] 302 (19999) 304 (20000) 302 (29998) 363 (29999) 326 (30000)
[INTRA-CELL-TREE] [326] 303 (19999) 304 (20000) 303 (29998) 363 (29999) 326 (30000)
[INTRA-CELL-TREE] [327] 309 (20000) 309 (20001) 327 (29999) 370 (30000) 310 (30001)
[INTRA-CELL-TREE] [328] 309 (20000) 311 (20001) 327 (29999) 370 (30000) 310 (30001)
[INTRA-CELL-TREE] [329] 309 (20000) 311 (20001) 327 (29999) 370 (30000) 333 (30001)
[INTRA-CELL-TREE] [330] 309 (20000) 311 (20001) 327 (29999) 370 (30000) 333 (30001)
[INTRA-CELL-TREE] [331] 309 (20000) 311 (20001) 327 (29999) 370 (30000) 333 (30001)
[INTRA-CELL-TREE] [332] 309 (20000) 311 (20001) 309 (29999) 370 (30000) 333 (30001)
[INTRA-CELL-TREE] [333] 310 (20000) 311 (20001) 310 (29999) 370 (30000) 333 (30001)
[INTRA-CELL-TREE] [334] 316 (20001) 316 (20002) 334 (30000) 377 (30001)
[INTRA-CELL-TREE] [335] 316 (20001) 318 (20002) 334 (30000) 377 (30001)
[INTRA-CELL-TREE] [336] 316 (20001) 318 (20002) 334 (30000) 377 (30001)
[INTRA-CELL-TREE] [337] 316 (20001) 318 (20002) 334 (30000) 377 (30001)
[INTRA-CELL-TREE] [338] 316 (20001) 318 (20002) 334 (30000) 377 (30001)
[INTRA-CELL-TREE] [339] 316 (20001) 318 (20002) 316 (30000) 377 (30001)
[INTRA-CELL-TREE] [340] 302 (19999) 302 (20000) 340 (29998) 363 (29999) 303 (30000)
[INTRA-CELL-TREE] [341] 302 (19999) 304 (20000) 340 (29998) 363 (29999) 303 (30000)
[INTRA-CELL-TREE] [342] 302 (19999) 304 (20000) 340 (29998) 363 (29999) 303 (30000)
[INTRA-CELL-TREE] [343] 302 (19999) 304 (20000) 340 (29998) 363 (29999) 326 (30000)
[INTRA-CELL-TREE] [344] 302 (19999) 304 (20000) 340 (29998) 363 (29999) 326 (30000)
[INTRA-CELL-TREE] [345] 302 (19999) 304 (20000) 302 (29998) 363 (29999) 326 (30000)
[INTRA-CELL-TREE] [346] 303 (19999) 304 (20000) 303 (29998) 363 (29999) 326 (30000)
[INTRA-CELL-TREE] [347] 309 (20000) 309 (20001) 327 (29999) 370 (30000) 310 (30001)
[INTRA-CELL-TREE] [348] 309 (20000) 311 (20001) 327 (29999) 370 (30000) 310 (30001)
[INTRA-CELL-TREE] [349] 309 (20000) 311 (20001) 327 (29999) 370 (30000) 310 (30001)
[INTRA-CELL-TREE] [350] 309 (20000) 311 (20001) 327 (29999) 370 (30000) 333 (30001)
[INTRA-CELL-TREE] [351] 309 (20000) 311 (20001) 309 (29999) 370 (30000) 333 (30001)
[INTRA-CELL-TREE] [352] 309 (20000) 311 (20001) 309 (29999) 370 (30000) 333 (30001)
[INTRA-CELL-TREE] [353] 310 (20000) 311 (20001) 310 (29999) 370 (30000) 333 (30001)
[INTRA-CELL-TREE] [354] 316 (20001) 316 (20002) 334 (30000) 377 (30001)
[INTRA-CELL-TREE] [355] 316 (20001) 318 (20002) 334 (30000) 377 (30001)
[INTRA-CELL-TREE] [356] 316 (20001) 318 (20002) 334 (30000) 377 (30001)
[INTRA-CELL-TREE] [357] 316 (20001) 318 (20002) 334 (30000) 377 (30001)
[INTRA-CELL-TREE] [358] 316 (20001) 318 (20002) 316 (30000) 377 (30001)
[INTRA-CELL-TREE] [359] 316 (20001) 318 (20002) 316 (30000) 377 (30001)
[INTRA-CELL-TREE] [360] 360 (19999) 360 (29998) 360 (29999)
[INTRA-CELL-TREE] [361] 302 (19999) 302 (20000) 340 (29998) 363 (29999) 303 (30000)
[INTRA-CELL-TREE] [362] 302 (19999) 304 (20000) 340 (29998) 363 (29999) 303 (30000)
[INTRA-CELL-TREE] [363] 302 (19999) 304 (20000) 340 (29998) 363 (29999) 326 (30000)
[INTRA-CELL-TREE] [364] 302 (19999) 304 (20000) 302 (29998) 363 (29999) 326 (30000)
[INTRA-CELL-TREE] [365] 303 (19999) 304 (20000) 303 (29998) 363 (29999) 326 (30000)
[INTRA-CELL-TREE] [366] 304 (19999) 304 (20000) 323 (29998) 363 (29999) 326 (30000)
[INTRA-CELL-TREE] [367] 309 (20000) 309 (20001) 327 (29999) 370 (30000) 329 (30001)
[INTRA-CELL-TREE] [368] 309 (20000) 309 (20001) 327 (29999) 370 (30000) 310 (30001)
[INTRA-CELL-TREE] [369] 309 (20000) 311 (20001) 327 (29999) 370 (30000) 310 (30001)
[INTRA-CELL-TREE] [370] 309 (20000) 311 (20001) 327 (29999) 370 (30000) 333 (30001)
[INTRA-CELL-TREE] [371] 309 (20000) 311 (20001) 309 (29999) 370 (30000) 333 (30001)
[INTRA-CELL-TREE] [372] 310 (20000) 311 (20001) 310 (29999) 370 (30000) 333 (30001)
[INTRA-CELL-TREE] [373] 311 (20000) 311 (20001) 330 (29999) 370 (30000) 333 (30001)
[INTRA-CELL-TREE] [374] 316 (20001) 316 (20002) 334 (30000) 377 (30001)
[INTRA-CELL-TREE] [375] 316 (20001) 316 (20002) 334 (30000) 377 (30001)
[INTRA-CELL-TREE] [376] 316 (20001) 318 (20002) 334 (30000) 377 (30001)
[INTRA-CELL-TREE] [377] 316 (20001) 318 (20002) 334 (30000) 377 (30001)
[INTRA-CELL-TREE] [378] 316 (20001) 318 (20002) 316 (30000) 377 (30001)
[INTRA-CELL-TREE] [379] 317 (20001) 318 (20002) 317 (30000) 377 (30001)
[INTRA-CELL-TREE] [380] 360 (19999) 360 (29998) 360 (29999)
[INTRA-CELL-TREE] [381] 321 (19999) 321 (20000) 340 (29998) 363 (29999) 322 (30000)
[INTRA-CELL-TREE] [382] 302 (19999) 302 (20000) 340 (29998) 363 (29999) 322 (30000)
[INTRA-CELL-TREE] [383] 303 (19999) 303 (20000) 340 (29998) 363 (29999) 303 (30000)
[INTRA-CELL-TREE] [384] 304 (19999) 304 (20000) 322 (29998) 363 (29999) 326 (30000)
[INTRA-CELL-TREE] [385] 305 (19999) 305 (20000) 323 (29998) 363 (29999) 326 (30000)
[INTRA-CELL-TREE] [386] 324 (19999) 324 (20000) 343 (29998) 363 (29999) 326 (30000)
[INTRA-CELL-TREE] [387] 327 (20000) 328 (20001) 327 (29999) 370 (30000) 329 (30001)
[INTRA-CELL-TREE] [388] 327 (20000) 328 (20001) 327 (29999) 370 (30000) 329 (30001)
[INTRA-CELL-TREE] [389] 309 (20000) 309 (20001) 327 (29999) 370 (30000) 329 (30001)
[INTRA-CELL-TREE] [390] 310 (20000) 310 (20001) 310 (29999) 370 (30000) 310 (30001)
[INTRA-CELL-TREE] [391] 311 (20000) 311 (20001) 329 (29999) 370 (30000) 333 (30001)
[INTRA-CELL-TREE] [392] 312 (20000) 312 (20001) 330 (29999) 370 (30000) 333 (30001)
[INTRA-CELL-TREE] [393] 331 (20000) 331 (20001) 331 (29999) 370 (30000) 333 (30001)
[INTRA-CELL-TREE] [394] 334 (20001) 335 (20002) 334 (30000) 377 (30001)
[INTRA-CELL-TREE] [395] 334 (20001) 335 (20002) 334 (30000) 377 (30001)
[INTRA-CELL-TREE] [396] 316 (20001) 316 (20002) 334 (30000) 377 (30001)
[INTRA-CELL-TREE] [397] 317 (20001) 317 (20002) 317 (30000) 377 (30001)
[INTRA-CELL-TREE] [398] 318 (20001) 318 (20002) 336 (30000) 377 (30001)
[INTRA-CELL-TREE] [399] 319 (20001) 319 (20002) 337 (30000) 377 (30001)
Step 5: Build Intra-Cell Routing Trees
  Total routing entries: 400

Step 6: Enhance Routing for Gateway Access
  Routing tree enhanced for cross-cell communication

Step 7: Validate Routing Trees
  Routing tree validation completed

Step 8: Finalize Ground Node States
  All node states finalized

[SUSPICIOUS-POINT] seedPos.x seedPos.y
[SUSPICIOUS-POINT] 340 360
[SUSPICIOUS-REGION] nodeId1 nodeId2 ... (Cell: cell1 cell2 ...)
[SUSPICIOUS-REGION]  76 77 78 79 94 95 96 97 98 99 114 115 116 117 118 119 134 135 136 137 138 139 154 155 156 157 158 159 174 175 176 177 178 179 193 194 195 196 197 198 199 211 212 213 214 215 216 217 218 219 231 232 233 234 235 236 237 238 239 251 252 253 254 255 256 257 258 259 271 272 273 274 275 276 277 278 279 291 292 293 294 295 296 297 298 299 309 310 311 312 313 314 315 316 317 318 319 327 328 329 330 331 332 333 334 335 336 337 338 339 347 348 349 350 351 352 353 354 355 356 357 358 359 367 368 369 370 371 372 373 374 375 376 377 378 379 387 388 389 390 391 392 393 394 395 396 397 398 399 (Cells:  10002 20001 20002 30000 30001)
Step 9: Select Suspicious Region
  Suspicious nodes: 149
  Coverage: 37.2%
  Node IDs: 76 77 78 79 94 95 96 97 98 99 114 115 116 117 118 119 134 135 136 137 138 139 154 155 156 157 158 159 174 175 176 177 178 179 193 194 195 196 197 198 199 211 212 213 214 215 216 217 218 219 231 232 233 234 235 236 237 238 239 251 252 253 254 255 256 257 258 259 271 272 273 274 275 276 277 278 279 291 292 293 294 295 296 297 298 299 309 310 311 312 313 314 315 316 317 318 319 327 328 329 330 331 332 333 334 335 336 337 338 339 347 348 349 350 351 352 353 354 355 356 357 358 359 367 368 369 370 371 372 373 374 375 376 377 378 379 387 388 389 390 391 392 393 394 395 396 397 398 399 

[FRAGMENTS] 17306px(0.206) 17306px(0.206) 17306px(0.206) 17306px(0.206) 17306px(0.206) 17306px(0.206) 17305px(0.206) 17305px(0.206) 17305px(0.206) 17305px(0.206)
Step 10: Generate Fragments
  Total fragments: 10
  Total confidence: 0.900

[UAV2-SELECT] step=1 pos=(270.0,340.0) gain=63 covered=63/149 travelDistance=574.9 score=2.2
[UAV2-SELECT] step=2 pos=(260.0,280.0) gain=38 covered=101/149 travelDistance=60.8 score=12.5
[UAV2-SELECT] step=3 pos=(340.0,180.0) gain=41 covered=142/149 travelDistance=128.1 score=6.4
[UAV2-SELECT] step=4 pos=(360.0,180.0) gain=7 covered=149/149 travelDistance=20.0 score=7.0
[UAV-PATH] uav2NodeId strategy totalDistance totalTime flightSpeed hoverTime avgSpeed broadcastRadius coverage waypoints: (x1, y1) (x2, y2) ...
[UAV-PATH] 402 strategy=GreedyMaxCoverageCost totalDistance=783.8m totalTime=39.2s flightSpeed=20.0m/s hoverTime=0.0s avgSpeed=20.0m/s broadcastRadius=50.0m coverage=149/149 waypoints: (270.0,340.0) (260.0,280.0) (340.0,180.0) (360.0,180.0)
[UAV-PATH] 401 strategy=GreedyNearestNeighbor totalDistance=3420.5m totalTime=2646.4s flightSpeed=20.0m/s hoverTime=16.6s avgSpeed=20.0m/s waypoints: (280.0,80.0) (300.0,80.0) (320.0,80.0) (320.0,60.0) (340.0,60.0) (360.0,60.0) (380.0,60.0) (380.0,80.0) (360.0,80.0) (340.0,80.0) (340.0,100.0) (320.0,100.0) (300.0,100.0) (280.0,100.0) (280.0,120.0) (300.0,120.0) (320.0,120.0) (340.0,120.0) (360.0,120.0) (360.0,100.0) (380.0,100.0) (380.0,120.0) (380.0,140.0) (360.0,140.0) (340.0,140.0) (320.0,140.0) (300.0,140.0) (280.0,140.0) (280.0,160.0) (300.0,160.0) (320.0,160.0) (340.0,160.0) (360.0,160.0) (380.0,160.0) (380.0,180.0) (360.0,180.0) (340.0,180.0) (320.0,180.0) (300.0,180.0) (280.0,180.0) (260.0,180.0) (260.0,200.0) (240.0,200.0) (220.0,200.0) (220.0,220.0) (240.0,220.0) (260.0,220.0) (280.0,220.0) (280.0,200.0) (300.0,200.0) (320.0,200.0) (340.0,200.0) (360.0,200.0) (380.0,200.0) (380.0,220.0) (360.0,220.0) (340.0,220.0) (320.0,220.0) (300.0,220.0) (300.0,240.0) (280.0,240.0) (260.0,240.0) (240.0,240.0) (220.0,240.0) (220.0,260.0) (240.0,260.0) (260.0,260.0) (280.0,260.0) (300.0,260.0) (320.0,260.0) (320.0,240.0) (340.0,240.0) (360.0,240.0) (380.0,240.0) (380.0,260.0) (360.0,260.0) (340.0,260.0) (340.0,280.0) (320.0,280.0) (300.0,280.0) (280.0,280.0) (260.0,280.0) (240.0,280.0) (220.0,280.0) (220.0,300.0) (200.0,300.0) (180.0,300.0) (180.0,320.0) (160.0,320.0) (140.0,320.0) (140.0,340.0) (160.0,340.0) (180.0,340.0) (200.0,340.0) (200.0,320.0) (220.0,320.0) (240.0,320.0) (240.0,300.0) (260.0,300.0) (280.0,300.0) (300.0,300.0) (320.0,300.0) (340.0,300.0) (360.0,300.0) (360.0,280.0) (380.0,280.0) (380.0,300.0) (380.0,320.0) (360.0,320.0) (340.0,320.0) (320.0,320.0) (300.0,320.0) (280.0,320.0) (260.0,320.0) (260.0,340.0) (240.0,340.0) (220.0,340.0) (220.0,360.0) (200.0,360.0) (180.0,360.0) (160.0,360.0) (140.0,360.0) (140.0,380.0) (160.0,380.0) (180.0,380.0) (200.0,380.0) (220.0,380.0) (240.0,380.0) (240.0,360.0) (260.0,360.0) (280.0,360.0) (280.0,340.0) (300.0,340.0) (320.0,340.0) (340.0,340.0) (360.0,340.0) (380.0,340.0) (380.0,360.0) (360.0,360.0) (340.0,360.0) (320.0,360.0) (300.0,360.0) (300.0,380.0) (280.0,380.0) (260.0,380.0) (320.0,380.0) (340.0,380.0) (360.0,380.0) (380.0,380.0)
Step 11: Plan UAV Flight Paths
  Total UAVs: 2
  UAV 401:
    Waypoints: 149
    Total time: 2646.4s
    Total distance: 3420.5m
  UAV 402:
    Waypoints: 4
    Total time: 39.2s
    Total distance: 783.8m


[EVENT] 15.500 | event=SuspiciousConfidenceSnapshot | 76(0.000) 77(0.000) 78(0.000) 79(0.000) 94(0.000) 95(0.000) 96(0.000) 97(0.000) 98(0.000) 99(0.000) 114(0.000) 115(0.000) 116(0.000) 117(0.000) 118(0.000) 119(0.000) 134(0.000) 135(0.000) 136(0.000) 137(0.000) 138(0.000) 139(0.000) 154(0.000) 155(0.000) 156(0.000) 157(0.000) 158(0.000) 159(0.000) 174(0.000) 175(0.000) 176(0.000) 177(0.000) 178(0.000) 179(0.000) 193(0.000) 194(0.000) 195(0.000) 196(0.000) 197(0.000) 198(0.000) 199(0.000) 211(0.000) 212(0.000) 213(0.000) 214(0.000) 215(0.000) 216(0.000) 217(0.000) 218(0.000) 219(0.000) 231(0.000) 232(0.000) 233(0.000) 234(0.000) 235(0.000) 236(0.000) 237(0.000) 238(0.000) 239(0.000) 251(0.000) 252(0.000) 253(0.000) 254(0.000) 255(0.000) 256(0.000) 257(0.000) 258(0.000) 259(0.000) 271(0.000) 272(0.000) 273(0.000) 274(0.000) 275(0.000) 276(0.000) 277(0.000) 278(0.000) 279(0.000) 291(0.000) 292(0.000) 293(0.000) 294(0.000) 295(0.000) 296(0.000) 297(0.000) 298(0.000) 299(0.000) 309(0.000) 310(0.000) 311(0.000) 312(0.000) 313(0.000) 314(0.000) 315(0.000) 316(0.000) 317(0.000) 318(0.000) 319(0.000) 327(0.000) 328(0.000) 329(0.000) 330(0.000) 331(0.000) 332(0.000) 333(0.000) 334(0.000) 335(0.000) 336(0.000) 337(0.000) 338(0.000) 339(0.000) 347(0.000) 348(0.000) 349(0.000) 350(0.000) 351(0.000) 352(0.000) 353(0.000) 354(0.000) 355(0.000) 356(0.000) 357(0.000) 358(0.000) 359(0.000) 367(0.000) 368(0.000) 369(0.000) 370(0.000) 371(0.000) 372(0.000) 373(0.000) 374(0.000) 375(0.000) 376(0.000) 377(0.000) 378(0.000) 379(0.000) 387(0.000) 388(0.000) 389(0.000) 390(0.000) 391(0.000) 392(0.000) 393(0.000) 394(0.000) 395(0.000) 396(0.000) 397(0.000) 398(0.000) 399(0.000) 

[EVENT] 25.500 | event=SuspiciousConfidenceSnapshot | 76(0.000) 77(0.000) 78(0.000) 79(0.000) 94(0.000) 95(0.000) 96(0.000) 97(0.000) 98(0.000) 99(0.000) 114(0.000) 115(0.000) 116(0.000) 117(0.000) 118(0.000) 119(0.000) 134(0.000) 135(0.000) 136(0.000) 137(0.000) 138(0.000) 139(0.000) 154(0.000) 155(0.000) 156(0.000) 157(0.000) 158(0.000) 159(0.000) 174(0.000) 175(0.000) 176(0.000) 177(0.000) 178(0.000) 179(0.000) 193(0.000) 194(0.000) 195(0.000) 196(0.000) 197(0.000) 198(0.000) 199(0.000) 211(0.000) 212(0.000) 213(0.000) 214(0.000) 215(0.000) 216(0.000) 217(0.000) 218(0.000) 219(0.000) 231(0.000) 232(0.000) 233(0.000) 234(0.000) 235(0.000) 236(0.000) 237(0.000) 238(0.000) 239(0.000) 251(0.000) 252(0.000) 253(0.000) 254(0.000) 255(0.000) 256(0.000) 257(0.000) 258(0.000) 259(0.000) 271(0.000) 272(0.000) 273(0.000) 274(0.000) 275(0.000) 276(0.000) 277(0.000) 278(0.000) 279(0.000) 291(0.000) 292(0.000) 293(0.000) 294(0.000) 295(0.000) 296(0.000) 297(0.000) 298(0.000) 299(0.000) 309(0.000) 310(0.000) 311(0.000) 312(0.000) 313(0.000) 314(0.000) 315(0.000) 316(0.000) 317(0.000) 318(0.000) 319(0.000) 327(0.000) 328(0.000) 329(0.000) 330(0.000) 331(0.000) 332(0.000) 333(0.000) 334(0.000) 335(0.000) 336(0.000) 337(0.000) 338(0.000) 339(0.000) 347(0.000) 348(0.000) 349(0.000) 350(0.000) 351(0.000) 352(0.000) 353(0.000) 354(0.000) 355(0.000) 356(0.000) 357(0.000) 358(0.000) 359(0.000) 367(0.000) 368(0.000) 369(0.000) 370(0.000) 371(0.000) 372(0.000) 373(0.000) 374(0.000) 375(0.000) 376(0.000) 377(0.000) 378(0.000) 379(0.000) 387(0.000) 388(0.000) 389(0.000) 390(0.000) 391(0.000) 392(0.000) 393(0.000) 394(0.000) 395(0.000) 396(0.000) 397(0.000) 398(0.000) 399(0.000) 

[EVENT] 26.124 | event=UAVWaypointArrival | nodeId=401 | cycle=1 | pos=(280.000,80.000,20.000)

[EVENT] 33.845 | event=UAVWaypointArrival | nodeId=402 | cycle=1 | pos=(270.000,340.000,20.000)

[EVENT] 33.945 | event=UAVFragmentBroadcast | nodeId=402 | fragmentId=0 | cycle=1 | confidence=0.206 | pixels=17306
402-R-293(0) 402-R-294(0) 402-R-311(0) 402-R-312(0) 402-R-313(0) 402-R-314(0) 402-R-315(0) 402-R-316(0) 402-R-331(0) 402-R-332(0) 402-R-333(0) 402-R-334(0) 402-R-335(0) 402-R-336(0) 402-R-351(0) 402-R-352(0) 402-R-353(0) 402-R-354(0) 402-R-355(0) 402-R-356(0) 402-R-371(0) 402-R-372(0) 402-R-373(0) 402-R-374(0) 402-R-375(0) 402-R-376(0) 402-R-392(0) 402-R-393(0) 402-R-394(0) 402-R-395(0) 
[EVENT] 35.500 | event=SuspiciousConfidenceSnapshot | 76(0.000) 77(0.000) 78(0.000) 79(0.000) 94(0.000) 95(0.000) 96(0.000) 97(0.000) 98(0.000) 99(0.000) 114(0.000) 115(0.000) 116(0.000) 117(0.000) 118(0.000) 119(0.000) 134(0.000) 135(0.000) 136(0.000) 137(0.000) 138(0.000) 139(0.000) 154(0.000) 155(0.000) 156(0.000) 157(0.000) 158(0.000) 159(0.000) 174(0.000) 175(0.000) 176(0.000) 177(0.000) 178(0.000) 179(0.000) 193(0.000) 194(0.000) 195(0.000) 196(0.000) 197(0.000) 198(0.000) 199(0.000) 211(0.000) 212(0.000) 213(0.000) 214(0.000) 215(0.000) 216(0.000) 217(0.000) 218(0.000) 219(0.000) 231(0.000) 232(0.000) 233(0.000) 234(0.000) 235(0.000) 236(0.000) 237(0.000) 238(0.000) 239(0.000) 251(0.000) 252(0.000) 253(0.000) 254(0.000) 255(0.000) 256(0.000) 257(0.000) 258(0.000) 259(0.000) 271(0.000) 272(0.000) 273(0.000) 274(0.000) 275(0.000) 276(0.000) 277(0.000) 278(0.000) 279(0.000) 291(0.000) 292(0.000) 293(0.206) 294(0.206) 295(0.000) 296(0.000) 297(0.000) 298(0.000) 299(0.000) 309(0.000) 310(0.000) 311(0.206) 312(0.206) 313(0.206) 314(0.206) 315(0.206) 316(0.206) 317(0.000) 318(0.000) 319(0.000) 327(0.000) 328(0.000) 329(0.000) 330(0.000) 331(0.206) 332(0.206) 333(0.206) 334(0.206) 335(0.206) 336(0.206) 337(0.000) 338(0.000) 339(0.000) 347(0.000) 348(0.000) 349(0.000) 350(0.000) 351(0.206) 352(0.206) 353(0.206) 354(0.206) 355(0.206) 356(0.206) 357(0.000) 358(0.000) 359(0.000) 367(0.000) 368(0.000) 369(0.000) 370(0.000) 371(0.206) 372(0.206) 373(0.206) 374(0.206) 375(0.206) 376(0.206) 377(0.000) 378(0.000) 379(0.000) 387(0.000) 388(0.000) 389(0.000) 390(0.000) 391(0.000) 392(0.206) 393(0.206) 394(0.206) 395(0.206) 396(0.000) 397(0.000) 398(0.000) 399(0.000) 

[EVENT] 35.606 | event=UAVFragmentBroadcast | nodeId=402 | fragmentId=1 | cycle=1 | confidence=0.206 | pixels=17306
402-R-271(1) 402-R-272(1) 402-R-273(1) 402-R-274(1) 402-R-275(1) 402-R-291(1) 402-R-292(1) 402-R-293(1) 402-R-294(1) 402-R-295(1) 402-R-296(1) 402-R-310(1) 402-R-311(1) 402-R-312(1) 402-R-313(1) 402-R-314(1) 402-R-315(1) 402-R-316(1) 402-R-331(1) 402-R-332(1) 402-R-333(1) 402-R-334(1) 402-R-335(1) 402-R-336(1) 402-R-351(1) 402-R-352(1) 402-R-353(1) 402-R-354(1) 402-R-355(1) 402-R-372(1) 402-R-373(1) 402-R-374(1) 335-S-317(0) 335-S-317(1) 335-S-318(0) 335-S-318(1) 335-S-319(0) 335-S-319(1) 335-S-337(0) 335-S-337(1) 335-S-338(0) 335-S-338(1) 335-S-339(0) 335-S-339(1) 335-S-356(1) 335-S-357(0) 335-S-357(1) 335-S-358(0) 335-S-358(1) 335-S-359(0) 335-S-359(1) 335-S-375(1) 335-S-376(1) 335-S-377(0) 335-S-377(1) 335-S-378(0) 335-S-378(1) 335-S-379(0) 335-S-379(1) 335-S-394(1) 335-S-395(1) 335-S-396(0) 335-S-396(1) 335-S-397(0) 335-S-397(1) 335-S-398(0) 335-S-398(1) 335-S-399(0) 335-S-399(1) 
[EVENT] 36.465 | event=RequestFragmentSharing | nodeId=335 | cellId=30001 | confidence=0.369 | fragments=0 1 

[EVENT] 36.465 | event=RequestFragmentSharing | nodeId=374 | cellId=30001 | confidence=0.369 | fragments=0 1 

[EVENT] 36.466 | event=RequestFragmentSharing | nodeId=354 | cellId=30001 | confidence=0.369 | fragments=0 1 

[EVENT] 36.467 | event=RequestFragmentSharing | nodeId=394 | cellId=30001 | confidence=0.369 | fragments=0 1 
392-S-309(0) 310-S-392(1) 392-S-310(0) 392-S-327(0) 392-S-327(1) 392-S-328(0) 392-S-328(1) 392-S-329(0) 392-S-329(1) 392-S-330(0) 392-S-330(1) 392-S-347(0) 392-S-347(1) 392-S-348(0) 392-S-348(1) 392-S-349(0) 392-S-349(1) 392-S-350(0) 392-S-350(1) 392-S-367(0) 392-S-367(1) 392-S-368(0) 392-S-368(1) 392-S-369(0) 392-S-369(1) 392-S-370(0) 392-S-370(1) 392-S-371(1) 392-S-387(0) 392-S-387(1) 392-S-388(0) 392-S-388(1) 392-S-389(0) 392-S-389(1) 392-S-390(0) 392-S-390(1) 392-S-391(0) 392-S-391(1) 392-S-393(1) 
[EVENT] 36.468 | event=RequestFragmentSharing | nodeId=392 | cellId=30000 | confidence=0.369 | fragments=0 1 
314-S-193(0) 314-S-193(1) 314-S-194(0) 314-S-194(1) 314-S-195(0) 314-S-195(1) 314-S-211(0) 314-S-211(1) 314-S-212(0) 314-S-212(1) 314-S-213(0) 314-S-213(1) 314-S-214(0) 314-S-214(1) 314-S-215(0) 314-S-215(1) 314-S-216(0) 314-S-216(1) 314-S-217(0) 314-S-217(1) 314-S-231(0) 314-S-231(1) 314-S-232(0) 314-S-232(1) 314-S-233(0) 314-S-233(1) 314-S-234(0) 314-S-234(1) 314-S-235(0) 314-S-235(1) 314-S-236(0) 314-S-236(1) 314-S-237(0) 314-S-237(1) 314-S-251(0) 314-S-251(1) 314-S-252(0) 314-S-252(1) 314-S-253(0) 314-S-253(1) 314-S-254(0) 314-S-254(1) 314-S-255(0) 314-S-255(1) 314-S-256(0) 314-S-256(1) 314-S-257(0) 314-S-257(1) 314-S-271(0) 314-S-272(0) 314-S-273(0) 314-S-274(0) 314-S-275(0) 314-S-276(0) 314-S-276(1) 314-S-277(0) 314-S-277(1) 314-S-291(0) 314-S-292(0) 314-S-295(0) 314-S-296(0) 314-S-297(0) 314-S-297(1) 
[EVENT] 36.468 | event=RequestFragmentSharing | nodeId=314 | cellId=20001 | confidence=0.369 | fragments=0 1 

[EVENT] 36.469 | event=RequestFragmentSharing | nodeId=293 | cellId=20001 | confidence=0.369 | fragments=0 1 
372-S-309(1) 
[EVENT] 36.469 | event=RequestFragmentSharing | nodeId=372 | cellId=30000 | confidence=0.369 | fragments=0 1 

[EVENT] 36.469 | event=RequestFragmentSharing | nodeId=333 | cellId=30000 | confidence=0.369 | fragments=0 1 

[EVENT] 36.469 | event=RequestFragmentSharing | nodeId=313 | cellId=20001 | confidence=0.369 | fragments=0 1 

[EVENT] 36.470 | event=RequestFragmentSharing | nodeId=371 | cellId=30000 | confidence=0.369 | fragments=0 1 

[EVENT] 36.471 | event=RequestFragmentSharing | nodeId=334 | cellId=30001 | confidence=0.369 | fragments=0 1 

[EVENT] 36.471 | event=RequestFragmentSharing | nodeId=254 | cellId=20001 | confidence=0.369 | fragments=0 1 

[EVENT] 36.472 | event=RequestFragmentSharing | nodeId=294 | cellId=20001 | confidence=0.369 | fragments=0 1 

[EVENT] 36.472 | event=RequestFragmentSharing | nodeId=315 | cellId=20001 | confidence=0.369 | fragments=0 1 

[EVENT] 36.472 | event=RequestFragmentSharing | nodeId=316 | cellId=30001 | confidence=0.369 | fragments=0 1 

[EVENT] 36.473 | event=RequestFragmentSharing | nodeId=393 | cellId=30000 | confidence=0.369 | fragments=0 1 

[EVENT] 36.473 | event=RequestFragmentSharing | nodeId=312 | cellId=30000 | confidence=0.369 | fragments=0 1 

[EVENT] 36.474 | event=RequestFragmentSharing | nodeId=352 | cellId=30000 | confidence=0.369 | fragments=0 1 

[EVENT] 36.474 | event=RequestFragmentSharing | nodeId=377 | cellId=30001 | confidence=0.369 | fragments=0 1 

[EVENT] 36.474 | event=RequestFragmentSharing | nodeId=331 | cellId=30000 | confidence=0.369 | fragments=0 1 

[EVENT] 36.475 | event=RequestFragmentSharing | nodeId=351 | cellId=30000 | confidence=0.369 | fragments=0 1 

[EVENT] 36.475 | event=RequestFragmentSharing | nodeId=355 | cellId=30001 | confidence=0.369 | fragments=0 1 

[EVENT] 36.476 | event=RequestFragmentSharing | nodeId=373 | cellId=30000 | confidence=0.369 | fragments=0 1 

[EVENT] 36.476 | event=RequestFragmentSharing | nodeId=376 | cellId=30001 | confidence=0.369 | fragments=0 1 

[EVENT] 36.477 | event=RequestFragmentSharing | nodeId=353 | cellId=30000 | confidence=0.369 | fragments=0 1 

[EVENT] 36.477 | event=RequestFragmentSharing | nodeId=336 | cellId=30001 | confidence=0.369 | fragments=0 1 

[EVENT] 36.477 | event=RequestFragmentSharing | nodeId=332 | cellId=30000 | confidence=0.369 | fragments=0 1 

[EVENT] 36.478 | event=RequestFragmentSharing | nodeId=356 | cellId=30001 | confidence=0.369 | fragments=0 1 

[EVENT] 36.478 | event=RequestFragmentSharing | nodeId=375 | cellId=30001 | confidence=0.369 | fragments=0 1 

[EVENT] 36.479 | event=RequestFragmentSharing | nodeId=311 | cellId=30000 | confidence=0.369 | fragments=0 1 

[EVENT] 36.479 | event=RequestFragmentSharing | nodeId=395 | cellId=30001 | confidence=0.369 | fragments=0 1 

[EVENT] 36.481 | event=RequestFragmentSharing | nodeId=370 | cellId=30000 | confidence=0.369 | fragments=0 1 

[EVENT] 36.487 | event=RequestFragmentSharing | nodeId=339 | cellId=30001 | confidence=0.369 | fragments=0 1 

[EVENT] 36.487 | event=RequestFragmentSharing | nodeId=379 | cellId=30001 | confidence=0.369 | fragments=0 1 

[EVENT] 36.487 | event=RequestFragmentSharing | nodeId=378 | cellId=30001 | confidence=0.369 | fragments=0 1 

[EVENT] 36.488 | event=RequestFragmentSharing | nodeId=292 | cellId=20001 | confidence=0.369 | fragments=0 1 

[EVENT] 36.488 | event=RequestFragmentSharing | nodeId=375 | cellId=30001 | confidence=0.369 | fragments=0 1 

[EVENT] 36.488 | event=RequestFragmentSharing | nodeId=398 | cellId=30001 | confidence=0.369 | fragments=0 1 

[EVENT] 36.488 | event=RequestFragmentSharing | nodeId=337 | cellId=30001 | confidence=0.369 | fragments=0 1 

[EVENT] 36.489 | event=RequestFragmentSharing | nodeId=338 | cellId=30001 | confidence=0.369 | fragments=0 1 

[EVENT] 36.489 | event=RequestFragmentSharing | nodeId=233 | cellId=20001 | confidence=0.369 | fragments=0 1 

[EVENT] 36.489 | event=RequestFragmentSharing | nodeId=277 | cellId=20001 | confidence=0.369 | fragments=0 1 

[EVENT] 36.489 | event=RequestFragmentSharing | nodeId=359 | cellId=30001 | confidence=0.369 | fragments=0 1 

[EVENT] 36.489 | event=RequestFragmentSharing | nodeId=348 | cellId=30000 | confidence=0.369 | fragments=0 1 

[EVENT] 36.490 | event=RequestFragmentSharing | nodeId=395 | cellId=30001 | confidence=0.369 | fragments=0 1 

[EVENT] 36.490 | event=RequestFragmentSharing | nodeId=318 | cellId=30001 | confidence=0.369 | fragments=0 1 

[EVENT] 36.490 | event=RequestFragmentSharing | nodeId=251 | cellId=20001 | confidence=0.369 | fragments=0 1 

[EVENT] 36.490 | event=RequestFragmentSharing | nodeId=237 | cellId=20001 | confidence=0.369 | fragments=0 1 

[EVENT] 36.490 | event=RequestFragmentSharing | nodeId=194 | cellId=20001 | confidence=0.369 | fragments=0 1 

[EVENT] 36.490 | event=RequestFragmentSharing | nodeId=275 | cellId=20001 | confidence=0.369 | fragments=0 1 

[EVENT] 36.490 | event=RequestFragmentSharing | nodeId=349 | cellId=30000 | confidence=0.369 | fragments=0 1 

[EVENT] 36.491 | event=RequestFragmentSharing | nodeId=396 | cellId=30001 | confidence=0.369 | fragments=0 1 

[EVENT] 36.491 | event=RequestFragmentSharing | nodeId=276 | cellId=20001 | confidence=0.369 | fragments=0 1 

[EVENT] 36.491 | event=RequestFragmentSharing | nodeId=394 | cellId=30001 | confidence=0.369 | fragments=0 1 

[EVENT] 36.492 | event=RequestFragmentSharing | nodeId=390 | cellId=30000 | confidence=0.369 | fragments=0 1 

[EVENT] 36.492 | event=RequestFragmentSharing | nodeId=193 | cellId=20001 | confidence=0.369 | fragments=0 1 

[EVENT] 36.493 | event=RequestFragmentSharing | nodeId=347 | cellId=30000 | confidence=0.369 | fragments=0 1 

[EVENT] 36.493 | event=RequestFragmentSharing | nodeId=273 | cellId=20001 | confidence=0.369 | fragments=0 1 

[EVENT] 36.493 | event=RequestFragmentSharing | nodeId=236 | cellId=20001 | confidence=0.369 | fragments=0 1 

[EVENT] 36.493 | event=RequestFragmentSharing | nodeId=371 | cellId=30000 | confidence=0.369 | fragments=0 1 

[EVENT] 36.493 | event=RequestFragmentSharing | nodeId=329 | cellId=30000 | confidence=0.369 | fragments=0 1 

[EVENT] 36.493 | event=RequestFragmentSharing | nodeId=296 | cellId=20001 | confidence=0.369 | fragments=0 1 

[EVENT] 36.493 | event=RequestFragmentSharing | nodeId=309 | cellId=30000 | confidence=0.369 | fragments=0 1 

[EVENT] 36.494 | event=RequestFragmentSharing | nodeId=368 | cellId=30000 | confidence=0.369 | fragments=0 1 

[EVENT] 36.494 | event=RequestFragmentSharing | nodeId=393 | cellId=30000 | confidence=0.369 | fragments=0 1 

[EVENT] 36.495 | event=RequestFragmentSharing | nodeId=328 | cellId=30000 | confidence=0.369 | fragments=0 1 

[EVENT] 36.495 | event=RequestFragmentSharing | nodeId=232 | cellId=20001 | confidence=0.369 | fragments=0 1 

[EVENT] 36.495 | event=RequestFragmentSharing | nodeId=256 | cellId=20001 | confidence=0.369 | fragments=0 1 

[EVENT] 36.495 | event=RequestFragmentSharing | nodeId=213 | cellId=20001 | confidence=0.369 | fragments=0 1 

[EVENT] 36.495 | event=RequestFragmentSharing | nodeId=231 | cellId=20001 | confidence=0.369 | fragments=0 1 

[EVENT] 36.496 | event=RequestFragmentSharing | nodeId=397 | cellId=30001 | confidence=0.369 | fragments=0 1 

[EVENT] 36.496 | event=RequestFragmentSharing | nodeId=215 | cellId=20001 | confidence=0.369 | fragments=0 1 

[EVENT] 36.496 | event=RequestFragmentSharing | nodeId=376 | cellId=30001 | confidence=0.369 | fragments=0 1 

[EVENT] 36.496 | event=RequestFragmentSharing | nodeId=389 | cellId=30000 | confidence=0.369 | fragments=0 1 

[EVENT] 36.496 | event=RequestFragmentSharing | nodeId=216 | cellId=20001 | confidence=0.369 | fragments=0 1 

[EVENT] 36.496 | event=RequestFragmentSharing | nodeId=319 | cellId=30001 | confidence=0.369 | fragments=0 1 

[EVENT] 36.496 | event=RequestFragmentSharing | nodeId=235 | cellId=20001 | confidence=0.369 | fragments=0 1 

[EVENT] 36.496 | event=RequestFragmentSharing | nodeId=357 | cellId=30001 | confidence=0.369 | fragments=0 1 

[EVENT] 36.497 | event=RequestFragmentSharing | nodeId=211 | cellId=20001 | confidence=0.369 | fragments=0 1 

[EVENT] 36.497 | event=RequestFragmentSharing | nodeId=257 | cellId=20001 | confidence=0.369 | fragments=0 1 

[EVENT] 36.497 | event=RequestFragmentSharing | nodeId=217 | cellId=20001 | confidence=0.369 | fragments=0 1 

[EVENT] 36.497 | event=RequestFragmentSharing | nodeId=271 | cellId=20001 | confidence=0.369 | fragments=0 1 

[EVENT] 36.498 | event=RequestFragmentSharing | nodeId=399 | cellId=30001 | confidence=0.369 | fragments=0 1 

[EVENT] 36.498 | event=RequestFragmentSharing | nodeId=234 | cellId=20001 | confidence=0.369 | fragments=0 1 

[EVENT] 36.498 | event=RequestFragmentSharing | nodeId=295 | cellId=20001 | confidence=0.369 | fragments=0 1 

[EVENT] 36.498 | event=RequestFragmentSharing | nodeId=253 | cellId=20001 | confidence=0.369 | fragments=0 1 

[EVENT] 36.498 | event=RequestFragmentSharing | nodeId=350 | cellId=30000 | confidence=0.369 | fragments=0 1 

[EVENT] 36.498 | event=RequestFragmentSharing | nodeId=327 | cellId=30000 | confidence=0.369 | fragments=0 1 

[EVENT] 36.499 | event=RequestFragmentSharing | nodeId=195 | cellId=20001 | confidence=0.369 | fragments=0 1 

[EVENT] 36.499 | event=RequestFragmentSharing | nodeId=356 | cellId=30001 | confidence=0.369 | fragments=0 1 

[EVENT] 36.499 | event=RequestFragmentSharing | nodeId=388 | cellId=30000 | confidence=0.369 | fragments=0 1 

[EVENT] 36.499 | event=RequestFragmentSharing | nodeId=212 | cellId=20001 | confidence=0.369 | fragments=0 1 

[EVENT] 36.499 | event=RequestFragmentSharing | nodeId=317 | cellId=30001 | confidence=0.369 | fragments=0 1 

[EVENT] 36.500 | event=RequestFragmentSharing | nodeId=391 | cellId=30000 | confidence=0.369 | fragments=0 1 

[EVENT] 36.500 | event=RequestFragmentSharing | nodeId=358 | cellId=30001 | confidence=0.369 | fragments=0 1 

[EVENT] 36.500 | event=RequestFragmentSharing | nodeId=255 | cellId=20001 | confidence=0.369 | fragments=0 1 

[EVENT] 36.500 | event=RequestFragmentSharing | nodeId=252 | cellId=20001 | confidence=0.369 | fragments=0 1 

[EVENT] 36.500 | event=RequestFragmentSharing | nodeId=214 | cellId=20001 | confidence=0.369 | fragments=0 1 

[EVENT] 36.500 | event=RequestFragmentSharing | nodeId=291 | cellId=20001 | confidence=0.369 | fragments=0 1 

[EVENT] 36.500 | event=RequestFragmentSharing | nodeId=272 | cellId=20001 | confidence=0.369 | fragments=0 1 

[EVENT] 36.501 | event=RequestFragmentSharing | nodeId=297 | cellId=20001 | confidence=0.369 | fragments=0 1 

[EVENT] 36.501 | event=RequestFragmentSharing | nodeId=330 | cellId=30000 | confidence=0.369 | fragments=0 1 

[EVENT] 36.502 | event=RequestFragmentSharing | nodeId=310 | cellId=30000 | confidence=0.369 | fragments=0 1 

[EVENT] 36.502 | event=RequestFragmentSharing | nodeId=387 | cellId=30000 | confidence=0.369 | fragments=0 1 

[EVENT] 36.502 | event=RequestFragmentSharing | nodeId=369 | cellId=30000 | confidence=0.369 | fragments=0 1 

[EVENT] 36.502 | event=RequestFragmentSharing | nodeId=367 | cellId=30000 | confidence=0.369 | fragments=0 1 

[EVENT] 36.503 | event=RequestFragmentSharing | nodeId=274 | cellId=20001 | confidence=0.369 | fragments=0 1 

[EVENT] 36.503 | event=RequestFragmentSharing | nodeId=309 | cellId=30000 | confidence=0.369 | fragments=0 1 

[EVENT] 36.886 | event=UAVWaypointArrival | nodeId=402 | cycle=1 | pos=(260.000,280.000,20.000)

[EVENT] 37.267 | event=UAVFragmentBroadcast | nodeId=402 | fragmentId=2 | cycle=1 | confidence=0.206 | pixels=17306
402-R-232(2) 402-R-233(2) 402-R-234(2) 402-R-235(2) 402-R-251(2) 402-R-252(2) 402-R-253(2) 402-R-254(2) 402-R-255(2) 402-R-271(2) 402-R-272(2) 402-R-273(2) 402-R-274(2) 402-R-275(2) 402-R-276(2) 402-R-291(2) 402-R-292(2) 402-R-293(2) 402-R-294(2) 402-R-295(2) 402-R-296(2) 402-R-311(2) 402-R-312(2) 402-R-313(2) 402-R-314(2) 402-R-315(2) 402-R-316(2) 402-R-331(2) 402-R-332(2) 402-R-333(2) 402-R-334(2) 402-R-335(2) 275-S-193(2) 275-S-194(2) 275-S-195(2) 275-S-211(2) 275-S-212(2) 275-S-213(2) 275-S-214(2) 275-S-215(2) 275-S-216(2) 275-S-217(2) 275-S-231(2) 275-S-236(2) 275-S-237(2) 275-S-256(2) 275-S-257(2) 275-S-277(2) 275-S-297(2) 
[EVENT] 38.127 | event=RequestFragmentSharing | nodeId=275 | cellId=20001 | confidence=0.499 | fragments=0 1 2 

[EVENT] 38.128 | event=RequestFragmentSharing | nodeId=296 | cellId=20001 | confidence=0.499 | fragments=0 1 2 

[EVENT] 38.129 | event=RequestFragmentSharing | nodeId=292 | cellId=20001 | confidence=0.499 | fragments=0 1 2 

[EVENT] 38.130 | event=RequestFragmentSharing | nodeId=274 | cellId=20001 | confidence=0.499 | fragments=0 1 2 

[EVENT] 38.131 | event=RequestFragmentSharing | nodeId=295 | cellId=20001 | confidence=0.499 | fragments=0 1 2 

[EVENT] 38.132 | event=RequestFragmentSharing | nodeId=291 | cellId=20001 | confidence=0.499 | fragments=0 1 2 

[EVENT] 38.135 | event=RequestFragmentSharing | nodeId=271 | cellId=20001 | confidence=0.499 | fragments=0 1 2 
311-S-310(2) 310-S-327(2) 310-S-328(2) 310-S-329(2) 310-S-330(2) 310-S-347(2) 310-S-348(2) 310-S-349(2) 310-S-350(2) 310-S-351(2) 310-S-352(2) 310-S-353(2) 310-S-367(2) 310-S-368(2) 310-S-369(2) 310-S-370(2) 310-S-371(2) 310-S-372(2) 310-S-373(2) 310-S-387(2) 310-S-388(2) 310-S-389(2) 310-S-390(2) 310-S-391(2) 310-S-392(2) 310-S-393(2) 
[EVENT] 38.135 | event=RequestFragmentSharing | nodeId=310 | cellId=30000 | confidence=0.499 | fragments=0 1 2 

[EVENT] 38.136 | event=RequestFragmentSharing | nodeId=272 | cellId=20001 | confidence=0.499 | fragments=0 1 2 

[EVENT] 38.139 | event=RequestFragmentSharing | nodeId=273 | cellId=20001 | confidence=0.499 | fragments=0 1 2 
370-S-309(2) 
[EVENT] 38.147 | event=RequestFragmentSharing | nodeId=370 | cellId=30000 | confidence=0.499 | fragments=0 1 2 

[EVENT] 38.147 | event=RequestFragmentSharing | nodeId=194 | cellId=20001 | confidence=0.499 | fragments=0 1 2 

[EVENT] 38.148 | event=RequestFragmentSharing | nodeId=211 | cellId=20001 | confidence=0.499 | fragments=0 1 2 

[EVENT] 38.148 | event=RequestFragmentSharing | nodeId=257 | cellId=20001 | confidence=0.499 | fragments=0 1 2 

[EVENT] 38.149 | event=RequestFragmentSharing | nodeId=277 | cellId=20001 | confidence=0.499 | fragments=0 1 2 

[EVENT] 38.149 | event=RequestFragmentSharing | nodeId=237 | cellId=20001 | confidence=0.499 | fragments=0 1 2 

[EVENT] 38.151 | event=RequestFragmentSharing | nodeId=195 | cellId=20001 | confidence=0.499 | fragments=0 1 2 

[EVENT] 38.154 | event=RequestFragmentSharing | nodeId=216 | cellId=20001 | confidence=0.499 | fragments=0 1 2 

[EVENT] 38.155 | event=RequestFragmentSharing | nodeId=212 | cellId=20001 | confidence=0.499 | fragments=0 1 2 

[EVENT] 38.156 | event=RequestFragmentSharing | nodeId=328 | cellId=30000 | confidence=0.499 | fragments=0 1 2 

[EVENT] 38.156 | event=RequestFragmentSharing | nodeId=350 | cellId=30000 | confidence=0.499 | fragments=0 1 2 

[EVENT] 38.157 | event=RequestFragmentSharing | nodeId=256 | cellId=20001 | confidence=0.499 | fragments=0 1 2 

[EVENT] 38.157 | event=RequestFragmentSharing | nodeId=392 | cellId=30000 | confidence=0.499 | fragments=0 1 2 

[EVENT] 38.157 | event=RequestFragmentSharing | nodeId=367 | cellId=30000 | confidence=0.499 | fragments=0 1 2 

[EVENT] 38.157 | event=RequestFragmentSharing | nodeId=297 | cellId=20001 | confidence=0.499 | fragments=0 1 2 

[EVENT] 38.157 | event=RequestFragmentSharing | nodeId=351 | cellId=30000 | confidence=0.499 | fragments=0 1 2 

[EVENT] 38.158 | event=RequestFragmentSharing | nodeId=327 | cellId=30000 | confidence=0.499 | fragments=0 1 2 

[EVENT] 38.158 | event=RequestFragmentSharing | nodeId=231 | cellId=20001 | confidence=0.499 | fragments=0 1 2 

[EVENT] 38.158 | event=RequestFragmentSharing | nodeId=236 | cellId=20001 | confidence=0.499 | fragments=0 1 2 

[EVENT] 38.158 | event=RequestFragmentSharing | nodeId=213 | cellId=20001 | confidence=0.499 | fragments=0 1 2 

[EVENT] 38.158 | event=RequestFragmentSharing | nodeId=193 | cellId=20001 | confidence=0.499 | fragments=0 1 2 

[EVENT] 38.158 | event=RequestFragmentSharing | nodeId=215 | cellId=20001 | confidence=0.499 | fragments=0 1 2 

[EVENT] 38.160 | event=RequestFragmentSharing | nodeId=214 | cellId=20001 | confidence=0.499 | fragments=0 1 2 

[EVENT] 38.160 | event=RequestFragmentSharing | nodeId=352 | cellId=30000 | confidence=0.499 | fragments=0 1 2 

[EVENT] 38.160 | event=RequestFragmentSharing | nodeId=217 | cellId=20001 | confidence=0.499 | fragments=0 1 2 

[EVENT] 38.163 | event=RequestFragmentSharing | nodeId=387 | cellId=30000 | confidence=0.499 | fragments=0 1 2 

[EVENT] 38.163 | event=RequestFragmentSharing | nodeId=388 | cellId=30000 | confidence=0.499 | fragments=0 1 2 

[EVENT] 38.164 | event=RequestFragmentSharing | nodeId=369 | cellId=30000 | confidence=0.499 | fragments=0 1 2 

[EVENT] 38.164 | event=RequestFragmentSharing | nodeId=349 | cellId=30000 | confidence=0.499 | fragments=0 1 2 

[EVENT] 38.164 | event=RequestFragmentSharing | nodeId=329 | cellId=30000 | confidence=0.499 | fragments=0 1 2 

[EVENT] 38.165 | event=RequestFragmentSharing | nodeId=393 | cellId=30000 | confidence=0.499 | fragments=0 1 2 

[EVENT] 38.165 | event=RequestFragmentSharing | nodeId=347 | cellId=30000 | confidence=0.499 | fragments=0 1 2 

[EVENT] 38.165 | event=RequestFragmentSharing | nodeId=389 | cellId=30000 | confidence=0.499 | fragments=0 1 2 

[EVENT] 38.166 | event=RequestFragmentSharing | nodeId=348 | cellId=30000 | confidence=0.499 | fragments=0 1 2 

[EVENT] 38.166 | event=RequestFragmentSharing | nodeId=390 | cellId=30000 | confidence=0.499 | fragments=0 1 2 

[EVENT] 38.166 | event=RequestFragmentSharing | nodeId=391 | cellId=30000 | confidence=0.499 | fragments=0 1 2 

[EVENT] 38.168 | event=RequestFragmentSharing | nodeId=373 | cellId=30000 | confidence=0.499 | fragments=0 1 2 

[EVENT] 38.168 | event=RequestFragmentSharing | nodeId=368 | cellId=30000 | confidence=0.499 | fragments=0 1 2 

[EVENT] 38.170 | event=RequestFragmentSharing | nodeId=371 | cellId=30000 | confidence=0.499 | fragments=0 1 2 

[EVENT] 38.170 | event=RequestFragmentSharing | nodeId=330 | cellId=30000 | confidence=0.499 | fragments=0 1 2 

[EVENT] 38.170 | event=RequestFragmentSharing | nodeId=353 | cellId=30000 | confidence=0.499 | fragments=0 1 2 

[EVENT] 38.170 | event=RequestFragmentSharing | nodeId=372 | cellId=30000 | confidence=0.499 | fragments=0 1 2 

[EVENT] 38.175 | event=RequestFragmentSharing | nodeId=309 | cellId=30000 | confidence=0.499 | fragments=0 1 2 

[EVENT] 38.929 | event=UAVFragmentBroadcast | nodeId=402 | fragmentId=3 | cycle=1 | confidence=0.206 | pixels=17306
402-R-213(3) 402-R-214(3) 402-R-215(3) 402-R-216(3) 402-R-232(3) 402-R-233(3) 402-R-234(3) 402-R-235(3) 402-R-236(3) 402-R-237(3) 402-R-252(3) 402-R-253(3) 402-R-254(3) 402-R-255(3) 402-R-256(3) 402-R-257(3) 402-R-272(3) 402-R-273(3) 402-R-274(3) 402-R-275(3) 402-R-276(3) 402-R-277(3) 402-R-292(3) 402-R-293(3) 402-R-294(3) 402-R-295(3) 402-R-296(3) 402-R-297(3) 402-R-313(3) 402-R-314(3) 402-R-315(3) 402-R-316(3) 254-S-193(3) 254-S-194(3) 254-S-195(3) 254-S-211(3) 254-S-212(3) 254-S-217(3) 254-S-231(3) 254-S-251(3) 254-S-271(3) 254-S-291(3) 
[EVENT] 39.774 | event=RequestFragmentSharing | nodeId=254 | cellId=20001 | confidence=0.602 | fragments=0 1 2 3 

[EVENT] 39.788 | event=RequestFragmentSharing | nodeId=294 | cellId=20001 | confidence=0.602 | fragments=0 1 2 3 

[EVENT] 39.789 | event=RequestFragmentSharing | nodeId=333 | cellId=30000 | confidence=0.499 | fragments=0 1 2 

[EVENT] 39.789 | event=RequestFragmentSharing | nodeId=332 | cellId=30000 | confidence=0.499 | fragments=0 1 2 

[EVENT] 39.790 | event=RequestFragmentSharing | nodeId=313 | cellId=20001 | confidence=0.602 | fragments=0 1 2 3 

[EVENT] 39.791 | event=RequestFragmentSharing | nodeId=311 | cellId=30000 | confidence=0.499 | fragments=0 1 2 

[EVENT] 39.791 | event=RequestFragmentSharing | nodeId=233 | cellId=20001 | confidence=0.602 | fragments=0 1 2 3 

[EVENT] 39.792 | event=RequestFragmentSharing | nodeId=235 | cellId=20001 | confidence=0.602 | fragments=0 1 2 3 

[EVENT] 39.792 | event=RequestFragmentSharing | nodeId=253 | cellId=20001 | confidence=0.602 | fragments=0 1 2 3 

[EVENT] 39.793 | event=RequestFragmentSharing | nodeId=293 | cellId=20001 | confidence=0.602 | fragments=0 1 2 3 

[EVENT] 39.793 | event=RequestFragmentSharing | nodeId=276 | cellId=20001 | confidence=0.602 | fragments=0 1 2 3 

[EVENT] 39.793 | event=RequestFragmentSharing | nodeId=331 | cellId=30000 | confidence=0.499 | fragments=0 1 2 
316-S-334(3) 334-S-317(2) 334-S-317(3) 334-S-318(2) 334-S-318(3) 334-S-319(2) 334-S-319(3) 334-S-335(3) 334-S-336(2) 334-S-336(3) 334-S-337(2) 334-S-337(3) 334-S-338(2) 334-S-338(3) 334-S-339(2) 334-S-339(3) 334-S-354(2) 334-S-354(3) 334-S-355(2) 334-S-355(3) 334-S-356(2) 334-S-356(3) 334-S-357(2) 334-S-357(3) 334-S-358(2) 334-S-358(3) 334-S-359(2) 334-S-359(3) 334-S-374(2) 334-S-374(3) 334-S-375(2) 334-S-375(3) 334-S-376(2) 334-S-376(3) 334-S-377(2) 334-S-377(3) 334-S-378(2) 334-S-378(3) 334-S-379(2) 334-S-379(3) 334-S-394(2) 334-S-394(3) 334-S-395(2) 334-S-395(3) 334-S-396(2) 334-S-396(3) 334-S-397(2) 334-S-397(3) 334-S-398(2) 334-S-398(3) 334-S-399(2) 334-S-399(3) 
[EVENT] 39.794 | event=RequestFragmentSharing | nodeId=334 | cellId=30001 | confidence=0.602 | fragments=0 1 2 3 

[EVENT] 39.794 | event=RequestFragmentSharing | nodeId=212 | cellId=20001 | confidence=0.602 | fragments=0 1 2 3 

[EVENT] 39.794 | event=RequestFragmentSharing | nodeId=271 | cellId=20001 | confidence=0.602 | fragments=0 1 2 3 

[EVENT] 39.795 | event=RequestFragmentSharing | nodeId=211 | cellId=20001 | confidence=0.602 | fragments=0 1 2 3 

[EVENT] 39.795 | event=RequestFragmentSharing | nodeId=193 | cellId=20001 | confidence=0.602 | fragments=0 1 2 3 

[EVENT] 39.795 | event=RequestFragmentSharing | nodeId=217 | cellId=20001 | confidence=0.602 | fragments=0 1 2 3 

[EVENT] 39.796 | event=RequestFragmentSharing | nodeId=335 | cellId=30001 | confidence=0.602 | fragments=0 1 2 3 

[EVENT] 39.796 | event=RequestFragmentSharing | nodeId=291 | cellId=20001 | confidence=0.602 | fragments=0 1 2 3 

[EVENT] 39.797 | event=RequestFragmentSharing | nodeId=316 | cellId=30001 | confidence=0.602 | fragments=0 1 2 3 

[EVENT] 39.798 | event=RequestFragmentSharing | nodeId=232 | cellId=20001 | confidence=0.602 | fragments=0 1 2 3 

[EVENT] 39.798 | event=RequestFragmentSharing | nodeId=234 | cellId=20001 | confidence=0.602 | fragments=0 1 2 3 

[EVENT] 39.798 | event=RequestFragmentSharing | nodeId=312 | cellId=30000 | confidence=0.499 | fragments=0 1 2 

[EVENT] 39.798 | event=RequestFragmentSharing | nodeId=314 | cellId=20001 | confidence=0.602 | fragments=0 1 2 3 

[EVENT] 39.798 | event=RequestFragmentSharing | nodeId=315 | cellId=20001 | confidence=0.602 | fragments=0 1 2 3 

[EVENT] 39.799 | event=RequestFragmentSharing | nodeId=251 | cellId=20001 | confidence=0.602 | fragments=0 1 2 3 

[EVENT] 39.800 | event=RequestFragmentSharing | nodeId=255 | cellId=20001 | confidence=0.602 | fragments=0 1 2 3 

[EVENT] 39.801 | event=RequestFragmentSharing | nodeId=252 | cellId=20001 | confidence=0.602 | fragments=0 1 2 3 

[EVENT] 39.804 | event=RequestFragmentSharing | nodeId=251 | cellId=20001 | confidence=0.602 | fragments=0 1 2 3 

[EVENT] 39.804 | event=RequestFragmentSharing | nodeId=377 | cellId=30001 | confidence=0.602 | fragments=0 1 2 3 

[EVENT] 39.804 | event=RequestFragmentSharing | nodeId=195 | cellId=20001 | confidence=0.602 | fragments=0 1 2 3 

[EVENT] 39.807 | event=RequestFragmentSharing | nodeId=194 | cellId=20001 | confidence=0.602 | fragments=0 1 2 3 

[EVENT] 39.807 | event=RequestFragmentSharing | nodeId=231 | cellId=20001 | confidence=0.602 | fragments=0 1 2 3 

[EVENT] 39.814 | event=RequestFragmentSharing | nodeId=375 | cellId=30001 | confidence=0.602 | fragments=0 1 2 3 

[EVENT] 39.814 | event=RequestFragmentSharing | nodeId=335 | cellId=30001 | confidence=0.602 | fragments=0 1 2 3 

[EVENT] 39.814 | event=RequestFragmentSharing | nodeId=354 | cellId=30001 | confidence=0.602 | fragments=0 1 2 3 

[EVENT] 39.815 | event=RequestFragmentSharing | nodeId=358 | cellId=30001 | confidence=0.602 | fragments=0 1 2 3 

[EVENT] 39.815 | event=RequestFragmentSharing | nodeId=398 | cellId=30001 | confidence=0.602 | fragments=0 1 2 3 

[EVENT] 39.816 | event=RequestFragmentSharing | nodeId=338 | cellId=30001 | confidence=0.602 | fragments=0 1 2 3 

[EVENT] 39.816 | event=RequestFragmentSharing | nodeId=394 | cellId=30001 | confidence=0.602 | fragments=0 1 2 3 

[EVENT] 39.817 | event=RequestFragmentSharing | nodeId=359 | cellId=30001 | confidence=0.602 | fragments=0 1 2 3 

[EVENT] 39.817 | event=RequestFragmentSharing | nodeId=395 | cellId=30001 | confidence=0.602 | fragments=0 1 2 3 

[EVENT] 39.817 | event=RequestFragmentSharing | nodeId=357 | cellId=30001 | confidence=0.602 | fragments=0 1 2 3 

[EVENT] 39.818 | event=RequestFragmentSharing | nodeId=339 | cellId=30001 | confidence=0.602 | fragments=0 1 2 3 

[EVENT] 39.818 | event=RequestFragmentSharing | nodeId=356 | cellId=30001 | confidence=0.602 | fragments=0 1 2 3 

[EVENT] 39.819 | event=RequestFragmentSharing | nodeId=376 | cellId=30001 | confidence=0.602 | fragments=0 1 2 3 

[EVENT] 39.820 | event=RequestFragmentSharing | nodeId=378 | cellId=30001 | confidence=0.602 | fragments=0 1 2 3 

[EVENT] 39.820 | event=RequestFragmentSharing | nodeId=396 | cellId=30001 | confidence=0.602 | fragments=0 1 2 3 

[EVENT] 39.821 | event=RequestFragmentSharing | nodeId=379 | cellId=30001 | confidence=0.602 | fragments=0 1 2 3 

[EVENT] 39.822 | event=RequestFragmentSharing | nodeId=337 | cellId=30001 | confidence=0.602 | fragments=0 1 2 3 

[EVENT] 39.824 | event=RequestFragmentSharing | nodeId=319 | cellId=30001 | confidence=0.602 | fragments=0 1 2 3 

[EVENT] 39.825 | event=RequestFragmentSharing | nodeId=397 | cellId=30001 | confidence=0.602 | fragments=0 1 2 3 

[EVENT] 39.825 | event=RequestFragmentSharing | nodeId=399 | cellId=30001 | confidence=0.602 | fragments=0 1 2 3 

[EVENT] 39.825 | event=RequestFragmentSharing | nodeId=336 | cellId=30001 | confidence=0.602 | fragments=0 1 2 3 

[EVENT] 39.826 | event=RequestFragmentSharing | nodeId=374 | cellId=30001 | confidence=0.602 | fragments=0 1 2 3 

[EVENT] 39.827 | event=RequestFragmentSharing | nodeId=317 | cellId=30001 | confidence=0.602 | fragments=0 1 2 3 

[EVENT] 39.827 | event=RequestFragmentSharing | nodeId=318 | cellId=30001 | confidence=0.602 | fragments=0 1 2 3 

[EVENT] 39.828 | event=RequestFragmentSharing | nodeId=355 | cellId=30001 | confidence=0.602 | fragments=0 1 2 3 

[EVENT] 40.590 | event=UAVFragmentBroadcast | nodeId=402 | fragmentId=4 | cycle=1 | confidence=0.206 | pixels=17306
402-R-175(4) 402-R-176(4) 402-R-193(4) 402-R-194(4) 402-R-195(4) 402-R-196(4) 402-R-197(4) 402-R-213(4) 402-R-214(4) 402-R-215(4) 402-R-216(4) 402-R-217(4) 402-R-218(4) 402-R-233(4) 402-R-234(4) 402-R-235(4) 402-R-236(4) 402-R-237(4) 402-R-238(4) 402-R-253(4) 402-R-254(4) 402-R-255(4) 402-R-256(4) 402-R-257(4) 402-R-258(4) 402-R-273(4) 402-R-274(4) 402-R-275(4) 402-R-276(4) 402-R-277(4) 402-R-294(4) 402-R-295(4) 402-R-296(4) 214-S-211(4) 214-S-212(4) 214-S-231(4) 214-S-232(4) 214-S-251(4) 214-S-252(4) 214-S-271(4) 214-S-272(4) 214-S-291(4) 214-S-292(4) 214-S-293(4) 214-S-297(4) 214-S-313(4) 214-S-314(4) 214-S-315(4) 
[EVENT] 41.451 | event=RequestFragmentSharing | nodeId=214 | cellId=20001 | confidence=0.684 | fragments=0 1 2 3 4 

[EVENT] 41.451 | event=RequestFragmentSharing | nodeId=256 | cellId=20001 | confidence=0.684 | fragments=0 1 2 3 4 

[EVENT] 41.451 | event=RequestFragmentSharing | nodeId=216 | cellId=20001 | confidence=0.684 | fragments=0 1 2 3 4 

[EVENT] 41.453 | event=RequestFragmentSharing | nodeId=236 | cellId=20001 | confidence=0.684 | fragments=0 1 2 3 4 

[EVENT] 41.454 | event=RequestFragmentSharing | nodeId=277 | cellId=20001 | confidence=0.684 | fragments=0 1 2 3 4 

[EVENT] 41.455 | event=RequestFragmentSharing | nodeId=215 | cellId=20001 | confidence=0.684 | fragments=0 1 2 3 4 

[EVENT] 41.456 | event=RequestFragmentSharing | nodeId=237 | cellId=20001 | confidence=0.684 | fragments=0 1 2 3 4 

[EVENT] 41.456 | event=RequestFragmentSharing | nodeId=272 | cellId=20001 | confidence=0.684 | fragments=0 1 2 3 4 

[EVENT] 41.457 | event=RequestFragmentSharing | nodeId=292 | cellId=20001 | confidence=0.684 | fragments=0 1 2 3 4 

[EVENT] 41.458 | event=RequestFragmentSharing | nodeId=295 | cellId=20001 | confidence=0.684 | fragments=0 1 2 3 4 

[EVENT] 41.459 | event=RequestFragmentSharing | nodeId=296 | cellId=20001 | confidence=0.684 | fragments=0 1 2 3 4 

[EVENT] 41.460 | event=RequestFragmentSharing | nodeId=273 | cellId=20001 | confidence=0.684 | fragments=0 1 2 3 4 

[EVENT] 41.462 | event=RequestFragmentSharing | nodeId=297 | cellId=20001 | confidence=0.684 | fragments=0 1 2 3 4 

[EVENT] 41.463 | event=RequestFragmentSharing | nodeId=274 | cellId=20001 | confidence=0.684 | fragments=0 1 2 3 4 

[EVENT] 41.463 | event=RequestFragmentSharing | nodeId=213 | cellId=20001 | confidence=0.684 | fragments=0 1 2 3 4 

[EVENT] 41.463 | event=RequestFragmentSharing | nodeId=257 | cellId=20001 | confidence=0.684 | fragments=0 1 2 3 4 

[EVENT] 41.463 | event=RequestFragmentSharing | nodeId=275 | cellId=20001 | confidence=0.684 | fragments=0 1 2 3 4 

[EVENT] 41.473 | event=RequestFragmentSharing | nodeId=231 | cellId=20001 | confidence=0.684 | fragments=0 1 2 3 4 

[EVENT] 41.474 | event=RequestFragmentSharing | nodeId=251 | cellId=20001 | confidence=0.684 | fragments=0 1 2 3 4 

[EVENT] 41.475 | event=RequestFragmentSharing | nodeId=313 | cellId=20001 | confidence=0.684 | fragments=0 1 2 3 4 

[EVENT] 41.476 | event=RequestFragmentSharing | nodeId=272 | cellId=20001 | confidence=0.684 | fragments=0 1 2 3 4 

[EVENT] 41.476 | event=RequestFragmentSharing | nodeId=292 | cellId=20001 | confidence=0.684 | fragments=0 1 2 3 4 

[EVENT] 41.476 | event=RequestFragmentSharing | nodeId=293 | cellId=20001 | confidence=0.684 | fragments=0 1 2 3 4 

[EVENT] 41.478 | event=RequestFragmentSharing | nodeId=212 | cellId=20001 | confidence=0.684 | fragments=0 1 2 3 4 

[EVENT] 41.479 | event=RequestFragmentSharing | nodeId=291 | cellId=20001 | confidence=0.684 | fragments=0 1 2 3 4 

[EVENT] 41.479 | event=RequestFragmentSharing | nodeId=252 | cellId=20001 | confidence=0.684 | fragments=0 1 2 3 4 

[EVENT] 41.479 | event=RequestFragmentSharing | nodeId=315 | cellId=20001 | confidence=0.684 | fragments=0 1 2 3 4 

[EVENT] 41.481 | event=RequestFragmentSharing | nodeId=297 | cellId=20001 | confidence=0.684 | fragments=0 1 2 3 4 

[EVENT] 41.481 | event=RequestFragmentSharing | nodeId=232 | cellId=20001 | confidence=0.684 | fragments=0 1 2 3 4 

[EVENT] 41.481 | event=RequestFragmentSharing | nodeId=211 | cellId=20001 | confidence=0.684 | fragments=0 1 2 3 4 

[EVENT] 41.482 | event=RequestFragmentSharing | nodeId=271 | cellId=20001 | confidence=0.684 | fragments=0 1 2 3 4 

[EVENT] 41.484 | event=RequestFragmentSharing | nodeId=314 | cellId=20001 | confidence=0.684 | fragments=0 1 2 3 4 

[EVENT] 42.251 | event=UAVFragmentBroadcast | nodeId=402 | fragmentId=5 | cycle=1 | confidence=0.206 | pixels=17306
402-R-155(5) 402-R-156(5) 402-R-157(5) 402-R-174(5) 402-R-175(5) 402-R-176(5) 402-R-177(5) 402-R-178(5) 402-R-179(5) 402-R-194(5) 402-R-195(5) 402-R-196(5) 402-R-197(5) 402-R-198(5) 402-R-199(5) 402-R-214(5) 402-R-215(5) 402-R-216(5) 402-R-217(5) 402-R-218(5) 402-R-219(5) 402-R-234(5) 402-R-235(5) 402-R-236(5) 402-R-237(5) 402-R-238(5) 402-R-239(5) 402-R-254(5) 402-R-255(5) 402-R-256(5) 402-R-257(5) 402-R-258(5) 402-R-276(5) 254-S-193(5) 254-S-211(5) 254-S-212(5) 254-S-213(5) 254-S-231(5) 254-S-232(5) 254-S-233(5) 254-S-251(5) 254-S-252(5) 254-S-253(5) 254-S-271(5) 254-S-272(5) 254-S-273(5) 254-S-274(5) 254-S-275(5) 254-S-277(5) 254-S-291(5) 254-S-292(5) 254-S-293(5) 254-S-294(5) 254-S-295(5) 254-S-296(5) 254-S-297(5) 254-S-313(5) 254-S-314(5) 254-S-315(5) 
[EVENT] 43.091 | event=RequestFragmentSharing | nodeId=254 | cellId=20001 | confidence=0.749 | fragments=0 1 2 3 4 5 
238-S-219(4) 238-S-239(4) 238-S-259(4) 238-S-259(5) 238-S-278(4) 238-S-278(5) 238-S-279(4) 238-S-279(5) 238-S-298(4) 238-S-298(5) 238-S-299(4) 238-S-299(5) 
[EVENT] 43.110 | event=RequestFragmentSharing | nodeId=238 | cellId=20002 | confidence=0.369 | fragments=4 5 

[EVENT] 43.110 | event=RequestFragmentSharing | nodeId=255 | cellId=20001 | confidence=0.749 | fragments=0 1 2 3 4 5 

[EVENT] 43.112 | event=RequestFragmentSharing | nodeId=294 | cellId=20001 | confidence=0.749 | fragments=0 1 2 3 4 5 

[EVENT] 43.113 | event=RequestFragmentSharing | nodeId=193 | cellId=20001 | confidence=0.749 | fragments=0 1 2 3 4 5 

[EVENT] 43.114 | event=RequestFragmentSharing | nodeId=274 | cellId=20001 | confidence=0.749 | fragments=0 1 2 3 4 5 

[EVENT] 43.114 | event=RequestFragmentSharing | nodeId=273 | cellId=20001 | confidence=0.749 | fragments=0 1 2 3 4 5 

[EVENT] 43.114 | event=RequestFragmentSharing | nodeId=315 | cellId=20001 | confidence=0.749 | fragments=0 1 2 3 4 5 

[EVENT] 43.114 | event=RequestFragmentSharing | nodeId=211 | cellId=20001 | confidence=0.749 | fragments=0 1 2 3 4 5 

[EVENT] 43.115 | event=RequestFragmentSharing | nodeId=277 | cellId=20001 | confidence=0.749 | fragments=0 1 2 3 4 5 

[EVENT] 43.116 | event=RequestFragmentSharing | nodeId=213 | cellId=20001 | confidence=0.749 | fragments=0 1 2 3 4 5 

[EVENT] 43.116 | event=RequestFragmentSharing | nodeId=291 | cellId=20001 | confidence=0.749 | fragments=0 1 2 3 4 5 

[EVENT] 43.117 | event=RequestFragmentSharing | nodeId=233 | cellId=20001 | confidence=0.749 | fragments=0 1 2 3 4 5 

[EVENT] 43.117 | event=RequestFragmentSharing | nodeId=295 | cellId=20001 | confidence=0.749 | fragments=0 1 2 3 4 5 

[EVENT] 43.118 | event=RequestFragmentSharing | nodeId=253 | cellId=20001 | confidence=0.749 | fragments=0 1 2 3 4 5 

[EVENT] 43.118 | event=RequestFragmentSharing | nodeId=314 | cellId=20001 | confidence=0.749 | fragments=0 1 2 3 4 5 

[EVENT] 43.118 | event=RequestFragmentSharing | nodeId=296 | cellId=20001 | confidence=0.749 | fragments=0 1 2 3 4 5 

[EVENT] 43.118 | event=RequestFragmentSharing | nodeId=217 | cellId=20001 | confidence=0.749 | fragments=0 1 2 3 4 5 

[EVENT] 43.118 | event=RequestFragmentSharing | nodeId=251 | cellId=20001 | confidence=0.749 | fragments=0 1 2 3 4 5 

[EVENT] 43.119 | event=RequestFragmentSharing | nodeId=272 | cellId=20001 | confidence=0.749 | fragments=0 1 2 3 4 5 
197-S-76(4) 197-S-76(5) 197-S-77(4) 197-S-77(5) 197-S-78(4) 197-S-78(5) 197-S-79(4) 197-S-79(5) 197-S-94(4) 197-S-94(5) 197-S-95(4) 197-S-95(5) 197-S-96(4) 197-S-96(5) 197-S-97(4) 197-S-97(5) 197-S-98(4) 197-S-98(5) 197-S-99(4) 197-S-99(5) 197-S-114(4) 197-S-114(5) 197-S-115(4) 197-S-115(5) 197-S-116(4) 197-S-116(5) 197-S-117(4) 197-S-117(5) 197-S-118(4) 197-S-118(5) 197-S-119(4) 197-S-119(5) 197-S-134(4) 197-S-134(5) 197-S-135(4) 197-S-135(5) 197-S-136(4) 197-S-136(5) 197-S-137(4) 197-S-137(5) 197-S-138(4) 197-S-138(5) 197-S-139(4) 197-S-139(5) 197-S-154(4) 197-S-154(5) 197-S-155(4) 197-S-156(4) 197-S-157(4) 197-S-158(4) 197-S-158(5) 197-S-159(4) 197-S-159(5) 197-S-174(4) 197-S-177(4) 197-S-178(4) 197-S-179(4) 197-S-198(4) 197-S-199(4) 
[EVENT] 43.119 | event=RequestFragmentSharing | nodeId=197 | cellId=10002 | confidence=0.369 | fragments=4 5 

[EVENT] 43.120 | event=RequestFragmentSharing | nodeId=252 | cellId=20001 | confidence=0.749 | fragments=0 1 2 3 4 5 

[EVENT] 43.120 | event=RequestFragmentSharing | nodeId=258 | cellId=20002 | confidence=0.369 | fragments=4 5 

[EVENT] 43.120 | event=RequestFragmentSharing | nodeId=293 | cellId=20001 | confidence=0.749 | fragments=0 1 2 3 4 5 

[EVENT] 43.121 | event=RequestFragmentSharing | nodeId=218 | cellId=20002 | confidence=0.369 | fragments=4 5 

[EVENT] 43.121 | event=RequestFragmentSharing | nodeId=292 | cellId=20001 | confidence=0.749 | fragments=0 1 2 3 4 5 

[EVENT] 43.121 | event=RequestFragmentSharing | nodeId=234 | cellId=20001 | confidence=0.749 | fragments=0 1 2 3 4 5 

[EVENT] 43.121 | event=RequestFragmentSharing | nodeId=232 | cellId=20001 | confidence=0.749 | fragments=0 1 2 3 4 5 

[EVENT] 43.121 | event=RequestFragmentSharing | nodeId=259 | cellId=20002 | confidence=0.369 | fragments=4 5 

[EVENT] 43.121 | event=RequestFragmentSharing | nodeId=196 | cellId=10002 | confidence=0.369 | fragments=4 5 

[EVENT] 43.122 | event=RequestFragmentSharing | nodeId=175 | cellId=10002 | confidence=0.369 | fragments=4 5 

[EVENT] 43.122 | event=RequestFragmentSharing | nodeId=235 | cellId=20001 | confidence=0.749 | fragments=0 1 2 3 4 5 

[EVENT] 43.122 | event=RequestFragmentSharing | nodeId=253 | cellId=20001 | confidence=0.749 | fragments=0 1 2 3 4 5 

[EVENT] 43.122 | event=RequestFragmentSharing | nodeId=271 | cellId=20001 | confidence=0.749 | fragments=0 1 2 3 4 5 

[EVENT] 43.123 | event=RequestFragmentSharing | nodeId=276 | cellId=20001 | confidence=0.749 | fragments=0 1 2 3 4 5 

[EVENT] 43.123 | event=RequestFragmentSharing | nodeId=194 | cellId=20001 | confidence=0.749 | fragments=0 1 2 3 4 5 

[EVENT] 43.124 | event=RequestFragmentSharing | nodeId=294 | cellId=20001 | confidence=0.749 | fragments=0 1 2 3 4 5 

[EVENT] 43.124 | event=RequestFragmentSharing | nodeId=297 | cellId=20001 | confidence=0.749 | fragments=0 1 2 3 4 5 

[EVENT] 43.124 | event=RequestFragmentSharing | nodeId=313 | cellId=20001 | confidence=0.749 | fragments=0 1 2 3 4 5 

[EVENT] 43.124 | event=RequestFragmentSharing | nodeId=195 | cellId=20001 | confidence=0.749 | fragments=0 1 2 3 4 5 

[EVENT] 43.125 | event=RequestFragmentSharing | nodeId=193 | cellId=20001 | confidence=0.749 | fragments=0 1 2 3 4 5 

[EVENT] 43.125 | event=RequestFragmentSharing | nodeId=176 | cellId=10002 | confidence=0.369 | fragments=4 5 

[EVENT] 43.125 | event=RequestFragmentSharing | nodeId=275 | cellId=20001 | confidence=0.749 | fragments=0 1 2 3 4 5 

[EVENT] 43.125 | event=RequestFragmentSharing | nodeId=231 | cellId=20001 | confidence=0.749 | fragments=0 1 2 3 4 5 

[EVENT] 43.125 | event=RequestFragmentSharing | nodeId=212 | cellId=20001 | confidence=0.749 | fragments=0 1 2 3 4 5 

[EVENT] 43.126 | event=RequestFragmentSharing | nodeId=233 | cellId=20001 | confidence=0.749 | fragments=0 1 2 3 4 5 

[EVENT] 43.131 | event=RequestFragmentSharing | nodeId=137 | cellId=10002 | confidence=0.369 | fragments=4 5 

[EVENT] 43.131 | event=RequestFragmentSharing | nodeId=298 | cellId=20002 | confidence=0.369 | fragments=4 5 

[EVENT] 43.132 | event=RequestFragmentSharing | nodeId=278 | cellId=20002 | confidence=0.369 | fragments=4 5 

[EVENT] 43.139 | event=RequestFragmentSharing | nodeId=219 | cellId=20002 | confidence=0.369 | fragments=4 5 

[EVENT] 43.140 | event=RequestFragmentSharing | nodeId=178 | cellId=10002 | confidence=0.369 | fragments=4 5 

[EVENT] 43.140 | event=RequestFragmentSharing | nodeId=179 | cellId=10002 | confidence=0.369 | fragments=4 5 

[EVENT] 43.140 | event=RequestFragmentSharing | nodeId=119 | cellId=10002 | confidence=0.369 | fragments=4 5 

[EVENT] 43.140 | event=RequestFragmentSharing | nodeId=78 | cellId=10002 | confidence=0.369 | fragments=4 5 

[EVENT] 43.140 | event=RequestFragmentSharing | nodeId=159 | cellId=10002 | confidence=0.369 | fragments=4 5 

[EVENT] 43.141 | event=RequestFragmentSharing | nodeId=174 | cellId=10002 | confidence=0.369 | fragments=4 5 

[EVENT] 43.142 | event=RequestFragmentSharing | nodeId=239 | cellId=20002 | confidence=0.369 | fragments=4 5 

[EVENT] 43.142 | event=RequestFragmentSharing | nodeId=198 | cellId=10002 | confidence=0.369 | fragments=4 5 

[EVENT] 43.142 | event=RequestFragmentSharing | nodeId=279 | cellId=20002 | confidence=0.369 | fragments=4 5 

[EVENT] 43.142 | event=RequestFragmentSharing | nodeId=98 | cellId=10002 | confidence=0.369 | fragments=4 5 

[EVENT] 43.143 | event=RequestFragmentSharing | nodeId=136 | cellId=10002 | confidence=0.369 | fragments=4 5 

[EVENT] 43.143 | event=RequestFragmentSharing | nodeId=158 | cellId=10002 | confidence=0.369 | fragments=4 5 

[EVENT] 43.143 | event=RequestFragmentSharing | nodeId=299 | cellId=20002 | confidence=0.369 | fragments=4 5 

[EVENT] 43.143 | event=RequestFragmentSharing | nodeId=199 | cellId=10002 | confidence=0.369 | fragments=4 5 

[EVENT] 43.144 | event=RequestFragmentSharing | nodeId=95 | cellId=10002 | confidence=0.369 | fragments=4 5 

[EVENT] 43.145 | event=RequestFragmentSharing | nodeId=94 | cellId=10002 | confidence=0.369 | fragments=4 5 

[EVENT] 43.146 | event=RequestFragmentSharing | nodeId=118 | cellId=10002 | confidence=0.369 | fragments=4 5 

[EVENT] 43.147 | event=RequestFragmentSharing | nodeId=116 | cellId=10002 | confidence=0.369 | fragments=4 5 

[EVENT] 43.147 | event=RequestFragmentSharing | nodeId=177 | cellId=10002 | confidence=0.369 | fragments=4 5 

[EVENT] 43.147 | event=RequestFragmentSharing | nodeId=117 | cellId=10002 | confidence=0.369 | fragments=4 5 

[EVENT] 43.148 | event=RequestFragmentSharing | nodeId=77 | cellId=10002 | confidence=0.369 | fragments=4 5 

[EVENT] 43.148 | event=RequestFragmentSharing | nodeId=134 | cellId=10002 | confidence=0.369 | fragments=4 5 

[EVENT] 43.148 | event=RequestFragmentSharing | nodeId=96 | cellId=10002 | confidence=0.369 | fragments=4 5 

[EVENT] 43.148 | event=RequestFragmentSharing | nodeId=139 | cellId=10002 | confidence=0.369 | fragments=4 5 

[EVENT] 43.148 | event=RequestFragmentSharing | nodeId=76 | cellId=10002 | confidence=0.369 | fragments=4 5 

[EVENT] 43.149 | event=RequestFragmentSharing | nodeId=79 | cellId=10002 | confidence=0.369 | fragments=4 5 

[EVENT] 43.149 | event=RequestFragmentSharing | nodeId=154 | cellId=10002 | confidence=0.369 | fragments=4 5 

[EVENT] 43.149 | event=RequestFragmentSharing | nodeId=114 | cellId=10002 | confidence=0.369 | fragments=4 5 

[EVENT] 43.150 | event=RequestFragmentSharing | nodeId=97 | cellId=10002 | confidence=0.369 | fragments=4 5 

[EVENT] 43.150 | event=RequestFragmentSharing | nodeId=155 | cellId=10002 | confidence=0.369 | fragments=4 5 

[EVENT] 43.151 | event=RequestFragmentSharing | nodeId=115 | cellId=10002 | confidence=0.369 | fragments=4 5 

[EVENT] 43.152 | event=RequestFragmentSharing | nodeId=157 | cellId=10002 | confidence=0.369 | fragments=4 5 

[EVENT] 43.152 | event=RequestFragmentSharing | nodeId=99 | cellId=10002 | confidence=0.369 | fragments=4 5 

[EVENT] 43.152 | event=RequestFragmentSharing | nodeId=138 | cellId=10002 | confidence=0.369 | fragments=4 5 

[EVENT] 43.153 | event=RequestFragmentSharing | nodeId=135 | cellId=10002 | confidence=0.369 | fragments=4 5 

[EVENT] 43.154 | event=RequestFragmentSharing | nodeId=156 | cellId=10002 | confidence=0.369 | fragments=4 5 

[EVENT] 43.289 | event=UAVWaypointArrival | nodeId=402 | cycle=1 | pos=(340.000,180.000,20.000)

[EVENT] 43.737 | event=UAVWaypointArrival | nodeId=401 | cycle=1 | pos=(300.000,80.000,20.000)

[EVENT] 43.913 | event=UAVFragmentBroadcast | nodeId=402 | fragmentId=6 | cycle=1 | confidence=0.206 | pixels=17305
402-R-137(6) 402-R-138(6) 402-R-156(6) 402-R-157(6) 402-R-158(6) 402-R-159(6) 402-R-175(6) 402-R-176(6) 402-R-177(6) 402-R-178(6) 402-R-179(6) 402-R-195(6) 402-R-196(6) 402-R-197(6) 402-R-198(6) 402-R-199(6) 402-R-215(6) 402-R-216(6) 402-R-217(6) 402-R-218(6) 402-R-219(6) 402-R-236(6) 402-R-237(6) 402-R-238(6) 402-R-239(6) 402-R-257(6) 402-R-258(6) 
[EVENT] 44.289 | event=UAVWaypointArrival | nodeId=402 | cycle=1 | pos=(360.000,180.000,20.000)
156-S-76(6) 156-S-77(6) 156-S-78(6) 156-S-79(6) 156-S-94(6) 156-S-95(6) 156-S-96(6) 156-S-97(6) 156-S-98(6) 156-S-99(6) 156-S-114(6) 156-S-115(6) 156-S-116(6) 156-S-117(6) 156-S-118(6) 156-S-119(6) 156-S-134(6) 156-S-135(6) 156-S-136(6) 156-S-139(6) 156-S-154(6) 156-S-155(6) 156-S-174(6) 
[EVENT] 44.771 | event=RequestFragmentSharing | nodeId=156 | cellId=10002 | confidence=0.499 | fragments=4 5 6 
195-S-256(6) 256-S-211(6) 256-S-212(6) 256-S-213(6) 256-S-214(6) 256-S-231(6) 256-S-232(6) 256-S-233(6) 256-S-234(6) 256-S-235(6) 256-S-251(6) 256-S-252(6) 256-S-253(6) 256-S-254(6) 256-S-255(6) 256-S-271(6) 256-S-272(6) 256-S-273(6) 256-S-274(6) 256-S-275(6) 256-S-276(6) 256-S-277(6) 256-S-291(6) 256-S-292(6) 256-S-293(6) 256-S-294(6) 256-S-295(6) 256-S-296(6) 256-S-297(6) 256-S-313(6) 256-S-314(6) 256-S-315(6) 
[EVENT] 44.772 | event=RequestFragmentSharing | nodeId=256 | cellId=20001 | confidence=0.800 | fragments=0 1 2 3 4 5 6 

[EVENT] 44.772 | event=RequestFragmentSharing | nodeId=179 | cellId=10002 | confidence=0.499 | fragments=4 5 6 
237-S-193(6) 237-S-194(6) 
[EVENT] 44.772 | event=RequestFragmentSharing | nodeId=237 | cellId=20001 | confidence=0.800 | fragments=0 1 2 3 4 5 6 

[EVENT] 44.773 | event=RequestFragmentSharing | nodeId=199 | cellId=10002 | confidence=0.499 | fragments=4 5 6 
219-S-259(6) 219-S-278(6) 219-S-279(6) 219-S-298(6) 219-S-299(6) 
[EVENT] 44.774 | event=RequestFragmentSharing | nodeId=219 | cellId=20002 | confidence=0.499 | fragments=4 5 6 

[EVENT] 44.775 | event=RequestFragmentSharing | nodeId=239 | cellId=20002 | confidence=0.499 | fragments=4 5 6 

[EVENT] 44.776 | event=RequestFragmentSharing | nodeId=254 | cellId=20001 | confidence=0.800 | fragments=0 1 2 3 4 5 6 

[EVENT] 44.778 | event=RequestFragmentSharing | nodeId=236 | cellId=20001 | confidence=0.800 | fragments=0 1 2 3 4 5 6 

[EVENT] 44.779 | event=RequestFragmentSharing | nodeId=215 | cellId=20001 | confidence=0.800 | fragments=0 1 2 3 4 5 6 

[EVENT] 44.779 | event=RequestFragmentSharing | nodeId=155 | cellId=10002 | confidence=0.499 | fragments=4 5 6 

[EVENT] 44.780 | event=RequestFragmentSharing | nodeId=214 | cellId=20001 | confidence=0.800 | fragments=0 1 2 3 4 5 6 

[EVENT] 44.780 | event=RequestFragmentSharing | nodeId=259 | cellId=20002 | confidence=0.499 | fragments=4 5 6 

[EVENT] 44.782 | event=RequestFragmentSharing | nodeId=174 | cellId=10002 | confidence=0.499 | fragments=4 5 6 

[EVENT] 44.782 | event=RequestFragmentSharing | nodeId=177 | cellId=10002 | confidence=0.499 | fragments=4 5 6 

[EVENT] 44.783 | event=RequestFragmentSharing | nodeId=257 | cellId=20001 | confidence=0.800 | fragments=0 1 2 3 4 5 6 

[EVENT] 44.783 | event=RequestFragmentSharing | nodeId=157 | cellId=10002 | confidence=0.499 | fragments=4 5 6 

[EVENT] 44.783 | event=RequestFragmentSharing | nodeId=216 | cellId=20001 | confidence=0.800 | fragments=0 1 2 3 4 5 6 

[EVENT] 44.786 | event=RequestFragmentSharing | nodeId=178 | cellId=10002 | confidence=0.499 | fragments=4 5 6 

[EVENT] 44.786 | event=RequestFragmentSharing | nodeId=198 | cellId=10002 | confidence=0.499 | fragments=4 5 6 

[EVENT] 44.792 | event=RequestFragmentSharing | nodeId=79 | cellId=10002 | confidence=0.499 | fragments=4 5 6 

[EVENT] 44.792 | event=RequestFragmentSharing | nodeId=294 | cellId=20001 | confidence=0.800 | fragments=0 1 2 3 4 5 6 

[EVENT] 44.792 | event=RequestFragmentSharing | nodeId=271 | cellId=20001 | confidence=0.800 | fragments=0 1 2 3 4 5 6 

[EVENT] 44.793 | event=RequestFragmentSharing | nodeId=213 | cellId=20001 | confidence=0.800 | fragments=0 1 2 3 4 5 6 

[EVENT] 44.793 | event=RequestFragmentSharing | nodeId=235 | cellId=20001 | confidence=0.800 | fragments=0 1 2 3 4 5 6 

[EVENT] 44.793 | event=RequestFragmentSharing | nodeId=211 | cellId=20001 | confidence=0.800 | fragments=0 1 2 3 4 5 6 

[EVENT] 44.793 | event=RequestFragmentSharing | nodeId=255 | cellId=20001 | confidence=0.800 | fragments=0 1 2 3 4 5 6 

[EVENT] 44.794 | event=RequestFragmentSharing | nodeId=97 | cellId=10002 | confidence=0.499 | fragments=4 5 6 

[EVENT] 44.794 | event=RequestFragmentSharing | nodeId=234 | cellId=20001 | confidence=0.800 | fragments=0 1 2 3 4 5 6 

[EVENT] 44.794 | event=RequestFragmentSharing | nodeId=251 | cellId=20001 | confidence=0.800 | fragments=0 1 2 3 4 5 6 

[EVENT] 44.794 | event=RequestFragmentSharing | nodeId=78 | cellId=10002 | confidence=0.499 | fragments=4 5 6 

[EVENT] 44.795 | event=RequestFragmentSharing | nodeId=77 | cellId=10002 | confidence=0.499 | fragments=4 5 6 

[EVENT] 44.795 | event=RequestFragmentSharing | nodeId=136 | cellId=10002 | confidence=0.499 | fragments=4 5 6 

[EVENT] 44.795 | event=RequestFragmentSharing | nodeId=273 | cellId=20001 | confidence=0.800 | fragments=0 1 2 3 4 5 6 

[EVENT] 44.795 | event=RequestFragmentSharing | nodeId=174 | cellId=10002 | confidence=0.499 | fragments=4 5 6 

[EVENT] 44.796 | event=RequestFragmentSharing | nodeId=296 | cellId=20001 | confidence=0.800 | fragments=0 1 2 3 4 5 6 

[EVENT] 44.796 | event=RequestFragmentSharing | nodeId=314 | cellId=20001 | confidence=0.800 | fragments=0 1 2 3 4 5 6 

[EVENT] 44.797 | event=RequestFragmentSharing | nodeId=275 | cellId=20001 | confidence=0.800 | fragments=0 1 2 3 4 5 6 

[EVENT] 44.797 | event=RequestFragmentSharing | nodeId=297 | cellId=20001 | confidence=0.800 | fragments=0 1 2 3 4 5 6 

[EVENT] 44.798 | event=RequestFragmentSharing | nodeId=214 | cellId=20001 | confidence=0.800 | fragments=0 1 2 3 4 5 6 

[EVENT] 44.798 | event=RequestFragmentSharing | nodeId=292 | cellId=20001 | confidence=0.800 | fragments=0 1 2 3 4 5 6 

[EVENT] 44.798 | event=RequestFragmentSharing | nodeId=279 | cellId=20002 | confidence=0.499 | fragments=4 5 6 

[EVENT] 44.798 | event=RequestFragmentSharing | nodeId=94 | cellId=10002 | confidence=0.499 | fragments=4 5 6 

[EVENT] 44.798 | event=RequestFragmentSharing | nodeId=193 | cellId=20001 | confidence=0.800 | fragments=0 1 2 3 4 5 6 

[EVENT] 44.799 | event=RequestFragmentSharing | nodeId=99 | cellId=10002 | confidence=0.499 | fragments=4 5 6 

[EVENT] 44.799 | event=RequestFragmentSharing | nodeId=135 | cellId=10002 | confidence=0.499 | fragments=4 5 6 

[EVENT] 44.799 | event=RequestFragmentSharing | nodeId=95 | cellId=10002 | confidence=0.499 | fragments=4 5 6 

[EVENT] 44.799 | event=RequestFragmentSharing | nodeId=231 | cellId=20001 | confidence=0.800 | fragments=0 1 2 3 4 5 6 

[EVENT] 44.799 | event=RequestFragmentSharing | nodeId=272 | cellId=20001 | confidence=0.800 | fragments=0 1 2 3 4 5 6 

[EVENT] 44.800 | event=RequestFragmentSharing | nodeId=252 | cellId=20001 | confidence=0.800 | fragments=0 1 2 3 4 5 6 

[EVENT] 44.800 | event=RequestFragmentSharing | nodeId=313 | cellId=20001 | confidence=0.800 | fragments=0 1 2 3 4 5 6 

[EVENT] 44.800 | event=RequestFragmentSharing | nodeId=96 | cellId=10002 | confidence=0.499 | fragments=4 5 6 

[EVENT] 44.800 | event=RequestFragmentSharing | nodeId=299 | cellId=20002 | confidence=0.499 | fragments=4 5 6 

[EVENT] 44.801 | event=RequestFragmentSharing | nodeId=76 | cellId=10002 | confidence=0.499 | fragments=4 5 6 

[EVENT] 44.801 | event=RequestFragmentSharing | nodeId=253 | cellId=20001 | confidence=0.800 | fragments=0 1 2 3 4 5 6 

[EVENT] 44.801 | event=RequestFragmentSharing | nodeId=194 | cellId=20001 | confidence=0.800 | fragments=0 1 2 3 4 5 6 

[EVENT] 44.801 | event=RequestFragmentSharing | nodeId=278 | cellId=20002 | confidence=0.499 | fragments=4 5 6 

[EVENT] 44.802 | event=RequestFragmentSharing | nodeId=212 | cellId=20001 | confidence=0.800 | fragments=0 1 2 3 4 5 6 

[EVENT] 44.802 | event=RequestFragmentSharing | nodeId=298 | cellId=20002 | confidence=0.499 | fragments=4 5 6 

[EVENT] 44.802 | event=RequestFragmentSharing | nodeId=116 | cellId=10002 | confidence=0.499 | fragments=4 5 6 

[EVENT] 44.802 | event=RequestFragmentSharing | nodeId=293 | cellId=20001 | confidence=0.800 | fragments=0 1 2 3 4 5 6 

[EVENT] 44.803 | event=RequestFragmentSharing | nodeId=117 | cellId=10002 | confidence=0.499 | fragments=4 5 6 

[EVENT] 44.803 | event=RequestFragmentSharing | nodeId=233 | cellId=20001 | confidence=0.800 | fragments=0 1 2 3 4 5 6 

[EVENT] 44.803 | event=RequestFragmentSharing | nodeId=118 | cellId=10002 | confidence=0.499 | fragments=4 5 6 

[EVENT] 44.804 | event=RequestFragmentSharing | nodeId=114 | cellId=10002 | confidence=0.499 | fragments=4 5 6 

[EVENT] 44.804 | event=RequestFragmentSharing | nodeId=134 | cellId=10002 | confidence=0.499 | fragments=4 5 6 

[EVENT] 44.804 | event=RequestFragmentSharing | nodeId=277 | cellId=20001 | confidence=0.800 | fragments=0 1 2 3 4 5 6 

[EVENT] 44.804 | event=RequestFragmentSharing | nodeId=274 | cellId=20001 | confidence=0.800 | fragments=0 1 2 3 4 5 6 

[EVENT] 44.805 | event=RequestFragmentSharing | nodeId=139 | cellId=10002 | confidence=0.499 | fragments=4 5 6 

[EVENT] 44.805 | event=RequestFragmentSharing | nodeId=98 | cellId=10002 | confidence=0.499 | fragments=4 5 6 

[EVENT] 44.805 | event=RequestFragmentSharing | nodeId=119 | cellId=10002 | confidence=0.499 | fragments=4 5 6 

[EVENT] 44.805 | event=RequestFragmentSharing | nodeId=154 | cellId=10002 | confidence=0.499 | fragments=4 5 6 

[EVENT] 44.806 | event=RequestFragmentSharing | nodeId=295 | cellId=20001 | confidence=0.800 | fragments=0 1 2 3 4 5 6 

[EVENT] 44.806 | event=RequestFragmentSharing | nodeId=232 | cellId=20001 | confidence=0.800 | fragments=0 1 2 3 4 5 6 

[EVENT] 44.806 | event=RequestFragmentSharing | nodeId=115 | cellId=10002 | confidence=0.499 | fragments=4 5 6 

[EVENT] 44.806 | event=RequestFragmentSharing | nodeId=155 | cellId=10002 | confidence=0.499 | fragments=4 5 6 

[EVENT] 44.806 | event=RequestFragmentSharing | nodeId=315 | cellId=20001 | confidence=0.800 | fragments=0 1 2 3 4 5 6 

[EVENT] 44.806 | event=RequestFragmentSharing | nodeId=276 | cellId=20001 | confidence=0.800 | fragments=0 1 2 3 4 5 6 

[EVENT] 44.806 | event=RequestFragmentSharing | nodeId=291 | cellId=20001 | confidence=0.800 | fragments=0 1 2 3 4 5 6 

[EVENT] 45.500 | event=SuspiciousConfidenceSnapshot | 76(0.499) 77(0.499) 78(0.499) 79(0.499) 94(0.499) 95(0.499) 96(0.499) 97(0.499) 98(0.499) 99(0.499) 114(0.499) 115(0.499) 116(0.499) 117(0.499) 118(0.499) 119(0.499) 134(0.499) 135(0.499) 136(0.499) 137(0.499) 138(0.499) 139(0.499) 154(0.499) 155(0.499) 156(0.499) 157(0.499) 158(0.499) 159(0.499) 174(0.499) 175(0.499) 176(0.499) 177(0.499) 178(0.499) 179(0.499) 193(0.800) 194(0.800) 195(0.800) 196(0.499) 197(0.499) 198(0.499) 199(0.499) 211(0.800) 212(0.800) 213(0.800) 214(0.800) 215(0.800) 216(0.800) 217(0.800) 218(0.499) 219(0.499) 231(0.800) 232(0.800) 233(0.800) 234(0.800) 235(0.800) 236(0.800) 237(0.800) 238(0.499) 239(0.499) 251(0.800) 252(0.800) 253(0.800) 254(0.800) 255(0.800) 256(0.800) 257(0.800) 258(0.499) 259(0.499) 271(0.800) 272(0.800) 273(0.800) 274(0.800) 275(0.800) 276(0.800) 277(0.800) 278(0.499) 279(0.499) 291(0.800) 292(0.800) 293(0.800) 294(0.800) 295(0.800) 296(0.800) 297(0.800) 298(0.499) 299(0.499) 309(0.499) 310(0.499) 311(0.499) 312(0.499) 313(0.800) 314(0.800) 315(0.800) 316(0.602) 317(0.602) 318(0.602) 319(0.602) 327(0.499) 328(0.499) 329(0.499) 330(0.499) 331(0.499) 332(0.499) 333(0.499) 334(0.602) 335(0.602) 336(0.602) 337(0.602) 338(0.602) 339(0.602) 347(0.499) 348(0.499) 349(0.499) 350(0.499) 351(0.499) 352(0.499) 353(0.499) 354(0.602) 355(0.602) 356(0.602) 357(0.602) 358(0.602) 359(0.602) 367(0.499) 368(0.499) 369(0.499) 370(0.499) 371(0.499) 372(0.499) 373(0.499) 374(0.602) 375(0.602) 376(0.602) 377(0.602) 378(0.602) 379(0.602) 387(0.499) 388(0.499) 389(0.499) 390(0.499) 391(0.499) 392(0.499) 393(0.499) 394(0.602) 395(0.602) 396(0.602) 397(0.602) 398(0.602) 399(0.602) 

[EVENT] 45.574 | event=UAVFragmentBroadcast | nodeId=402 | fragmentId=7 | cycle=1 | confidence=0.206 | pixels=17305
402-R-156(7) 402-R-157(7) 402-R-158(7) 402-R-159(7) 402-R-175(7) 402-R-176(7) 402-R-177(7) 402-R-178(7) 402-R-179(7) 402-R-195(7) 402-R-196(7) 402-R-197(7) 402-R-198(7) 402-R-199(7) 402-R-215(7) 402-R-216(7) 402-R-217(7) 402-R-218(7) 402-R-219(7) 402-R-236(7) 402-R-237(7) 402-R-238(7) 402-R-239(7) 402-R-256(7) 402-R-257(7) 402-R-258(7) 402-R-259(7) 156-S-137(7) 137-S-174(7) 
[EVENT] 46.415 | event=RequestFragmentSharing | nodeId=137 | cellId=10002 | confidence=0.602 | fragments=4 5 6 7 
137-S-138(7) 138-S-139(7) 138-S-154(7) 138-S-155(7) 
[EVENT] 46.433 | event=RequestFragmentSharing | nodeId=138 | cellId=10002 | confidence=0.602 | fragments=4 5 6 7 
176-S-76(7) 176-S-77(7) 176-S-78(7) 176-S-79(7) 176-S-94(7) 176-S-95(7) 176-S-96(7) 176-S-97(7) 176-S-98(7) 176-S-99(7) 176-S-114(7) 176-S-115(7) 176-S-116(7) 176-S-117(7) 176-S-118(7) 176-S-119(7) 176-S-134(7) 176-S-135(7) 176-S-136(7) 
[EVENT] 46.434 | event=RequestFragmentSharing | nodeId=176 | cellId=10002 | confidence=0.602 | fragments=4 5 6 7 
238-S-278(7) 238-S-279(7) 238-S-298(7) 238-S-299(7) 
[EVENT] 46.435 | event=RequestFragmentSharing | nodeId=238 | cellId=20002 | confidence=0.602 | fragments=4 5 6 7 
217-S-193(7) 217-S-194(7) 217-S-211(7) 217-S-212(7) 217-S-213(7) 217-S-214(7) 217-S-231(7) 217-S-232(7) 217-S-233(7) 217-S-234(7) 217-S-235(7) 217-S-251(7) 217-S-252(7) 217-S-253(7) 217-S-254(7) 217-S-255(7) 217-S-271(7) 217-S-272(7) 217-S-273(7) 217-S-274(7) 217-S-275(7) 217-S-276(7) 217-S-277(7) 217-S-291(7) 217-S-292(7) 217-S-293(7) 217-S-294(7) 217-S-295(7) 217-S-296(7) 217-S-297(7) 217-S-313(7) 217-S-314(7) 217-S-315(7) 
[EVENT] 46.436 | event=RequestFragmentSharing | nodeId=217 | cellId=20001 | confidence=0.842 | fragments=0 1 2 3 4 5 6 7 

[EVENT] 46.438 | event=RequestFragmentSharing | nodeId=175 | cellId=10002 | confidence=0.602 | fragments=4 5 6 7 

[EVENT] 46.438 | event=RequestFragmentSharing | nodeId=197 | cellId=10002 | confidence=0.602 | fragments=4 5 6 7 

[EVENT] 46.441 | event=RequestFragmentSharing | nodeId=218 | cellId=20002 | confidence=0.602 | fragments=4 5 6 7 

[EVENT] 46.441 | event=RequestFragmentSharing | nodeId=254 | cellId=20001 | confidence=0.842 | fragments=0 1 2 3 4 5 6 7 

[EVENT] 46.442 | event=RequestFragmentSharing | nodeId=158 | cellId=10002 | confidence=0.602 | fragments=4 5 6 7 

[EVENT] 46.443 | event=RequestFragmentSharing | nodeId=159 | cellId=10002 | confidence=0.602 | fragments=4 5 6 7 

[EVENT] 46.443 | event=RequestFragmentSharing | nodeId=258 | cellId=20002 | confidence=0.602 | fragments=4 5 6 7 

[EVENT] 46.444 | event=RequestFragmentSharing | nodeId=174 | cellId=10002 | confidence=0.602 | fragments=4 5 6 7 

[EVENT] 46.444 | event=RequestFragmentSharing | nodeId=195 | cellId=20001 | confidence=0.842 | fragments=0 1 2 3 4 5 6 7 

[EVENT] 46.447 | event=RequestFragmentSharing | nodeId=196 | cellId=10002 | confidence=0.602 | fragments=4 5 6 7 

[EVENT] 46.455 | event=RequestFragmentSharing | nodeId=117 | cellId=10002 | confidence=0.602 | fragments=4 5 6 7 

[EVENT] 46.455 | event=RequestFragmentSharing | nodeId=96 | cellId=10002 | confidence=0.602 | fragments=4 5 6 7 

[EVENT] 46.456 | event=RequestFragmentSharing | nodeId=114 | cellId=10002 | confidence=0.602 | fragments=4 5 6 7 

[EVENT] 46.456 | event=RequestFragmentSharing | nodeId=299 | cellId=20002 | confidence=0.602 | fragments=4 5 6 7 

[EVENT] 46.456 | event=RequestFragmentSharing | nodeId=115 | cellId=10002 | confidence=0.602 | fragments=4 5 6 7 

[EVENT] 46.456 | event=RequestFragmentSharing | nodeId=211 | cellId=20001 | confidence=0.842 | fragments=0 1 2 3 4 5 6 7 

[EVENT] 46.457 | event=RequestFragmentSharing | nodeId=235 | cellId=20001 | confidence=0.842 | fragments=0 1 2 3 4 5 6 7 

[EVENT] 46.457 | event=RequestFragmentSharing | nodeId=193 | cellId=20001 | confidence=0.842 | fragments=0 1 2 3 4 5 6 7 

[EVENT] 46.458 | event=RequestFragmentSharing | nodeId=79 | cellId=10002 | confidence=0.602 | fragments=4 5 6 7 

[EVENT] 46.458 | event=RequestFragmentSharing | nodeId=255 | cellId=20001 | confidence=0.842 | fragments=0 1 2 3 4 5 6 7 

[EVENT] 46.458 | event=RequestFragmentSharing | nodeId=291 | cellId=20001 | confidence=0.842 | fragments=0 1 2 3 4 5 6 7 

[EVENT] 46.458 | event=RequestFragmentSharing | nodeId=313 | cellId=20001 | confidence=0.842 | fragments=0 1 2 3 4 5 6 7 

[EVENT] 46.458 | event=RequestFragmentSharing | nodeId=292 | cellId=20001 | confidence=0.842 | fragments=0 1 2 3 4 5 6 7 

[EVENT] 46.458 | event=RequestFragmentSharing | nodeId=99 | cellId=10002 | confidence=0.602 | fragments=4 5 6 7 

[EVENT] 46.458 | event=RequestFragmentSharing | nodeId=94 | cellId=10002 | confidence=0.602 | fragments=4 5 6 7 

[EVENT] 46.460 | event=RequestFragmentSharing | nodeId=214 | cellId=20001 | confidence=0.842 | fragments=0 1 2 3 4 5 6 7 

[EVENT] 46.460 | event=RequestFragmentSharing | nodeId=233 | cellId=20001 | confidence=0.842 | fragments=0 1 2 3 4 5 6 7 

[EVENT] 46.460 | event=RequestFragmentSharing | nodeId=155 | cellId=10002 | confidence=0.602 | fragments=4 5 6 7 

[EVENT] 46.460 | event=RequestFragmentSharing | nodeId=116 | cellId=10002 | confidence=0.602 | fragments=4 5 6 7 

[EVENT] 46.460 | event=RequestFragmentSharing | nodeId=134 | cellId=10002 | confidence=0.602 | fragments=4 5 6 7 

[EVENT] 46.460 | event=RequestFragmentSharing | nodeId=314 | cellId=20001 | confidence=0.842 | fragments=0 1 2 3 4 5 6 7 

[EVENT] 46.461 | event=RequestFragmentSharing | nodeId=194 | cellId=20001 | confidence=0.842 | fragments=0 1 2 3 4 5 6 7 

[EVENT] 46.461 | event=RequestFragmentSharing | nodeId=293 | cellId=20001 | confidence=0.842 | fragments=0 1 2 3 4 5 6 7 

[EVENT] 46.461 | event=RequestFragmentSharing | nodeId=276 | cellId=20001 | confidence=0.842 | fragments=0 1 2 3 4 5 6 7 

[EVENT] 46.461 | event=RequestFragmentSharing | nodeId=135 | cellId=10002 | confidence=0.602 | fragments=4 5 6 7 

[EVENT] 46.461 | event=RequestFragmentSharing | nodeId=274 | cellId=20001 | confidence=0.842 | fragments=0 1 2 3 4 5 6 7 

[EVENT] 46.462 | event=RequestFragmentSharing | nodeId=98 | cellId=10002 | confidence=0.602 | fragments=4 5 6 7 

[EVENT] 46.462 | event=RequestFragmentSharing | nodeId=271 | cellId=20001 | confidence=0.842 | fragments=0 1 2 3 4 5 6 7 

[EVENT] 46.463 | event=RequestFragmentSharing | nodeId=294 | cellId=20001 | confidence=0.842 | fragments=0 1 2 3 4 5 6 7 

[EVENT] 46.464 | event=RequestFragmentSharing | nodeId=296 | cellId=20001 | confidence=0.842 | fragments=0 1 2 3 4 5 6 7 

[EVENT] 46.464 | event=RequestFragmentSharing | nodeId=273 | cellId=20001 | confidence=0.842 | fragments=0 1 2 3 4 5 6 7 

[EVENT] 46.464 | event=RequestFragmentSharing | nodeId=119 | cellId=10002 | confidence=0.602 | fragments=4 5 6 7 

[EVENT] 46.464 | event=RequestFragmentSharing | nodeId=297 | cellId=20001 | confidence=0.842 | fragments=0 1 2 3 4 5 6 7 

[EVENT] 46.465 | event=RequestFragmentSharing | nodeId=95 | cellId=10002 | confidence=0.602 | fragments=4 5 6 7 

[EVENT] 46.465 | event=RequestFragmentSharing | nodeId=154 | cellId=10002 | confidence=0.602 | fragments=4 5 6 7 

[EVENT] 46.465 | event=RequestFragmentSharing | nodeId=77 | cellId=10002 | confidence=0.602 | fragments=4 5 6 7 

[EVENT] 46.465 | event=RequestFragmentSharing | nodeId=295 | cellId=20001 | confidence=0.842 | fragments=0 1 2 3 4 5 6 7 

[EVENT] 46.466 | event=RequestFragmentSharing | nodeId=136 | cellId=10002 | confidence=0.602 | fragments=4 5 6 7 

[EVENT] 46.466 | event=RequestFragmentSharing | nodeId=212 | cellId=20001 | confidence=0.842 | fragments=0 1 2 3 4 5 6 7 

[EVENT] 46.466 | event=RequestFragmentSharing | nodeId=232 | cellId=20001 | confidence=0.842 | fragments=0 1 2 3 4 5 6 7 

[EVENT] 46.466 | event=RequestFragmentSharing | nodeId=275 | cellId=20001 | confidence=0.842 | fragments=0 1 2 3 4 5 6 7 

[EVENT] 46.466 | event=RequestFragmentSharing | nodeId=279 | cellId=20002 | confidence=0.602 | fragments=4 5 6 7 

[EVENT] 46.466 | event=RequestFragmentSharing | nodeId=298 | cellId=20002 | confidence=0.602 | fragments=4 5 6 7 

[EVENT] 46.466 | event=RequestFragmentSharing | nodeId=253 | cellId=20001 | confidence=0.842 | fragments=0 1 2 3 4 5 6 7 

[EVENT] 46.466 | event=RequestFragmentSharing | nodeId=278 | cellId=20002 | confidence=0.602 | fragments=4 5 6 7 

[EVENT] 46.467 | event=RequestFragmentSharing | nodeId=213 | cellId=20001 | confidence=0.842 | fragments=0 1 2 3 4 5 6 7 

[EVENT] 46.467 | event=RequestFragmentSharing | nodeId=315 | cellId=20001 | confidence=0.842 | fragments=0 1 2 3 4 5 6 7 

[EVENT] 46.467 | event=RequestFragmentSharing | nodeId=78 | cellId=10002 | confidence=0.602 | fragments=4 5 6 7 

[EVENT] 46.468 | event=RequestFragmentSharing | nodeId=97 | cellId=10002 | confidence=0.602 | fragments=4 5 6 7 

[EVENT] 46.468 | event=RequestFragmentSharing | nodeId=139 | cellId=10002 | confidence=0.602 | fragments=4 5 6 7 

[EVENT] 46.468 | event=RequestFragmentSharing | nodeId=234 | cellId=20001 | confidence=0.842 | fragments=0 1 2 3 4 5 6 7 

[EVENT] 46.468 | event=RequestFragmentSharing | nodeId=277 | cellId=20001 | confidence=0.842 | fragments=0 1 2 3 4 5 6 7 

[EVENT] 46.469 | event=RequestFragmentSharing | nodeId=118 | cellId=10002 | confidence=0.602 | fragments=4 5 6 7 

[EVENT] 46.469 | event=RequestFragmentSharing | nodeId=252 | cellId=20001 | confidence=0.842 | fragments=0 1 2 3 4 5 6 7 

[EVENT] 46.469 | event=RequestFragmentSharing | nodeId=76 | cellId=10002 | confidence=0.602 | fragments=4 5 6 7 

[EVENT] 46.469 | event=RequestFragmentSharing | nodeId=251 | cellId=20001 | confidence=0.842 | fragments=0 1 2 3 4 5 6 7 

[EVENT] 46.471 | event=RequestFragmentSharing | nodeId=231 | cellId=20001 | confidence=0.842 | fragments=0 1 2 3 4 5 6 7 

[EVENT] 46.471 | event=RequestFragmentSharing | nodeId=272 | cellId=20001 | confidence=0.842 | fragments=0 1 2 3 4 5 6 7 

[EVENT] 47.235 | event=UAVFragmentBroadcast | nodeId=402 | fragmentId=8 | cycle=1 | confidence=0.206 | pixels=17305
402-R-156(8) 402-R-157(8) 402-R-158(8) 402-R-159(8) 402-R-175(8) 402-R-176(8) 402-R-177(8) 402-R-178(8) 402-R-179(8) 402-R-195(8) 402-R-196(8) 402-R-197(8) 402-R-198(8) 402-R-199(8) 402-R-215(8) 402-R-216(8) 402-R-217(8) 402-R-218(8) 402-R-219(8) 402-R-235(8) 402-R-236(8) 402-R-237(8) 402-R-238(8) 402-R-239(8) 402-R-256(8) 402-R-257(8) 402-R-258(8) 402-R-259(8) 402-R-277(8) 402-R-278(8) 259-S-279(8) 259-S-298(8) 259-S-299(8) 
[EVENT] 48.087 | event=RequestFragmentSharing | nodeId=259 | cellId=20002 | confidence=0.684 | fragments=4 5 6 7 8 
257-S-193(8) 257-S-194(8) 257-S-211(8) 257-S-212(8) 257-S-213(8) 257-S-214(8) 257-S-231(8) 257-S-232(8) 257-S-233(8) 257-S-234(8) 257-S-251(8) 257-S-252(8) 257-S-253(8) 257-S-254(8) 257-S-255(8) 257-S-271(8) 257-S-272(8) 257-S-273(8) 257-S-274(8) 257-S-275(8) 257-S-276(8) 257-S-291(8) 257-S-292(8) 257-S-293(8) 257-S-294(8) 257-S-295(8) 257-S-296(8) 257-S-297(8) 257-S-313(8) 257-S-314(8) 257-S-315(8) 
[EVENT] 48.095 | event=RequestFragmentSharing | nodeId=257 | cellId=20001 | confidence=0.874 | fragments=0 1 2 3 4 5 6 7 8 

[EVENT] 48.095 | event=RequestFragmentSharing | nodeId=239 | cellId=20002 | confidence=0.684 | fragments=4 5 6 7 8 
177-S-76(8) 177-S-77(8) 177-S-78(8) 177-S-79(8) 177-S-94(8) 177-S-95(8) 177-S-96(8) 177-S-97(8) 177-S-98(8) 177-S-99(8) 177-S-114(8) 177-S-115(8) 177-S-116(8) 177-S-117(8) 177-S-118(8) 177-S-119(8) 177-S-134(8) 177-S-135(8) 177-S-136(8) 177-S-137(8) 177-S-138(8) 177-S-139(8) 177-S-154(8) 177-S-155(8) 177-S-174(8) 
[EVENT] 48.095 | event=RequestFragmentSharing | nodeId=177 | cellId=10002 | confidence=0.684 | fragments=4 5 6 7 8 

[EVENT] 48.095 | event=RequestFragmentSharing | nodeId=178 | cellId=10002 | confidence=0.684 | fragments=4 5 6 7 8 

[EVENT] 48.096 | event=RequestFragmentSharing | nodeId=156 | cellId=10002 | confidence=0.684 | fragments=4 5 6 7 8 

[EVENT] 48.097 | event=RequestFragmentSharing | nodeId=179 | cellId=10002 | confidence=0.684 | fragments=4 5 6 7 8 

[EVENT] 48.098 | event=RequestFragmentSharing | nodeId=236 | cellId=20001 | confidence=0.874 | fragments=0 1 2 3 4 5 6 7 8 

[EVENT] 48.099 | event=RequestFragmentSharing | nodeId=199 | cellId=10002 | confidence=0.684 | fragments=4 5 6 7 8 

[EVENT] 48.099 | event=RequestFragmentSharing | nodeId=215 | cellId=20001 | confidence=0.874 | fragments=0 1 2 3 4 5 6 7 8 

[EVENT] 48.099 | event=RequestFragmentSharing | nodeId=216 | cellId=20001 | confidence=0.874 | fragments=0 1 2 3 4 5 6 7 8 

[EVENT] 48.100 | event=RequestFragmentSharing | nodeId=157 | cellId=10002 | confidence=0.684 | fragments=4 5 6 7 8 

[EVENT] 48.100 | event=RequestFragmentSharing | nodeId=237 | cellId=20001 | confidence=0.874 | fragments=0 1 2 3 4 5 6 7 8 

[EVENT] 48.103 | event=RequestFragmentSharing | nodeId=198 | cellId=10002 | confidence=0.684 | fragments=4 5 6 7 8 

[EVENT] 48.103 | event=RequestFragmentSharing | nodeId=256 | cellId=20001 | confidence=0.874 | fragments=0 1 2 3 4 5 6 7 8 

[EVENT] 48.103 | event=RequestFragmentSharing | nodeId=254 | cellId=20001 | confidence=0.874 | fragments=0 1 2 3 4 5 6 7 8 

[EVENT] 48.104 | event=RequestFragmentSharing | nodeId=137 | cellId=10002 | confidence=0.684 | fragments=4 5 6 7 8 

[EVENT] 48.105 | event=RequestFragmentSharing | nodeId=219 | cellId=20002 | confidence=0.684 | fragments=4 5 6 7 8 

[EVENT] 48.110 | event=RequestFragmentSharing | nodeId=279 | cellId=20002 | confidence=0.684 | fragments=4 5 6 7 8 

[EVENT] 48.110 | event=RequestFragmentSharing | nodeId=298 | cellId=20002 | confidence=0.684 | fragments=4 5 6 7 8 

[EVENT] 48.115 | event=RequestFragmentSharing | nodeId=276 | cellId=20001 | confidence=0.874 | fragments=0 1 2 3 4 5 6 7 8 

[EVENT] 48.115 | event=RequestFragmentSharing | nodeId=213 | cellId=20001 | confidence=0.874 | fragments=0 1 2 3 4 5 6 7 8 

[EVENT] 48.115 | event=RequestFragmentSharing | nodeId=154 | cellId=10002 | confidence=0.684 | fragments=4 5 6 7 8 

[EVENT] 48.116 | event=RequestFragmentSharing | nodeId=296 | cellId=20001 | confidence=0.874 | fragments=0 1 2 3 4 5 6 7 8 

[EVENT] 48.116 | event=RequestFragmentSharing | nodeId=96 | cellId=10002 | confidence=0.684 | fragments=4 5 6 7 8 

[EVENT] 48.116 | event=RequestFragmentSharing | nodeId=275 | cellId=20001 | confidence=0.874 | fragments=0 1 2 3 4 5 6 7 8 

[EVENT] 48.116 | event=RequestFragmentSharing | nodeId=99 | cellId=10002 | confidence=0.684 | fragments=4 5 6 7 8 

[EVENT] 48.117 | event=RequestFragmentSharing | nodeId=118 | cellId=10002 | confidence=0.684 | fragments=4 5 6 7 8 

[EVENT] 48.117 | event=RequestFragmentSharing | nodeId=272 | cellId=20001 | confidence=0.874 | fragments=0 1 2 3 4 5 6 7 8 

[EVENT] 48.117 | event=RequestFragmentSharing | nodeId=76 | cellId=10002 | confidence=0.684 | fragments=4 5 6 7 8 

[EVENT] 48.117 | event=RequestFragmentSharing | nodeId=211 | cellId=20001 | confidence=0.874 | fragments=0 1 2 3 4 5 6 7 8 

[EVENT] 48.118 | event=RequestFragmentSharing | nodeId=292 | cellId=20001 | confidence=0.874 | fragments=0 1 2 3 4 5 6 7 8 

[EVENT] 48.118 | event=RequestFragmentSharing | nodeId=135 | cellId=10002 | confidence=0.684 | fragments=4 5 6 7 8 

[EVENT] 48.119 | event=RequestFragmentSharing | nodeId=273 | cellId=20001 | confidence=0.874 | fragments=0 1 2 3 4 5 6 7 8 

[EVENT] 48.119 | event=RequestFragmentSharing | nodeId=174 | cellId=10002 | confidence=0.684 | fragments=4 5 6 7 8 

[EVENT] 48.119 | event=RequestFragmentSharing | nodeId=138 | cellId=10002 | confidence=0.684 | fragments=4 5 6 7 8 

[EVENT] 48.120 | event=RequestFragmentSharing | nodeId=139 | cellId=10002 | confidence=0.684 | fragments=4 5 6 7 8 

[EVENT] 48.120 | event=RequestFragmentSharing | nodeId=116 | cellId=10002 | confidence=0.684 | fragments=4 5 6 7 8 

[EVENT] 48.120 | event=RequestFragmentSharing | nodeId=253 | cellId=20001 | confidence=0.874 | fragments=0 1 2 3 4 5 6 7 8 

[EVENT] 48.120 | event=RequestFragmentSharing | nodeId=271 | cellId=20001 | confidence=0.874 | fragments=0 1 2 3 4 5 6 7 8 

[EVENT] 48.120 | event=RequestFragmentSharing | nodeId=95 | cellId=10002 | confidence=0.684 | fragments=4 5 6 7 8 

[EVENT] 48.120 | event=RequestFragmentSharing | nodeId=291 | cellId=20001 | confidence=0.874 | fragments=0 1 2 3 4 5 6 7 8 

[EVENT] 48.121 | event=RequestFragmentSharing | nodeId=293 | cellId=20001 | confidence=0.874 | fragments=0 1 2 3 4 5 6 7 8 

[EVENT] 48.121 | event=RequestFragmentSharing | nodeId=117 | cellId=10002 | confidence=0.684 | fragments=4 5 6 7 8 

[EVENT] 48.121 | event=RequestFragmentSharing | nodeId=79 | cellId=10002 | confidence=0.684 | fragments=4 5 6 7 8 

[EVENT] 48.121 | event=RequestFragmentSharing | nodeId=299 | cellId=20002 | confidence=0.684 | fragments=4 5 6 7 8 

[EVENT] 48.121 | event=RequestFragmentSharing | nodeId=274 | cellId=20001 | confidence=0.874 | fragments=0 1 2 3 4 5 6 7 8 

[EVENT] 48.122 | event=RequestFragmentSharing | nodeId=212 | cellId=20001 | confidence=0.874 | fragments=0 1 2 3 4 5 6 7 8 

[EVENT] 48.122 | event=RequestFragmentSharing | nodeId=78 | cellId=10002 | confidence=0.684 | fragments=4 5 6 7 8 

[EVENT] 48.122 | event=RequestFragmentSharing | nodeId=314 | cellId=20001 | confidence=0.874 | fragments=0 1 2 3 4 5 6 7 8 

[EVENT] 48.123 | event=RequestFragmentSharing | nodeId=233 | cellId=20001 | confidence=0.874 | fragments=0 1 2 3 4 5 6 7 8 

[EVENT] 48.123 | event=RequestFragmentSharing | nodeId=136 | cellId=10002 | confidence=0.684 | fragments=4 5 6 7 8 

[EVENT] 48.123 | event=RequestFragmentSharing | nodeId=251 | cellId=20001 | confidence=0.874 | fragments=0 1 2 3 4 5 6 7 8 

[EVENT] 48.123 | event=RequestFragmentSharing | nodeId=315 | cellId=20001 | confidence=0.874 | fragments=0 1 2 3 4 5 6 7 8 

[EVENT] 48.123 | event=RequestFragmentSharing | nodeId=234 | cellId=20001 | confidence=0.874 | fragments=0 1 2 3 4 5 6 7 8 

[EVENT] 48.124 | event=RequestFragmentSharing | nodeId=295 | cellId=20001 | confidence=0.874 | fragments=0 1 2 3 4 5 6 7 8 

[EVENT] 48.124 | event=RequestFragmentSharing | nodeId=115 | cellId=10002 | confidence=0.684 | fragments=4 5 6 7 8 

[EVENT] 48.124 | event=RequestFragmentSharing | nodeId=255 | cellId=20001 | confidence=0.874 | fragments=0 1 2 3 4 5 6 7 8 

[EVENT] 48.124 | event=RequestFragmentSharing | nodeId=294 | cellId=20001 | confidence=0.874 | fragments=0 1 2 3 4 5 6 7 8 

[EVENT] 48.124 | event=RequestFragmentSharing | nodeId=155 | cellId=10002 | confidence=0.684 | fragments=4 5 6 7 8 

[EVENT] 48.125 | event=RequestFragmentSharing | nodeId=119 | cellId=10002 | confidence=0.684 | fragments=4 5 6 7 8 

[EVENT] 48.125 | event=RequestFragmentSharing | nodeId=231 | cellId=20001 | confidence=0.874 | fragments=0 1 2 3 4 5 6 7 8 

[EVENT] 48.126 | event=RequestFragmentSharing | nodeId=214 | cellId=20001 | confidence=0.874 | fragments=0 1 2 3 4 5 6 7 8 

[EVENT] 48.126 | event=RequestFragmentSharing | nodeId=297 | cellId=20001 | confidence=0.874 | fragments=0 1 2 3 4 5 6 7 8 

[EVENT] 48.126 | event=RequestFragmentSharing | nodeId=98 | cellId=10002 | confidence=0.684 | fragments=4 5 6 7 8 

[EVENT] 48.126 | event=RequestFragmentSharing | nodeId=193 | cellId=20001 | confidence=0.874 | fragments=0 1 2 3 4 5 6 7 8 

[EVENT] 48.127 | event=RequestFragmentSharing | nodeId=94 | cellId=10002 | confidence=0.684 | fragments=4 5 6 7 8 

[EVENT] 48.127 | event=RequestFragmentSharing | nodeId=77 | cellId=10002 | confidence=0.684 | fragments=4 5 6 7 8 

[EVENT] 48.128 | event=RequestFragmentSharing | nodeId=97 | cellId=10002 | confidence=0.684 | fragments=4 5 6 7 8 

[EVENT] 48.128 | event=RequestFragmentSharing | nodeId=252 | cellId=20001 | confidence=0.874 | fragments=0 1 2 3 4 5 6 7 8 

[EVENT] 48.128 | event=RequestFragmentSharing | nodeId=313 | cellId=20001 | confidence=0.874 | fragments=0 1 2 3 4 5 6 7 8 

[EVENT] 48.128 | event=RequestFragmentSharing | nodeId=134 | cellId=10002 | confidence=0.684 | fragments=4 5 6 7 8 

[EVENT] 48.129 | event=RequestFragmentSharing | nodeId=232 | cellId=20001 | confidence=0.874 | fragments=0 1 2 3 4 5 6 7 8 

[EVENT] 48.129 | event=RequestFragmentSharing | nodeId=194 | cellId=20001 | confidence=0.874 | fragments=0 1 2 3 4 5 6 7 8 

[EVENT] 48.130 | event=RequestFragmentSharing | nodeId=114 | cellId=10002 | confidence=0.684 | fragments=4 5 6 7 8 

[EVENT] 48.897 | event=UAVFragmentBroadcast | nodeId=402 | fragmentId=9 | cycle=1 | confidence=0.206 | pixels=17305
402-R-175(9) 402-R-176(9) 402-R-177(9) 402-R-178(9) 402-R-179(9) 402-R-195(9) 402-R-196(9) 402-R-197(9) 402-R-198(9) 402-R-199(9) 402-R-215(9) 402-R-216(9) 402-R-217(9) 402-R-218(9) 402-R-219(9) 402-R-235(9) 402-R-236(9) 402-R-237(9) 402-R-238(9) 402-R-239(9) 402-R-255(9) 402-R-256(9) 402-R-257(9) 402-R-258(9) 402-R-259(9) 402-R-276(9) 402-R-277(9) 402-R-278(9) 402-R-279(9) 238-S-298(9) 238-S-299(9) 
[EVENT] 49.756 | event=RequestFragmentSharing | nodeId=238 | cellId=20002 | confidence=0.749 | fragments=4 5 6 7 8 9 

[EVENT] 49.757 | event=RequestFragmentSharing | nodeId=218 | cellId=20002 | confidence=0.749 | fragments=4 5 6 7 8 9 
175-S-159(9) 
[EVENT] 49.757 | event=RequestFragmentSharing | nodeId=159 | cellId=10002 | confidence=0.749 | fragments=4 5 6 7 8 9 
159-S-158(9) 158-S-174(9) 
[EVENT] 49.765 | event=RequestFragmentSharing | nodeId=158 | cellId=10002 | confidence=0.749 | fragments=4 5 6 7 8 9 
196-S-76(9) 196-S-77(9) 196-S-78(9) 196-S-79(9) 196-S-94(9) 196-S-95(9) 196-S-96(9) 196-S-97(9) 196-S-98(9) 196-S-99(9) 196-S-114(9) 196-S-115(9) 196-S-116(9) 196-S-117(9) 196-S-118(9) 196-S-119(9) 196-S-134(9) 196-S-135(9) 196-S-136(9) 196-S-137(9) 196-S-138(9) 196-S-139(9) 196-S-154(9) 196-S-155(9) 196-S-156(9) 196-S-157(9) 
[EVENT] 49.765 | event=RequestFragmentSharing | nodeId=196 | cellId=10002 | confidence=0.749 | fragments=4 5 6 7 8 9 

[EVENT] 49.765 | event=RequestFragmentSharing | nodeId=258 | cellId=20002 | confidence=0.749 | fragments=4 5 6 7 8 9 

[EVENT] 49.766 | event=RequestFragmentSharing | nodeId=175 | cellId=10002 | confidence=0.749 | fragments=4 5 6 7 8 9 

[EVENT] 49.768 | event=RequestFragmentSharing | nodeId=197 | cellId=10002 | confidence=0.749 | fragments=4 5 6 7 8 9 

[EVENT] 49.768 | event=RequestFragmentSharing | nodeId=176 | cellId=10002 | confidence=0.749 | fragments=4 5 6 7 8 9 

[EVENT] 49.768 | event=RequestFragmentSharing | nodeId=278 | cellId=20002 | confidence=0.749 | fragments=4 5 6 7 8 9 

[EVENT] 49.776 | event=RequestFragmentSharing | nodeId=137 | cellId=10002 | confidence=0.749 | fragments=4 5 6 7 8 9 

[EVENT] 49.779 | event=RequestFragmentSharing | nodeId=298 | cellId=20002 | confidence=0.749 | fragments=4 5 6 7 8 9 

[EVENT] 49.785 | event=RequestFragmentSharing | nodeId=155 | cellId=10002 | confidence=0.749 | fragments=4 5 6 7 8 9 

[EVENT] 49.785 | event=RequestFragmentSharing | nodeId=117 | cellId=10002 | confidence=0.749 | fragments=4 5 6 7 8 9 

[EVENT] 49.786 | event=RequestFragmentSharing | nodeId=154 | cellId=10002 | confidence=0.749 | fragments=4 5 6 7 8 9 

[EVENT] 49.786 | event=RequestFragmentSharing | nodeId=157 | cellId=10002 | confidence=0.749 | fragments=4 5 6 7 8 9 

[EVENT] 49.787 | event=RequestFragmentSharing | nodeId=118 | cellId=10002 | confidence=0.749 | fragments=4 5 6 7 8 9 

[EVENT] 49.787 | event=RequestFragmentSharing | nodeId=94 | cellId=10002 | confidence=0.749 | fragments=4 5 6 7 8 9 

[EVENT] 49.787 | event=RequestFragmentSharing | nodeId=299 | cellId=20002 | confidence=0.749 | fragments=4 5 6 7 8 9 

[EVENT] 49.788 | event=RequestFragmentSharing | nodeId=138 | cellId=10002 | confidence=0.749 | fragments=4 5 6 7 8 9 

[EVENT] 49.788 | event=RequestFragmentSharing | nodeId=136 | cellId=10002 | confidence=0.749 | fragments=4 5 6 7 8 9 

[EVENT] 49.789 | event=RequestFragmentSharing | nodeId=99 | cellId=10002 | confidence=0.749 | fragments=4 5 6 7 8 9 

[EVENT] 49.790 | event=RequestFragmentSharing | nodeId=98 | cellId=10002 | confidence=0.749 | fragments=4 5 6 7 8 9 

[EVENT] 49.790 | event=RequestFragmentSharing | nodeId=114 | cellId=10002 | confidence=0.749 | fragments=4 5 6 7 8 9 

[EVENT] 49.790 | event=RequestFragmentSharing | nodeId=156 | cellId=10002 | confidence=0.749 | fragments=4 5 6 7 8 9 

[EVENT] 49.790 | event=RequestFragmentSharing | nodeId=96 | cellId=10002 | confidence=0.749 | fragments=4 5 6 7 8 9 

[EVENT] 49.791 | event=RequestFragmentSharing | nodeId=134 | cellId=10002 | confidence=0.749 | fragments=4 5 6 7 8 9 

[EVENT] 49.792 | event=RequestFragmentSharing | nodeId=95 | cellId=10002 | confidence=0.749 | fragments=4 5 6 7 8 9 

[EVENT] 49.792 | event=RequestFragmentSharing | nodeId=115 | cellId=10002 | confidence=0.749 | fragments=4 5 6 7 8 9 

[EVENT] 49.794 | event=RequestFragmentSharing | nodeId=135 | cellId=10002 | confidence=0.749 | fragments=4 5 6 7 8 9 

[EVENT] 49.795 | event=RequestFragmentSharing | nodeId=79 | cellId=10002 | confidence=0.749 | fragments=4 5 6 7 8 9 

[EVENT] 49.796 | event=RequestFragmentSharing | nodeId=174 | cellId=10002 | confidence=0.749 | fragments=4 5 6 7 8 9 

[EVENT] 49.796 | event=RequestFragmentSharing | nodeId=119 | cellId=10002 | confidence=0.749 | fragments=4 5 6 7 8 9 

[EVENT] 49.796 | event=RequestFragmentSharing | nodeId=139 | cellId=10002 | confidence=0.749 | fragments=4 5 6 7 8 9 

[EVENT] 49.796 | event=RequestFragmentSharing | nodeId=77 | cellId=10002 | confidence=0.749 | fragments=4 5 6 7 8 9 

[EVENT] 49.798 | event=RequestFragmentSharing | nodeId=76 | cellId=10002 | confidence=0.749 | fragments=4 5 6 7 8 9 

[EVENT] 49.798 | event=RequestFragmentSharing | nodeId=78 | cellId=10002 | confidence=0.749 | fragments=4 5 6 7 8 9 

[EVENT] 49.799 | event=RequestFragmentSharing | nodeId=97 | cellId=10002 | confidence=0.749 | fragments=4 5 6 7 8 9 

[EVENT] 49.799 | event=RequestFragmentSharing | nodeId=116 | cellId=10002 | confidence=0.749 | fragments=4 5 6 7 8 9 

[EVENT] 50.558 | event=UAVFragmentBroadcast | nodeId=402 | fragmentId=0 | cycle=2 | confidence=0.206 | pixels=17306
402-R-176(0) 402-R-177(0) 402-R-178(0) 402-R-195(0) 402-R-196(0) 402-R-197(0) 402-R-198(0) 402-R-199(0) 402-R-214(0) 402-R-215(0) 402-R-216(0) 402-R-217(0) 402-R-218(0) 402-R-219(0) 402-R-234(0) 402-R-235(0) 402-R-236(0) 402-R-237(0) 402-R-238(0) 402-R-239(0) 402-R-255(0) 402-R-256(0) 402-R-257(0) 402-R-258(0) 402-R-259(0) 402-R-275(0) 402-R-276(0) 402-R-277(0) 402-R-278(0) 402-R-279(0) 259-S-298(0) 259-S-299(0) 
[EVENT] 51.397 | event=RequestFragmentSharing | nodeId=259 | cellId=20002 | confidence=0.800 | fragments=0 4 5 6 7 8 9 

[EVENT] 51.418 | event=RequestFragmentSharing | nodeId=298 | cellId=20002 | confidence=0.800 | fragments=0 4 5 6 7 8 9 
177-S-76(0) 177-S-77(0) 177-S-78(0) 177-S-79(0) 177-S-94(0) 177-S-95(0) 177-S-96(0) 177-S-97(0) 177-S-98(0) 177-S-99(0) 177-S-114(0) 177-S-115(0) 177-S-116(0) 177-S-117(0) 177-S-118(0) 177-S-119(0) 177-S-134(0) 177-S-135(0) 177-S-136(0) 177-S-137(0) 177-S-138(0) 177-S-139(0) 177-S-154(0) 177-S-155(0) 177-S-156(0) 177-S-157(0) 177-S-158(0) 177-S-159(0) 177-S-174(0) 177-S-175(0) 177-S-179(0) 
[EVENT] 51.421 | event=RequestFragmentSharing | nodeId=177 | cellId=10002 | confidence=0.800 | fragments=0 4 5 6 7 8 9 

[EVENT] 51.421 | event=RequestFragmentSharing | nodeId=178 | cellId=10002 | confidence=0.800 | fragments=0 4 5 6 7 8 9 

[EVENT] 51.422 | event=RequestFragmentSharing | nodeId=219 | cellId=20002 | confidence=0.800 | fragments=0 4 5 6 7 8 9 

[EVENT] 51.422 | event=RequestFragmentSharing | nodeId=279 | cellId=20002 | confidence=0.800 | fragments=0 4 5 6 7 8 9 

[EVENT] 51.425 | event=RequestFragmentSharing | nodeId=137 | cellId=10002 | confidence=0.800 | fragments=0 4 5 6 7 8 9 

[EVENT] 51.426 | event=RequestFragmentSharing | nodeId=299 | cellId=20002 | confidence=0.800 | fragments=0 4 5 6 7 8 9 

[EVENT] 51.428 | event=RequestFragmentSharing | nodeId=239 | cellId=20002 | confidence=0.800 | fragments=0 4 5 6 7 8 9 

[EVENT] 51.428 | event=RequestFragmentSharing | nodeId=179 | cellId=10002 | confidence=0.800 | fragments=0 4 5 6 7 8 9 

[EVENT] 51.429 | event=RequestFragmentSharing | nodeId=199 | cellId=10002 | confidence=0.800 | fragments=0 4 5 6 7 8 9 

[EVENT] 51.432 | event=RequestFragmentSharing | nodeId=198 | cellId=10002 | confidence=0.800 | fragments=0 4 5 6 7 8 9 

[EVENT] 51.441 | event=RequestFragmentSharing | nodeId=155 | cellId=10002 | confidence=0.800 | fragments=0 4 5 6 7 8 9 

[EVENT] 51.441 | event=RequestFragmentSharing | nodeId=156 | cellId=10002 | confidence=0.800 | fragments=0 4 5 6 7 8 9 

[EVENT] 51.442 | event=RequestFragmentSharing | nodeId=138 | cellId=10002 | confidence=0.800 | fragments=0 4 5 6 7 8 9 

[EVENT] 51.442 | event=RequestFragmentSharing | nodeId=77 | cellId=10002 | confidence=0.800 | fragments=0 4 5 6 7 8 9 

[EVENT] 51.442 | event=RequestFragmentSharing | nodeId=174 | cellId=10002 | confidence=0.800 | fragments=0 4 5 6 7 8 9 

[EVENT] 51.442 | event=RequestFragmentSharing | nodeId=98 | cellId=10002 | confidence=0.800 | fragments=0 4 5 6 7 8 9 

[EVENT] 51.443 | event=RequestFragmentSharing | nodeId=96 | cellId=10002 | confidence=0.800 | fragments=0 4 5 6 7 8 9 

[EVENT] 51.443 | event=RequestFragmentSharing | nodeId=79 | cellId=10002 | confidence=0.800 | fragments=0 4 5 6 7 8 9 

[EVENT] 51.444 | event=RequestFragmentSharing | nodeId=119 | cellId=10002 | confidence=0.800 | fragments=0 4 5 6 7 8 9 

[EVENT] 51.444 | event=RequestFragmentSharing | nodeId=157 | cellId=10002 | confidence=0.800 | fragments=0 4 5 6 7 8 9 

[EVENT] 51.445 | event=RequestFragmentSharing | nodeId=95 | cellId=10002 | confidence=0.800 | fragments=0 4 5 6 7 8 9 

[EVENT] 51.446 | event=RequestFragmentSharing | nodeId=117 | cellId=10002 | confidence=0.800 | fragments=0 4 5 6 7 8 9 

[EVENT] 51.447 | event=RequestFragmentSharing | nodeId=134 | cellId=10002 | confidence=0.800 | fragments=0 4 5 6 7 8 9 

[EVENT] 51.447 | event=RequestFragmentSharing | nodeId=154 | cellId=10002 | confidence=0.800 | fragments=0 4 5 6 7 8 9 

[EVENT] 51.447 | event=RequestFragmentSharing | nodeId=136 | cellId=10002 | confidence=0.800 | fragments=0 4 5 6 7 8 9 

[EVENT] 51.447 | event=RequestFragmentSharing | nodeId=175 | cellId=10002 | confidence=0.800 | fragments=0 4 5 6 7 8 9 

[EVENT] 51.447 | event=RequestFragmentSharing | nodeId=116 | cellId=10002 | confidence=0.800 | fragments=0 4 5 6 7 8 9 

[EVENT] 51.448 | event=RequestFragmentSharing | nodeId=139 | cellId=10002 | confidence=0.800 | fragments=0 4 5 6 7 8 9 

[EVENT] 51.448 | event=RequestFragmentSharing | nodeId=158 | cellId=10002 | confidence=0.800 | fragments=0 4 5 6 7 8 9 

[EVENT] 51.449 | event=RequestFragmentSharing | nodeId=159 | cellId=10002 | confidence=0.800 | fragments=0 4 5 6 7 8 9 

[EVENT] 51.449 | event=RequestFragmentSharing | nodeId=78 | cellId=10002 | confidence=0.800 | fragments=0 4 5 6 7 8 9 

[EVENT] 51.449 | event=RequestFragmentSharing | nodeId=114 | cellId=10002 | confidence=0.800 | fragments=0 4 5 6 7 8 9 

[EVENT] 51.450 | event=RequestFragmentSharing | nodeId=76 | cellId=10002 | confidence=0.800 | fragments=0 4 5 6 7 8 9 

[EVENT] 51.452 | event=RequestFragmentSharing | nodeId=115 | cellId=10002 | confidence=0.800 | fragments=0 4 5 6 7 8 9 

[EVENT] 51.454 | event=RequestFragmentSharing | nodeId=94 | cellId=10002 | confidence=0.800 | fragments=0 4 5 6 7 8 9 

[EVENT] 51.454 | event=RequestFragmentSharing | nodeId=135 | cellId=10002 | confidence=0.800 | fragments=0 4 5 6 7 8 9 

[EVENT] 51.454 | event=RequestFragmentSharing | nodeId=99 | cellId=10002 | confidence=0.800 | fragments=0 4 5 6 7 8 9 

[EVENT] 51.454 | event=RequestFragmentSharing | nodeId=97 | cellId=10002 | confidence=0.800 | fragments=0 4 5 6 7 8 9 

[EVENT] 51.454 | event=RequestFragmentSharing | nodeId=179 | cellId=10002 | confidence=0.800 | fragments=0 4 5 6 7 8 9 

[EVENT] 51.456 | event=RequestFragmentSharing | nodeId=118 | cellId=10002 | confidence=0.800 | fragments=0 4 5 6 7 8 9 

[EVENT] 52.219 | event=UAVFragmentBroadcast | nodeId=402 | fragmentId=1 | cycle=2 | confidence=0.206 | pixels=17306
402-R-177(1) 402-R-195(1) 402-R-196(1) 402-R-197(1) 402-R-198(1) 402-R-199(1) 402-R-214(1) 402-R-215(1) 402-R-216(1) 402-R-217(1) 402-R-218(1) 402-R-219(1) 402-R-234(1) 402-R-235(1) 402-R-236(1) 402-R-237(1) 402-R-238(1) 402-R-239(1) 402-R-254(1) 402-R-255(1) 402-R-256(1) 402-R-257(1) 402-R-258(1) 402-R-259(1) 402-R-275(1) 402-R-276(1) 402-R-277(1) 402-R-278(1) 402-R-279(1) 402-R-296(1) 402-R-297(1) 402-R-298(1) 218-S-299(1) 
[EVENT] 53.078 | event=RequestFragmentSharing | nodeId=218 | cellId=20002 | confidence=0.842 | fragments=0 1 4 5 6 7 8 9 

[EVENT] 53.080 | event=RequestFragmentSharing | nodeId=238 | cellId=20002 | confidence=0.842 | fragments=0 1 4 5 6 7 8 9 
177-S-176(1) 176-S-178(1) 176-S-179(1) 
[EVENT] 53.081 | event=RequestFragmentSharing | nodeId=176 | cellId=10002 | confidence=0.842 | fragments=0 1 4 5 6 7 8 9 

[EVENT] 53.088 | event=RequestFragmentSharing | nodeId=278 | cellId=20002 | confidence=0.842 | fragments=0 1 4 5 6 7 8 9 
196-S-76(1) 196-S-77(1) 196-S-78(1) 196-S-79(1) 196-S-94(1) 196-S-95(1) 196-S-96(1) 196-S-97(1) 196-S-98(1) 196-S-99(1) 196-S-114(1) 196-S-115(1) 196-S-116(1) 196-S-117(1) 196-S-118(1) 196-S-119(1) 196-S-134(1) 196-S-135(1) 196-S-136(1) 196-S-137(1) 196-S-138(1) 196-S-139(1) 196-S-154(1) 196-S-155(1) 196-S-156(1) 196-S-157(1) 196-S-158(1) 196-S-159(1) 196-S-174(1) 196-S-175(1) 
[EVENT] 53.089 | event=RequestFragmentSharing | nodeId=196 | cellId=10002 | confidence=0.842 | fragments=0 1 4 5 6 7 8 9 

[EVENT] 53.090 | event=RequestFragmentSharing | nodeId=137 | cellId=10002 | confidence=0.842 | fragments=0 1 4 5 6 7 8 9 

[EVENT] 53.091 | event=RequestFragmentSharing | nodeId=197 | cellId=10002 | confidence=0.842 | fragments=0 1 4 5 6 7 8 9 

[EVENT] 53.092 | event=RequestFragmentSharing | nodeId=258 | cellId=20002 | confidence=0.842 | fragments=0 1 4 5 6 7 8 9 

[EVENT] 53.104 | event=RequestFragmentSharing | nodeId=178 | cellId=10002 | confidence=0.842 | fragments=0 1 4 5 6 7 8 9 

[EVENT] 53.108 | event=RequestFragmentSharing | nodeId=179 | cellId=10002 | confidence=0.842 | fragments=0 1 4 5 6 7 8 9 

[EVENT] 53.109 | event=RequestFragmentSharing | nodeId=299 | cellId=20002 | confidence=0.842 | fragments=0 1 4 5 6 7 8 9 

[EVENT] 53.111 | event=RequestFragmentSharing | nodeId=77 | cellId=10002 | confidence=0.842 | fragments=0 1 4 5 6 7 8 9 

[EVENT] 53.111 | event=RequestFragmentSharing | nodeId=79 | cellId=10002 | confidence=0.842 | fragments=0 1 4 5 6 7 8 9 

[EVENT] 53.111 | event=RequestFragmentSharing | nodeId=138 | cellId=10002 | confidence=0.842 | fragments=0 1 4 5 6 7 8 9 

[EVENT] 53.113 | event=RequestFragmentSharing | nodeId=98 | cellId=10002 | confidence=0.842 | fragments=0 1 4 5 6 7 8 9 

[EVENT] 53.113 | event=RequestFragmentSharing | nodeId=99 | cellId=10002 | confidence=0.842 | fragments=0 1 4 5 6 7 8 9 

[EVENT] 53.114 | event=RequestFragmentSharing | nodeId=139 | cellId=10002 | confidence=0.842 | fragments=0 1 4 5 6 7 8 9 

[EVENT] 53.114 | event=RequestFragmentSharing | nodeId=114 | cellId=10002 | confidence=0.842 | fragments=0 1 4 5 6 7 8 9 

[EVENT] 53.114 | event=RequestFragmentSharing | nodeId=134 | cellId=10002 | confidence=0.842 | fragments=0 1 4 5 6 7 8 9 

[EVENT] 53.114 | event=RequestFragmentSharing | nodeId=116 | cellId=10002 | confidence=0.842 | fragments=0 1 4 5 6 7 8 9 

[EVENT] 53.114 | event=RequestFragmentSharing | nodeId=118 | cellId=10002 | confidence=0.842 | fragments=0 1 4 5 6 7 8 9 

[EVENT] 53.114 | event=RequestFragmentSharing | nodeId=157 | cellId=10002 | confidence=0.842 | fragments=0 1 4 5 6 7 8 9 

[EVENT] 53.114 | event=RequestFragmentSharing | nodeId=136 | cellId=10002 | confidence=0.842 | fragments=0 1 4 5 6 7 8 9 

[EVENT] 53.115 | event=RequestFragmentSharing | nodeId=159 | cellId=10002 | confidence=0.842 | fragments=0 1 4 5 6 7 8 9 

[EVENT] 53.115 | event=RequestFragmentSharing | nodeId=76 | cellId=10002 | confidence=0.842 | fragments=0 1 4 5 6 7 8 9 

[EVENT] 53.116 | event=RequestFragmentSharing | nodeId=175 | cellId=10002 | confidence=0.842 | fragments=0 1 4 5 6 7 8 9 

[EVENT] 53.117 | event=RequestFragmentSharing | nodeId=115 | cellId=10002 | confidence=0.842 | fragments=0 1 4 5 6 7 8 9 

[EVENT] 53.117 | event=RequestFragmentSharing | nodeId=174 | cellId=10002 | confidence=0.842 | fragments=0 1 4 5 6 7 8 9 

[EVENT] 53.117 | event=RequestFragmentSharing | nodeId=95 | cellId=10002 | confidence=0.842 | fragments=0 1 4 5 6 7 8 9 

[EVENT] 53.117 | event=RequestFragmentSharing | nodeId=117 | cellId=10002 | confidence=0.842 | fragments=0 1 4 5 6 7 8 9 

[EVENT] 53.118 | event=RequestFragmentSharing | nodeId=156 | cellId=10002 | confidence=0.842 | fragments=0 1 4 5 6 7 8 9 

[EVENT] 53.119 | event=RequestFragmentSharing | nodeId=97 | cellId=10002 | confidence=0.842 | fragments=0 1 4 5 6 7 8 9 

[EVENT] 53.120 | event=RequestFragmentSharing | nodeId=96 | cellId=10002 | confidence=0.842 | fragments=0 1 4 5 6 7 8 9 

[EVENT] 53.120 | event=RequestFragmentSharing | nodeId=78 | cellId=10002 | confidence=0.842 | fragments=0 1 4 5 6 7 8 9 

[EVENT] 53.122 | event=RequestFragmentSharing | nodeId=155 | cellId=10002 | confidence=0.842 | fragments=0 1 4 5 6 7 8 9 

[EVENT] 53.123 | event=RequestFragmentSharing | nodeId=135 | cellId=10002 | confidence=0.842 | fragments=0 1 4 5 6 7 8 9 

[EVENT] 53.124 | event=RequestFragmentSharing | nodeId=158 | cellId=10002 | confidence=0.842 | fragments=0 1 4 5 6 7 8 9 

[EVENT] 53.124 | event=RequestFragmentSharing | nodeId=119 | cellId=10002 | confidence=0.842 | fragments=0 1 4 5 6 7 8 9 

[EVENT] 53.124 | event=RequestFragmentSharing | nodeId=94 | cellId=10002 | confidence=0.842 | fragments=0 1 4 5 6 7 8 9 

[EVENT] 53.124 | event=RequestFragmentSharing | nodeId=154 | cellId=10002 | confidence=0.842 | fragments=0 1 4 5 6 7 8 9 

[EVENT] 53.881 | event=UAVFragmentBroadcast | nodeId=402 | fragmentId=2 | cycle=2 | confidence=0.206 | pixels=17306
402-R-195(2) 402-R-196(2) 402-R-197(2) 402-R-198(2) 402-R-214(2) 402-R-215(2) 402-R-216(2) 402-R-217(2) 402-R-218(2) 402-R-219(2) 402-R-234(2) 402-R-235(2) 402-R-236(2) 402-R-237(2) 402-R-238(2) 402-R-239(2) 402-R-254(2) 402-R-255(2) 402-R-256(2) 402-R-257(2) 402-R-258(2) 402-R-259(2) 402-R-274(2) 402-R-275(2) 402-R-276(2) 402-R-277(2) 402-R-278(2) 402-R-279(2) 402-R-295(2) 402-R-296(2) 402-R-297(2) 402-R-298(2) 259-S-299(2) 
[EVENT] 54.732 | event=RequestFragmentSharing | nodeId=259 | cellId=20002 | confidence=0.874 | fragments=0 1 2 4 5 6 7 8 9 

[EVENT] 54.743 | event=RequestFragmentSharing | nodeId=298 | cellId=20002 | confidence=0.874 | fragments=0 1 2 4 5 6 7 8 9 

[EVENT] 54.744 | event=RequestFragmentSharing | nodeId=219 | cellId=20002 | confidence=0.874 | fragments=0 1 2 4 5 6 7 8 9 

[EVENT] 54.746 | event=RequestFragmentSharing | nodeId=239 | cellId=20002 | confidence=0.874 | fragments=0 1 2 4 5 6 7 8 9 
198-S-76(2) 198-S-77(2) 198-S-78(2) 198-S-79(2) 198-S-94(2) 198-S-95(2) 198-S-96(2) 198-S-97(2) 198-S-98(2) 198-S-99(2) 198-S-114(2) 198-S-115(2) 198-S-116(2) 198-S-117(2) 198-S-118(2) 198-S-119(2) 198-S-134(2) 198-S-135(2) 198-S-136(2) 198-S-137(2) 198-S-138(2) 198-S-139(2) 198-S-154(2) 198-S-155(2) 198-S-156(2) 198-S-157(2) 198-S-158(2) 198-S-159(2) 198-S-174(2) 198-S-175(2) 198-S-176(2) 198-S-177(2) 198-S-178(2) 198-S-179(2) 198-S-199(2) 
[EVENT] 54.747 | event=RequestFragmentSharing | nodeId=198 | cellId=10002 | confidence=0.874 | fragments=0 1 2 4 5 6 7 8 9 

[EVENT] 54.751 | event=RequestFragmentSharing | nodeId=177 | cellId=10002 | confidence=0.874 | fragments=0 1 2 4 5 6 7 8 9 

[EVENT] 54.753 | event=RequestFragmentSharing | nodeId=279 | cellId=20002 | confidence=0.874 | fragments=0 1 2 4 5 6 7 8 9 

[EVENT] 54.754 | event=RequestFragmentSharing | nodeId=199 | cellId=10002 | confidence=0.874 | fragments=0 1 2 4 5 6 7 8 9 

[EVENT] 54.757 | event=RequestFragmentSharing | nodeId=137 | cellId=10002 | confidence=0.874 | fragments=0 1 2 4 5 6 7 8 9 

[EVENT] 54.761 | event=RequestFragmentSharing | nodeId=299 | cellId=20002 | confidence=0.874 | fragments=0 1 2 4 5 6 7 8 9 

[EVENT] 54.767 | event=RequestFragmentSharing | nodeId=199 | cellId=10002 | confidence=0.874 | fragments=0 1 2 4 5 6 7 8 9 

[EVENT] 54.768 | event=RequestFragmentSharing | nodeId=96 | cellId=10002 | confidence=0.874 | fragments=0 1 2 4 5 6 7 8 9 

[EVENT] 54.768 | event=RequestFragmentSharing | nodeId=158 | cellId=10002 | confidence=0.874 | fragments=0 1 2 4 5 6 7 8 9 

[EVENT] 54.768 | event=RequestFragmentSharing | nodeId=136 | cellId=10002 | confidence=0.874 | fragments=0 1 2 4 5 6 7 8 9 

[EVENT] 54.769 | event=RequestFragmentSharing | nodeId=157 | cellId=10002 | confidence=0.874 | fragments=0 1 2 4 5 6 7 8 9 

[EVENT] 54.769 | event=RequestFragmentSharing | nodeId=97 | cellId=10002 | confidence=0.874 | fragments=0 1 2 4 5 6 7 8 9 

[EVENT] 54.769 | event=RequestFragmentSharing | nodeId=175 | cellId=10002 | confidence=0.874 | fragments=0 1 2 4 5 6 7 8 9 

[EVENT] 54.770 | event=RequestFragmentSharing | nodeId=79 | cellId=10002 | confidence=0.874 | fragments=0 1 2 4 5 6 7 8 9 

[EVENT] 54.770 | event=RequestFragmentSharing | nodeId=78 | cellId=10002 | confidence=0.874 | fragments=0 1 2 4 5 6 7 8 9 

[EVENT] 54.771 | event=RequestFragmentSharing | nodeId=139 | cellId=10002 | confidence=0.874 | fragments=0 1 2 4 5 6 7 8 9 

[EVENT] 54.771 | event=RequestFragmentSharing | nodeId=179 | cellId=10002 | confidence=0.874 | fragments=0 1 2 4 5 6 7 8 9 

[EVENT] 54.771 | event=RequestFragmentSharing | nodeId=117 | cellId=10002 | confidence=0.874 | fragments=0 1 2 4 5 6 7 8 9 

[EVENT] 54.771 | event=RequestFragmentSharing | nodeId=138 | cellId=10002 | confidence=0.874 | fragments=0 1 2 4 5 6 7 8 9 

[EVENT] 54.772 | event=RequestFragmentSharing | nodeId=118 | cellId=10002 | confidence=0.874 | fragments=0 1 2 4 5 6 7 8 9 

[EVENT] 54.773 | event=RequestFragmentSharing | nodeId=76 | cellId=10002 | confidence=0.874 | fragments=0 1 2 4 5 6 7 8 9 

[EVENT] 54.773 | event=RequestFragmentSharing | nodeId=114 | cellId=10002 | confidence=0.874 | fragments=0 1 2 4 5 6 7 8 9 

[EVENT] 54.774 | event=RequestFragmentSharing | nodeId=95 | cellId=10002 | confidence=0.874 | fragments=0 1 2 4 5 6 7 8 9 

[EVENT] 54.774 | event=RequestFragmentSharing | nodeId=178 | cellId=10002 | confidence=0.874 | fragments=0 1 2 4 5 6 7 8 9 

[EVENT] 54.775 | event=RequestFragmentSharing | nodeId=116 | cellId=10002 | confidence=0.874 | fragments=0 1 2 4 5 6 7 8 9 

[EVENT] 54.776 | event=RequestFragmentSharing | nodeId=154 | cellId=10002 | confidence=0.874 | fragments=0 1 2 4 5 6 7 8 9 

[EVENT] 54.777 | event=RequestFragmentSharing | nodeId=119 | cellId=10002 | confidence=0.874 | fragments=0 1 2 4 5 6 7 8 9 

[EVENT] 54.777 | event=RequestFragmentSharing | nodeId=115 | cellId=10002 | confidence=0.874 | fragments=0 1 2 4 5 6 7 8 9 

[EVENT] 54.777 | event=RequestFragmentSharing | nodeId=135 | cellId=10002 | confidence=0.874 | fragments=0 1 2 4 5 6 7 8 9 

[EVENT] 54.778 | event=RequestFragmentSharing | nodeId=174 | cellId=10002 | confidence=0.874 | fragments=0 1 2 4 5 6 7 8 9 

[EVENT] 54.779 | event=RequestFragmentSharing | nodeId=155 | cellId=10002 | confidence=0.874 | fragments=0 1 2 4 5 6 7 8 9 

[EVENT] 54.779 | event=RequestFragmentSharing | nodeId=156 | cellId=10002 | confidence=0.874 | fragments=0 1 2 4 5 6 7 8 9 

[EVENT] 54.780 | event=RequestFragmentSharing | nodeId=177 | cellId=10002 | confidence=0.874 | fragments=0 1 2 4 5 6 7 8 9 

[EVENT] 54.780 | event=RequestFragmentSharing | nodeId=134 | cellId=10002 | confidence=0.874 | fragments=0 1 2 4 5 6 7 8 9 

[EVENT] 54.780 | event=RequestFragmentSharing | nodeId=99 | cellId=10002 | confidence=0.874 | fragments=0 1 2 4 5 6 7 8 9 

[EVENT] 54.781 | event=RequestFragmentSharing | nodeId=176 | cellId=10002 | confidence=0.874 | fragments=0 1 2 4 5 6 7 8 9 

[EVENT] 54.781 | event=RequestFragmentSharing | nodeId=77 | cellId=10002 | confidence=0.874 | fragments=0 1 2 4 5 6 7 8 9 

[EVENT] 54.782 | event=RequestFragmentSharing | nodeId=98 | cellId=10002 | confidence=0.874 | fragments=0 1 2 4 5 6 7 8 9 

[EVENT] 54.782 | event=RequestFragmentSharing | nodeId=94 | cellId=10002 | confidence=0.874 | fragments=0 1 2 4 5 6 7 8 9 

[EVENT] 54.782 | event=RequestFragmentSharing | nodeId=159 | cellId=10002 | confidence=0.874 | fragments=0 1 2 4 5 6 7 8 9 

[EVENT] 55.500 | event=SuspiciousConfidenceSnapshot | 76(0.874) 77(0.874) 78(0.874) 79(0.874) 94(0.874) 95(0.874) 96(0.874) 97(0.874) 98(0.874) 99(0.874) 114(0.874) 115(0.874) 116(0.874) 117(0.874) 118(0.874) 119(0.874) 134(0.874) 135(0.874) 136(0.874) 137(0.874) 138(0.874) 139(0.874) 154(0.874) 155(0.874) 156(0.874) 157(0.874) 158(0.874) 159(0.874) 174(0.874) 175(0.874) 176(0.874) 177(0.874) 178(0.874) 179(0.874) 193(0.874) 194(0.874) 195(0.900) 196(0.874) 197(0.874) 198(0.874) 199(0.874) 211(0.874) 212(0.874) 213(0.874) 214(0.874) 215(0.900) 216(0.900) 217(0.900) 218(0.874) 219(0.874) 231(0.874) 232(0.874) 233(0.874) 234(0.874) 235(0.900) 236(0.900) 237(0.900) 238(0.874) 239(0.874) 251(0.874) 252(0.874) 253(0.874) 254(0.874) 255(0.900) 256(0.900) 257(0.900) 258(0.874) 259(0.874) 271(0.874) 272(0.874) 273(0.874) 274(0.874) 275(0.874) 276(0.900) 277(0.900) 278(0.874) 279(0.874) 291(0.874) 292(0.874) 293(0.874) 294(0.874) 295(0.874) 296(0.874) 297(0.874) 298(0.874) 299(0.874) 309(0.499) 310(0.499) 311(0.499) 312(0.499) 313(0.874) 314(0.874) 315(0.874) 316(0.602) 317(0.602) 318(0.602) 319(0.602) 327(0.499) 328(0.499) 329(0.499) 330(0.499) 331(0.499) 332(0.499) 333(0.499) 334(0.602) 335(0.602) 336(0.602) 337(0.602) 338(0.602) 339(0.602) 347(0.499) 348(0.499) 349(0.499) 350(0.499) 351(0.499) 352(0.499) 353(0.499) 354(0.602) 355(0.602) 356(0.602) 357(0.602) 358(0.602) 359(0.602) 367(0.499) 368(0.499) 369(0.499) 370(0.499) 371(0.499) 372(0.499) 373(0.499) 374(0.602) 375(0.602) 376(0.602) 377(0.602) 378(0.602) 379(0.602) 387(0.499) 388(0.499) 389(0.499) 390(0.499) 391(0.499) 392(0.499) 393(0.499) 394(0.602) 395(0.602) 396(0.602) 397(0.602) 398(0.602) 399(0.602) 

[EVENT] 55.542 | event=UAVFragmentBroadcast | nodeId=402 | fragmentId=3 | cycle=2 | confidence=0.206 | pixels=17306
402-R-196(3) 402-R-197(3) 402-R-214(3) 402-R-215(3) 402-R-216(3) 402-R-217(3) 402-R-218(3) 402-R-234(3) 402-R-235(3) 402-R-236(3) 402-R-237(3) 402-R-238(3) 402-R-239(3) 402-R-253(3) 402-R-254(3) 402-R-255(3) 402-R-256(3) 402-R-257(3) 402-R-258(3) 402-R-259(3) 402-R-274(3) 402-R-275(3) 402-R-276(3) 402-R-277(3) 402-R-278(3) 402-R-279(3) 402-R-294(3) 402-R-295(3) 402-R-296(3) 402-R-297(3) 402-R-298(3) 402-R-315(3) 402-R-316(3) 402-R-317(3) 
[EVENT] 57.203 | event=UAVFragmentBroadcast | nodeId=402 | fragmentId=4 | cycle=2 | confidence=0.206 | pixels=17306
402-R-215(4) 402-R-216(4) 402-R-217(4) 402-R-234(4) 402-R-235(4) 402-R-236(4) 402-R-237(4) 402-R-238(4) 402-R-253(4) 402-R-254(4) 402-R-255(4) 402-R-256(4) 402-R-257(4) 402-R-258(4) 402-R-259(4) 402-R-273(4) 402-R-274(4) 402-R-275(4) 402-R-276(4) 402-R-277(4) 402-R-278(4) 402-R-279(4) 402-R-294(4) 402-R-295(4) 402-R-296(4) 402-R-297(4) 402-R-298(4) 402-R-314(4) 402-R-315(4) 402-R-316(4) 402-R-317(4) 402-R-318(4) 
[EVENT] 58.865 | event=UAVFragmentBroadcast | nodeId=402 | fragmentId=5 | cycle=2 | confidence=0.206 | pixels=17306
402-R-215(5) 402-R-216(5) 402-R-234(5) 402-R-235(5) 402-R-236(5) 402-R-237(5) 402-R-238(5) 402-R-253(5) 402-R-254(5) 402-R-255(5) 402-R-256(5) 402-R-257(5) 402-R-258(5) 402-R-273(5) 402-R-274(5) 402-R-275(5) 402-R-276(5) 402-R-277(5) 402-R-278(5) 402-R-293(5) 402-R-294(5) 402-R-295(5) 402-R-296(5) 402-R-297(5) 402-R-298(5) 402-R-314(5) 402-R-315(5) 402-R-316(5) 402-R-317(5) 402-R-318(5) 402-R-335(5) 402-R-336(5) 402-R-337(5) 318-S-319(4) 318-S-319(5) 318-S-334(4) 318-S-334(5) 318-S-335(4) 318-S-336(4) 318-S-337(4) 318-S-338(4) 318-S-338(5) 318-S-339(4) 318-S-339(5) 318-S-354(4) 318-S-354(5) 318-S-355(4) 318-S-355(5) 318-S-356(4) 318-S-356(5) 318-S-357(4) 318-S-357(5) 318-S-358(4) 318-S-358(5) 318-S-359(4) 318-S-359(5) 318-S-374(4) 318-S-374(5) 318-S-375(4) 318-S-375(5) 318-S-376(4) 318-S-376(5) 318-S-377(4) 318-S-377(5) 318-S-378(4) 318-S-378(5) 318-S-379(4) 318-S-379(5) 318-S-394(4) 318-S-394(5) 318-S-395(4) 318-S-395(5) 318-S-396(4) 318-S-396(5) 318-S-397(4) 318-S-397(5) 318-S-398(4) 318-S-398(5) 318-S-399(4) 318-S-399(5) 
[EVENT] 59.724 | event=RequestFragmentSharing | nodeId=318 | cellId=30001 | confidence=0.749 | fragments=0 1 2 3 4 5 

[EVENT] 59.729 | event=RequestFragmentSharing | nodeId=316 | cellId=30001 | confidence=0.749 | fragments=0 1 2 3 4 5 

[EVENT] 59.734 | event=RequestFragmentSharing | nodeId=377 | cellId=30001 | confidence=0.749 | fragments=0 1 2 3 4 5 

[EVENT] 59.736 | event=RequestFragmentSharing | nodeId=317 | cellId=30001 | confidence=0.749 | fragments=0 1 2 3 4 5 

[EVENT] 59.744 | event=RequestFragmentSharing | nodeId=335 | cellId=30001 | confidence=0.749 | fragments=0 1 2 3 4 5 

[EVENT] 59.745 | event=RequestFragmentSharing | nodeId=336 | cellId=30001 | confidence=0.749 | fragments=0 1 2 3 4 5 

[EVENT] 59.747 | event=RequestFragmentSharing | nodeId=375 | cellId=30001 | confidence=0.749 | fragments=0 1 2 3 4 5 

[EVENT] 59.748 | event=RequestFragmentSharing | nodeId=396 | cellId=30001 | confidence=0.749 | fragments=0 1 2 3 4 5 

[EVENT] 59.748 | event=RequestFragmentSharing | nodeId=376 | cellId=30001 | confidence=0.749 | fragments=0 1 2 3 4 5 

[EVENT] 59.749 | event=RequestFragmentSharing | nodeId=356 | cellId=30001 | confidence=0.749 | fragments=0 1 2 3 4 5 

[EVENT] 59.750 | event=RequestFragmentSharing | nodeId=358 | cellId=30001 | confidence=0.749 | fragments=0 1 2 3 4 5 

[EVENT] 59.750 | event=RequestFragmentSharing | nodeId=319 | cellId=30001 | confidence=0.749 | fragments=0 1 2 3 4 5 

[EVENT] 59.752 | event=RequestFragmentSharing | nodeId=338 | cellId=30001 | confidence=0.749 | fragments=0 1 2 3 4 5 

[EVENT] 59.752 | event=RequestFragmentSharing | nodeId=355 | cellId=30001 | confidence=0.749 | fragments=0 1 2 3 4 5 

[EVENT] 59.752 | event=RequestFragmentSharing | nodeId=334 | cellId=30001 | confidence=0.749 | fragments=0 1 2 3 4 5 

[EVENT] 59.752 | event=RequestFragmentSharing | nodeId=399 | cellId=30001 | confidence=0.749 | fragments=0 1 2 3 4 5 

[EVENT] 59.753 | event=RequestFragmentSharing | nodeId=339 | cellId=30001 | confidence=0.749 | fragments=0 1 2 3 4 5 

[EVENT] 59.753 | event=RequestFragmentSharing | nodeId=359 | cellId=30001 | confidence=0.749 | fragments=0 1 2 3 4 5 

[EVENT] 59.754 | event=RequestFragmentSharing | nodeId=357 | cellId=30001 | confidence=0.749 | fragments=0 1 2 3 4 5 

[EVENT] 59.754 | event=RequestFragmentSharing | nodeId=397 | cellId=30001 | confidence=0.749 | fragments=0 1 2 3 4 5 

[EVENT] 59.754 | event=RequestFragmentSharing | nodeId=354 | cellId=30001 | confidence=0.749 | fragments=0 1 2 3 4 5 

[EVENT] 59.754 | event=RequestFragmentSharing | nodeId=398 | cellId=30001 | confidence=0.749 | fragments=0 1 2 3 4 5 

[EVENT] 59.754 | event=RequestFragmentSharing | nodeId=379 | cellId=30001 | confidence=0.749 | fragments=0 1 2 3 4 5 

[EVENT] 59.755 | event=RequestFragmentSharing | nodeId=394 | cellId=30001 | confidence=0.749 | fragments=0 1 2 3 4 5 

[EVENT] 59.755 | event=RequestFragmentSharing | nodeId=395 | cellId=30001 | confidence=0.749 | fragments=0 1 2 3 4 5 

[EVENT] 59.757 | event=RequestFragmentSharing | nodeId=378 | cellId=30001 | confidence=0.749 | fragments=0 1 2 3 4 5 

[EVENT] 59.758 | event=RequestFragmentSharing | nodeId=374 | cellId=30001 | confidence=0.749 | fragments=0 1 2 3 4 5 

[EVENT] 59.758 | event=RequestFragmentSharing | nodeId=337 | cellId=30001 | confidence=0.749 | fragments=0 1 2 3 4 5 

[EVENT] 60.526 | event=UAVFragmentBroadcast | nodeId=402 | fragmentId=6 | cycle=2 | confidence=0.206 | pixels=17305
402-R-234(6) 402-R-235(6) 402-R-236(6) 402-R-237(6) 402-R-253(6) 402-R-254(6) 402-R-255(6) 402-R-256(6) 402-R-257(6) 402-R-258(6) 402-R-273(6) 402-R-274(6) 402-R-275(6) 402-R-276(6) 402-R-277(6) 402-R-278(6) 402-R-293(6) 402-R-294(6) 402-R-295(6) 402-R-296(6) 402-R-297(6) 402-R-298(6) 402-R-313(6) 402-R-314(6) 402-R-315(6) 402-R-316(6) 402-R-317(6) 402-R-318(6) 402-R-334(6) 402-R-335(6) 402-R-336(6) 402-R-337(6) 
[EVENT] 61.351 | event=UAVWaypointArrival | nodeId=401 | cycle=1 | pos=(320.000,80.000,20.000)
335-S-319(6) 335-S-338(6) 335-S-339(6) 335-S-354(6) 335-S-355(6) 335-S-356(6) 335-S-357(6) 335-S-358(6) 335-S-359(6) 335-S-374(6) 335-S-375(6) 335-S-376(6) 335-S-377(6) 
[EVENT] 61.399 | event=UAV2MissionComplete | triggerNodeId=377 | confidence=0.800
[SUSPICIOUS-POINT-MISSION-COMPLETE] 61.399 | nodeId=377 | confidence=0.800 | totalFrags=7 | fromUAV=0 | fromPeers=7 | fragments=0 1 2 3 4 5 6 
335-S-378(6) 335-S-379(6) 335-S-394(6) 335-S-395(6) 335-S-396(6) 335-S-397(6) 335-S-398(6) 335-S-399(6) 
[EVENT] 61.399 | event=RequestFragmentSharing | nodeId=335 | cellId=30001 | confidence=0.800 | fragments=0 1 2 3 4 5 6 

[EVENT] 61.399 | event=RequestFragmentSharing | nodeId=336 | cellId=30001 | confidence=0.800 | fragments=0 1 2 3 4 5 6 

[EVENT] 61.399 | event=RequestFragmentSharing | nodeId=337 | cellId=30001 | confidence=0.800 | fragments=0 1 2 3 4 5 6 

[EVENT] 61.407 | event=RequestFragmentSharing | nodeId=377 | cellId=30001 | confidence=0.800 | fragments=0 1 2 3 4 5 6 

[EVENT] 61.419 | event=RequestFragmentSharing | nodeId=356 | cellId=30001 | confidence=0.800 | fragments=0 1 2 3 4 5 6 

[EVENT] 61.420 | event=RequestFragmentSharing | nodeId=358 | cellId=30001 | confidence=0.800 | fragments=0 1 2 3 4 5 6 

[EVENT] 61.421 | event=RequestFragmentSharing | nodeId=399 | cellId=30001 | confidence=0.800 | fragments=0 1 2 3 4 5 6 

[EVENT] 61.422 | event=RequestFragmentSharing | nodeId=359 | cellId=30001 | confidence=0.800 | fragments=0 1 2 3 4 5 6 

[EVENT] 61.422 | event=RequestFragmentSharing | nodeId=339 | cellId=30001 | confidence=0.800 | fragments=0 1 2 3 4 5 6 

[EVENT] 61.422 | event=RequestFragmentSharing | nodeId=397 | cellId=30001 | confidence=0.800 | fragments=0 1 2 3 4 5 6 

[EVENT] 61.422 | event=RequestFragmentSharing | nodeId=376 | cellId=30001 | confidence=0.800 | fragments=0 1 2 3 4 5 6 

[EVENT] 61.422 | event=RequestFragmentSharing | nodeId=379 | cellId=30001 | confidence=0.800 | fragments=0 1 2 3 4 5 6 

[EVENT] 61.425 | event=RequestFragmentSharing | nodeId=374 | cellId=30001 | confidence=0.800 | fragments=0 1 2 3 4 5 6 

[EVENT] 61.426 | event=RequestFragmentSharing | nodeId=338 | cellId=30001 | confidence=0.800 | fragments=0 1 2 3 4 5 6 

[EVENT] 61.426 | event=RequestFragmentSharing | nodeId=357 | cellId=30001 | confidence=0.800 | fragments=0 1 2 3 4 5 6 

[EVENT] 61.427 | event=RequestFragmentSharing | nodeId=355 | cellId=30001 | confidence=0.800 | fragments=0 1 2 3 4 5 6 

[EVENT] 61.427 | event=RequestFragmentSharing | nodeId=354 | cellId=30001 | confidence=0.800 | fragments=0 1 2 3 4 5 6 

[EVENT] 61.428 | event=RequestFragmentSharing | nodeId=378 | cellId=30001 | confidence=0.800 | fragments=0 1 2 3 4 5 6 

[EVENT] 61.428 | event=RequestFragmentSharing | nodeId=396 | cellId=30001 | confidence=0.800 | fragments=0 1 2 3 4 5 6 

[EVENT] 61.428 | event=RequestFragmentSharing | nodeId=375 | cellId=30001 | confidence=0.800 | fragments=0 1 2 3 4 5 6 

[EVENT] 61.429 | event=RequestFragmentSharing | nodeId=394 | cellId=30001 | confidence=0.800 | fragments=0 1 2 3 4 5 6 

[EVENT] 61.430 | event=RequestFragmentSharing | nodeId=319 | cellId=30001 | confidence=0.800 | fragments=0 1 2 3 4 5 6 

[EVENT] 61.431 | event=RequestFragmentSharing | nodeId=398 | cellId=30001 | confidence=0.800 | fragments=0 1 2 3 4 5 6 

[EVENT] 61.432 | event=RequestFragmentSharing | nodeId=395 | cellId=30001 | confidence=0.800 | fragments=0 1 2 3 4 5 6 

[EVENT] 63.047 | event=RequestFragmentSharing | nodeId=316 | cellId=30001 | confidence=0.800 | fragments=0 1 2 3 4 5 6 

[EVENT] 63.050 | event=RequestFragmentSharing | nodeId=334 | cellId=30001 | confidence=0.800 | fragments=0 1 2 3 4 5 6 

[EVENT] 63.051 | event=RequestFragmentSharing | nodeId=318 | cellId=30001 | confidence=0.800 | fragments=0 1 2 3 4 5 6 

[EVENT] 63.059 | event=RequestFragmentSharing | nodeId=317 | cellId=30001 | confidence=0.800 | fragments=0 1 2 3 4 5 6 

[EVENT] 65.500 | event=SuspiciousConfidenceSnapshot | 76(0.874) 77(0.874) 78(0.874) 79(0.874) 94(0.874) 95(0.874) 96(0.874) 97(0.874) 98(0.874) 99(0.874) 114(0.874) 115(0.874) 116(0.874) 117(0.874) 118(0.874) 119(0.874) 134(0.874) 135(0.874) 136(0.874) 137(0.874) 138(0.874) 139(0.874) 154(0.874) 155(0.874) 156(0.874) 157(0.874) 158(0.874) 159(0.874) 174(0.874) 175(0.874) 176(0.874) 177(0.874) 178(0.874) 179(0.874) 193(0.874) 194(0.874) 195(0.900) 196(0.900) 197(0.900) 198(0.874) 199(0.874) 211(0.874) 212(0.874) 213(0.874) 214(0.874) 215(0.900) 216(0.900) 217(0.900) 218(0.900) 219(0.874) 231(0.874) 232(0.874) 233(0.874) 234(0.874) 235(0.900) 236(0.900) 237(0.900) 238(0.900) 239(0.900) 251(0.874) 252(0.874) 253(0.874) 254(0.874) 255(0.900) 256(0.900) 257(0.900) 258(0.900) 259(0.900) 271(0.874) 272(0.874) 273(0.874) 274(0.874) 275(0.874) 276(0.900) 277(0.900) 278(0.900) 279(0.900) 291(0.874) 292(0.874) 293(0.874) 294(0.874) 295(0.874) 296(0.874) 297(0.874) 298(0.900) 299(0.874) 309(0.499) 310(0.499) 311(0.499) 312(0.499) 313(0.874) 314(0.874) 315(0.874) 316(0.800) 317(0.800) 318(0.800) 319(0.800) 327(0.499) 328(0.499) 329(0.499) 330(0.499) 331(0.499) 332(0.499) 333(0.499) 334(0.800) 335(0.800) 336(0.800) 337(0.800) 338(0.800) 339(0.800) 347(0.499) 348(0.499) 349(0.499) 350(0.499) 351(0.499) 352(0.499) 353(0.499) 354(0.800) 355(0.800) 356(0.800) 357(0.800) 358(0.800) 359(0.800) 367(0.499) 368(0.499) 369(0.499) 370(0.499) 371(0.499) 372(0.499) 373(0.499) 374(0.800) 375(0.800) 376(0.800) 377(0.800) 378(0.800) 379(0.800) 387(0.499) 388(0.499) 389(0.499) 390(0.499) 391(0.499) 392(0.499) 393(0.499) 394(0.800) 395(0.800) 396(0.800) 397(0.800) 398(0.800) 399(0.800) 

[EVENT] 73.034 | event=UAVWaypointArrival | nodeId=402 | cycle=2 | pos=(270.000,340.000,20.000)

[EVENT] 75.500 | event=SuspiciousConfidenceSnapshot | 76(0.874) 77(0.874) 78(0.874) 79(0.874) 94(0.874) 95(0.874) 96(0.874) 97(0.874) 98(0.874) 99(0.874) 114(0.874) 115(0.874) 116(0.874) 117(0.874) 118(0.874) 119(0.874) 134(0.874) 135(0.874) 136(0.874) 137(0.874) 138(0.874) 139(0.874) 154(0.874) 155(0.874) 156(0.874) 157(0.874) 158(0.874) 159(0.874) 174(0.874) 175(0.874) 176(0.874) 177(0.874) 178(0.874) 179(0.874) 193(0.874) 194(0.874) 195(0.900) 196(0.900) 197(0.900) 198(0.874) 199(0.874) 211(0.874) 212(0.874) 213(0.874) 214(0.874) 215(0.900) 216(0.900) 217(0.900) 218(0.900) 219(0.874) 231(0.874) 232(0.874) 233(0.874) 234(0.874) 235(0.900) 236(0.900) 237(0.900) 238(0.900) 239(0.900) 251(0.874) 252(0.874) 253(0.874) 254(0.874) 255(0.900) 256(0.900) 257(0.900) 258(0.900) 259(0.900) 271(0.874) 272(0.874) 273(0.874) 274(0.874) 275(0.874) 276(0.900) 277(0.900) 278(0.900) 279(0.900) 291(0.874) 292(0.874) 293(0.874) 294(0.874) 295(0.874) 296(0.874) 297(0.874) 298(0.900) 299(0.874) 309(0.499) 310(0.499) 311(0.499) 312(0.499) 313(0.874) 314(0.874) 315(0.874) 316(0.800) 317(0.800) 318(0.800) 319(0.800) 327(0.499) 328(0.499) 329(0.499) 330(0.499) 331(0.499) 332(0.499) 333(0.499) 334(0.800) 335(0.800) 336(0.800) 337(0.800) 338(0.800) 339(0.800) 347(0.499) 348(0.499) 349(0.499) 350(0.499) 351(0.499) 352(0.499) 353(0.499) 354(0.800) 355(0.800) 356(0.800) 357(0.800) 358(0.800) 359(0.800) 367(0.499) 368(0.499) 369(0.499) 370(0.499) 371(0.499) 372(0.499) 373(0.499) 374(0.800) 375(0.800) 376(0.800) 377(0.800) 378(0.800) 379(0.800) 387(0.499) 388(0.499) 389(0.499) 390(0.499) 391(0.499) 392(0.499) 393(0.499) 394(0.800) 395(0.800) 396(0.800) 397(0.800) 398(0.800) 399(0.800) 

[EVENT] 76.075 | event=UAVWaypointArrival | nodeId=402 | cycle=2 | pos=(260.000,280.000,20.000)

[EVENT] 78.964 | event=UAVWaypointArrival | nodeId=401 | cycle=1 | pos=(320.000,60.000,20.000)

[EVENT] 82.478 | event=UAVWaypointArrival | nodeId=402 | cycle=2 | pos=(340.000,180.000,20.000)

[EVENT] 83.478 | event=UAVWaypointArrival | nodeId=402 | cycle=2 | pos=(360.000,180.000,20.000)

[EVENT] 85.500 | event=SuspiciousConfidenceSnapshot | 76(0.874) 77(0.874) 78(0.874) 79(0.874) 94(0.874) 95(0.874) 96(0.874) 97(0.874) 98(0.874) 99(0.874) 114(0.874) 115(0.874) 116(0.874) 117(0.874) 118(0.874) 119(0.874) 134(0.874) 135(0.874) 136(0.874) 137(0.874) 138(0.874) 139(0.874) 154(0.874) 155(0.874) 156(0.874) 157(0.874) 158(0.874) 159(0.874) 174(0.874) 175(0.874) 176(0.874) 177(0.874) 178(0.874) 179(0.874) 193(0.874) 194(0.874) 195(0.900) 196(0.900) 197(0.900) 198(0.874) 199(0.874) 211(0.874) 212(0.874) 213(0.874) 214(0.874) 215(0.900) 216(0.900) 217(0.900) 218(0.900) 219(0.874) 231(0.874) 232(0.874) 233(0.874) 234(0.874) 235(0.900) 236(0.900) 237(0.900) 238(0.900) 239(0.900) 251(0.874) 252(0.874) 253(0.874) 254(0.874) 255(0.900) 256(0.900) 257(0.900) 258(0.900) 259(0.900) 271(0.874) 272(0.874) 273(0.874) 274(0.874) 275(0.874) 276(0.900) 277(0.900) 278(0.900) 279(0.900) 291(0.874) 292(0.874) 293(0.874) 294(0.874) 295(0.874) 296(0.874) 297(0.874) 298(0.900) 299(0.874) 309(0.499) 310(0.499) 311(0.499) 312(0.499) 313(0.874) 314(0.874) 315(0.874) 316(0.800) 317(0.800) 318(0.800) 319(0.800) 327(0.499) 328(0.499) 329(0.499) 330(0.499) 331(0.499) 332(0.499) 333(0.499) 334(0.800) 335(0.800) 336(0.800) 337(0.800) 338(0.800) 339(0.800) 347(0.499) 348(0.499) 349(0.499) 350(0.499) 351(0.499) 352(0.499) 353(0.499) 354(0.800) 355(0.800) 356(0.800) 357(0.800) 358(0.800) 359(0.800) 367(0.499) 368(0.499) 369(0.499) 370(0.499) 371(0.499) 372(0.499) 373(0.499) 374(0.800) 375(0.800) 376(0.800) 377(0.800) 378(0.800) 379(0.800) 387(0.499) 388(0.499) 389(0.499) 390(0.499) 391(0.499) 392(0.499) 393(0.499) 394(0.800) 395(0.800) 396(0.800) 397(0.800) 398(0.800) 399(0.800) 

[EVENT] 95.500 | event=SuspiciousConfidenceSnapshot | 76(0.874) 77(0.874) 78(0.874) 79(0.874) 94(0.874) 95(0.874) 96(0.874) 97(0.874) 98(0.874) 99(0.874) 114(0.874) 115(0.874) 116(0.874) 117(0.874) 118(0.874) 119(0.874) 134(0.874) 135(0.874) 136(0.874) 137(0.874) 138(0.874) 139(0.874) 154(0.874) 155(0.874) 156(0.874) 157(0.874) 158(0.874) 159(0.874) 174(0.874) 175(0.874) 176(0.874) 177(0.874) 178(0.874) 179(0.874) 193(0.874) 194(0.874) 195(0.900) 196(0.900) 197(0.900) 198(0.874) 199(0.874) 211(0.874) 212(0.874) 213(0.874) 214(0.874) 215(0.900) 216(0.900) 217(0.900) 218(0.900) 219(0.874) 231(0.874) 232(0.874) 233(0.874) 234(0.874) 235(0.900) 236(0.900) 237(0.900) 238(0.900) 239(0.900) 251(0.874) 252(0.874) 253(0.874) 254(0.874) 255(0.900) 256(0.900) 257(0.900) 258(0.900) 259(0.900) 271(0.874) 272(0.874) 273(0.874) 274(0.874) 275(0.874) 276(0.900) 277(0.900) 278(0.900) 279(0.900) 291(0.874) 292(0.874) 293(0.874) 294(0.874) 295(0.874) 296(0.874) 297(0.874) 298(0.900) 299(0.874) 309(0.499) 310(0.499) 311(0.499) 312(0.499) 313(0.874) 314(0.874) 315(0.874) 316(0.800) 317(0.800) 318(0.800) 319(0.800) 327(0.499) 328(0.499) 329(0.499) 330(0.499) 331(0.499) 332(0.499) 333(0.499) 334(0.800) 335(0.800) 336(0.800) 337(0.800) 338(0.800) 339(0.800) 347(0.499) 348(0.499) 349(0.499) 350(0.499) 351(0.499) 352(0.499) 353(0.499) 354(0.800) 355(0.800) 356(0.800) 357(0.800) 358(0.800) 359(0.800) 367(0.499) 368(0.499) 369(0.499) 370(0.499) 371(0.499) 372(0.499) 373(0.499) 374(0.800) 375(0.800) 376(0.800) 377(0.800) 378(0.800) 379(0.800) 387(0.499) 388(0.499) 389(0.499) 390(0.499) 391(0.499) 392(0.499) 393(0.499) 394(0.800) 395(0.800) 396(0.800) 397(0.800) 398(0.800) 399(0.800) 

[EVENT] 96.577 | event=UAVWaypointArrival | nodeId=401 | cycle=1 | pos=(340.000,60.000,20.000)

[EVENT] 105.500 | event=SuspiciousConfidenceSnapshot | 76(0.874) 77(0.874) 78(0.874) 79(0.874) 94(0.874) 95(0.874) 96(0.874) 97(0.874) 98(0.874) 99(0.874) 114(0.874) 115(0.874) 116(0.874) 117(0.874) 118(0.874) 119(0.874) 134(0.874) 135(0.874) 136(0.874) 137(0.874) 138(0.874) 139(0.874) 154(0.874) 155(0.874) 156(0.874) 157(0.874) 158(0.874) 159(0.874) 174(0.874) 175(0.874) 176(0.874) 177(0.874) 178(0.874) 179(0.874) 193(0.874) 194(0.874) 195(0.900) 196(0.900) 197(0.900) 198(0.874) 199(0.874) 211(0.874) 212(0.874) 213(0.874) 214(0.874) 215(0.900) 216(0.900) 217(0.900) 218(0.900) 219(0.874) 231(0.874) 232(0.874) 233(0.874) 234(0.874) 235(0.900) 236(0.900) 237(0.900) 238(0.900) 239(0.900) 251(0.874) 252(0.874) 253(0.874) 254(0.874) 255(0.900) 256(0.900) 257(0.900) 258(0.900) 259(0.900) 271(0.874) 272(0.874) 273(0.874) 274(0.874) 275(0.874) 276(0.900) 277(0.900) 278(0.900) 279(0.900) 291(0.874) 292(0.874) 293(0.874) 294(0.874) 295(0.874) 296(0.874) 297(0.874) 298(0.900) 299(0.874) 309(0.499) 310(0.499) 311(0.499) 312(0.499) 313(0.874) 314(0.874) 315(0.874) 316(0.800) 317(0.800) 318(0.800) 319(0.800) 327(0.499) 328(0.499) 329(0.499) 330(0.499) 331(0.499) 332(0.499) 333(0.499) 334(0.800) 335(0.800) 336(0.800) 337(0.800) 338(0.800) 339(0.800) 347(0.499) 348(0.499) 349(0.499) 350(0.499) 351(0.499) 352(0.499) 353(0.499) 354(0.800) 355(0.800) 356(0.800) 357(0.800) 358(0.800) 359(0.800) 367(0.499) 368(0.499) 369(0.499) 370(0.499) 371(0.499) 372(0.499) 373(0.499) 374(0.800) 375(0.800) 376(0.800) 377(0.800) 378(0.800) 379(0.800) 387(0.499) 388(0.499) 389(0.499) 390(0.499) 391(0.499) 392(0.499) 393(0.499) 394(0.800) 395(0.800) 396(0.800) 397(0.800) 398(0.800) 399(0.800) 

[EVENT] 112.223 | event=UAVWaypointArrival | nodeId=402 | cycle=3 | pos=(270.000,340.000,20.000)

[EVENT] 114.191 | event=UAVWaypointArrival | nodeId=401 | cycle=1 | pos=(360.000,60.000,20.000)

[EVENT] 115.264 | event=UAVWaypointArrival | nodeId=402 | cycle=3 | pos=(260.000,280.000,20.000)

[EVENT] 115.500 | event=SuspiciousConfidenceSnapshot | 76(0.874) 77(0.874) 78(0.874) 79(0.874) 94(0.874) 95(0.874) 96(0.874) 97(0.874) 98(0.874) 99(0.874) 114(0.874) 115(0.874) 116(0.874) 117(0.874) 118(0.874) 119(0.874) 134(0.874) 135(0.874) 136(0.874) 137(0.874) 138(0.874) 139(0.874) 154(0.874) 155(0.874) 156(0.874) 157(0.874) 158(0.874) 159(0.874) 174(0.874) 175(0.874) 176(0.874) 177(0.874) 178(0.874) 179(0.874) 193(0.874) 194(0.874) 195(0.900) 196(0.900) 197(0.900) 198(0.874) 199(0.874) 211(0.874) 212(0.874) 213(0.874) 214(0.874) 215(0.900) 216(0.900) 217(0.900) 218(0.900) 219(0.874) 231(0.874) 232(0.874) 233(0.874) 234(0.874) 235(0.900) 236(0.900) 237(0.900) 238(0.900) 239(0.900) 251(0.874) 252(0.874) 253(0.874) 254(0.874) 255(0.900) 256(0.900) 257(0.900) 258(0.900) 259(0.900) 271(0.874) 272(0.874) 273(0.874) 274(0.874) 275(0.874) 276(0.900) 277(0.900) 278(0.900) 279(0.900) 291(0.874) 292(0.874) 293(0.874) 294(0.874) 295(0.874) 296(0.874) 297(0.874) 298(0.900) 299(0.874) 309(0.499) 310(0.499) 311(0.499) 312(0.499) 313(0.874) 314(0.874) 315(0.874) 316(0.800) 317(0.800) 318(0.800) 319(0.800) 327(0.499) 328(0.499) 329(0.499) 330(0.499) 331(0.499) 332(0.499) 333(0.499) 334(0.800) 335(0.800) 336(0.800) 337(0.800) 338(0.800) 339(0.800) 347(0.499) 348(0.499) 349(0.499) 350(0.499) 351(0.499) 352(0.499) 353(0.499) 354(0.800) 355(0.800) 356(0.800) 357(0.800) 358(0.800) 359(0.800) 367(0.499) 368(0.499) 369(0.499) 370(0.499) 371(0.499) 372(0.499) 373(0.499) 374(0.800) 375(0.800) 376(0.800) 377(0.800) 378(0.800) 379(0.800) 387(0.499) 388(0.499) 389(0.499) 390(0.499) 391(0.499) 392(0.499) 393(0.499) 394(0.800) 395(0.800) 396(0.800) 397(0.800) 398(0.800) 399(0.800) 

[EVENT] 121.667 | event=UAVWaypointArrival | nodeId=402 | cycle=3 | pos=(340.000,180.000,20.000)

[EVENT] 122.667 | event=UAVWaypointArrival | nodeId=402 | cycle=3 | pos=(360.000,180.000,20.000)

[EVENT] 125.500 | event=SuspiciousConfidenceSnapshot | 76(0.874) 77(0.874) 78(0.874) 79(0.874) 94(0.874) 95(0.874) 96(0.874) 97(0.874) 98(0.874) 99(0.874) 114(0.874) 115(0.874) 116(0.874) 117(0.874) 118(0.874) 119(0.874) 134(0.874) 135(0.874) 136(0.874) 137(0.874) 138(0.874) 139(0.874) 154(0.874) 155(0.874) 156(0.874) 157(0.874) 158(0.874) 159(0.874) 174(0.874) 175(0.874) 176(0.874) 177(0.874) 178(0.874) 179(0.874) 193(0.874) 194(0.874) 195(0.900) 196(0.900) 197(0.900) 198(0.874) 199(0.874) 211(0.874) 212(0.874) 213(0.874) 214(0.874) 215(0.900) 216(0.900) 217(0.900) 218(0.900) 219(0.874) 231(0.874) 232(0.874) 233(0.874) 234(0.874) 235(0.900) 236(0.900) 237(0.900) 238(0.900) 239(0.900) 251(0.874) 252(0.874) 253(0.874) 254(0.874) 255(0.900) 256(0.900) 257(0.900) 258(0.900) 259(0.900) 271(0.874) 272(0.874) 273(0.874) 274(0.874) 275(0.874) 276(0.900) 277(0.900) 278(0.900) 279(0.900) 291(0.874) 292(0.874) 293(0.874) 294(0.874) 295(0.874) 296(0.874) 297(0.874) 298(0.900) 299(0.874) 309(0.499) 310(0.499) 311(0.499) 312(0.499) 313(0.874) 314(0.874) 315(0.874) 316(0.800) 317(0.800) 318(0.800) 319(0.800) 327(0.499) 328(0.499) 329(0.499) 330(0.499) 331(0.499) 332(0.499) 333(0.499) 334(0.800) 335(0.800) 336(0.800) 337(0.800) 338(0.800) 339(0.800) 347(0.499) 348(0.499) 349(0.499) 350(0.499) 351(0.499) 352(0.499) 353(0.499) 354(0.800) 355(0.800) 356(0.800) 357(0.800) 358(0.800) 359(0.800) 367(0.499) 368(0.499) 369(0.499) 370(0.499) 371(0.499) 372(0.499) 373(0.499) 374(0.800) 375(0.800) 376(0.800) 377(0.800) 378(0.800) 379(0.800) 387(0.499) 388(0.499) 389(0.499) 390(0.499) 391(0.499) 392(0.499) 393(0.499) 394(0.800) 395(0.800) 396(0.800) 397(0.800) 398(0.800) 399(0.800) 

[EVENT] 131.804 | event=UAVWaypointArrival | nodeId=401 | cycle=1 | pos=(380.000,60.000,20.000)

[EVENT] 135.500 | event=SuspiciousConfidenceSnapshot | 76(0.874) 77(0.874) 78(0.874) 79(0.874) 94(0.874) 95(0.874) 96(0.874) 97(0.874) 98(0.874) 99(0.874) 114(0.874) 115(0.874) 116(0.874) 117(0.874) 118(0.874) 119(0.874) 134(0.874) 135(0.874) 136(0.874) 137(0.874) 138(0.874) 139(0.874) 154(0.874) 155(0.874) 156(0.874) 157(0.874) 158(0.874) 159(0.874) 174(0.874) 175(0.874) 176(0.874) 177(0.874) 178(0.874) 179(0.874) 193(0.874) 194(0.874) 195(0.900) 196(0.900) 197(0.900) 198(0.874) 199(0.874) 211(0.874) 212(0.874) 213(0.874) 214(0.874) 215(0.900) 216(0.900) 217(0.900) 218(0.900) 219(0.874) 231(0.874) 232(0.874) 233(0.874) 234(0.874) 235(0.900) 236(0.900) 237(0.900) 238(0.900) 239(0.900) 251(0.874) 252(0.874) 253(0.874) 254(0.874) 255(0.900) 256(0.900) 257(0.900) 258(0.900) 259(0.900) 271(0.874) 272(0.874) 273(0.874) 274(0.874) 275(0.874) 276(0.900) 277(0.900) 278(0.900) 279(0.900) 291(0.874) 292(0.874) 293(0.874) 294(0.874) 295(0.874) 296(0.874) 297(0.874) 298(0.900) 299(0.874) 309(0.499) 310(0.499) 311(0.499) 312(0.499) 313(0.874) 314(0.874) 315(0.874) 316(0.800) 317(0.800) 318(0.800) 319(0.800) 327(0.499) 328(0.499) 329(0.499) 330(0.499) 331(0.499) 332(0.499) 333(0.499) 334(0.800) 335(0.800) 336(0.800) 337(0.800) 338(0.800) 339(0.800) 347(0.499) 348(0.499) 349(0.499) 350(0.499) 351(0.499) 352(0.499) 353(0.499) 354(0.800) 355(0.800) 356(0.800) 357(0.800) 358(0.800) 359(0.800) 367(0.499) 368(0.499) 369(0.499) 370(0.499) 371(0.499) 372(0.499) 373(0.499) 374(0.800) 375(0.800) 376(0.800) 377(0.800) 378(0.800) 379(0.800) 387(0.499) 388(0.499) 389(0.499) 390(0.499) 391(0.499) 392(0.499) 393(0.499) 394(0.800) 395(0.800) 396(0.800) 397(0.800) 398(0.800) 399(0.800) 

[EVENT] 145.500 | event=SuspiciousConfidenceSnapshot | 76(0.874) 77(0.874) 78(0.874) 79(0.874) 94(0.874) 95(0.874) 96(0.874) 97(0.874) 98(0.874) 99(0.874) 114(0.874) 115(0.874) 116(0.874) 117(0.874) 118(0.874) 119(0.874) 134(0.874) 135(0.874) 136(0.874) 137(0.874) 138(0.874) 139(0.874) 154(0.874) 155(0.874) 156(0.874) 157(0.874) 158(0.874) 159(0.874) 174(0.874) 175(0.874) 176(0.874) 177(0.874) 178(0.874) 179(0.874) 193(0.874) 194(0.874) 195(0.900) 196(0.900) 197(0.900) 198(0.874) 199(0.874) 211(0.874) 212(0.874) 213(0.874) 214(0.874) 215(0.900) 216(0.900) 217(0.900) 218(0.900) 219(0.874) 231(0.874) 232(0.874) 233(0.874) 234(0.874) 235(0.900) 236(0.900) 237(0.900) 238(0.900) 239(0.900) 251(0.874) 252(0.874) 253(0.874) 254(0.874) 255(0.900) 256(0.900) 257(0.900) 258(0.900) 259(0.900) 271(0.874) 272(0.874) 273(0.874) 274(0.874) 275(0.874) 276(0.900) 277(0.900) 278(0.900) 279(0.900) 291(0.874) 292(0.874) 293(0.874) 294(0.874) 295(0.874) 296(0.874) 297(0.874) 298(0.900) 299(0.874) 309(0.499) 310(0.499) 311(0.499) 312(0.499) 313(0.874) 314(0.874) 315(0.874) 316(0.800) 317(0.800) 318(0.800) 319(0.800) 327(0.499) 328(0.499) 329(0.499) 330(0.499) 331(0.499) 332(0.499) 333(0.499) 334(0.800) 335(0.800) 336(0.800) 337(0.800) 338(0.800) 339(0.800) 347(0.499) 348(0.499) 349(0.499) 350(0.499) 351(0.499) 352(0.499) 353(0.499) 354(0.800) 355(0.800) 356(0.800) 357(0.800) 358(0.800) 359(0.800) 367(0.499) 368(0.499) 369(0.499) 370(0.499) 371(0.499) 372(0.499) 373(0.499) 374(0.800) 375(0.800) 376(0.800) 377(0.800) 378(0.800) 379(0.800) 387(0.499) 388(0.499) 389(0.499) 390(0.499) 391(0.499) 392(0.499) 393(0.499) 394(0.800) 395(0.800) 396(0.800) 397(0.800) 398(0.800) 399(0.800) 

[EVENT] 149.417 | event=UAVWaypointArrival | nodeId=401 | cycle=1 | pos=(380.000,80.000,20.000)

[EVENT] 151.412 | event=UAVWaypointArrival | nodeId=402 | cycle=4 | pos=(270.000,340.000,20.000)

[EVENT] 154.453 | event=UAVWaypointArrival | nodeId=402 | cycle=4 | pos=(260.000,280.000,20.000)

[EVENT] 155.500 | event=SuspiciousConfidenceSnapshot | 76(0.874) 77(0.874) 78(0.874) 79(0.874) 94(0.874) 95(0.874) 96(0.874) 97(0.874) 98(0.874) 99(0.874) 114(0.874) 115(0.874) 116(0.874) 117(0.874) 118(0.874) 119(0.874) 134(0.874) 135(0.874) 136(0.874) 137(0.874) 138(0.874) 139(0.874) 154(0.874) 155(0.874) 156(0.874) 157(0.874) 158(0.874) 159(0.874) 174(0.874) 175(0.874) 176(0.874) 177(0.874) 178(0.874) 179(0.874) 193(0.874) 194(0.874) 195(0.900) 196(0.900) 197(0.900) 198(0.874) 199(0.874) 211(0.874) 212(0.874) 213(0.874) 214(0.874) 215(0.900) 216(0.900) 217(0.900) 218(0.900) 219(0.874) 231(0.874) 232(0.874) 233(0.874) 234(0.874) 235(0.900) 236(0.900) 237(0.900) 238(0.900) 239(0.900) 251(0.874) 252(0.874) 253(0.874) 254(0.874) 255(0.900) 256(0.900) 257(0.900) 258(0.900) 259(0.900) 271(0.874) 272(0.874) 273(0.874) 274(0.874) 275(0.874) 276(0.900) 277(0.900) 278(0.900) 279(0.900) 291(0.874) 292(0.874) 293(0.874) 294(0.874) 295(0.874) 296(0.874) 297(0.874) 298(0.900) 299(0.874) 309(0.499) 310(0.499) 311(0.499) 312(0.499) 313(0.874) 314(0.874) 315(0.874) 316(0.800) 317(0.800) 318(0.800) 319(0.800) 327(0.499) 328(0.499) 329(0.499) 330(0.499) 331(0.499) 332(0.499) 333(0.499) 334(0.800) 335(0.800) 336(0.800) 337(0.800) 338(0.800) 339(0.800) 347(0.499) 348(0.499) 349(0.499) 350(0.499) 351(0.499) 352(0.499) 353(0.499) 354(0.800) 355(0.800) 356(0.800) 357(0.800) 358(0.800) 359(0.800) 367(0.499) 368(0.499) 369(0.499) 370(0.499) 371(0.499) 372(0.499) 373(0.499) 374(0.800) 375(0.800) 376(0.800) 377(0.800) 378(0.800) 379(0.800) 387(0.499) 388(0.499) 389(0.499) 390(0.499) 391(0.499) 392(0.499) 393(0.499) 394(0.800) 395(0.800) 396(0.800) 397(0.800) 398(0.800) 399(0.800) 

[EVENT] 160.856 | event=UAVWaypointArrival | nodeId=402 | cycle=4 | pos=(340.000,180.000,20.000)

[EVENT] 161.856 | event=UAVWaypointArrival | nodeId=402 | cycle=4 | pos=(360.000,180.000,20.000)

[EVENT] 165.500 | event=SuspiciousConfidenceSnapshot | 76(0.874) 77(0.874) 78(0.874) 79(0.874) 94(0.874) 95(0.874) 96(0.874) 97(0.874) 98(0.874) 99(0.874) 114(0.874) 115(0.874) 116(0.874) 117(0.874) 118(0.874) 119(0.874) 134(0.874) 135(0.874) 136(0.874) 137(0.874) 138(0.874) 139(0.874) 154(0.874) 155(0.874) 156(0.874) 157(0.874) 158(0.874) 159(0.874) 174(0.874) 175(0.874) 176(0.874) 177(0.874) 178(0.874) 179(0.874) 193(0.874) 194(0.874) 195(0.900) 196(0.900) 197(0.900) 198(0.874) 199(0.874) 211(0.874) 212(0.874) 213(0.874) 214(0.874) 215(0.900) 216(0.900) 217(0.900) 218(0.900) 219(0.874) 231(0.874) 232(0.874) 233(0.874) 234(0.874) 235(0.900) 236(0.900) 237(0.900) 238(0.900) 239(0.900) 251(0.874) 252(0.874) 253(0.874) 254(0.874) 255(0.900) 256(0.900) 257(0.900) 258(0.900) 259(0.900) 271(0.874) 272(0.874) 273(0.874) 274(0.874) 275(0.874) 276(0.900) 277(0.900) 278(0.900) 279(0.900) 291(0.874) 292(0.874) 293(0.874) 294(0.874) 295(0.874) 296(0.874) 297(0.874) 298(0.900) 299(0.874) 309(0.499) 310(0.499) 311(0.499) 312(0.499) 313(0.874) 314(0.874) 315(0.874) 316(0.800) 317(0.800) 318(0.800) 319(0.800) 327(0.499) 328(0.499) 329(0.499) 330(0.499) 331(0.499) 332(0.499) 333(0.499) 334(0.800) 335(0.800) 336(0.800) 337(0.800) 338(0.800) 339(0.800) 347(0.499) 348(0.499) 349(0.499) 350(0.499) 351(0.499) 352(0.499) 353(0.499) 354(0.800) 355(0.800) 356(0.800) 357(0.800) 358(0.800) 359(0.800) 367(0.499) 368(0.499) 369(0.499) 370(0.499) 371(0.499) 372(0.499) 373(0.499) 374(0.800) 375(0.800) 376(0.800) 377(0.800) 378(0.800) 379(0.800) 387(0.499) 388(0.499) 389(0.499) 390(0.499) 391(0.499) 392(0.499) 393(0.499) 394(0.800) 395(0.800) 396(0.800) 397(0.800) 398(0.800) 399(0.800) 

[EVENT] 167.031 | event=UAVWaypointArrival | nodeId=401 | cycle=1 | pos=(360.000,80.000,20.000)

[EVENT] 175.500 | event=SuspiciousConfidenceSnapshot | 76(0.874) 77(0.874) 78(0.874) 79(0.874) 94(0.874) 95(0.874) 96(0.874) 97(0.874) 98(0.874) 99(0.874) 114(0.874) 115(0.874) 116(0.874) 117(0.874) 118(0.874) 119(0.874) 134(0.874) 135(0.874) 136(0.874) 137(0.874) 138(0.874) 139(0.874) 154(0.874) 155(0.874) 156(0.874) 157(0.874) 158(0.874) 159(0.874) 174(0.874) 175(0.874) 176(0.874) 177(0.874) 178(0.874) 179(0.874) 193(0.874) 194(0.874) 195(0.900) 196(0.900) 197(0.900) 198(0.874) 199(0.874) 211(0.874) 212(0.874) 213(0.874) 214(0.874) 215(0.900) 216(0.900) 217(0.900) 218(0.900) 219(0.874) 231(0.874) 232(0.874) 233(0.874) 234(0.874) 235(0.900) 236(0.900) 237(0.900) 238(0.900) 239(0.900) 251(0.874) 252(0.874) 253(0.874) 254(0.874) 255(0.900) 256(0.900) 257(0.900) 258(0.900) 259(0.900) 271(0.874) 272(0.874) 273(0.874) 274(0.874) 275(0.874) 276(0.900) 277(0.900) 278(0.900) 279(0.900) 291(0.874) 292(0.874) 293(0.874) 294(0.874) 295(0.874) 296(0.874) 297(0.874) 298(0.900) 299(0.874) 309(0.499) 310(0.499) 311(0.499) 312(0.499) 313(0.874) 314(0.874) 315(0.874) 316(0.800) 317(0.800) 318(0.800) 319(0.800) 327(0.499) 328(0.499) 329(0.499) 330(0.499) 331(0.499) 332(0.499) 333(0.499) 334(0.800) 335(0.800) 336(0.800) 337(0.800) 338(0.800) 339(0.800) 347(0.499) 348(0.499) 349(0.499) 350(0.499) 351(0.499) 352(0.499) 353(0.499) 354(0.800) 355(0.800) 356(0.800) 357(0.800) 358(0.800) 359(0.800) 367(0.499) 368(0.499) 369(0.499) 370(0.499) 371(0.499) 372(0.499) 373(0.499) 374(0.800) 375(0.800) 376(0.800) 377(0.800) 378(0.800) 379(0.800) 387(0.499) 388(0.499) 389(0.499) 390(0.499) 391(0.499) 392(0.499) 393(0.499) 394(0.800) 395(0.800) 396(0.800) 397(0.800) 398(0.800) 399(0.800) 

[EVENT] 184.644 | event=UAVWaypointArrival | nodeId=401 | cycle=1 | pos=(340.000,80.000,20.000)

[EVENT] 185.500 | event=SuspiciousConfidenceSnapshot | 76(0.874) 77(0.874) 78(0.874) 79(0.874) 94(0.874) 95(0.874) 96(0.874) 97(0.874) 98(0.874) 99(0.874) 114(0.874) 115(0.874) 116(0.874) 117(0.874) 118(0.874) 119(0.874) 134(0.874) 135(0.874) 136(0.874) 137(0.874) 138(0.874) 139(0.874) 154(0.874) 155(0.874) 156(0.874) 157(0.874) 158(0.874) 159(0.874) 174(0.874) 175(0.874) 176(0.874) 177(0.874) 178(0.874) 179(0.874) 193(0.874) 194(0.874) 195(0.900) 196(0.900) 197(0.900) 198(0.874) 199(0.874) 211(0.874) 212(0.874) 213(0.874) 214(0.874) 215(0.900) 216(0.900) 217(0.900) 218(0.900) 219(0.874) 231(0.874) 232(0.874) 233(0.874) 234(0.874) 235(0.900) 236(0.900) 237(0.900) 238(0.900) 239(0.900) 251(0.874) 252(0.874) 253(0.874) 254(0.874) 255(0.900) 256(0.900) 257(0.900) 258(0.900) 259(0.900) 271(0.874) 272(0.874) 273(0.874) 274(0.874) 275(0.874) 276(0.900) 277(0.900) 278(0.900) 279(0.900) 291(0.874) 292(0.874) 293(0.874) 294(0.874) 295(0.874) 296(0.874) 297(0.874) 298(0.900) 299(0.874) 309(0.499) 310(0.499) 311(0.499) 312(0.499) 313(0.874) 314(0.874) 315(0.874) 316(0.800) 317(0.800) 318(0.800) 319(0.800) 327(0.499) 328(0.499) 329(0.499) 330(0.499) 331(0.499) 332(0.499) 333(0.499) 334(0.800) 335(0.800) 336(0.800) 337(0.800) 338(0.800) 339(0.800) 347(0.499) 348(0.499) 349(0.499) 350(0.499) 351(0.499) 352(0.499) 353(0.499) 354(0.800) 355(0.800) 356(0.800) 357(0.800) 358(0.800) 359(0.800) 367(0.499) 368(0.499) 369(0.499) 370(0.499) 371(0.499) 372(0.499) 373(0.499) 374(0.800) 375(0.800) 376(0.800) 377(0.800) 378(0.800) 379(0.800) 387(0.499) 388(0.499) 389(0.499) 390(0.499) 391(0.499) 392(0.499) 393(0.499) 394(0.800) 395(0.800) 396(0.800) 397(0.800) 398(0.800) 399(0.800) 

[EVENT] 190.601 | event=UAVWaypointArrival | nodeId=402 | cycle=5 | pos=(270.000,340.000,20.000)

[EVENT] 193.642 | event=UAVWaypointArrival | nodeId=402 | cycle=5 | pos=(260.000,280.000,20.000)

[EVENT] 195.500 | event=SuspiciousConfidenceSnapshot | 76(0.874) 77(0.874) 78(0.874) 79(0.874) 94(0.874) 95(0.874) 96(0.874) 97(0.874) 98(0.874) 99(0.874) 114(0.874) 115(0.874) 116(0.874) 117(0.874) 118(0.874) 119(0.874) 134(0.874) 135(0.874) 136(0.874) 137(0.874) 138(0.874) 139(0.874) 154(0.874) 155(0.874) 156(0.874) 157(0.874) 158(0.874) 159(0.874) 174(0.874) 175(0.874) 176(0.874) 177(0.874) 178(0.874) 179(0.874) 193(0.874) 194(0.874) 195(0.900) 196(0.900) 197(0.900) 198(0.874) 199(0.874) 211(0.874) 212(0.874) 213(0.874) 214(0.874) 215(0.900) 216(0.900) 217(0.900) 218(0.900) 219(0.874) 231(0.874) 232(0.874) 233(0.874) 234(0.874) 235(0.900) 236(0.900) 237(0.900) 238(0.900) 239(0.900) 251(0.874) 252(0.874) 253(0.874) 254(0.874) 255(0.900) 256(0.900) 257(0.900) 258(0.900) 259(0.900) 271(0.874) 272(0.874) 273(0.874) 274(0.874) 275(0.874) 276(0.900) 277(0.900) 278(0.900) 279(0.900) 291(0.874) 292(0.874) 293(0.874) 294(0.874) 295(0.874) 296(0.874) 297(0.874) 298(0.900) 299(0.874) 309(0.499) 310(0.499) 311(0.499) 312(0.499) 313(0.874) 314(0.874) 315(0.874) 316(0.800) 317(0.800) 318(0.800) 319(0.800) 327(0.499) 328(0.499) 329(0.499) 330(0.499) 331(0.499) 332(0.499) 333(0.499) 334(0.800) 335(0.800) 336(0.800) 337(0.800) 338(0.800) 339(0.800) 347(0.499) 348(0.499) 349(0.499) 350(0.499) 351(0.499) 352(0.499) 353(0.499) 354(0.800) 355(0.800) 356(0.800) 357(0.800) 358(0.800) 359(0.800) 367(0.499) 368(0.499) 369(0.499) 370(0.499) 371(0.499) 372(0.499) 373(0.499) 374(0.800) 375(0.800) 376(0.800) 377(0.800) 378(0.800) 379(0.800) 387(0.499) 388(0.499) 389(0.499) 390(0.499) 391(0.499) 392(0.499) 393(0.499) 394(0.800) 395(0.800) 396(0.800) 397(0.800) 398(0.800) 399(0.800) 

[EVENT] 200.045 | event=UAVWaypointArrival | nodeId=402 | cycle=5 | pos=(340.000,180.000,20.000)

[EVENT] 201.045 | event=UAVWaypointArrival | nodeId=402 | cycle=5 | pos=(360.000,180.000,20.000)

[EVENT] 202.258 | event=UAVWaypointArrival | nodeId=401 | cycle=1 | pos=(340.000,100.000,20.000)

[EVENT] 205.500 | event=SuspiciousConfidenceSnapshot | 76(0.874) 77(0.874) 78(0.874) 79(0.874) 94(0.874) 95(0.874) 96(0.874) 97(0.874) 98(0.874) 99(0.874) 114(0.874) 115(0.874) 116(0.874) 117(0.874) 118(0.874) 119(0.874) 134(0.874) 135(0.874) 136(0.874) 137(0.874) 138(0.874) 139(0.874) 154(0.874) 155(0.874) 156(0.874) 157(0.874) 158(0.874) 159(0.874) 174(0.874) 175(0.874) 176(0.874) 177(0.874) 178(0.874) 179(0.874) 193(0.874) 194(0.874) 195(0.900) 196(0.900) 197(0.900) 198(0.874) 199(0.874) 211(0.874) 212(0.874) 213(0.874) 214(0.874) 215(0.900) 216(0.900) 217(0.900) 218(0.900) 219(0.874) 231(0.874) 232(0.874) 233(0.874) 234(0.874) 235(0.900) 236(0.900) 237(0.900) 238(0.900) 239(0.900) 251(0.874) 252(0.874) 253(0.874) 254(0.874) 255(0.900) 256(0.900) 257(0.900) 258(0.900) 259(0.900) 271(0.874) 272(0.874) 273(0.874) 274(0.874) 275(0.874) 276(0.900) 277(0.900) 278(0.900) 279(0.900) 291(0.874) 292(0.874) 293(0.874) 294(0.874) 295(0.874) 296(0.874) 297(0.874) 298(0.900) 299(0.874) 309(0.499) 310(0.499) 311(0.499) 312(0.499) 313(0.874) 314(0.874) 315(0.874) 316(0.800) 317(0.800) 318(0.800) 319(0.800) 327(0.499) 328(0.499) 329(0.499) 330(0.499) 331(0.499) 332(0.499) 333(0.499) 334(0.800) 335(0.800) 336(0.800) 337(0.800) 338(0.800) 339(0.800) 347(0.499) 348(0.499) 349(0.499) 350(0.499) 351(0.499) 352(0.499) 353(0.499) 354(0.800) 355(0.800) 356(0.800) 357(0.800) 358(0.800) 359(0.800) 367(0.499) 368(0.499) 369(0.499) 370(0.499) 371(0.499) 372(0.499) 373(0.499) 374(0.800) 375(0.800) 376(0.800) 377(0.800) 378(0.800) 379(0.800) 387(0.499) 388(0.499) 389(0.499) 390(0.499) 391(0.499) 392(0.499) 393(0.499) 394(0.800) 395(0.800) 396(0.800) 397(0.800) 398(0.800) 399(0.800) 

[EVENT] 215.500 | event=SuspiciousConfidenceSnapshot | 76(0.874) 77(0.874) 78(0.874) 79(0.874) 94(0.874) 95(0.874) 96(0.874) 97(0.874) 98(0.874) 99(0.874) 114(0.874) 115(0.874) 116(0.874) 117(0.874) 118(0.874) 119(0.874) 134(0.874) 135(0.874) 136(0.874) 137(0.874) 138(0.874) 139(0.874) 154(0.874) 155(0.874) 156(0.874) 157(0.874) 158(0.874) 159(0.874) 174(0.874) 175(0.874) 176(0.874) 177(0.874) 178(0.874) 179(0.874) 193(0.874) 194(0.874) 195(0.900) 196(0.900) 197(0.900) 198(0.874) 199(0.874) 211(0.874) 212(0.874) 213(0.874) 214(0.874) 215(0.900) 216(0.900) 217(0.900) 218(0.900) 219(0.874) 231(0.874) 232(0.874) 233(0.874) 234(0.874) 235(0.900) 236(0.900) 237(0.900) 238(0.900) 239(0.900) 251(0.874) 252(0.874) 253(0.874) 254(0.874) 255(0.900) 256(0.900) 257(0.900) 258(0.900) 259(0.900) 271(0.874) 272(0.874) 273(0.874) 274(0.874) 275(0.874) 276(0.900) 277(0.900) 278(0.900) 279(0.900) 291(0.874) 292(0.874) 293(0.874) 294(0.874) 295(0.874) 296(0.874) 297(0.874) 298(0.900) 299(0.874) 309(0.499) 310(0.499) 311(0.499) 312(0.499) 313(0.874) 314(0.874) 315(0.874) 316(0.800) 317(0.800) 318(0.800) 319(0.800) 327(0.499) 328(0.499) 329(0.499) 330(0.499) 331(0.499) 332(0.499) 333(0.499) 334(0.800) 335(0.800) 336(0.800) 337(0.800) 338(0.800) 339(0.800) 347(0.499) 348(0.499) 349(0.499) 350(0.499) 351(0.499) 352(0.499) 353(0.499) 354(0.800) 355(0.800) 356(0.800) 357(0.800) 358(0.800) 359(0.800) 367(0.499) 368(0.499) 369(0.499) 370(0.499) 371(0.499) 372(0.499) 373(0.499) 374(0.800) 375(0.800) 376(0.800) 377(0.800) 378(0.800) 379(0.800) 387(0.499) 388(0.499) 389(0.499) 390(0.499) 391(0.499) 392(0.499) 393(0.499) 394(0.800) 395(0.800) 396(0.800) 397(0.800) 398(0.800) 399(0.800) 

[EVENT] 219.871 | event=UAVWaypointArrival | nodeId=401 | cycle=1 | pos=(320.000,100.000,20.000)

[EVENT] 225.500 | event=SuspiciousConfidenceSnapshot | 76(0.874) 77(0.874) 78(0.874) 79(0.874) 94(0.874) 95(0.874) 96(0.874) 97(0.874) 98(0.874) 99(0.874) 114(0.874) 115(0.874) 116(0.874) 117(0.874) 118(0.874) 119(0.874) 134(0.874) 135(0.874) 136(0.874) 137(0.874) 138(0.874) 139(0.874) 154(0.874) 155(0.874) 156(0.874) 157(0.874) 158(0.874) 159(0.874) 174(0.874) 175(0.874) 176(0.874) 177(0.874) 178(0.874) 179(0.874) 193(0.874) 194(0.874) 195(0.900) 196(0.900) 197(0.900) 198(0.874) 199(0.874) 211(0.874) 212(0.874) 213(0.874) 214(0.874) 215(0.900) 216(0.900) 217(0.900) 218(0.900) 219(0.874) 231(0.874) 232(0.874) 233(0.874) 234(0.874) 235(0.900) 236(0.900) 237(0.900) 238(0.900) 239(0.900) 251(0.874) 252(0.874) 253(0.874) 254(0.874) 255(0.900) 256(0.900) 257(0.900) 258(0.900) 259(0.900) 271(0.874) 272(0.874) 273(0.874) 274(0.874) 275(0.874) 276(0.900) 277(0.900) 278(0.900) 279(0.900) 291(0.874) 292(0.874) 293(0.874) 294(0.874) 295(0.874) 296(0.874) 297(0.874) 298(0.900) 299(0.874) 309(0.499) 310(0.499) 311(0.499) 312(0.499) 313(0.874) 314(0.874) 315(0.874) 316(0.800) 317(0.800) 318(0.800) 319(0.800) 327(0.499) 328(0.499) 329(0.499) 330(0.499) 331(0.499) 332(0.499) 333(0.499) 334(0.800) 335(0.800) 336(0.800) 337(0.800) 338(0.800) 339(0.800) 347(0.499) 348(0.499) 349(0.499) 350(0.499) 351(0.499) 352(0.499) 353(0.499) 354(0.800) 355(0.800) 356(0.800) 357(0.800) 358(0.800) 359(0.800) 367(0.499) 368(0.499) 369(0.499) 370(0.499) 371(0.499) 372(0.499) 373(0.499) 374(0.800) 375(0.800) 376(0.800) 377(0.800) 378(0.800) 379(0.800) 387(0.499) 388(0.499) 389(0.499) 390(0.499) 391(0.499) 392(0.499) 393(0.499) 394(0.800) 395(0.800) 396(0.800) 397(0.800) 398(0.800) 399(0.800) 

[EVENT] 229.790 | event=UAVWaypointArrival | nodeId=402 | cycle=6 | pos=(270.000,340.000,20.000)

[EVENT] 232.831 | event=UAVWaypointArrival | nodeId=402 | cycle=6 | pos=(260.000,280.000,20.000)

[EVENT] 235.500 | event=SuspiciousConfidenceSnapshot | 76(0.874) 77(0.874) 78(0.874) 79(0.874) 94(0.874) 95(0.874) 96(0.874) 97(0.874) 98(0.874) 99(0.874) 114(0.874) 115(0.874) 116(0.874) 117(0.874) 118(0.874) 119(0.874) 134(0.874) 135(0.874) 136(0.874) 137(0.874) 138(0.874) 139(0.874) 154(0.874) 155(0.874) 156(0.874) 157(0.874) 158(0.874) 159(0.874) 174(0.874) 175(0.874) 176(0.874) 177(0.874) 178(0.874) 179(0.874) 193(0.874) 194(0.874) 195(0.900) 196(0.900) 197(0.900) 198(0.874) 199(0.874) 211(0.874) 212(0.874) 213(0.874) 214(0.874) 215(0.900) 216(0.900) 217(0.900) 218(0.900) 219(0.874) 231(0.874) 232(0.874) 233(0.874) 234(0.874) 235(0.900) 236(0.900) 237(0.900) 238(0.900) 239(0.900) 251(0.874) 252(0.874) 253(0.874) 254(0.874) 255(0.900) 256(0.900) 257(0.900) 258(0.900) 259(0.900) 271(0.874) 272(0.874) 273(0.874) 274(0.874) 275(0.874) 276(0.900) 277(0.900) 278(0.900) 279(0.900) 291(0.874) 292(0.874) 293(0.874) 294(0.874) 295(0.874) 296(0.874) 297(0.874) 298(0.900) 299(0.874) 309(0.499) 310(0.499) 311(0.499) 312(0.499) 313(0.874) 314(0.874) 315(0.874) 316(0.800) 317(0.800) 318(0.800) 319(0.800) 327(0.499) 328(0.499) 329(0.499) 330(0.499) 331(0.499) 332(0.499) 333(0.499) 334(0.800) 335(0.800) 336(0.800) 337(0.800) 338(0.800) 339(0.800) 347(0.499) 348(0.499) 349(0.499) 350(0.499) 351(0.499) 352(0.499) 353(0.499) 354(0.800) 355(0.800) 356(0.800) 357(0.800) 358(0.800) 359(0.800) 367(0.499) 368(0.499) 369(0.499) 370(0.499) 371(0.499) 372(0.499) 373(0.499) 374(0.800) 375(0.800) 376(0.800) 377(0.800) 378(0.800) 379(0.800) 387(0.499) 388(0.499) 389(0.499) 390(0.499) 391(0.499) 392(0.499) 393(0.499) 394(0.800) 395(0.800) 396(0.800) 397(0.800) 398(0.800) 399(0.800) 

[EVENT] 237.484 | event=UAVWaypointArrival | nodeId=401 | cycle=1 | pos=(300.000,100.000,20.000)

[EVENT] 239.234 | event=UAVWaypointArrival | nodeId=402 | cycle=6 | pos=(340.000,180.000,20.000)

[EVENT] 240.234 | event=UAVWaypointArrival | nodeId=402 | cycle=6 | pos=(360.000,180.000,20.000)

[EVENT] 245.500 | event=SuspiciousConfidenceSnapshot | 76(0.874) 77(0.874) 78(0.874) 79(0.874) 94(0.874) 95(0.874) 96(0.874) 97(0.874) 98(0.874) 99(0.874) 114(0.874) 115(0.874) 116(0.874) 117(0.874) 118(0.874) 119(0.874) 134(0.874) 135(0.874) 136(0.874) 137(0.874) 138(0.874) 139(0.874) 154(0.874) 155(0.874) 156(0.874) 157(0.874) 158(0.874) 159(0.874) 174(0.874) 175(0.874) 176(0.874) 177(0.874) 178(0.874) 179(0.874) 193(0.874) 194(0.874) 195(0.900) 196(0.900) 197(0.900) 198(0.874) 199(0.874) 211(0.874) 212(0.874) 213(0.874) 214(0.874) 215(0.900) 216(0.900) 217(0.900) 218(0.900) 219(0.874) 231(0.874) 232(0.874) 233(0.874) 234(0.874) 235(0.900) 236(0.900) 237(0.900) 238(0.900) 239(0.900) 251(0.874) 252(0.874) 253(0.874) 254(0.874) 255(0.900) 256(0.900) 257(0.900) 258(0.900) 259(0.900) 271(0.874) 272(0.874) 273(0.874) 274(0.874) 275(0.874) 276(0.900) 277(0.900) 278(0.900) 279(0.900) 291(0.874) 292(0.874) 293(0.874) 294(0.874) 295(0.874) 296(0.874) 297(0.874) 298(0.900) 299(0.874) 309(0.499) 310(0.499) 311(0.499) 312(0.499) 313(0.874) 314(0.874) 315(0.874) 316(0.800) 317(0.800) 318(0.800) 319(0.800) 327(0.499) 328(0.499) 329(0.499) 330(0.499) 331(0.499) 332(0.499) 333(0.499) 334(0.800) 335(0.800) 336(0.800) 337(0.800) 338(0.800) 339(0.800) 347(0.499) 348(0.499) 349(0.499) 350(0.499) 351(0.499) 352(0.499) 353(0.499) 354(0.800) 355(0.800) 356(0.800) 357(0.800) 358(0.800) 359(0.800) 367(0.499) 368(0.499) 369(0.499) 370(0.499) 371(0.499) 372(0.499) 373(0.499) 374(0.800) 375(0.800) 376(0.800) 377(0.800) 378(0.800) 379(0.800) 387(0.499) 388(0.499) 389(0.499) 390(0.499) 391(0.499) 392(0.499) 393(0.499) 394(0.800) 395(0.800) 396(0.800) 397(0.800) 398(0.800) 399(0.800) 

[EVENT] 255.098 | event=UAVWaypointArrival | nodeId=401 | cycle=1 | pos=(280.000,100.000,20.000)

[EVENT] 255.500 | event=SuspiciousConfidenceSnapshot | 76(0.874) 77(0.874) 78(0.874) 79(0.874) 94(0.874) 95(0.874) 96(0.874) 97(0.874) 98(0.874) 99(0.874) 114(0.874) 115(0.874) 116(0.874) 117(0.874) 118(0.874) 119(0.874) 134(0.874) 135(0.874) 136(0.874) 137(0.874) 138(0.874) 139(0.874) 154(0.874) 155(0.874) 156(0.874) 157(0.874) 158(0.874) 159(0.874) 174(0.874) 175(0.874) 176(0.874) 177(0.874) 178(0.874) 179(0.874) 193(0.874) 194(0.874) 195(0.900) 196(0.900) 197(0.900) 198(0.874) 199(0.874) 211(0.874) 212(0.874) 213(0.874) 214(0.874) 215(0.900) 216(0.900) 217(0.900) 218(0.900) 219(0.874) 231(0.874) 232(0.874) 233(0.874) 234(0.874) 235(0.900) 236(0.900) 237(0.900) 238(0.900) 239(0.900) 251(0.874) 252(0.874) 253(0.874) 254(0.874) 255(0.900) 256(0.900) 257(0.900) 258(0.900) 259(0.900) 271(0.874) 272(0.874) 273(0.874) 274(0.874) 275(0.874) 276(0.900) 277(0.900) 278(0.900) 279(0.900) 291(0.874) 292(0.874) 293(0.874) 294(0.874) 295(0.874) 296(0.874) 297(0.874) 298(0.900) 299(0.874) 309(0.499) 310(0.499) 311(0.499) 312(0.499) 313(0.874) 314(0.874) 315(0.874) 316(0.800) 317(0.800) 318(0.800) 319(0.800) 327(0.499) 328(0.499) 329(0.499) 330(0.499) 331(0.499) 332(0.499) 333(0.499) 334(0.800) 335(0.800) 336(0.800) 337(0.800) 338(0.800) 339(0.800) 347(0.499) 348(0.499) 349(0.499) 350(0.499) 351(0.499) 352(0.499) 353(0.499) 354(0.800) 355(0.800) 356(0.800) 357(0.800) 358(0.800) 359(0.800) 367(0.499) 368(0.499) 369(0.499) 370(0.499) 371(0.499) 372(0.499) 373(0.499) 374(0.800) 375(0.800) 376(0.800) 377(0.800) 378(0.800) 379(0.800) 387(0.499) 388(0.499) 389(0.499) 390(0.499) 391(0.499) 392(0.499) 393(0.499) 394(0.800) 395(0.800) 396(0.800) 397(0.800) 398(0.800) 399(0.800) 

[EVENT] 265.500 | event=SuspiciousConfidenceSnapshot | 76(0.874) 77(0.874) 78(0.874) 79(0.874) 94(0.874) 95(0.874) 96(0.874) 97(0.874) 98(0.874) 99(0.874) 114(0.874) 115(0.874) 116(0.874) 117(0.874) 118(0.874) 119(0.874) 134(0.874) 135(0.874) 136(0.874) 137(0.874) 138(0.874) 139(0.874) 154(0.874) 155(0.874) 156(0.874) 157(0.874) 158(0.874) 159(0.874) 174(0.874) 175(0.874) 176(0.874) 177(0.874) 178(0.874) 179(0.874) 193(0.874) 194(0.874) 195(0.900) 196(0.900) 197(0.900) 198(0.874) 199(0.874) 211(0.874) 212(0.874) 213(0.874) 214(0.874) 215(0.900) 216(0.900) 217(0.900) 218(0.900) 219(0.874) 231(0.874) 232(0.874) 233(0.874) 234(0.874) 235(0.900) 236(0.900) 237(0.900) 238(0.900) 239(0.900) 251(0.874) 252(0.874) 253(0.874) 254(0.874) 255(0.900) 256(0.900) 257(0.900) 258(0.900) 259(0.900) 271(0.874) 272(0.874) 273(0.874) 274(0.874) 275(0.874) 276(0.900) 277(0.900) 278(0.900) 279(0.900) 291(0.874) 292(0.874) 293(0.874) 294(0.874) 295(0.874) 296(0.874) 297(0.874) 298(0.900) 299(0.874) 309(0.499) 310(0.499) 311(0.499) 312(0.499) 313(0.874) 314(0.874) 315(0.874) 316(0.800) 317(0.800) 318(0.800) 319(0.800) 327(0.499) 328(0.499) 329(0.499) 330(0.499) 331(0.499) 332(0.499) 333(0.499) 334(0.800) 335(0.800) 336(0.800) 337(0.800) 338(0.800) 339(0.800) 347(0.499) 348(0.499) 349(0.499) 350(0.499) 351(0.499) 352(0.499) 353(0.499) 354(0.800) 355(0.800) 356(0.800) 357(0.800) 358(0.800) 359(0.800) 367(0.499) 368(0.499) 369(0.499) 370(0.499) 371(0.499) 372(0.499) 373(0.499) 374(0.800) 375(0.800) 376(0.800) 377(0.800) 378(0.800) 379(0.800) 387(0.499) 388(0.499) 389(0.499) 390(0.499) 391(0.499) 392(0.499) 393(0.499) 394(0.800) 395(0.800) 396(0.800) 397(0.800) 398(0.800) 399(0.800) 

[EVENT] 268.979 | event=UAVWaypointArrival | nodeId=402 | cycle=7 | pos=(270.000,340.000,20.000)

[EVENT] 272.020 | event=UAVWaypointArrival | nodeId=402 | cycle=7 | pos=(260.000,280.000,20.000)

[EVENT] 272.711 | event=UAVWaypointArrival | nodeId=401 | cycle=1 | pos=(280.000,120.000,20.000)

[EVENT] 275.500 | event=SuspiciousConfidenceSnapshot | 76(0.874) 77(0.874) 78(0.874) 79(0.874) 94(0.874) 95(0.874) 96(0.874) 97(0.874) 98(0.874) 99(0.874) 114(0.874) 115(0.874) 116(0.874) 117(0.874) 118(0.874) 119(0.874) 134(0.874) 135(0.874) 136(0.874) 137(0.874) 138(0.874) 139(0.874) 154(0.874) 155(0.874) 156(0.874) 157(0.874) 158(0.874) 159(0.874) 174(0.874) 175(0.874) 176(0.874) 177(0.874) 178(0.874) 179(0.874) 193(0.874) 194(0.874) 195(0.900) 196(0.900) 197(0.900) 198(0.874) 199(0.874) 211(0.874) 212(0.874) 213(0.874) 214(0.874) 215(0.900) 216(0.900) 217(0.900) 218(0.900) 219(0.874) 231(0.874) 232(0.874) 233(0.874) 234(0.874) 235(0.900) 236(0.900) 237(0.900) 238(0.900) 239(0.900) 251(0.874) 252(0.874) 253(0.874) 254(0.874) 255(0.900) 256(0.900) 257(0.900) 258(0.900) 259(0.900) 271(0.874) 272(0.874) 273(0.874) 274(0.874) 275(0.874) 276(0.900) 277(0.900) 278(0.900) 279(0.900) 291(0.874) 292(0.874) 293(0.874) 294(0.874) 295(0.874) 296(0.874) 297(0.874) 298(0.900) 299(0.874) 309(0.499) 310(0.499) 311(0.499) 312(0.499) 313(0.874) 314(0.874) 315(0.874) 316(0.800) 317(0.800) 318(0.800) 319(0.800) 327(0.499) 328(0.499) 329(0.499) 330(0.499) 331(0.499) 332(0.499) 333(0.499) 334(0.800) 335(0.800) 336(0.800) 337(0.800) 338(0.800) 339(0.800) 347(0.499) 348(0.499) 349(0.499) 350(0.499) 351(0.499) 352(0.499) 353(0.499) 354(0.800) 355(0.800) 356(0.800) 357(0.800) 358(0.800) 359(0.800) 367(0.499) 368(0.499) 369(0.499) 370(0.499) 371(0.499) 372(0.499) 373(0.499) 374(0.800) 375(0.800) 376(0.800) 377(0.800) 378(0.800) 379(0.800) 387(0.499) 388(0.499) 389(0.499) 390(0.499) 391(0.499) 392(0.499) 393(0.499) 394(0.800) 395(0.800) 396(0.800) 397(0.800) 398(0.800) 399(0.800) 

[EVENT] 278.423 | event=UAVWaypointArrival | nodeId=402 | cycle=7 | pos=(340.000,180.000,20.000)

[EVENT] 279.423 | event=UAVWaypointArrival | nodeId=402 | cycle=7 | pos=(360.000,180.000,20.000)

[EVENT] 285.500 | event=SuspiciousConfidenceSnapshot | 76(0.874) 77(0.874) 78(0.874) 79(0.874) 94(0.874) 95(0.874) 96(0.874) 97(0.874) 98(0.874) 99(0.874) 114(0.874) 115(0.874) 116(0.874) 117(0.874) 118(0.874) 119(0.874) 134(0.874) 135(0.874) 136(0.874) 137(0.874) 138(0.874) 139(0.874) 154(0.874) 155(0.874) 156(0.874) 157(0.874) 158(0.874) 159(0.874) 174(0.874) 175(0.874) 176(0.874) 177(0.874) 178(0.874) 179(0.874) 193(0.874) 194(0.874) 195(0.900) 196(0.900) 197(0.900) 198(0.874) 199(0.874) 211(0.874) 212(0.874) 213(0.874) 214(0.874) 215(0.900) 216(0.900) 217(0.900) 218(0.900) 219(0.874) 231(0.874) 232(0.874) 233(0.874) 234(0.874) 235(0.900) 236(0.900) 237(0.900) 238(0.900) 239(0.900) 251(0.874) 252(0.874) 253(0.874) 254(0.874) 255(0.900) 256(0.900) 257(0.900) 258(0.900) 259(0.900) 271(0.874) 272(0.874) 273(0.874) 274(0.874) 275(0.874) 276(0.900) 277(0.900) 278(0.900) 279(0.900) 291(0.874) 292(0.874) 293(0.874) 294(0.874) 295(0.874) 296(0.874) 297(0.874) 298(0.900) 299(0.874) 309(0.499) 310(0.499) 311(0.499) 312(0.499) 313(0.874) 314(0.874) 315(0.874) 316(0.800) 317(0.800) 318(0.800) 319(0.800) 327(0.499) 328(0.499) 329(0.499) 330(0.499) 331(0.499) 332(0.499) 333(0.499) 334(0.800) 335(0.800) 336(0.800) 337(0.800) 338(0.800) 339(0.800) 347(0.499) 348(0.499) 349(0.499) 350(0.499) 351(0.499) 352(0.499) 353(0.499) 354(0.800) 355(0.800) 356(0.800) 357(0.800) 358(0.800) 359(0.800) 367(0.499) 368(0.499) 369(0.499) 370(0.499) 371(0.499) 372(0.499) 373(0.499) 374(0.800) 375(0.800) 376(0.800) 377(0.800) 378(0.800) 379(0.800) 387(0.499) 388(0.499) 389(0.499) 390(0.499) 391(0.499) 392(0.499) 393(0.499) 394(0.800) 395(0.800) 396(0.800) 397(0.800) 398(0.800) 399(0.800) 

[EVENT] 290.324 | event=UAVWaypointArrival | nodeId=401 | cycle=1 | pos=(300.000,120.000,20.000)

[EVENT] 295.500 | event=SuspiciousConfidenceSnapshot | 76(0.874) 77(0.874) 78(0.874) 79(0.874) 94(0.874) 95(0.874) 96(0.874) 97(0.874) 98(0.874) 99(0.874) 114(0.874) 115(0.874) 116(0.874) 117(0.874) 118(0.874) 119(0.874) 134(0.874) 135(0.874) 136(0.874) 137(0.874) 138(0.874) 139(0.874) 154(0.874) 155(0.874) 156(0.874) 157(0.874) 158(0.874) 159(0.874) 174(0.874) 175(0.874) 176(0.874) 177(0.874) 178(0.874) 179(0.874) 193(0.874) 194(0.874) 195(0.900) 196(0.900) 197(0.900) 198(0.874) 199(0.874) 211(0.874) 212(0.874) 213(0.874) 214(0.874) 215(0.900) 216(0.900) 217(0.900) 218(0.900) 219(0.874) 231(0.874) 232(0.874) 233(0.874) 234(0.874) 235(0.900) 236(0.900) 237(0.900) 238(0.900) 239(0.900) 251(0.874) 252(0.874) 253(0.874) 254(0.874) 255(0.900) 256(0.900) 257(0.900) 258(0.900) 259(0.900) 271(0.874) 272(0.874) 273(0.874) 274(0.874) 275(0.874) 276(0.900) 277(0.900) 278(0.900) 279(0.900) 291(0.874) 292(0.874) 293(0.874) 294(0.874) 295(0.874) 296(0.874) 297(0.874) 298(0.900) 299(0.874) 309(0.499) 310(0.499) 311(0.499) 312(0.499) 313(0.874) 314(0.874) 315(0.874) 316(0.800) 317(0.800) 318(0.800) 319(0.800) 327(0.499) 328(0.499) 329(0.499) 330(0.499) 331(0.499) 332(0.499) 333(0.499) 334(0.800) 335(0.800) 336(0.800) 337(0.800) 338(0.800) 339(0.800) 347(0.499) 348(0.499) 349(0.499) 350(0.499) 351(0.499) 352(0.499) 353(0.499) 354(0.800) 355(0.800) 356(0.800) 357(0.800) 358(0.800) 359(0.800) 367(0.499) 368(0.499) 369(0.499) 370(0.499) 371(0.499) 372(0.499) 373(0.499) 374(0.800) 375(0.800) 376(0.800) 377(0.800) 378(0.800) 379(0.800) 387(0.499) 388(0.499) 389(0.499) 390(0.499) 391(0.499) 392(0.499) 393(0.499) 394(0.800) 395(0.800) 396(0.800) 397(0.800) 398(0.800) 399(0.800) 

[EVENT] 305.500 | event=SuspiciousConfidenceSnapshot | 76(0.874) 77(0.874) 78(0.874) 79(0.874) 94(0.874) 95(0.874) 96(0.874) 97(0.874) 98(0.874) 99(0.874) 114(0.874) 115(0.874) 116(0.874) 117(0.874) 118(0.874) 119(0.874) 134(0.874) 135(0.874) 136(0.874) 137(0.874) 138(0.874) 139(0.874) 154(0.874) 155(0.874) 156(0.874) 157(0.874) 158(0.874) 159(0.874) 174(0.874) 175(0.874) 176(0.874) 177(0.874) 178(0.874) 179(0.874) 193(0.874) 194(0.874) 195(0.900) 196(0.900) 197(0.900) 198(0.874) 199(0.874) 211(0.874) 212(0.874) 213(0.874) 214(0.874) 215(0.900) 216(0.900) 217(0.900) 218(0.900) 219(0.874) 231(0.874) 232(0.874) 233(0.874) 234(0.874) 235(0.900) 236(0.900) 237(0.900) 238(0.900) 239(0.900) 251(0.874) 252(0.874) 253(0.874) 254(0.874) 255(0.900) 256(0.900) 257(0.900) 258(0.900) 259(0.900) 271(0.874) 272(0.874) 273(0.874) 274(0.874) 275(0.874) 276(0.900) 277(0.900) 278(0.900) 279(0.900) 291(0.874) 292(0.874) 293(0.874) 294(0.874) 295(0.874) 296(0.874) 297(0.874) 298(0.900) 299(0.874) 309(0.499) 310(0.499) 311(0.499) 312(0.499) 313(0.874) 314(0.874) 315(0.874) 316(0.800) 317(0.800) 318(0.800) 319(0.800) 327(0.499) 328(0.499) 329(0.499) 330(0.499) 331(0.499) 332(0.499) 333(0.499) 334(0.800) 335(0.800) 336(0.800) 337(0.800) 338(0.800) 339(0.800) 347(0.499) 348(0.499) 349(0.499) 350(0.499) 351(0.499) 352(0.499) 353(0.499) 354(0.800) 355(0.800) 356(0.800) 357(0.800) 358(0.800) 359(0.800) 367(0.499) 368(0.499) 369(0.499) 370(0.499) 371(0.499) 372(0.499) 373(0.499) 374(0.800) 375(0.800) 376(0.800) 377(0.800) 378(0.800) 379(0.800) 387(0.499) 388(0.499) 389(0.499) 390(0.499) 391(0.499) 392(0.499) 393(0.499) 394(0.800) 395(0.800) 396(0.800) 397(0.800) 398(0.800) 399(0.800) 

[EVENT] 307.938 | event=UAVWaypointArrival | nodeId=401 | cycle=1 | pos=(320.000,120.000,20.000)

[EVENT] 308.168 | event=UAVWaypointArrival | nodeId=402 | cycle=8 | pos=(270.000,340.000,20.000)

[EVENT] 311.209 | event=UAVWaypointArrival | nodeId=402 | cycle=8 | pos=(260.000,280.000,20.000)

[EVENT] 315.500 | event=SuspiciousConfidenceSnapshot | 76(0.874) 77(0.874) 78(0.874) 79(0.874) 94(0.874) 95(0.874) 96(0.874) 97(0.874) 98(0.874) 99(0.874) 114(0.874) 115(0.874) 116(0.874) 117(0.874) 118(0.874) 119(0.874) 134(0.874) 135(0.874) 136(0.874) 137(0.874) 138(0.874) 139(0.874) 154(0.874) 155(0.874) 156(0.874) 157(0.874) 158(0.874) 159(0.874) 174(0.874) 175(0.874) 176(0.874) 177(0.874) 178(0.874) 179(0.874) 193(0.874) 194(0.874) 195(0.900) 196(0.900) 197(0.900) 198(0.874) 199(0.874) 211(0.874) 212(0.874) 213(0.874) 214(0.874) 215(0.900) 216(0.900) 217(0.900) 218(0.900) 219(0.874) 231(0.874) 232(0.874) 233(0.874) 234(0.874) 235(0.900) 236(0.900) 237(0.900) 238(0.900) 239(0.900) 251(0.874) 252(0.874) 253(0.874) 254(0.874) 255(0.900) 256(0.900) 257(0.900) 258(0.900) 259(0.900) 271(0.874) 272(0.874) 273(0.874) 274(0.874) 275(0.874) 276(0.900) 277(0.900) 278(0.900) 279(0.900) 291(0.874) 292(0.874) 293(0.874) 294(0.874) 295(0.874) 296(0.874) 297(0.874) 298(0.900) 299(0.874) 309(0.499) 310(0.499) 311(0.499) 312(0.499) 313(0.874) 314(0.874) 315(0.874) 316(0.800) 317(0.800) 318(0.800) 319(0.800) 327(0.499) 328(0.499) 329(0.499) 330(0.499) 331(0.499) 332(0.499) 333(0.499) 334(0.800) 335(0.800) 336(0.800) 337(0.800) 338(0.800) 339(0.800) 347(0.499) 348(0.499) 349(0.499) 350(0.499) 351(0.499) 352(0.499) 353(0.499) 354(0.800) 355(0.800) 356(0.800) 357(0.800) 358(0.800) 359(0.800) 367(0.499) 368(0.499) 369(0.499) 370(0.499) 371(0.499) 372(0.499) 373(0.499) 374(0.800) 375(0.800) 376(0.800) 377(0.800) 378(0.800) 379(0.800) 387(0.499) 388(0.499) 389(0.499) 390(0.499) 391(0.499) 392(0.499) 393(0.499) 394(0.800) 395(0.800) 396(0.800) 397(0.800) 398(0.800) 399(0.800) 

[EVENT] 317.613 | event=UAVWaypointArrival | nodeId=402 | cycle=8 | pos=(340.000,180.000,20.000)

[EVENT] 318.613 | event=UAVWaypointArrival | nodeId=402 | cycle=8 | pos=(360.000,180.000,20.000)

[EVENT] 325.500 | event=SuspiciousConfidenceSnapshot | 76(0.874) 77(0.874) 78(0.874) 79(0.874) 94(0.874) 95(0.874) 96(0.874) 97(0.874) 98(0.874) 99(0.874) 114(0.874) 115(0.874) 116(0.874) 117(0.874) 118(0.874) 119(0.874) 134(0.874) 135(0.874) 136(0.874) 137(0.874) 138(0.874) 139(0.874) 154(0.874) 155(0.874) 156(0.874) 157(0.874) 158(0.874) 159(0.874) 174(0.874) 175(0.874) 176(0.874) 177(0.874) 178(0.874) 179(0.874) 193(0.874) 194(0.874) 195(0.900) 196(0.900) 197(0.900) 198(0.874) 199(0.874) 211(0.874) 212(0.874) 213(0.874) 214(0.874) 215(0.900) 216(0.900) 217(0.900) 218(0.900) 219(0.874) 231(0.874) 232(0.874) 233(0.874) 234(0.874) 235(0.900) 236(0.900) 237(0.900) 238(0.900) 239(0.900) 251(0.874) 252(0.874) 253(0.874) 254(0.874) 255(0.900) 256(0.900) 257(0.900) 258(0.900) 259(0.900) 271(0.874) 272(0.874) 273(0.874) 274(0.874) 275(0.874) 276(0.900) 277(0.900) 278(0.900) 279(0.900) 291(0.874) 292(0.874) 293(0.874) 294(0.874) 295(0.874) 296(0.874) 297(0.874) 298(0.900) 299(0.874) 309(0.499) 310(0.499) 311(0.499) 312(0.499) 313(0.874) 314(0.874) 315(0.874) 316(0.800) 317(0.800) 318(0.800) 319(0.800) 327(0.499) 328(0.499) 329(0.499) 330(0.499) 331(0.499) 332(0.499) 333(0.499) 334(0.800) 335(0.800) 336(0.800) 337(0.800) 338(0.800) 339(0.800) 347(0.499) 348(0.499) 349(0.499) 350(0.499) 351(0.499) 352(0.499) 353(0.499) 354(0.800) 355(0.800) 356(0.800) 357(0.800) 358(0.800) 359(0.800) 367(0.499) 368(0.499) 369(0.499) 370(0.499) 371(0.499) 372(0.499) 373(0.499) 374(0.800) 375(0.800) 376(0.800) 377(0.800) 378(0.800) 379(0.800) 387(0.499) 388(0.499) 389(0.499) 390(0.499) 391(0.499) 392(0.499) 393(0.499) 394(0.800) 395(0.800) 396(0.800) 397(0.800) 398(0.800) 399(0.800) 

[EVENT] 325.551 | event=UAVWaypointArrival | nodeId=401 | cycle=1 | pos=(340.000,120.000,20.000)

[EVENT] 335.500 | event=SuspiciousConfidenceSnapshot | 76(0.874) 77(0.874) 78(0.874) 79(0.874) 94(0.874) 95(0.874) 96(0.874) 97(0.874) 98(0.874) 99(0.874) 114(0.874) 115(0.874) 116(0.874) 117(0.874) 118(0.874) 119(0.874) 134(0.874) 135(0.874) 136(0.874) 137(0.874) 138(0.874) 139(0.874) 154(0.874) 155(0.874) 156(0.874) 157(0.874) 158(0.874) 159(0.874) 174(0.874) 175(0.874) 176(0.874) 177(0.874) 178(0.874) 179(0.874) 193(0.874) 194(0.874) 195(0.900) 196(0.900) 197(0.900) 198(0.874) 199(0.874) 211(0.874) 212(0.874) 213(0.874) 214(0.874) 215(0.900) 216(0.900) 217(0.900) 218(0.900) 219(0.874) 231(0.874) 232(0.874) 233(0.874) 234(0.874) 235(0.900) 236(0.900) 237(0.900) 238(0.900) 239(0.900) 251(0.874) 252(0.874) 253(0.874) 254(0.874) 255(0.900) 256(0.900) 257(0.900) 258(0.900) 259(0.900) 271(0.874) 272(0.874) 273(0.874) 274(0.874) 275(0.874) 276(0.900) 277(0.900) 278(0.900) 279(0.900) 291(0.874) 292(0.874) 293(0.874) 294(0.874) 295(0.874) 296(0.874) 297(0.874) 298(0.900) 299(0.874) 309(0.499) 310(0.499) 311(0.499) 312(0.499) 313(0.874) 314(0.874) 315(0.874) 316(0.800) 317(0.800) 318(0.800) 319(0.800) 327(0.499) 328(0.499) 329(0.499) 330(0.499) 331(0.499) 332(0.499) 333(0.499) 334(0.800) 335(0.800) 336(0.800) 337(0.800) 338(0.800) 339(0.800) 347(0.499) 348(0.499) 349(0.499) 350(0.499) 351(0.499) 352(0.499) 353(0.499) 354(0.800) 355(0.800) 356(0.800) 357(0.800) 358(0.800) 359(0.800) 367(0.499) 368(0.499) 369(0.499) 370(0.499) 371(0.499) 372(0.499) 373(0.499) 374(0.800) 375(0.800) 376(0.800) 377(0.800) 378(0.800) 379(0.800) 387(0.499) 388(0.499) 389(0.499) 390(0.499) 391(0.499) 392(0.499) 393(0.499) 394(0.800) 395(0.800) 396(0.800) 397(0.800) 398(0.800) 399(0.800) 

[EVENT] 343.165 | event=UAVWaypointArrival | nodeId=401 | cycle=1 | pos=(360.000,120.000,20.000)

[EVENT] 345.500 | event=SuspiciousConfidenceSnapshot | 76(0.874) 77(0.874) 78(0.874) 79(0.874) 94(0.874) 95(0.874) 96(0.874) 97(0.874) 98(0.874) 99(0.874) 114(0.874) 115(0.874) 116(0.874) 117(0.874) 118(0.874) 119(0.874) 134(0.874) 135(0.874) 136(0.874) 137(0.874) 138(0.874) 139(0.874) 154(0.874) 155(0.874) 156(0.874) 157(0.874) 158(0.874) 159(0.874) 174(0.874) 175(0.874) 176(0.874) 177(0.874) 178(0.874) 179(0.874) 193(0.874) 194(0.874) 195(0.900) 196(0.900) 197(0.900) 198(0.874) 199(0.874) 211(0.874) 212(0.874) 213(0.874) 214(0.874) 215(0.900) 216(0.900) 217(0.900) 218(0.900) 219(0.874) 231(0.874) 232(0.874) 233(0.874) 234(0.874) 235(0.900) 236(0.900) 237(0.900) 238(0.900) 239(0.900) 251(0.874) 252(0.874) 253(0.874) 254(0.874) 255(0.900) 256(0.900) 257(0.900) 258(0.900) 259(0.900) 271(0.874) 272(0.874) 273(0.874) 274(0.874) 275(0.874) 276(0.900) 277(0.900) 278(0.900) 279(0.900) 291(0.874) 292(0.874) 293(0.874) 294(0.874) 295(0.874) 296(0.874) 297(0.874) 298(0.900) 299(0.874) 309(0.499) 310(0.499) 311(0.499) 312(0.499) 313(0.874) 314(0.874) 315(0.874) 316(0.800) 317(0.800) 318(0.800) 319(0.800) 327(0.499) 328(0.499) 329(0.499) 330(0.499) 331(0.499) 332(0.499) 333(0.499) 334(0.800) 335(0.800) 336(0.800) 337(0.800) 338(0.800) 339(0.800) 347(0.499) 348(0.499) 349(0.499) 350(0.499) 351(0.499) 352(0.499) 353(0.499) 354(0.800) 355(0.800) 356(0.800) 357(0.800) 358(0.800) 359(0.800) 367(0.499) 368(0.499) 369(0.499) 370(0.499) 371(0.499) 372(0.499) 373(0.499) 374(0.800) 375(0.800) 376(0.800) 377(0.800) 378(0.800) 379(0.800) 387(0.499) 388(0.499) 389(0.499) 390(0.499) 391(0.499) 392(0.499) 393(0.499) 394(0.800) 395(0.800) 396(0.800) 397(0.800) 398(0.800) 399(0.800) 

[EVENT] 347.357 | event=UAVWaypointArrival | nodeId=402 | cycle=9 | pos=(270.000,340.000,20.000)

[EVENT] 350.399 | event=UAVWaypointArrival | nodeId=402 | cycle=9 | pos=(260.000,280.000,20.000)

[EVENT] 355.500 | event=SuspiciousConfidenceSnapshot | 76(0.874) 77(0.874) 78(0.874) 79(0.874) 94(0.874) 95(0.874) 96(0.874) 97(0.874) 98(0.874) 99(0.874) 114(0.874) 115(0.874) 116(0.874) 117(0.874) 118(0.874) 119(0.874) 134(0.874) 135(0.874) 136(0.874) 137(0.874) 138(0.874) 139(0.874) 154(0.874) 155(0.874) 156(0.874) 157(0.874) 158(0.874) 159(0.874) 174(0.874) 175(0.874) 176(0.874) 177(0.874) 178(0.874) 179(0.874) 193(0.874) 194(0.874) 195(0.900) 196(0.900) 197(0.900) 198(0.874) 199(0.874) 211(0.874) 212(0.874) 213(0.874) 214(0.874) 215(0.900) 216(0.900) 217(0.900) 218(0.900) 219(0.874) 231(0.874) 232(0.874) 233(0.874) 234(0.874) 235(0.900) 236(0.900) 237(0.900) 238(0.900) 239(0.900) 251(0.874) 252(0.874) 253(0.874) 254(0.874) 255(0.900) 256(0.900) 257(0.900) 258(0.900) 259(0.900) 271(0.874) 272(0.874) 273(0.874) 274(0.874) 275(0.874) 276(0.900) 277(0.900) 278(0.900) 279(0.900) 291(0.874) 292(0.874) 293(0.874) 294(0.874) 295(0.874) 296(0.874) 297(0.874) 298(0.900) 299(0.874) 309(0.499) 310(0.499) 311(0.499) 312(0.499) 313(0.874) 314(0.874) 315(0.874) 316(0.800) 317(0.800) 318(0.800) 319(0.800) 327(0.499) 328(0.499) 329(0.499) 330(0.499) 331(0.499) 332(0.499) 333(0.499) 334(0.800) 335(0.800) 336(0.800) 337(0.800) 338(0.800) 339(0.800) 347(0.499) 348(0.499) 349(0.499) 350(0.499) 351(0.499) 352(0.499) 353(0.499) 354(0.800) 355(0.800) 356(0.800) 357(0.800) 358(0.800) 359(0.800) 367(0.499) 368(0.499) 369(0.499) 370(0.499) 371(0.499) 372(0.499) 373(0.499) 374(0.800) 375(0.800) 376(0.800) 377(0.800) 378(0.800) 379(0.800) 387(0.499) 388(0.499) 389(0.499) 390(0.499) 391(0.499) 392(0.499) 393(0.499) 394(0.800) 395(0.800) 396(0.800) 397(0.800) 398(0.800) 399(0.800) 

[EVENT] 356.802 | event=UAVWaypointArrival | nodeId=402 | cycle=9 | pos=(340.000,180.000,20.000)

[EVENT] 357.802 | event=UAVWaypointArrival | nodeId=402 | cycle=9 | pos=(360.000,180.000,20.000)

[EVENT] 360.778 | event=UAVWaypointArrival | nodeId=401 | cycle=1 | pos=(360.000,100.000,20.000)

[EVENT] 365.500 | event=SuspiciousConfidenceSnapshot | 76(0.874) 77(0.874) 78(0.874) 79(0.874) 94(0.874) 95(0.874) 96(0.874) 97(0.874) 98(0.874) 99(0.874) 114(0.874) 115(0.874) 116(0.874) 117(0.874) 118(0.874) 119(0.874) 134(0.874) 135(0.874) 136(0.874) 137(0.874) 138(0.874) 139(0.874) 154(0.874) 155(0.874) 156(0.874) 157(0.874) 158(0.874) 159(0.874) 174(0.874) 175(0.874) 176(0.874) 177(0.874) 178(0.874) 179(0.874) 193(0.874) 194(0.874) 195(0.900) 196(0.900) 197(0.900) 198(0.874) 199(0.874) 211(0.874) 212(0.874) 213(0.874) 214(0.874) 215(0.900) 216(0.900) 217(0.900) 218(0.900) 219(0.874) 231(0.874) 232(0.874) 233(0.874) 234(0.874) 235(0.900) 236(0.900) 237(0.900) 238(0.900) 239(0.900) 251(0.874) 252(0.874) 253(0.874) 254(0.874) 255(0.900) 256(0.900) 257(0.900) 258(0.900) 259(0.900) 271(0.874) 272(0.874) 273(0.874) 274(0.874) 275(0.874) 276(0.900) 277(0.900) 278(0.900) 279(0.900) 291(0.874) 292(0.874) 293(0.874) 294(0.874) 295(0.874) 296(0.874) 297(0.874) 298(0.900) 299(0.874) 309(0.499) 310(0.499) 311(0.499) 312(0.499) 313(0.874) 314(0.874) 315(0.874) 316(0.800) 317(0.800) 318(0.800) 319(0.800) 327(0.499) 328(0.499) 329(0.499) 330(0.499) 331(0.499) 332(0.499) 333(0.499) 334(0.800) 335(0.800) 336(0.800) 337(0.800) 338(0.800) 339(0.800) 347(0.499) 348(0.499) 349(0.499) 350(0.499) 351(0.499) 352(0.499) 353(0.499) 354(0.800) 355(0.800) 356(0.800) 357(0.800) 358(0.800) 359(0.800) 367(0.499) 368(0.499) 369(0.499) 370(0.499) 371(0.499) 372(0.499) 373(0.499) 374(0.800) 375(0.800) 376(0.800) 377(0.800) 378(0.800) 379(0.800) 387(0.499) 388(0.499) 389(0.499) 390(0.499) 391(0.499) 392(0.499) 393(0.499) 394(0.800) 395(0.800) 396(0.800) 397(0.800) 398(0.800) 399(0.800) 

[EVENT] 375.500 | event=SuspiciousConfidenceSnapshot | 76(0.874) 77(0.874) 78(0.874) 79(0.874) 94(0.874) 95(0.874) 96(0.874) 97(0.874) 98(0.874) 99(0.874) 114(0.874) 115(0.874) 116(0.874) 117(0.874) 118(0.874) 119(0.874) 134(0.874) 135(0.874) 136(0.874) 137(0.874) 138(0.874) 139(0.874) 154(0.874) 155(0.874) 156(0.874) 157(0.874) 158(0.874) 159(0.874) 174(0.874) 175(0.874) 176(0.874) 177(0.874) 178(0.874) 179(0.874) 193(0.874) 194(0.874) 195(0.900) 196(0.900) 197(0.900) 198(0.874) 199(0.874) 211(0.874) 212(0.874) 213(0.874) 214(0.874) 215(0.900) 216(0.900) 217(0.900) 218(0.900) 219(0.874) 231(0.874) 232(0.874) 233(0.874) 234(0.874) 235(0.900) 236(0.900) 237(0.900) 238(0.900) 239(0.900) 251(0.874) 252(0.874) 253(0.874) 254(0.874) 255(0.900) 256(0.900) 257(0.900) 258(0.900) 259(0.900) 271(0.874) 272(0.874) 273(0.874) 274(0.874) 275(0.874) 276(0.900) 277(0.900) 278(0.900) 279(0.900) 291(0.874) 292(0.874) 293(0.874) 294(0.874) 295(0.874) 296(0.874) 297(0.874) 298(0.900) 299(0.874) 309(0.499) 310(0.499) 311(0.499) 312(0.499) 313(0.874) 314(0.874) 315(0.874) 316(0.800) 317(0.800) 318(0.800) 319(0.800) 327(0.499) 328(0.499) 329(0.499) 330(0.499) 331(0.499) 332(0.499) 333(0.499) 334(0.800) 335(0.800) 336(0.800) 337(0.800) 338(0.800) 339(0.800) 347(0.499) 348(0.499) 349(0.499) 350(0.499) 351(0.499) 352(0.499) 353(0.499) 354(0.800) 355(0.800) 356(0.800) 357(0.800) 358(0.800) 359(0.800) 367(0.499) 368(0.499) 369(0.499) 370(0.499) 371(0.499) 372(0.499) 373(0.499) 374(0.800) 375(0.800) 376(0.800) 377(0.800) 378(0.800) 379(0.800) 387(0.499) 388(0.499) 389(0.499) 390(0.499) 391(0.499) 392(0.499) 393(0.499) 394(0.800) 395(0.800) 396(0.800) 397(0.800) 398(0.800) 399(0.800) 

[EVENT] 378.391 | event=UAVWaypointArrival | nodeId=401 | cycle=1 | pos=(380.000,100.000,20.000)

[EVENT] 385.500 | event=SuspiciousConfidenceSnapshot | 76(0.874) 77(0.874) 78(0.874) 79(0.874) 94(0.874) 95(0.874) 96(0.874) 97(0.874) 98(0.874) 99(0.874) 114(0.874) 115(0.874) 116(0.874) 117(0.874) 118(0.874) 119(0.874) 134(0.874) 135(0.874) 136(0.874) 137(0.874) 138(0.874) 139(0.874) 154(0.874) 155(0.874) 156(0.874) 157(0.874) 158(0.874) 159(0.874) 174(0.874) 175(0.874) 176(0.874) 177(0.874) 178(0.874) 179(0.874) 193(0.874) 194(0.874) 195(0.900) 196(0.900) 197(0.900) 198(0.874) 199(0.874) 211(0.874) 212(0.874) 213(0.874) 214(0.874) 215(0.900) 216(0.900) 217(0.900) 218(0.900) 219(0.874) 231(0.874) 232(0.874) 233(0.874) 234(0.874) 235(0.900) 236(0.900) 237(0.900) 238(0.900) 239(0.900) 251(0.874) 252(0.874) 253(0.874) 254(0.874) 255(0.900) 256(0.900) 257(0.900) 258(0.900) 259(0.900) 271(0.874) 272(0.874) 273(0.874) 274(0.874) 275(0.874) 276(0.900) 277(0.900) 278(0.900) 279(0.900) 291(0.874) 292(0.874) 293(0.874) 294(0.874) 295(0.874) 296(0.874) 297(0.874) 298(0.900) 299(0.874) 309(0.499) 310(0.499) 311(0.499) 312(0.499) 313(0.874) 314(0.874) 315(0.874) 316(0.800) 317(0.800) 318(0.800) 319(0.800) 327(0.499) 328(0.499) 329(0.499) 330(0.499) 331(0.499) 332(0.499) 333(0.499) 334(0.800) 335(0.800) 336(0.800) 337(0.800) 338(0.800) 339(0.800) 347(0.499) 348(0.499) 349(0.499) 350(0.499) 351(0.499) 352(0.499) 353(0.499) 354(0.800) 355(0.800) 356(0.800) 357(0.800) 358(0.800) 359(0.800) 367(0.499) 368(0.499) 369(0.499) 370(0.499) 371(0.499) 372(0.499) 373(0.499) 374(0.800) 375(0.800) 376(0.800) 377(0.800) 378(0.800) 379(0.800) 387(0.499) 388(0.499) 389(0.499) 390(0.499) 391(0.499) 392(0.499) 393(0.499) 394(0.800) 395(0.800) 396(0.800) 397(0.800) 398(0.800) 399(0.800) 

[EVENT] 386.546 | event=UAVWaypointArrival | nodeId=402 | cycle=10 | pos=(270.000,340.000,20.000)

[EVENT] 389.588 | event=UAVWaypointArrival | nodeId=402 | cycle=10 | pos=(260.000,280.000,20.000)

[EVENT] 395.500 | event=SuspiciousConfidenceSnapshot | 76(0.874) 77(0.874) 78(0.874) 79(0.874) 94(0.874) 95(0.874) 96(0.874) 97(0.874) 98(0.874) 99(0.874) 114(0.874) 115(0.874) 116(0.874) 117(0.874) 118(0.874) 119(0.874) 134(0.874) 135(0.874) 136(0.874) 137(0.874) 138(0.874) 139(0.874) 154(0.874) 155(0.874) 156(0.874) 157(0.874) 158(0.874) 159(0.874) 174(0.874) 175(0.874) 176(0.874) 177(0.874) 178(0.874) 179(0.874) 193(0.874) 194(0.874) 195(0.900) 196(0.900) 197(0.900) 198(0.874) 199(0.874) 211(0.874) 212(0.874) 213(0.874) 214(0.874) 215(0.900) 216(0.900) 217(0.900) 218(0.900) 219(0.874) 231(0.874) 232(0.874) 233(0.874) 234(0.874) 235(0.900) 236(0.900) 237(0.900) 238(0.900) 239(0.900) 251(0.874) 252(0.874) 253(0.874) 254(0.874) 255(0.900) 256(0.900) 257(0.900) 258(0.900) 259(0.900) 271(0.874) 272(0.874) 273(0.874) 274(0.874) 275(0.874) 276(0.900) 277(0.900) 278(0.900) 279(0.900) 291(0.874) 292(0.874) 293(0.874) 294(0.874) 295(0.874) 296(0.874) 297(0.874) 298(0.900) 299(0.874) 309(0.499) 310(0.499) 311(0.499) 312(0.499) 313(0.874) 314(0.874) 315(0.874) 316(0.800) 317(0.800) 318(0.800) 319(0.800) 327(0.499) 328(0.499) 329(0.499) 330(0.499) 331(0.499) 332(0.499) 333(0.499) 334(0.800) 335(0.800) 336(0.800) 337(0.800) 338(0.800) 339(0.800) 347(0.499) 348(0.499) 349(0.499) 350(0.499) 351(0.499) 352(0.499) 353(0.499) 354(0.800) 355(0.800) 356(0.800) 357(0.800) 358(0.800) 359(0.800) 367(0.499) 368(0.499) 369(0.499) 370(0.499) 371(0.499) 372(0.499) 373(0.499) 374(0.800) 375(0.800) 376(0.800) 377(0.800) 378(0.800) 379(0.800) 387(0.499) 388(0.499) 389(0.499) 390(0.499) 391(0.499) 392(0.499) 393(0.499) 394(0.800) 395(0.800) 396(0.800) 397(0.800) 398(0.800) 399(0.800) 

[EVENT] 395.991 | event=UAVWaypointArrival | nodeId=402 | cycle=10 | pos=(340.000,180.000,20.000)

[EVENT] 396.005 | event=UAVWaypointArrival | nodeId=401 | cycle=1 | pos=(380.000,120.000,20.000)

[EVENT] 396.991 | event=UAVWaypointArrival | nodeId=402 | cycle=10 | pos=(360.000,180.000,20.000)

[EVENT] 405.500 | event=SuspiciousConfidenceSnapshot | 76(0.874) 77(0.874) 78(0.874) 79(0.874) 94(0.874) 95(0.874) 96(0.874) 97(0.874) 98(0.874) 99(0.874) 114(0.874) 115(0.874) 116(0.874) 117(0.874) 118(0.874) 119(0.874) 134(0.874) 135(0.874) 136(0.874) 137(0.874) 138(0.874) 139(0.874) 154(0.874) 155(0.874) 156(0.874) 157(0.874) 158(0.874) 159(0.874) 174(0.874) 175(0.874) 176(0.874) 177(0.874) 178(0.874) 179(0.874) 193(0.874) 194(0.874) 195(0.900) 196(0.900) 197(0.900) 198(0.874) 199(0.874) 211(0.874) 212(0.874) 213(0.874) 214(0.874) 215(0.900) 216(0.900) 217(0.900) 218(0.900) 219(0.874) 231(0.874) 232(0.874) 233(0.874) 234(0.874) 235(0.900) 236(0.900) 237(0.900) 238(0.900) 239(0.900) 251(0.874) 252(0.874) 253(0.874) 254(0.874) 255(0.900) 256(0.900) 257(0.900) 258(0.900) 259(0.900) 271(0.874) 272(0.874) 273(0.874) 274(0.874) 275(0.874) 276(0.900) 277(0.900) 278(0.900) 279(0.900) 291(0.874) 292(0.874) 293(0.874) 294(0.874) 295(0.874) 296(0.874) 297(0.874) 298(0.900) 299(0.874) 309(0.499) 310(0.499) 311(0.499) 312(0.499) 313(0.874) 314(0.874) 315(0.874) 316(0.800) 317(0.800) 318(0.800) 319(0.800) 327(0.499) 328(0.499) 329(0.499) 330(0.499) 331(0.499) 332(0.499) 333(0.499) 334(0.800) 335(0.800) 336(0.800) 337(0.800) 338(0.800) 339(0.800) 347(0.499) 348(0.499) 349(0.499) 350(0.499) 351(0.499) 352(0.499) 353(0.499) 354(0.800) 355(0.800) 356(0.800) 357(0.800) 358(0.800) 359(0.800) 367(0.499) 368(0.499) 369(0.499) 370(0.499) 371(0.499) 372(0.499) 373(0.499) 374(0.800) 375(0.800) 376(0.800) 377(0.800) 378(0.800) 379(0.800) 387(0.499) 388(0.499) 389(0.499) 390(0.499) 391(0.499) 392(0.499) 393(0.499) 394(0.800) 395(0.800) 396(0.800) 397(0.800) 398(0.800) 399(0.800) 

[EVENT] 413.618 | event=UAVWaypointArrival | nodeId=401 | cycle=1 | pos=(380.000,140.000,20.000)

[EVENT] 415.500 | event=SuspiciousConfidenceSnapshot | 76(0.874) 77(0.874) 78(0.874) 79(0.874) 94(0.874) 95(0.874) 96(0.874) 97(0.874) 98(0.874) 99(0.874) 114(0.874) 115(0.874) 116(0.874) 117(0.874) 118(0.874) 119(0.874) 134(0.874) 135(0.874) 136(0.874) 137(0.874) 138(0.874) 139(0.874) 154(0.874) 155(0.874) 156(0.874) 157(0.874) 158(0.874) 159(0.874) 174(0.874) 175(0.874) 176(0.874) 177(0.874) 178(0.874) 179(0.874) 193(0.874) 194(0.874) 195(0.900) 196(0.900) 197(0.900) 198(0.874) 199(0.874) 211(0.874) 212(0.874) 213(0.874) 214(0.874) 215(0.900) 216(0.900) 217(0.900) 218(0.900) 219(0.874) 231(0.874) 232(0.874) 233(0.874) 234(0.874) 235(0.900) 236(0.900) 237(0.900) 238(0.900) 239(0.900) 251(0.874) 252(0.874) 253(0.874) 254(0.874) 255(0.900) 256(0.900) 257(0.900) 258(0.900) 259(0.900) 271(0.874) 272(0.874) 273(0.874) 274(0.874) 275(0.874) 276(0.900) 277(0.900) 278(0.900) 279(0.900) 291(0.874) 292(0.874) 293(0.874) 294(0.874) 295(0.874) 296(0.874) 297(0.874) 298(0.900) 299(0.874) 309(0.499) 310(0.499) 311(0.499) 312(0.499) 313(0.874) 314(0.874) 315(0.874) 316(0.800) 317(0.800) 318(0.800) 319(0.800) 327(0.499) 328(0.499) 329(0.499) 330(0.499) 331(0.499) 332(0.499) 333(0.499) 334(0.800) 335(0.800) 336(0.800) 337(0.800) 338(0.800) 339(0.800) 347(0.499) 348(0.499) 349(0.499) 350(0.499) 351(0.499) 352(0.499) 353(0.499) 354(0.800) 355(0.800) 356(0.800) 357(0.800) 358(0.800) 359(0.800) 367(0.499) 368(0.499) 369(0.499) 370(0.499) 371(0.499) 372(0.499) 373(0.499) 374(0.800) 375(0.800) 376(0.800) 377(0.800) 378(0.800) 379(0.800) 387(0.499) 388(0.499) 389(0.499) 390(0.499) 391(0.499) 392(0.499) 393(0.499) 394(0.800) 395(0.800) 396(0.800) 397(0.800) 398(0.800) 399(0.800) 

[EVENT] 425.500 | event=SuspiciousConfidenceSnapshot | 76(0.874) 77(0.874) 78(0.874) 79(0.874) 94(0.874) 95(0.874) 96(0.874) 97(0.874) 98(0.874) 99(0.874) 114(0.874) 115(0.874) 116(0.874) 117(0.874) 118(0.874) 119(0.874) 134(0.874) 135(0.874) 136(0.874) 137(0.874) 138(0.874) 139(0.874) 154(0.874) 155(0.874) 156(0.874) 157(0.874) 158(0.874) 159(0.874) 174(0.874) 175(0.874) 176(0.874) 177(0.874) 178(0.874) 179(0.874) 193(0.874) 194(0.874) 195(0.900) 196(0.900) 197(0.900) 198(0.874) 199(0.874) 211(0.874) 212(0.874) 213(0.874) 214(0.874) 215(0.900) 216(0.900) 217(0.900) 218(0.900) 219(0.874) 231(0.874) 232(0.874) 233(0.874) 234(0.874) 235(0.900) 236(0.900) 237(0.900) 238(0.900) 239(0.900) 251(0.874) 252(0.874) 253(0.874) 254(0.874) 255(0.900) 256(0.900) 257(0.900) 258(0.900) 259(0.900) 271(0.874) 272(0.874) 273(0.874) 274(0.874) 275(0.874) 276(0.900) 277(0.900) 278(0.900) 279(0.900) 291(0.874) 292(0.874) 293(0.874) 294(0.874) 295(0.874) 296(0.874) 297(0.874) 298(0.900) 299(0.874) 309(0.499) 310(0.499) 311(0.499) 312(0.499) 313(0.874) 314(0.874) 315(0.874) 316(0.800) 317(0.800) 318(0.800) 319(0.800) 327(0.499) 328(0.499) 329(0.499) 330(0.499) 331(0.499) 332(0.499) 333(0.499) 334(0.800) 335(0.800) 336(0.800) 337(0.800) 338(0.800) 339(0.800) 347(0.499) 348(0.499) 349(0.499) 350(0.499) 351(0.499) 352(0.499) 353(0.499) 354(0.800) 355(0.800) 356(0.800) 357(0.800) 358(0.800) 359(0.800) 367(0.499) 368(0.499) 369(0.499) 370(0.499) 371(0.499) 372(0.499) 373(0.499) 374(0.800) 375(0.800) 376(0.800) 377(0.800) 378(0.800) 379(0.800) 387(0.499) 388(0.499) 389(0.499) 390(0.499) 391(0.499) 392(0.499) 393(0.499) 394(0.800) 395(0.800) 396(0.800) 397(0.800) 398(0.800) 399(0.800) 

[EVENT] 425.735 | event=UAVWaypointArrival | nodeId=402 | cycle=11 | pos=(270.000,340.000,20.000)

[EVENT] 428.777 | event=UAVWaypointArrival | nodeId=402 | cycle=11 | pos=(260.000,280.000,20.000)

[EVENT] 431.231 | event=UAVWaypointArrival | nodeId=401 | cycle=1 | pos=(360.000,140.000,20.000)

[EVENT] 435.180 | event=UAVWaypointArrival | nodeId=402 | cycle=11 | pos=(340.000,180.000,20.000)

[EVENT] 435.500 | event=SuspiciousConfidenceSnapshot | 76(0.874) 77(0.874) 78(0.874) 79(0.874) 94(0.874) 95(0.874) 96(0.874) 97(0.874) 98(0.874) 99(0.874) 114(0.874) 115(0.874) 116(0.874) 117(0.874) 118(0.874) 119(0.874) 134(0.874) 135(0.874) 136(0.874) 137(0.874) 138(0.874) 139(0.874) 154(0.874) 155(0.874) 156(0.874) 157(0.874) 158(0.874) 159(0.874) 174(0.874) 175(0.874) 176(0.874) 177(0.874) 178(0.874) 179(0.874) 193(0.874) 194(0.874) 195(0.900) 196(0.900) 197(0.900) 198(0.874) 199(0.874) 211(0.874) 212(0.874) 213(0.874) 214(0.874) 215(0.900) 216(0.900) 217(0.900) 218(0.900) 219(0.874) 231(0.874) 232(0.874) 233(0.874) 234(0.874) 235(0.900) 236(0.900) 237(0.900) 238(0.900) 239(0.900) 251(0.874) 252(0.874) 253(0.874) 254(0.874) 255(0.900) 256(0.900) 257(0.900) 258(0.900) 259(0.900) 271(0.874) 272(0.874) 273(0.874) 274(0.874) 275(0.874) 276(0.900) 277(0.900) 278(0.900) 279(0.900) 291(0.874) 292(0.874) 293(0.874) 294(0.874) 295(0.874) 296(0.874) 297(0.874) 298(0.900) 299(0.874) 309(0.499) 310(0.499) 311(0.499) 312(0.499) 313(0.874) 314(0.874) 315(0.874) 316(0.800) 317(0.800) 318(0.800) 319(0.800) 327(0.499) 328(0.499) 329(0.499) 330(0.499) 331(0.499) 332(0.499) 333(0.499) 334(0.800) 335(0.800) 336(0.800) 337(0.800) 338(0.800) 339(0.800) 347(0.499) 348(0.499) 349(0.499) 350(0.499) 351(0.499) 352(0.499) 353(0.499) 354(0.800) 355(0.800) 356(0.800) 357(0.800) 358(0.800) 359(0.800) 367(0.499) 368(0.499) 369(0.499) 370(0.499) 371(0.499) 372(0.499) 373(0.499) 374(0.800) 375(0.800) 376(0.800) 377(0.800) 378(0.800) 379(0.800) 387(0.499) 388(0.499) 389(0.499) 390(0.499) 391(0.499) 392(0.499) 393(0.499) 394(0.800) 395(0.800) 396(0.800) 397(0.800) 398(0.800) 399(0.800) 

[EVENT] 436.180 | event=UAVWaypointArrival | nodeId=402 | cycle=11 | pos=(360.000,180.000,20.000)

[EVENT] 445.500 | event=SuspiciousConfidenceSnapshot | 76(0.874) 77(0.874) 78(0.874) 79(0.874) 94(0.874) 95(0.874) 96(0.874) 97(0.874) 98(0.874) 99(0.874) 114(0.874) 115(0.874) 116(0.874) 117(0.874) 118(0.874) 119(0.874) 134(0.874) 135(0.874) 136(0.874) 137(0.874) 138(0.874) 139(0.874) 154(0.874) 155(0.874) 156(0.874) 157(0.874) 158(0.874) 159(0.874) 174(0.874) 175(0.874) 176(0.874) 177(0.874) 178(0.874) 179(0.874) 193(0.874) 194(0.874) 195(0.900) 196(0.900) 197(0.900) 198(0.874) 199(0.874) 211(0.874) 212(0.874) 213(0.874) 214(0.874) 215(0.900) 216(0.900) 217(0.900) 218(0.900) 219(0.874) 231(0.874) 232(0.874) 233(0.874) 234(0.874) 235(0.900) 236(0.900) 237(0.900) 238(0.900) 239(0.900) 251(0.874) 252(0.874) 253(0.874) 254(0.874) 255(0.900) 256(0.900) 257(0.900) 258(0.900) 259(0.900) 271(0.874) 272(0.874) 273(0.874) 274(0.874) 275(0.874) 276(0.900) 277(0.900) 278(0.900) 279(0.900) 291(0.874) 292(0.874) 293(0.874) 294(0.874) 295(0.874) 296(0.874) 297(0.874) 298(0.900) 299(0.874) 309(0.499) 310(0.499) 311(0.499) 312(0.499) 313(0.874) 314(0.874) 315(0.874) 316(0.800) 317(0.800) 318(0.800) 319(0.800) 327(0.499) 328(0.499) 329(0.499) 330(0.499) 331(0.499) 332(0.499) 333(0.499) 334(0.800) 335(0.800) 336(0.800) 337(0.800) 338(0.800) 339(0.800) 347(0.499) 348(0.499) 349(0.499) 350(0.499) 351(0.499) 352(0.499) 353(0.499) 354(0.800) 355(0.800) 356(0.800) 357(0.800) 358(0.800) 359(0.800) 367(0.499) 368(0.499) 369(0.499) 370(0.499) 371(0.499) 372(0.499) 373(0.499) 374(0.800) 375(0.800) 376(0.800) 377(0.800) 378(0.800) 379(0.800) 387(0.499) 388(0.499) 389(0.499) 390(0.499) 391(0.499) 392(0.499) 393(0.499) 394(0.800) 395(0.800) 396(0.800) 397(0.800) 398(0.800) 399(0.800) 

[EVENT] 448.845 | event=UAVWaypointArrival | nodeId=401 | cycle=1 | pos=(340.000,140.000,20.000)

[EVENT] 455.500 | event=SuspiciousConfidenceSnapshot | 76(0.874) 77(0.874) 78(0.874) 79(0.874) 94(0.874) 95(0.874) 96(0.874) 97(0.874) 98(0.874) 99(0.874) 114(0.874) 115(0.874) 116(0.874) 117(0.874) 118(0.874) 119(0.874) 134(0.874) 135(0.874) 136(0.874) 137(0.874) 138(0.874) 139(0.874) 154(0.874) 155(0.874) 156(0.874) 157(0.874) 158(0.874) 159(0.874) 174(0.874) 175(0.874) 176(0.874) 177(0.874) 178(0.874) 179(0.874) 193(0.874) 194(0.874) 195(0.900) 196(0.900) 197(0.900) 198(0.874) 199(0.874) 211(0.874) 212(0.874) 213(0.874) 214(0.874) 215(0.900) 216(0.900) 217(0.900) 218(0.900) 219(0.874) 231(0.874) 232(0.874) 233(0.874) 234(0.874) 235(0.900) 236(0.900) 237(0.900) 238(0.900) 239(0.900) 251(0.874) 252(0.874) 253(0.874) 254(0.874) 255(0.900) 256(0.900) 257(0.900) 258(0.900) 259(0.900) 271(0.874) 272(0.874) 273(0.874) 274(0.874) 275(0.874) 276(0.900) 277(0.900) 278(0.900) 279(0.900) 291(0.874) 292(0.874) 293(0.874) 294(0.874) 295(0.874) 296(0.874) 297(0.874) 298(0.900) 299(0.874) 309(0.499) 310(0.499) 311(0.499) 312(0.499) 313(0.874) 314(0.874) 315(0.874) 316(0.800) 317(0.800) 318(0.800) 319(0.800) 327(0.499) 328(0.499) 329(0.499) 330(0.499) 331(0.499) 332(0.499) 333(0.499) 334(0.800) 335(0.800) 336(0.800) 337(0.800) 338(0.800) 339(0.800) 347(0.499) 348(0.499) 349(0.499) 350(0.499) 351(0.499) 352(0.499) 353(0.499) 354(0.800) 355(0.800) 356(0.800) 357(0.800) 358(0.800) 359(0.800) 367(0.499) 368(0.499) 369(0.499) 370(0.499) 371(0.499) 372(0.499) 373(0.499) 374(0.800) 375(0.800) 376(0.800) 377(0.800) 378(0.800) 379(0.800) 387(0.499) 388(0.499) 389(0.499) 390(0.499) 391(0.499) 392(0.499) 393(0.499) 394(0.800) 395(0.800) 396(0.800) 397(0.800) 398(0.800) 399(0.800) 

[EVENT] 464.924 | event=UAVWaypointArrival | nodeId=402 | cycle=12 | pos=(270.000,340.000,20.000)

[EVENT] 465.500 | event=SuspiciousConfidenceSnapshot | 76(0.874) 77(0.874) 78(0.874) 79(0.874) 94(0.874) 95(0.874) 96(0.874) 97(0.874) 98(0.874) 99(0.874) 114(0.874) 115(0.874) 116(0.874) 117(0.874) 118(0.874) 119(0.874) 134(0.874) 135(0.874) 136(0.874) 137(0.874) 138(0.874) 139(0.874) 154(0.874) 155(0.874) 156(0.874) 157(0.874) 158(0.874) 159(0.874) 174(0.874) 175(0.874) 176(0.874) 177(0.874) 178(0.874) 179(0.874) 193(0.874) 194(0.874) 195(0.900) 196(0.900) 197(0.900) 198(0.874) 199(0.874) 211(0.874) 212(0.874) 213(0.874) 214(0.874) 215(0.900) 216(0.900) 217(0.900) 218(0.900) 219(0.874) 231(0.874) 232(0.874) 233(0.874) 234(0.874) 235(0.900) 236(0.900) 237(0.900) 238(0.900) 239(0.900) 251(0.874) 252(0.874) 253(0.874) 254(0.874) 255(0.900) 256(0.900) 257(0.900) 258(0.900) 259(0.900) 271(0.874) 272(0.874) 273(0.874) 274(0.874) 275(0.874) 276(0.900) 277(0.900) 278(0.900) 279(0.900) 291(0.874) 292(0.874) 293(0.874) 294(0.874) 295(0.874) 296(0.874) 297(0.874) 298(0.900) 299(0.874) 309(0.499) 310(0.499) 311(0.499) 312(0.499) 313(0.874) 314(0.874) 315(0.874) 316(0.800) 317(0.800) 318(0.800) 319(0.800) 327(0.499) 328(0.499) 329(0.499) 330(0.499) 331(0.499) 332(0.499) 333(0.499) 334(0.800) 335(0.800) 336(0.800) 337(0.800) 338(0.800) 339(0.800) 347(0.499) 348(0.499) 349(0.499) 350(0.499) 351(0.499) 352(0.499) 353(0.499) 354(0.800) 355(0.800) 356(0.800) 357(0.800) 358(0.800) 359(0.800) 367(0.499) 368(0.499) 369(0.499) 370(0.499) 371(0.499) 372(0.499) 373(0.499) 374(0.800) 375(0.800) 376(0.800) 377(0.800) 378(0.800) 379(0.800) 387(0.499) 388(0.499) 389(0.499) 390(0.499) 391(0.499) 392(0.499) 393(0.499) 394(0.800) 395(0.800) 396(0.800) 397(0.800) 398(0.800) 399(0.800) 

[EVENT] 466.458 | event=UAVWaypointArrival | nodeId=401 | cycle=1 | pos=(320.000,140.000,20.000)

[EVENT] 467.966 | event=UAVWaypointArrival | nodeId=402 | cycle=12 | pos=(260.000,280.000,20.000)

[EVENT] 474.369 | event=UAVWaypointArrival | nodeId=402 | cycle=12 | pos=(340.000,180.000,20.000)

[EVENT] 475.369 | event=UAVWaypointArrival | nodeId=402 | cycle=12 | pos=(360.000,180.000,20.000)

[EVENT] 475.500 | event=SuspiciousConfidenceSnapshot | 76(0.874) 77(0.874) 78(0.874) 79(0.874) 94(0.874) 95(0.874) 96(0.874) 97(0.874) 98(0.874) 99(0.874) 114(0.874) 115(0.874) 116(0.874) 117(0.874) 118(0.874) 119(0.874) 134(0.874) 135(0.874) 136(0.874) 137(0.874) 138(0.874) 139(0.874) 154(0.874) 155(0.874) 156(0.874) 157(0.874) 158(0.874) 159(0.874) 174(0.874) 175(0.874) 176(0.874) 177(0.874) 178(0.874) 179(0.874) 193(0.874) 194(0.874) 195(0.900) 196(0.900) 197(0.900) 198(0.874) 199(0.874) 211(0.874) 212(0.874) 213(0.874) 214(0.874) 215(0.900) 216(0.900) 217(0.900) 218(0.900) 219(0.874) 231(0.874) 232(0.874) 233(0.874) 234(0.874) 235(0.900) 236(0.900) 237(0.900) 238(0.900) 239(0.900) 251(0.874) 252(0.874) 253(0.874) 254(0.874) 255(0.900) 256(0.900) 257(0.900) 258(0.900) 259(0.900) 271(0.874) 272(0.874) 273(0.874) 274(0.874) 275(0.874) 276(0.900) 277(0.900) 278(0.900) 279(0.900) 291(0.874) 292(0.874) 293(0.874) 294(0.874) 295(0.874) 296(0.874) 297(0.874) 298(0.900) 299(0.874) 309(0.499) 310(0.499) 311(0.499) 312(0.499) 313(0.874) 314(0.874) 315(0.874) 316(0.800) 317(0.800) 318(0.800) 319(0.800) 327(0.499) 328(0.499) 329(0.499) 330(0.499) 331(0.499) 332(0.499) 333(0.499) 334(0.800) 335(0.800) 336(0.800) 337(0.800) 338(0.800) 339(0.800) 347(0.499) 348(0.499) 349(0.499) 350(0.499) 351(0.499) 352(0.499) 353(0.499) 354(0.800) 355(0.800) 356(0.800) 357(0.800) 358(0.800) 359(0.800) 367(0.499) 368(0.499) 369(0.499) 370(0.499) 371(0.499) 372(0.499) 373(0.499) 374(0.800) 375(0.800) 376(0.800) 377(0.800) 378(0.800) 379(0.800) 387(0.499) 388(0.499) 389(0.499) 390(0.499) 391(0.499) 392(0.499) 393(0.499) 394(0.800) 395(0.800) 396(0.800) 397(0.800) 398(0.800) 399(0.800) 

[EVENT] 484.072 | event=UAVWaypointArrival | nodeId=401 | cycle=1 | pos=(300.000,140.000,20.000)

[EVENT] 485.500 | event=SuspiciousConfidenceSnapshot | 76(0.874) 77(0.874) 78(0.874) 79(0.874) 94(0.874) 95(0.874) 96(0.874) 97(0.874) 98(0.874) 99(0.874) 114(0.874) 115(0.874) 116(0.874) 117(0.874) 118(0.874) 119(0.874) 134(0.874) 135(0.874) 136(0.874) 137(0.874) 138(0.874) 139(0.874) 154(0.874) 155(0.874) 156(0.874) 157(0.874) 158(0.874) 159(0.874) 174(0.874) 175(0.874) 176(0.874) 177(0.874) 178(0.874) 179(0.874) 193(0.874) 194(0.874) 195(0.900) 196(0.900) 197(0.900) 198(0.874) 199(0.874) 211(0.874) 212(0.874) 213(0.874) 214(0.874) 215(0.900) 216(0.900) 217(0.900) 218(0.900) 219(0.874) 231(0.874) 232(0.874) 233(0.874) 234(0.874) 235(0.900) 236(0.900) 237(0.900) 238(0.900) 239(0.900) 251(0.874) 252(0.874) 253(0.874) 254(0.874) 255(0.900) 256(0.900) 257(0.900) 258(0.900) 259(0.900) 271(0.874) 272(0.874) 273(0.874) 274(0.874) 275(0.874) 276(0.900) 277(0.900) 278(0.900) 279(0.900) 291(0.874) 292(0.874) 293(0.874) 294(0.874) 295(0.874) 296(0.874) 297(0.874) 298(0.900) 299(0.874) 309(0.499) 310(0.499) 311(0.499) 312(0.499) 313(0.874) 314(0.874) 315(0.874) 316(0.800) 317(0.800) 318(0.800) 319(0.800) 327(0.499) 328(0.499) 329(0.499) 330(0.499) 331(0.499) 332(0.499) 333(0.499) 334(0.800) 335(0.800) 336(0.800) 337(0.800) 338(0.800) 339(0.800) 347(0.499) 348(0.499) 349(0.499) 350(0.499) 351(0.499) 352(0.499) 353(0.499) 354(0.800) 355(0.800) 356(0.800) 357(0.800) 358(0.800) 359(0.800) 367(0.499) 368(0.499) 369(0.499) 370(0.499) 371(0.499) 372(0.499) 373(0.499) 374(0.800) 375(0.800) 376(0.800) 377(0.800) 378(0.800) 379(0.800) 387(0.499) 388(0.499) 389(0.499) 390(0.499) 391(0.499) 392(0.499) 393(0.499) 394(0.800) 395(0.800) 396(0.800) 397(0.800) 398(0.800) 399(0.800) 

[EVENT] 495.500 | event=SuspiciousConfidenceSnapshot | 76(0.874) 77(0.874) 78(0.874) 79(0.874) 94(0.874) 95(0.874) 96(0.874) 97(0.874) 98(0.874) 99(0.874) 114(0.874) 115(0.874) 116(0.874) 117(0.874) 118(0.874) 119(0.874) 134(0.874) 135(0.874) 136(0.874) 137(0.874) 138(0.874) 139(0.874) 154(0.874) 155(0.874) 156(0.874) 157(0.874) 158(0.874) 159(0.874) 174(0.874) 175(0.874) 176(0.874) 177(0.874) 178(0.874) 179(0.874) 193(0.874) 194(0.874) 195(0.900) 196(0.900) 197(0.900) 198(0.874) 199(0.874) 211(0.874) 212(0.874) 213(0.874) 214(0.874) 215(0.900) 216(0.900) 217(0.900) 218(0.900) 219(0.874) 231(0.874) 232(0.874) 233(0.874) 234(0.874) 235(0.900) 236(0.900) 237(0.900) 238(0.900) 239(0.900) 251(0.874) 252(0.874) 253(0.874) 254(0.874) 255(0.900) 256(0.900) 257(0.900) 258(0.900) 259(0.900) 271(0.874) 272(0.874) 273(0.874) 274(0.874) 275(0.874) 276(0.900) 277(0.900) 278(0.900) 279(0.900) 291(0.874) 292(0.874) 293(0.874) 294(0.874) 295(0.874) 296(0.874) 297(0.874) 298(0.900) 299(0.874) 309(0.499) 310(0.499) 311(0.499) 312(0.499) 313(0.874) 314(0.874) 315(0.874) 316(0.800) 317(0.800) 318(0.800) 319(0.800) 327(0.499) 328(0.499) 329(0.499) 330(0.499) 331(0.499) 332(0.499) 333(0.499) 334(0.800) 335(0.800) 336(0.800) 337(0.800) 338(0.800) 339(0.800) 347(0.499) 348(0.499) 349(0.499) 350(0.499) 351(0.499) 352(0.499) 353(0.499) 354(0.800) 355(0.800) 356(0.800) 357(0.800) 358(0.800) 359(0.800) 367(0.499) 368(0.499) 369(0.499) 370(0.499) 371(0.499) 372(0.499) 373(0.499) 374(0.800) 375(0.800) 376(0.800) 377(0.800) 378(0.800) 379(0.800) 387(0.499) 388(0.499) 389(0.499) 390(0.499) 391(0.499) 392(0.499) 393(0.499) 394(0.800) 395(0.800) 396(0.800) 397(0.800) 398(0.800) 399(0.800) 

[EVENT] 501.685 | event=UAVWaypointArrival | nodeId=401 | cycle=1 | pos=(280.000,140.000,20.000)

[EVENT] 504.113 | event=UAVWaypointArrival | nodeId=402 | cycle=13 | pos=(270.000,340.000,20.000)

[EVENT] 505.500 | event=SuspiciousConfidenceSnapshot | 76(0.874) 77(0.874) 78(0.874) 79(0.874) 94(0.874) 95(0.874) 96(0.874) 97(0.874) 98(0.874) 99(0.874) 114(0.874) 115(0.874) 116(0.874) 117(0.874) 118(0.874) 119(0.874) 134(0.874) 135(0.874) 136(0.874) 137(0.874) 138(0.874) 139(0.874) 154(0.874) 155(0.874) 156(0.874) 157(0.874) 158(0.874) 159(0.874) 174(0.874) 175(0.874) 176(0.874) 177(0.874) 178(0.874) 179(0.874) 193(0.874) 194(0.874) 195(0.900) 196(0.900) 197(0.900) 198(0.874) 199(0.874) 211(0.874) 212(0.874) 213(0.874) 214(0.874) 215(0.900) 216(0.900) 217(0.900) 218(0.900) 219(0.874) 231(0.874) 232(0.874) 233(0.874) 234(0.874) 235(0.900) 236(0.900) 237(0.900) 238(0.900) 239(0.900) 251(0.874) 252(0.874) 253(0.874) 254(0.874) 255(0.900) 256(0.900) 257(0.900) 258(0.900) 259(0.900) 271(0.874) 272(0.874) 273(0.874) 274(0.874) 275(0.874) 276(0.900) 277(0.900) 278(0.900) 279(0.900) 291(0.874) 292(0.874) 293(0.874) 294(0.874) 295(0.874) 296(0.874) 297(0.874) 298(0.900) 299(0.874) 309(0.499) 310(0.499) 311(0.499) 312(0.499) 313(0.874) 314(0.874) 315(0.874) 316(0.800) 317(0.800) 318(0.800) 319(0.800) 327(0.499) 328(0.499) 329(0.499) 330(0.499) 331(0.499) 332(0.499) 333(0.499) 334(0.800) 335(0.800) 336(0.800) 337(0.800) 338(0.800) 339(0.800) 347(0.499) 348(0.499) 349(0.499) 350(0.499) 351(0.499) 352(0.499) 353(0.499) 354(0.800) 355(0.800) 356(0.800) 357(0.800) 358(0.800) 359(0.800) 367(0.499) 368(0.499) 369(0.499) 370(0.499) 371(0.499) 372(0.499) 373(0.499) 374(0.800) 375(0.800) 376(0.800) 377(0.800) 378(0.800) 379(0.800) 387(0.499) 388(0.499) 389(0.499) 390(0.499) 391(0.499) 392(0.499) 393(0.499) 394(0.800) 395(0.800) 396(0.800) 397(0.800) 398(0.800) 399(0.800) 

[EVENT] 507.155 | event=UAVWaypointArrival | nodeId=402 | cycle=13 | pos=(260.000,280.000,20.000)

[EVENT] 513.558 | event=UAVWaypointArrival | nodeId=402 | cycle=13 | pos=(340.000,180.000,20.000)

[EVENT] 514.558 | event=UAVWaypointArrival | nodeId=402 | cycle=13 | pos=(360.000,180.000,20.000)

[EVENT] 515.500 | event=SuspiciousConfidenceSnapshot | 76(0.874) 77(0.874) 78(0.874) 79(0.874) 94(0.874) 95(0.874) 96(0.874) 97(0.874) 98(0.874) 99(0.874) 114(0.874) 115(0.874) 116(0.874) 117(0.874) 118(0.874) 119(0.874) 134(0.874) 135(0.874) 136(0.874) 137(0.874) 138(0.874) 139(0.874) 154(0.874) 155(0.874) 156(0.874) 157(0.874) 158(0.874) 159(0.874) 174(0.874) 175(0.874) 176(0.874) 177(0.874) 178(0.874) 179(0.874) 193(0.874) 194(0.874) 195(0.900) 196(0.900) 197(0.900) 198(0.874) 199(0.874) 211(0.874) 212(0.874) 213(0.874) 214(0.874) 215(0.900) 216(0.900) 217(0.900) 218(0.900) 219(0.874) 231(0.874) 232(0.874) 233(0.874) 234(0.874) 235(0.900) 236(0.900) 237(0.900) 238(0.900) 239(0.900) 251(0.874) 252(0.874) 253(0.874) 254(0.874) 255(0.900) 256(0.900) 257(0.900) 258(0.900) 259(0.900) 271(0.874) 272(0.874) 273(0.874) 274(0.874) 275(0.874) 276(0.900) 277(0.900) 278(0.900) 279(0.900) 291(0.874) 292(0.874) 293(0.874) 294(0.874) 295(0.874) 296(0.874) 297(0.874) 298(0.900) 299(0.874) 309(0.499) 310(0.499) 311(0.499) 312(0.499) 313(0.874) 314(0.874) 315(0.874) 316(0.800) 317(0.800) 318(0.800) 319(0.800) 327(0.499) 328(0.499) 329(0.499) 330(0.499) 331(0.499) 332(0.499) 333(0.499) 334(0.800) 335(0.800) 336(0.800) 337(0.800) 338(0.800) 339(0.800) 347(0.499) 348(0.499) 349(0.499) 350(0.499) 351(0.499) 352(0.499) 353(0.499) 354(0.800) 355(0.800) 356(0.800) 357(0.800) 358(0.800) 359(0.800) 367(0.499) 368(0.499) 369(0.499) 370(0.499) 371(0.499) 372(0.499) 373(0.499) 374(0.800) 375(0.800) 376(0.800) 377(0.800) 378(0.800) 379(0.800) 387(0.499) 388(0.499) 389(0.499) 390(0.499) 391(0.499) 392(0.499) 393(0.499) 394(0.800) 395(0.800) 396(0.800) 397(0.800) 398(0.800) 399(0.800) 

[EVENT] 519.298 | event=UAVWaypointArrival | nodeId=401 | cycle=1 | pos=(280.000,160.000,20.000)

[EVENT] 525.500 | event=SuspiciousConfidenceSnapshot | 76(0.874) 77(0.874) 78(0.874) 79(0.874) 94(0.874) 95(0.874) 96(0.874) 97(0.874) 98(0.874) 99(0.874) 114(0.874) 115(0.874) 116(0.874) 117(0.874) 118(0.874) 119(0.874) 134(0.874) 135(0.874) 136(0.874) 137(0.874) 138(0.874) 139(0.874) 154(0.874) 155(0.874) 156(0.874) 157(0.874) 158(0.874) 159(0.874) 174(0.874) 175(0.874) 176(0.874) 177(0.874) 178(0.874) 179(0.874) 193(0.874) 194(0.874) 195(0.900) 196(0.900) 197(0.900) 198(0.874) 199(0.874) 211(0.874) 212(0.874) 213(0.874) 214(0.874) 215(0.900) 216(0.900) 217(0.900) 218(0.900) 219(0.874) 231(0.874) 232(0.874) 233(0.874) 234(0.874) 235(0.900) 236(0.900) 237(0.900) 238(0.900) 239(0.900) 251(0.874) 252(0.874) 253(0.874) 254(0.874) 255(0.900) 256(0.900) 257(0.900) 258(0.900) 259(0.900) 271(0.874) 272(0.874) 273(0.874) 274(0.874) 275(0.874) 276(0.900) 277(0.900) 278(0.900) 279(0.900) 291(0.874) 292(0.874) 293(0.874) 294(0.874) 295(0.874) 296(0.874) 297(0.874) 298(0.900) 299(0.874) 309(0.499) 310(0.499) 311(0.499) 312(0.499) 313(0.874) 314(0.874) 315(0.874) 316(0.800) 317(0.800) 318(0.800) 319(0.800) 327(0.499) 328(0.499) 329(0.499) 330(0.499) 331(0.499) 332(0.499) 333(0.499) 334(0.800) 335(0.800) 336(0.800) 337(0.800) 338(0.800) 339(0.800) 347(0.499) 348(0.499) 349(0.499) 350(0.499) 351(0.499) 352(0.499) 353(0.499) 354(0.800) 355(0.800) 356(0.800) 357(0.800) 358(0.800) 359(0.800) 367(0.499) 368(0.499) 369(0.499) 370(0.499) 371(0.499) 372(0.499) 373(0.499) 374(0.800) 375(0.800) 376(0.800) 377(0.800) 378(0.800) 379(0.800) 387(0.499) 388(0.499) 389(0.499) 390(0.499) 391(0.499) 392(0.499) 393(0.499) 394(0.800) 395(0.800) 396(0.800) 397(0.800) 398(0.800) 399(0.800) 

[EVENT] 535.500 | event=SuspiciousConfidenceSnapshot | 76(0.874) 77(0.874) 78(0.874) 79(0.874) 94(0.874) 95(0.874) 96(0.874) 97(0.874) 98(0.874) 99(0.874) 114(0.874) 115(0.874) 116(0.874) 117(0.874) 118(0.874) 119(0.874) 134(0.874) 135(0.874) 136(0.874) 137(0.874) 138(0.874) 139(0.874) 154(0.874) 155(0.874) 156(0.874) 157(0.874) 158(0.874) 159(0.874) 174(0.874) 175(0.874) 176(0.874) 177(0.874) 178(0.874) 179(0.874) 193(0.874) 194(0.874) 195(0.900) 196(0.900) 197(0.900) 198(0.874) 199(0.874) 211(0.874) 212(0.874) 213(0.874) 214(0.874) 215(0.900) 216(0.900) 217(0.900) 218(0.900) 219(0.874) 231(0.874) 232(0.874) 233(0.874) 234(0.874) 235(0.900) 236(0.900) 237(0.900) 238(0.900) 239(0.900) 251(0.874) 252(0.874) 253(0.874) 254(0.874) 255(0.900) 256(0.900) 257(0.900) 258(0.900) 259(0.900) 271(0.874) 272(0.874) 273(0.874) 274(0.874) 275(0.874) 276(0.900) 277(0.900) 278(0.900) 279(0.900) 291(0.874) 292(0.874) 293(0.874) 294(0.874) 295(0.874) 296(0.874) 297(0.874) 298(0.900) 299(0.874) 309(0.499) 310(0.499) 311(0.499) 312(0.499) 313(0.874) 314(0.874) 315(0.874) 316(0.800) 317(0.800) 318(0.800) 319(0.800) 327(0.499) 328(0.499) 329(0.499) 330(0.499) 331(0.499) 332(0.499) 333(0.499) 334(0.800) 335(0.800) 336(0.800) 337(0.800) 338(0.800) 339(0.800) 347(0.499) 348(0.499) 349(0.499) 350(0.499) 351(0.499) 352(0.499) 353(0.499) 354(0.800) 355(0.800) 356(0.800) 357(0.800) 358(0.800) 359(0.800) 367(0.499) 368(0.499) 369(0.499) 370(0.499) 371(0.499) 372(0.499) 373(0.499) 374(0.800) 375(0.800) 376(0.800) 377(0.800) 378(0.800) 379(0.800) 387(0.499) 388(0.499) 389(0.499) 390(0.499) 391(0.499) 392(0.499) 393(0.499) 394(0.800) 395(0.800) 396(0.800) 397(0.800) 398(0.800) 399(0.800) 

[EVENT] 536.912 | event=UAVWaypointArrival | nodeId=401 | cycle=1 | pos=(300.000,160.000,20.000)

[EVENT] 543.302 | event=UAVWaypointArrival | nodeId=402 | cycle=14 | pos=(270.000,340.000,20.000)

[EVENT] 545.500 | event=SuspiciousConfidenceSnapshot | 76(0.874) 77(0.874) 78(0.874) 79(0.874) 94(0.874) 95(0.874) 96(0.874) 97(0.874) 98(0.874) 99(0.874) 114(0.874) 115(0.874) 116(0.874) 117(0.874) 118(0.874) 119(0.874) 134(0.874) 135(0.874) 136(0.874) 137(0.874) 138(0.874) 139(0.874) 154(0.874) 155(0.874) 156(0.874) 157(0.874) 158(0.874) 159(0.874) 174(0.874) 175(0.874) 176(0.874) 177(0.874) 178(0.874) 179(0.874) 193(0.874) 194(0.874) 195(0.900) 196(0.900) 197(0.900) 198(0.874) 199(0.874) 211(0.874) 212(0.874) 213(0.874) 214(0.874) 215(0.900) 216(0.900) 217(0.900) 218(0.900) 219(0.874) 231(0.874) 232(0.874) 233(0.874) 234(0.874) 235(0.900) 236(0.900) 237(0.900) 238(0.900) 239(0.900) 251(0.874) 252(0.874) 253(0.874) 254(0.874) 255(0.900) 256(0.900) 257(0.900) 258(0.900) 259(0.900) 271(0.874) 272(0.874) 273(0.874) 274(0.874) 275(0.874) 276(0.900) 277(0.900) 278(0.900) 279(0.900) 291(0.874) 292(0.874) 293(0.874) 294(0.874) 295(0.874) 296(0.874) 297(0.874) 298(0.900) 299(0.874) 309(0.499) 310(0.499) 311(0.499) 312(0.499) 313(0.874) 314(0.874) 315(0.874) 316(0.800) 317(0.800) 318(0.800) 319(0.800) 327(0.499) 328(0.499) 329(0.499) 330(0.499) 331(0.499) 332(0.499) 333(0.499) 334(0.800) 335(0.800) 336(0.800) 337(0.800) 338(0.800) 339(0.800) 347(0.499) 348(0.499) 349(0.499) 350(0.499) 351(0.499) 352(0.499) 353(0.499) 354(0.800) 355(0.800) 356(0.800) 357(0.800) 358(0.800) 359(0.800) 367(0.499) 368(0.499) 369(0.499) 370(0.499) 371(0.499) 372(0.499) 373(0.499) 374(0.800) 375(0.800) 376(0.800) 377(0.800) 378(0.800) 379(0.800) 387(0.499) 388(0.499) 389(0.499) 390(0.499) 391(0.499) 392(0.499) 393(0.499) 394(0.800) 395(0.800) 396(0.800) 397(0.800) 398(0.800) 399(0.800) 

[EVENT] 546.344 | event=UAVWaypointArrival | nodeId=402 | cycle=14 | pos=(260.000,280.000,20.000)

[EVENT] 552.747 | event=UAVWaypointArrival | nodeId=402 | cycle=14 | pos=(340.000,180.000,20.000)

[EVENT] 553.747 | event=UAVWaypointArrival | nodeId=402 | cycle=14 | pos=(360.000,180.000,20.000)

[EVENT] 554.525 | event=UAVWaypointArrival | nodeId=401 | cycle=1 | pos=(320.000,160.000,20.000)

[EVENT] 555.500 | event=SuspiciousConfidenceSnapshot | 76(0.874) 77(0.874) 78(0.874) 79(0.874) 94(0.874) 95(0.874) 96(0.874) 97(0.874) 98(0.874) 99(0.874) 114(0.874) 115(0.874) 116(0.874) 117(0.874) 118(0.874) 119(0.874) 134(0.874) 135(0.874) 136(0.874) 137(0.874) 138(0.874) 139(0.874) 154(0.874) 155(0.874) 156(0.874) 157(0.874) 158(0.874) 159(0.874) 174(0.874) 175(0.874) 176(0.874) 177(0.874) 178(0.874) 179(0.874) 193(0.874) 194(0.874) 195(0.900) 196(0.900) 197(0.900) 198(0.874) 199(0.874) 211(0.874) 212(0.874) 213(0.874) 214(0.874) 215(0.900) 216(0.900) 217(0.900) 218(0.900) 219(0.874) 231(0.874) 232(0.874) 233(0.874) 234(0.874) 235(0.900) 236(0.900) 237(0.900) 238(0.900) 239(0.900) 251(0.874) 252(0.874) 253(0.874) 254(0.874) 255(0.900) 256(0.900) 257(0.900) 258(0.900) 259(0.900) 271(0.874) 272(0.874) 273(0.874) 274(0.874) 275(0.874) 276(0.900) 277(0.900) 278(0.900) 279(0.900) 291(0.874) 292(0.874) 293(0.874) 294(0.874) 295(0.874) 296(0.874) 297(0.874) 298(0.900) 299(0.874) 309(0.499) 310(0.499) 311(0.499) 312(0.499) 313(0.874) 314(0.874) 315(0.874) 316(0.800) 317(0.800) 318(0.800) 319(0.800) 327(0.499) 328(0.499) 329(0.499) 330(0.499) 331(0.499) 332(0.499) 333(0.499) 334(0.800) 335(0.800) 336(0.800) 337(0.800) 338(0.800) 339(0.800) 347(0.499) 348(0.499) 349(0.499) 350(0.499) 351(0.499) 352(0.499) 353(0.499) 354(0.800) 355(0.800) 356(0.800) 357(0.800) 358(0.800) 359(0.800) 367(0.499) 368(0.499) 369(0.499) 370(0.499) 371(0.499) 372(0.499) 373(0.499) 374(0.800) 375(0.800) 376(0.800) 377(0.800) 378(0.800) 379(0.800) 387(0.499) 388(0.499) 389(0.499) 390(0.499) 391(0.499) 392(0.499) 393(0.499) 394(0.800) 395(0.800) 396(0.800) 397(0.800) 398(0.800) 399(0.800) 

[EVENT] 565.500 | event=SuspiciousConfidenceSnapshot | 76(0.874) 77(0.874) 78(0.874) 79(0.874) 94(0.874) 95(0.874) 96(0.874) 97(0.874) 98(0.874) 99(0.874) 114(0.874) 115(0.874) 116(0.874) 117(0.874) 118(0.874) 119(0.874) 134(0.874) 135(0.874) 136(0.874) 137(0.874) 138(0.874) 139(0.874) 154(0.874) 155(0.874) 156(0.874) 157(0.874) 158(0.874) 159(0.874) 174(0.874) 175(0.874) 176(0.874) 177(0.874) 178(0.874) 179(0.874) 193(0.874) 194(0.874) 195(0.900) 196(0.900) 197(0.900) 198(0.874) 199(0.874) 211(0.874) 212(0.874) 213(0.874) 214(0.874) 215(0.900) 216(0.900) 217(0.900) 218(0.900) 219(0.874) 231(0.874) 232(0.874) 233(0.874) 234(0.874) 235(0.900) 236(0.900) 237(0.900) 238(0.900) 239(0.900) 251(0.874) 252(0.874) 253(0.874) 254(0.874) 255(0.900) 256(0.900) 257(0.900) 258(0.900) 259(0.900) 271(0.874) 272(0.874) 273(0.874) 274(0.874) 275(0.874) 276(0.900) 277(0.900) 278(0.900) 279(0.900) 291(0.874) 292(0.874) 293(0.874) 294(0.874) 295(0.874) 296(0.874) 297(0.874) 298(0.900) 299(0.874) 309(0.499) 310(0.499) 311(0.499) 312(0.499) 313(0.874) 314(0.874) 315(0.874) 316(0.800) 317(0.800) 318(0.800) 319(0.800) 327(0.499) 328(0.499) 329(0.499) 330(0.499) 331(0.499) 332(0.499) 333(0.499) 334(0.800) 335(0.800) 336(0.800) 337(0.800) 338(0.800) 339(0.800) 347(0.499) 348(0.499) 349(0.499) 350(0.499) 351(0.499) 352(0.499) 353(0.499) 354(0.800) 355(0.800) 356(0.800) 357(0.800) 358(0.800) 359(0.800) 367(0.499) 368(0.499) 369(0.499) 370(0.499) 371(0.499) 372(0.499) 373(0.499) 374(0.800) 375(0.800) 376(0.800) 377(0.800) 378(0.800) 379(0.800) 387(0.499) 388(0.499) 389(0.499) 390(0.499) 391(0.499) 392(0.499) 393(0.499) 394(0.800) 395(0.800) 396(0.800) 397(0.800) 398(0.800) 399(0.800) 

[EVENT] 572.138 | event=UAVWaypointArrival | nodeId=401 | cycle=1 | pos=(340.000,160.000,20.000)

[EVENT] 575.500 | event=SuspiciousConfidenceSnapshot | 76(0.874) 77(0.874) 78(0.874) 79(0.874) 94(0.874) 95(0.874) 96(0.874) 97(0.874) 98(0.874) 99(0.874) 114(0.874) 115(0.874) 116(0.874) 117(0.874) 118(0.874) 119(0.874) 134(0.874) 135(0.874) 136(0.874) 137(0.874) 138(0.874) 139(0.874) 154(0.874) 155(0.874) 156(0.874) 157(0.874) 158(0.874) 159(0.874) 174(0.874) 175(0.874) 176(0.874) 177(0.874) 178(0.874) 179(0.874) 193(0.874) 194(0.874) 195(0.900) 196(0.900) 197(0.900) 198(0.874) 199(0.874) 211(0.874) 212(0.874) 213(0.874) 214(0.874) 215(0.900) 216(0.900) 217(0.900) 218(0.900) 219(0.874) 231(0.874) 232(0.874) 233(0.874) 234(0.874) 235(0.900) 236(0.900) 237(0.900) 238(0.900) 239(0.900) 251(0.874) 252(0.874) 253(0.874) 254(0.874) 255(0.900) 256(0.900) 257(0.900) 258(0.900) 259(0.900) 271(0.874) 272(0.874) 273(0.874) 274(0.874) 275(0.874) 276(0.900) 277(0.900) 278(0.900) 279(0.900) 291(0.874) 292(0.874) 293(0.874) 294(0.874) 295(0.874) 296(0.874) 297(0.874) 298(0.900) 299(0.874) 309(0.499) 310(0.499) 311(0.499) 312(0.499) 313(0.874) 314(0.874) 315(0.874) 316(0.800) 317(0.800) 318(0.800) 319(0.800) 327(0.499) 328(0.499) 329(0.499) 330(0.499) 331(0.499) 332(0.499) 333(0.499) 334(0.800) 335(0.800) 336(0.800) 337(0.800) 338(0.800) 339(0.800) 347(0.499) 348(0.499) 349(0.499) 350(0.499) 351(0.499) 352(0.499) 353(0.499) 354(0.800) 355(0.800) 356(0.800) 357(0.800) 358(0.800) 359(0.800) 367(0.499) 368(0.499) 369(0.499) 370(0.499) 371(0.499) 372(0.499) 373(0.499) 374(0.800) 375(0.800) 376(0.800) 377(0.800) 378(0.800) 379(0.800) 387(0.499) 388(0.499) 389(0.499) 390(0.499) 391(0.499) 392(0.499) 393(0.499) 394(0.800) 395(0.800) 396(0.800) 397(0.800) 398(0.800) 399(0.800) 

[EVENT] 582.492 | event=UAVWaypointArrival | nodeId=402 | cycle=15 | pos=(270.000,340.000,20.000)

[EVENT] 585.500 | event=SuspiciousConfidenceSnapshot | 76(0.874) 77(0.874) 78(0.874) 79(0.874) 94(0.874) 95(0.874) 96(0.874) 97(0.874) 98(0.874) 99(0.874) 114(0.874) 115(0.874) 116(0.874) 117(0.874) 118(0.874) 119(0.874) 134(0.874) 135(0.874) 136(0.874) 137(0.874) 138(0.874) 139(0.874) 154(0.874) 155(0.874) 156(0.874) 157(0.874) 158(0.874) 159(0.874) 174(0.874) 175(0.874) 176(0.874) 177(0.874) 178(0.874) 179(0.874) 193(0.874) 194(0.874) 195(0.900) 196(0.900) 197(0.900) 198(0.874) 199(0.874) 211(0.874) 212(0.874) 213(0.874) 214(0.874) 215(0.900) 216(0.900) 217(0.900) 218(0.900) 219(0.874) 231(0.874) 232(0.874) 233(0.874) 234(0.874) 235(0.900) 236(0.900) 237(0.900) 238(0.900) 239(0.900) 251(0.874) 252(0.874) 253(0.874) 254(0.874) 255(0.900) 256(0.900) 257(0.900) 258(0.900) 259(0.900) 271(0.874) 272(0.874) 273(0.874) 274(0.874) 275(0.874) 276(0.900) 277(0.900) 278(0.900) 279(0.900) 291(0.874) 292(0.874) 293(0.874) 294(0.874) 295(0.874) 296(0.874) 297(0.874) 298(0.900) 299(0.874) 309(0.499) 310(0.499) 311(0.499) 312(0.499) 313(0.874) 314(0.874) 315(0.874) 316(0.800) 317(0.800) 318(0.800) 319(0.800) 327(0.499) 328(0.499) 329(0.499) 330(0.499) 331(0.499) 332(0.499) 333(0.499) 334(0.800) 335(0.800) 336(0.800) 337(0.800) 338(0.800) 339(0.800) 347(0.499) 348(0.499) 349(0.499) 350(0.499) 351(0.499) 352(0.499) 353(0.499) 354(0.800) 355(0.800) 356(0.800) 357(0.800) 358(0.800) 359(0.800) 367(0.499) 368(0.499) 369(0.499) 370(0.499) 371(0.499) 372(0.499) 373(0.499) 374(0.800) 375(0.800) 376(0.800) 377(0.800) 378(0.800) 379(0.800) 387(0.499) 388(0.499) 389(0.499) 390(0.499) 391(0.499) 392(0.499) 393(0.499) 394(0.800) 395(0.800) 396(0.800) 397(0.800) 398(0.800) 399(0.800) 

[EVENT] 585.533 | event=UAVWaypointArrival | nodeId=402 | cycle=15 | pos=(260.000,280.000,20.000)

[EVENT] 589.752 | event=UAVWaypointArrival | nodeId=401 | cycle=1 | pos=(360.000,160.000,20.000)

[EVENT] 591.936 | event=UAVWaypointArrival | nodeId=402 | cycle=15 | pos=(340.000,180.000,20.000)

[EVENT] 592.936 | event=UAVWaypointArrival | nodeId=402 | cycle=15 | pos=(360.000,180.000,20.000)

[EVENT] 595.500 | event=SuspiciousConfidenceSnapshot | 76(0.874) 77(0.874) 78(0.874) 79(0.874) 94(0.874) 95(0.874) 96(0.874) 97(0.874) 98(0.874) 99(0.874) 114(0.874) 115(0.874) 116(0.874) 117(0.874) 118(0.874) 119(0.874) 134(0.874) 135(0.874) 136(0.874) 137(0.874) 138(0.874) 139(0.874) 154(0.874) 155(0.874) 156(0.874) 157(0.874) 158(0.874) 159(0.874) 174(0.874) 175(0.874) 176(0.874) 177(0.874) 178(0.874) 179(0.874) 193(0.874) 194(0.874) 195(0.900) 196(0.900) 197(0.900) 198(0.874) 199(0.874) 211(0.874) 212(0.874) 213(0.874) 214(0.874) 215(0.900) 216(0.900) 217(0.900) 218(0.900) 219(0.874) 231(0.874) 232(0.874) 233(0.874) 234(0.874) 235(0.900) 236(0.900) 237(0.900) 238(0.900) 239(0.900) 251(0.874) 252(0.874) 253(0.874) 254(0.874) 255(0.900) 256(0.900) 257(0.900) 258(0.900) 259(0.900) 271(0.874) 272(0.874) 273(0.874) 274(0.874) 275(0.874) 276(0.900) 277(0.900) 278(0.900) 279(0.900) 291(0.874) 292(0.874) 293(0.874) 294(0.874) 295(0.874) 296(0.874) 297(0.874) 298(0.900) 299(0.874) 309(0.499) 310(0.499) 311(0.499) 312(0.499) 313(0.874) 314(0.874) 315(0.874) 316(0.800) 317(0.800) 318(0.800) 319(0.800) 327(0.499) 328(0.499) 329(0.499) 330(0.499) 331(0.499) 332(0.499) 333(0.499) 334(0.800) 335(0.800) 336(0.800) 337(0.800) 338(0.800) 339(0.800) 347(0.499) 348(0.499) 349(0.499) 350(0.499) 351(0.499) 352(0.499) 353(0.499) 354(0.800) 355(0.800) 356(0.800) 357(0.800) 358(0.800) 359(0.800) 367(0.499) 368(0.499) 369(0.499) 370(0.499) 371(0.499) 372(0.499) 373(0.499) 374(0.800) 375(0.800) 376(0.800) 377(0.800) 378(0.800) 379(0.800) 387(0.499) 388(0.499) 389(0.499) 390(0.499) 391(0.499) 392(0.499) 393(0.499) 394(0.800) 395(0.800) 396(0.800) 397(0.800) 398(0.800) 399(0.800) 

[EVENT] 605.500 | event=SuspiciousConfidenceSnapshot | 76(0.874) 77(0.874) 78(0.874) 79(0.874) 94(0.874) 95(0.874) 96(0.874) 97(0.874) 98(0.874) 99(0.874) 114(0.874) 115(0.874) 116(0.874) 117(0.874) 118(0.874) 119(0.874) 134(0.874) 135(0.874) 136(0.874) 137(0.874) 138(0.874) 139(0.874) 154(0.874) 155(0.874) 156(0.874) 157(0.874) 158(0.874) 159(0.874) 174(0.874) 175(0.874) 176(0.874) 177(0.874) 178(0.874) 179(0.874) 193(0.874) 194(0.874) 195(0.900) 196(0.900) 197(0.900) 198(0.874) 199(0.874) 211(0.874) 212(0.874) 213(0.874) 214(0.874) 215(0.900) 216(0.900) 217(0.900) 218(0.900) 219(0.874) 231(0.874) 232(0.874) 233(0.874) 234(0.874) 235(0.900) 236(0.900) 237(0.900) 238(0.900) 239(0.900) 251(0.874) 252(0.874) 253(0.874) 254(0.874) 255(0.900) 256(0.900) 257(0.900) 258(0.900) 259(0.900) 271(0.874) 272(0.874) 273(0.874) 274(0.874) 275(0.874) 276(0.900) 277(0.900) 278(0.900) 279(0.900) 291(0.874) 292(0.874) 293(0.874) 294(0.874) 295(0.874) 296(0.874) 297(0.874) 298(0.900) 299(0.874) 309(0.499) 310(0.499) 311(0.499) 312(0.499) 313(0.874) 314(0.874) 315(0.874) 316(0.800) 317(0.800) 318(0.800) 319(0.800) 327(0.499) 328(0.499) 329(0.499) 330(0.499) 331(0.499) 332(0.499) 333(0.499) 334(0.800) 335(0.800) 336(0.800) 337(0.800) 338(0.800) 339(0.800) 347(0.499) 348(0.499) 349(0.499) 350(0.499) 351(0.499) 352(0.499) 353(0.499) 354(0.800) 355(0.800) 356(0.800) 357(0.800) 358(0.800) 359(0.800) 367(0.499) 368(0.499) 369(0.499) 370(0.499) 371(0.499) 372(0.499) 373(0.499) 374(0.800) 375(0.800) 376(0.800) 377(0.800) 378(0.800) 379(0.800) 387(0.499) 388(0.499) 389(0.499) 390(0.499) 391(0.499) 392(0.499) 393(0.499) 394(0.800) 395(0.800) 396(0.800) 397(0.800) 398(0.800) 399(0.800) 

[EVENT] 607.365 | event=UAVWaypointArrival | nodeId=401 | cycle=1 | pos=(380.000,160.000,20.000)

[EVENT] 615.500 | event=SuspiciousConfidenceSnapshot | 76(0.874) 77(0.874) 78(0.874) 79(0.874) 94(0.874) 95(0.874) 96(0.874) 97(0.874) 98(0.874) 99(0.874) 114(0.874) 115(0.874) 116(0.874) 117(0.874) 118(0.874) 119(0.874) 134(0.874) 135(0.874) 136(0.874) 137(0.874) 138(0.874) 139(0.874) 154(0.874) 155(0.874) 156(0.874) 157(0.874) 158(0.874) 159(0.874) 174(0.874) 175(0.874) 176(0.874) 177(0.874) 178(0.874) 179(0.874) 193(0.874) 194(0.874) 195(0.900) 196(0.900) 197(0.900) 198(0.874) 199(0.874) 211(0.874) 212(0.874) 213(0.874) 214(0.874) 215(0.900) 216(0.900) 217(0.900) 218(0.900) 219(0.874) 231(0.874) 232(0.874) 233(0.874) 234(0.874) 235(0.900) 236(0.900) 237(0.900) 238(0.900) 239(0.900) 251(0.874) 252(0.874) 253(0.874) 254(0.874) 255(0.900) 256(0.900) 257(0.900) 258(0.900) 259(0.900) 271(0.874) 272(0.874) 273(0.874) 274(0.874) 275(0.874) 276(0.900) 277(0.900) 278(0.900) 279(0.900) 291(0.874) 292(0.874) 293(0.874) 294(0.874) 295(0.874) 296(0.874) 297(0.874) 298(0.900) 299(0.874) 309(0.499) 310(0.499) 311(0.499) 312(0.499) 313(0.874) 314(0.874) 315(0.874) 316(0.800) 317(0.800) 318(0.800) 319(0.800) 327(0.499) 328(0.499) 329(0.499) 330(0.499) 331(0.499) 332(0.499) 333(0.499) 334(0.800) 335(0.800) 336(0.800) 337(0.800) 338(0.800) 339(0.800) 347(0.499) 348(0.499) 349(0.499) 350(0.499) 351(0.499) 352(0.499) 353(0.499) 354(0.800) 355(0.800) 356(0.800) 357(0.800) 358(0.800) 359(0.800) 367(0.499) 368(0.499) 369(0.499) 370(0.499) 371(0.499) 372(0.499) 373(0.499) 374(0.800) 375(0.800) 376(0.800) 377(0.800) 378(0.800) 379(0.800) 387(0.499) 388(0.499) 389(0.499) 390(0.499) 391(0.499) 392(0.499) 393(0.499) 394(0.800) 395(0.800) 396(0.800) 397(0.800) 398(0.800) 399(0.800) 

[EVENT] 621.681 | event=UAVWaypointArrival | nodeId=402 | cycle=16 | pos=(270.000,340.000,20.000)

[EVENT] 624.722 | event=UAVWaypointArrival | nodeId=402 | cycle=16 | pos=(260.000,280.000,20.000)

[EVENT] 624.979 | event=UAVWaypointArrival | nodeId=401 | cycle=1 | pos=(380.000,180.000,20.000)

[EVENT] 625.500 | event=SuspiciousConfidenceSnapshot | 76(0.874) 77(0.874) 78(0.874) 79(0.874) 94(0.874) 95(0.874) 96(0.874) 97(0.874) 98(0.874) 99(0.874) 114(0.874) 115(0.874) 116(0.874) 117(0.874) 118(0.874) 119(0.874) 134(0.874) 135(0.874) 136(0.874) 137(0.874) 138(0.874) 139(0.874) 154(0.874) 155(0.874) 156(0.874) 157(0.874) 158(0.874) 159(0.874) 174(0.874) 175(0.874) 176(0.874) 177(0.874) 178(0.874) 179(0.874) 193(0.874) 194(0.874) 195(0.900) 196(0.900) 197(0.900) 198(0.874) 199(0.874) 211(0.874) 212(0.874) 213(0.874) 214(0.874) 215(0.900) 216(0.900) 217(0.900) 218(0.900) 219(0.874) 231(0.874) 232(0.874) 233(0.874) 234(0.874) 235(0.900) 236(0.900) 237(0.900) 238(0.900) 239(0.900) 251(0.874) 252(0.874) 253(0.874) 254(0.874) 255(0.900) 256(0.900) 257(0.900) 258(0.900) 259(0.900) 271(0.874) 272(0.874) 273(0.874) 274(0.874) 275(0.874) 276(0.900) 277(0.900) 278(0.900) 279(0.900) 291(0.874) 292(0.874) 293(0.874) 294(0.874) 295(0.874) 296(0.874) 297(0.874) 298(0.900) 299(0.874) 309(0.499) 310(0.499) 311(0.499) 312(0.499) 313(0.874) 314(0.874) 315(0.874) 316(0.800) 317(0.800) 318(0.800) 319(0.800) 327(0.499) 328(0.499) 329(0.499) 330(0.499) 331(0.499) 332(0.499) 333(0.499) 334(0.800) 335(0.800) 336(0.800) 337(0.800) 338(0.800) 339(0.800) 347(0.499) 348(0.499) 349(0.499) 350(0.499) 351(0.499) 352(0.499) 353(0.499) 354(0.800) 355(0.800) 356(0.800) 357(0.800) 358(0.800) 359(0.800) 367(0.499) 368(0.499) 369(0.499) 370(0.499) 371(0.499) 372(0.499) 373(0.499) 374(0.800) 375(0.800) 376(0.800) 377(0.800) 378(0.800) 379(0.800) 387(0.499) 388(0.499) 389(0.499) 390(0.499) 391(0.499) 392(0.499) 393(0.499) 394(0.800) 395(0.800) 396(0.800) 397(0.800) 398(0.800) 399(0.800) 

[EVENT] 631.125 | event=UAVWaypointArrival | nodeId=402 | cycle=16 | pos=(340.000,180.000,20.000)

[EVENT] 632.125 | event=UAVWaypointArrival | nodeId=402 | cycle=16 | pos=(360.000,180.000,20.000)

[EVENT] 635.500 | event=SuspiciousConfidenceSnapshot | 76(0.874) 77(0.874) 78(0.874) 79(0.874) 94(0.874) 95(0.874) 96(0.874) 97(0.874) 98(0.874) 99(0.874) 114(0.874) 115(0.874) 116(0.874) 117(0.874) 118(0.874) 119(0.874) 134(0.874) 135(0.874) 136(0.874) 137(0.874) 138(0.874) 139(0.874) 154(0.874) 155(0.874) 156(0.874) 157(0.874) 158(0.874) 159(0.874) 174(0.874) 175(0.874) 176(0.874) 177(0.874) 178(0.874) 179(0.874) 193(0.874) 194(0.874) 195(0.900) 196(0.900) 197(0.900) 198(0.874) 199(0.874) 211(0.874) 212(0.874) 213(0.874) 214(0.874) 215(0.900) 216(0.900) 217(0.900) 218(0.900) 219(0.874) 231(0.874) 232(0.874) 233(0.874) 234(0.874) 235(0.900) 236(0.900) 237(0.900) 238(0.900) 239(0.900) 251(0.874) 252(0.874) 253(0.874) 254(0.874) 255(0.900) 256(0.900) 257(0.900) 258(0.900) 259(0.900) 271(0.874) 272(0.874) 273(0.874) 274(0.874) 275(0.874) 276(0.900) 277(0.900) 278(0.900) 279(0.900) 291(0.874) 292(0.874) 293(0.874) 294(0.874) 295(0.874) 296(0.874) 297(0.874) 298(0.900) 299(0.874) 309(0.499) 310(0.499) 311(0.499) 312(0.499) 313(0.874) 314(0.874) 315(0.874) 316(0.800) 317(0.800) 318(0.800) 319(0.800) 327(0.499) 328(0.499) 329(0.499) 330(0.499) 331(0.499) 332(0.499) 333(0.499) 334(0.800) 335(0.800) 336(0.800) 337(0.800) 338(0.800) 339(0.800) 347(0.499) 348(0.499) 349(0.499) 350(0.499) 351(0.499) 352(0.499) 353(0.499) 354(0.800) 355(0.800) 356(0.800) 357(0.800) 358(0.800) 359(0.800) 367(0.499) 368(0.499) 369(0.499) 370(0.499) 371(0.499) 372(0.499) 373(0.499) 374(0.800) 375(0.800) 376(0.800) 377(0.800) 378(0.800) 379(0.800) 387(0.499) 388(0.499) 389(0.499) 390(0.499) 391(0.499) 392(0.499) 393(0.499) 394(0.800) 395(0.800) 396(0.800) 397(0.800) 398(0.800) 399(0.800) 

[EVENT] 642.592 | event=UAVWaypointArrival | nodeId=401 | cycle=1 | pos=(360.000,180.000,20.000)

[EVENT] 645.500 | event=SuspiciousConfidenceSnapshot | 76(0.874) 77(0.874) 78(0.874) 79(0.874) 94(0.874) 95(0.874) 96(0.874) 97(0.874) 98(0.874) 99(0.874) 114(0.874) 115(0.874) 116(0.874) 117(0.874) 118(0.874) 119(0.874) 134(0.874) 135(0.874) 136(0.874) 137(0.874) 138(0.874) 139(0.874) 154(0.874) 155(0.874) 156(0.874) 157(0.874) 158(0.874) 159(0.874) 174(0.874) 175(0.874) 176(0.874) 177(0.874) 178(0.874) 179(0.874) 193(0.874) 194(0.874) 195(0.900) 196(0.900) 197(0.900) 198(0.874) 199(0.874) 211(0.874) 212(0.874) 213(0.874) 214(0.874) 215(0.900) 216(0.900) 217(0.900) 218(0.900) 219(0.874) 231(0.874) 232(0.874) 233(0.874) 234(0.874) 235(0.900) 236(0.900) 237(0.900) 238(0.900) 239(0.900) 251(0.874) 252(0.874) 253(0.874) 254(0.874) 255(0.900) 256(0.900) 257(0.900) 258(0.900) 259(0.900) 271(0.874) 272(0.874) 273(0.874) 274(0.874) 275(0.874) 276(0.900) 277(0.900) 278(0.900) 279(0.900) 291(0.874) 292(0.874) 293(0.874) 294(0.874) 295(0.874) 296(0.874) 297(0.874) 298(0.900) 299(0.874) 309(0.499) 310(0.499) 311(0.499) 312(0.499) 313(0.874) 314(0.874) 315(0.874) 316(0.800) 317(0.800) 318(0.800) 319(0.800) 327(0.499) 328(0.499) 329(0.499) 330(0.499) 331(0.499) 332(0.499) 333(0.499) 334(0.800) 335(0.800) 336(0.800) 337(0.800) 338(0.800) 339(0.800) 347(0.499) 348(0.499) 349(0.499) 350(0.499) 351(0.499) 352(0.499) 353(0.499) 354(0.800) 355(0.800) 356(0.800) 357(0.800) 358(0.800) 359(0.800) 367(0.499) 368(0.499) 369(0.499) 370(0.499) 371(0.499) 372(0.499) 373(0.499) 374(0.800) 375(0.800) 376(0.800) 377(0.800) 378(0.800) 379(0.800) 387(0.499) 388(0.499) 389(0.499) 390(0.499) 391(0.499) 392(0.499) 393(0.499) 394(0.800) 395(0.800) 396(0.800) 397(0.800) 398(0.800) 399(0.800) 

[EVENT] 655.500 | event=SuspiciousConfidenceSnapshot | 76(0.874) 77(0.874) 78(0.874) 79(0.874) 94(0.874) 95(0.874) 96(0.874) 97(0.874) 98(0.874) 99(0.874) 114(0.874) 115(0.874) 116(0.874) 117(0.874) 118(0.874) 119(0.874) 134(0.874) 135(0.874) 136(0.874) 137(0.874) 138(0.874) 139(0.874) 154(0.874) 155(0.874) 156(0.874) 157(0.874) 158(0.874) 159(0.874) 174(0.874) 175(0.874) 176(0.874) 177(0.874) 178(0.874) 179(0.874) 193(0.874) 194(0.874) 195(0.900) 196(0.900) 197(0.900) 198(0.874) 199(0.874) 211(0.874) 212(0.874) 213(0.874) 214(0.874) 215(0.900) 216(0.900) 217(0.900) 218(0.900) 219(0.874) 231(0.874) 232(0.874) 233(0.874) 234(0.874) 235(0.900) 236(0.900) 237(0.900) 238(0.900) 239(0.900) 251(0.874) 252(0.874) 253(0.874) 254(0.874) 255(0.900) 256(0.900) 257(0.900) 258(0.900) 259(0.900) 271(0.874) 272(0.874) 273(0.874) 274(0.874) 275(0.874) 276(0.900) 277(0.900) 278(0.900) 279(0.900) 291(0.874) 292(0.874) 293(0.874) 294(0.874) 295(0.874) 296(0.874) 297(0.874) 298(0.900) 299(0.874) 309(0.499) 310(0.499) 311(0.499) 312(0.499) 313(0.874) 314(0.874) 315(0.874) 316(0.800) 317(0.800) 318(0.800) 319(0.800) 327(0.499) 328(0.499) 329(0.499) 330(0.499) 331(0.499) 332(0.499) 333(0.499) 334(0.800) 335(0.800) 336(0.800) 337(0.800) 338(0.800) 339(0.800) 347(0.499) 348(0.499) 349(0.499) 350(0.499) 351(0.499) 352(0.499) 353(0.499) 354(0.800) 355(0.800) 356(0.800) 357(0.800) 358(0.800) 359(0.800) 367(0.499) 368(0.499) 369(0.499) 370(0.499) 371(0.499) 372(0.499) 373(0.499) 374(0.800) 375(0.800) 376(0.800) 377(0.800) 378(0.800) 379(0.800) 387(0.499) 388(0.499) 389(0.499) 390(0.499) 391(0.499) 392(0.499) 393(0.499) 394(0.800) 395(0.800) 396(0.800) 397(0.800) 398(0.800) 399(0.800) 

[EVENT] 660.205 | event=UAVWaypointArrival | nodeId=401 | cycle=1 | pos=(340.000,180.000,20.000)

[EVENT] 660.870 | event=UAVWaypointArrival | nodeId=402 | cycle=17 | pos=(270.000,340.000,20.000)

[EVENT] 663.911 | event=UAVWaypointArrival | nodeId=402 | cycle=17 | pos=(260.000,280.000,20.000)

[EVENT] 665.500 | event=SuspiciousConfidenceSnapshot | 76(0.874) 77(0.874) 78(0.874) 79(0.874) 94(0.874) 95(0.874) 96(0.874) 97(0.874) 98(0.874) 99(0.874) 114(0.874) 115(0.874) 116(0.874) 117(0.874) 118(0.874) 119(0.874) 134(0.874) 135(0.874) 136(0.874) 137(0.874) 138(0.874) 139(0.874) 154(0.874) 155(0.874) 156(0.874) 157(0.874) 158(0.874) 159(0.874) 174(0.874) 175(0.874) 176(0.874) 177(0.874) 178(0.874) 179(0.874) 193(0.874) 194(0.874) 195(0.900) 196(0.900) 197(0.900) 198(0.874) 199(0.874) 211(0.874) 212(0.874) 213(0.874) 214(0.874) 215(0.900) 216(0.900) 217(0.900) 218(0.900) 219(0.874) 231(0.874) 232(0.874) 233(0.874) 234(0.874) 235(0.900) 236(0.900) 237(0.900) 238(0.900) 239(0.900) 251(0.874) 252(0.874) 253(0.874) 254(0.874) 255(0.900) 256(0.900) 257(0.900) 258(0.900) 259(0.900) 271(0.874) 272(0.874) 273(0.874) 274(0.874) 275(0.874) 276(0.900) 277(0.900) 278(0.900) 279(0.900) 291(0.874) 292(0.874) 293(0.874) 294(0.874) 295(0.874) 296(0.874) 297(0.874) 298(0.900) 299(0.874) 309(0.499) 310(0.499) 311(0.499) 312(0.499) 313(0.874) 314(0.874) 315(0.874) 316(0.800) 317(0.800) 318(0.800) 319(0.800) 327(0.499) 328(0.499) 329(0.499) 330(0.499) 331(0.499) 332(0.499) 333(0.499) 334(0.800) 335(0.800) 336(0.800) 337(0.800) 338(0.800) 339(0.800) 347(0.499) 348(0.499) 349(0.499) 350(0.499) 351(0.499) 352(0.499) 353(0.499) 354(0.800) 355(0.800) 356(0.800) 357(0.800) 358(0.800) 359(0.800) 367(0.499) 368(0.499) 369(0.499) 370(0.499) 371(0.499) 372(0.499) 373(0.499) 374(0.800) 375(0.800) 376(0.800) 377(0.800) 378(0.800) 379(0.800) 387(0.499) 388(0.499) 389(0.499) 390(0.499) 391(0.499) 392(0.499) 393(0.499) 394(0.800) 395(0.800) 396(0.800) 397(0.800) 398(0.800) 399(0.800) 

[EVENT] 670.314 | event=UAVWaypointArrival | nodeId=402 | cycle=17 | pos=(340.000,180.000,20.000)

[EVENT] 671.314 | event=UAVWaypointArrival | nodeId=402 | cycle=17 | pos=(360.000,180.000,20.000)

[EVENT] 675.500 | event=SuspiciousConfidenceSnapshot | 76(0.874) 77(0.874) 78(0.874) 79(0.874) 94(0.874) 95(0.874) 96(0.874) 97(0.874) 98(0.874) 99(0.874) 114(0.874) 115(0.874) 116(0.874) 117(0.874) 118(0.874) 119(0.874) 134(0.874) 135(0.874) 136(0.874) 137(0.874) 138(0.874) 139(0.874) 154(0.874) 155(0.874) 156(0.874) 157(0.874) 158(0.874) 159(0.874) 174(0.874) 175(0.874) 176(0.874) 177(0.874) 178(0.874) 179(0.874) 193(0.874) 194(0.874) 195(0.900) 196(0.900) 197(0.900) 198(0.874) 199(0.874) 211(0.874) 212(0.874) 213(0.874) 214(0.874) 215(0.900) 216(0.900) 217(0.900) 218(0.900) 219(0.874) 231(0.874) 232(0.874) 233(0.874) 234(0.874) 235(0.900) 236(0.900) 237(0.900) 238(0.900) 239(0.900) 251(0.874) 252(0.874) 253(0.874) 254(0.874) 255(0.900) 256(0.900) 257(0.900) 258(0.900) 259(0.900) 271(0.874) 272(0.874) 273(0.874) 274(0.874) 275(0.874) 276(0.900) 277(0.900) 278(0.900) 279(0.900) 291(0.874) 292(0.874) 293(0.874) 294(0.874) 295(0.874) 296(0.874) 297(0.874) 298(0.900) 299(0.874) 309(0.499) 310(0.499) 311(0.499) 312(0.499) 313(0.874) 314(0.874) 315(0.874) 316(0.800) 317(0.800) 318(0.800) 319(0.800) 327(0.499) 328(0.499) 329(0.499) 330(0.499) 331(0.499) 332(0.499) 333(0.499) 334(0.800) 335(0.800) 336(0.800) 337(0.800) 338(0.800) 339(0.800) 347(0.499) 348(0.499) 349(0.499) 350(0.499) 351(0.499) 352(0.499) 353(0.499) 354(0.800) 355(0.800) 356(0.800) 357(0.800) 358(0.800) 359(0.800) 367(0.499) 368(0.499) 369(0.499) 370(0.499) 371(0.499) 372(0.499) 373(0.499) 374(0.800) 375(0.800) 376(0.800) 377(0.800) 378(0.800) 379(0.800) 387(0.499) 388(0.499) 389(0.499) 390(0.499) 391(0.499) 392(0.499) 393(0.499) 394(0.800) 395(0.800) 396(0.800) 397(0.800) 398(0.800) 399(0.800) 

[EVENT] 677.819 | event=UAVWaypointArrival | nodeId=401 | cycle=1 | pos=(320.000,180.000,20.000)

[EVENT] 685.500 | event=SuspiciousConfidenceSnapshot | 76(0.874) 77(0.874) 78(0.874) 79(0.874) 94(0.874) 95(0.874) 96(0.874) 97(0.874) 98(0.874) 99(0.874) 114(0.874) 115(0.874) 116(0.874) 117(0.874) 118(0.874) 119(0.874) 134(0.874) 135(0.874) 136(0.874) 137(0.874) 138(0.874) 139(0.874) 154(0.874) 155(0.874) 156(0.874) 157(0.874) 158(0.874) 159(0.874) 174(0.874) 175(0.874) 176(0.874) 177(0.874) 178(0.874) 179(0.874) 193(0.874) 194(0.874) 195(0.900) 196(0.900) 197(0.900) 198(0.874) 199(0.874) 211(0.874) 212(0.874) 213(0.874) 214(0.874) 215(0.900) 216(0.900) 217(0.900) 218(0.900) 219(0.874) 231(0.874) 232(0.874) 233(0.874) 234(0.874) 235(0.900) 236(0.900) 237(0.900) 238(0.900) 239(0.900) 251(0.874) 252(0.874) 253(0.874) 254(0.874) 255(0.900) 256(0.900) 257(0.900) 258(0.900) 259(0.900) 271(0.874) 272(0.874) 273(0.874) 274(0.874) 275(0.874) 276(0.900) 277(0.900) 278(0.900) 279(0.900) 291(0.874) 292(0.874) 293(0.874) 294(0.874) 295(0.874) 296(0.874) 297(0.874) 298(0.900) 299(0.874) 309(0.499) 310(0.499) 311(0.499) 312(0.499) 313(0.874) 314(0.874) 315(0.874) 316(0.800) 317(0.800) 318(0.800) 319(0.800) 327(0.499) 328(0.499) 329(0.499) 330(0.499) 331(0.499) 332(0.499) 333(0.499) 334(0.800) 335(0.800) 336(0.800) 337(0.800) 338(0.800) 339(0.800) 347(0.499) 348(0.499) 349(0.499) 350(0.499) 351(0.499) 352(0.499) 353(0.499) 354(0.800) 355(0.800) 356(0.800) 357(0.800) 358(0.800) 359(0.800) 367(0.499) 368(0.499) 369(0.499) 370(0.499) 371(0.499) 372(0.499) 373(0.499) 374(0.800) 375(0.800) 376(0.800) 377(0.800) 378(0.800) 379(0.800) 387(0.499) 388(0.499) 389(0.499) 390(0.499) 391(0.499) 392(0.499) 393(0.499) 394(0.800) 395(0.800) 396(0.800) 397(0.800) 398(0.800) 399(0.800) 

[EVENT] 695.432 | event=UAVWaypointArrival | nodeId=401 | cycle=1 | pos=(300.000,180.000,20.000)

[EVENT] 695.500 | event=SuspiciousConfidenceSnapshot | 76(0.874) 77(0.874) 78(0.874) 79(0.874) 94(0.874) 95(0.874) 96(0.874) 97(0.874) 98(0.874) 99(0.874) 114(0.874) 115(0.874) 116(0.874) 117(0.874) 118(0.874) 119(0.874) 134(0.874) 135(0.874) 136(0.874) 137(0.874) 138(0.874) 139(0.874) 154(0.874) 155(0.874) 156(0.874) 157(0.874) 158(0.874) 159(0.874) 174(0.874) 175(0.874) 176(0.874) 177(0.874) 178(0.874) 179(0.874) 193(0.874) 194(0.874) 195(0.900) 196(0.900) 197(0.900) 198(0.874) 199(0.874) 211(0.874) 212(0.874) 213(0.874) 214(0.874) 215(0.900) 216(0.900) 217(0.900) 218(0.900) 219(0.874) 231(0.874) 232(0.874) 233(0.874) 234(0.874) 235(0.900) 236(0.900) 237(0.900) 238(0.900) 239(0.900) 251(0.874) 252(0.874) 253(0.874) 254(0.874) 255(0.900) 256(0.900) 257(0.900) 258(0.900) 259(0.900) 271(0.874) 272(0.874) 273(0.874) 274(0.874) 275(0.874) 276(0.900) 277(0.900) 278(0.900) 279(0.900) 291(0.874) 292(0.874) 293(0.874) 294(0.874) 295(0.874) 296(0.874) 297(0.874) 298(0.900) 299(0.874) 309(0.499) 310(0.499) 311(0.499) 312(0.499) 313(0.874) 314(0.874) 315(0.874) 316(0.800) 317(0.800) 318(0.800) 319(0.800) 327(0.499) 328(0.499) 329(0.499) 330(0.499) 331(0.499) 332(0.499) 333(0.499) 334(0.800) 335(0.800) 336(0.800) 337(0.800) 338(0.800) 339(0.800) 347(0.499) 348(0.499) 349(0.499) 350(0.499) 351(0.499) 352(0.499) 353(0.499) 354(0.800) 355(0.800) 356(0.800) 357(0.800) 358(0.800) 359(0.800) 367(0.499) 368(0.499) 369(0.499) 370(0.499) 371(0.499) 372(0.499) 373(0.499) 374(0.800) 375(0.800) 376(0.800) 377(0.800) 378(0.800) 379(0.800) 387(0.499) 388(0.499) 389(0.499) 390(0.499) 391(0.499) 392(0.499) 393(0.499) 394(0.800) 395(0.800) 396(0.800) 397(0.800) 398(0.800) 399(0.800) 

[EVENT] 700.059 | event=UAVWaypointArrival | nodeId=402 | cycle=18 | pos=(270.000,340.000,20.000)

[EVENT] 703.100 | event=UAVWaypointArrival | nodeId=402 | cycle=18 | pos=(260.000,280.000,20.000)

[EVENT] 705.500 | event=SuspiciousConfidenceSnapshot | 76(0.874) 77(0.874) 78(0.874) 79(0.874) 94(0.874) 95(0.874) 96(0.874) 97(0.874) 98(0.874) 99(0.874) 114(0.874) 115(0.874) 116(0.874) 117(0.874) 118(0.874) 119(0.874) 134(0.874) 135(0.874) 136(0.874) 137(0.874) 138(0.874) 139(0.874) 154(0.874) 155(0.874) 156(0.874) 157(0.874) 158(0.874) 159(0.874) 174(0.874) 175(0.874) 176(0.874) 177(0.874) 178(0.874) 179(0.874) 193(0.874) 194(0.874) 195(0.900) 196(0.900) 197(0.900) 198(0.874) 199(0.874) 211(0.874) 212(0.874) 213(0.874) 214(0.874) 215(0.900) 216(0.900) 217(0.900) 218(0.900) 219(0.874) 231(0.874) 232(0.874) 233(0.874) 234(0.874) 235(0.900) 236(0.900) 237(0.900) 238(0.900) 239(0.900) 251(0.874) 252(0.874) 253(0.874) 254(0.874) 255(0.900) 256(0.900) 257(0.900) 258(0.900) 259(0.900) 271(0.874) 272(0.874) 273(0.874) 274(0.874) 275(0.874) 276(0.900) 277(0.900) 278(0.900) 279(0.900) 291(0.874) 292(0.874) 293(0.874) 294(0.874) 295(0.874) 296(0.874) 297(0.874) 298(0.900) 299(0.874) 309(0.499) 310(0.499) 311(0.499) 312(0.499) 313(0.874) 314(0.874) 315(0.874) 316(0.800) 317(0.800) 318(0.800) 319(0.800) 327(0.499) 328(0.499) 329(0.499) 330(0.499) 331(0.499) 332(0.499) 333(0.499) 334(0.800) 335(0.800) 336(0.800) 337(0.800) 338(0.800) 339(0.800) 347(0.499) 348(0.499) 349(0.499) 350(0.499) 351(0.499) 352(0.499) 353(0.499) 354(0.800) 355(0.800) 356(0.800) 357(0.800) 358(0.800) 359(0.800) 367(0.499) 368(0.499) 369(0.499) 370(0.499) 371(0.499) 372(0.499) 373(0.499) 374(0.800) 375(0.800) 376(0.800) 377(0.800) 378(0.800) 379(0.800) 387(0.499) 388(0.499) 389(0.499) 390(0.499) 391(0.499) 392(0.499) 393(0.499) 394(0.800) 395(0.800) 396(0.800) 397(0.800) 398(0.800) 399(0.800) 

[EVENT] 709.503 | event=UAVWaypointArrival | nodeId=402 | cycle=18 | pos=(340.000,180.000,20.000)

[EVENT] 710.503 | event=UAVWaypointArrival | nodeId=402 | cycle=18 | pos=(360.000,180.000,20.000)

[EVENT] 713.045 | event=UAVWaypointArrival | nodeId=401 | cycle=1 | pos=(280.000,180.000,20.000)

[EVENT] 715.500 | event=SuspiciousConfidenceSnapshot | 76(0.874) 77(0.874) 78(0.874) 79(0.874) 94(0.874) 95(0.874) 96(0.874) 97(0.874) 98(0.874) 99(0.874) 114(0.874) 115(0.874) 116(0.874) 117(0.874) 118(0.874) 119(0.874) 134(0.874) 135(0.874) 136(0.874) 137(0.874) 138(0.874) 139(0.874) 154(0.874) 155(0.874) 156(0.874) 157(0.874) 158(0.874) 159(0.874) 174(0.874) 175(0.874) 176(0.874) 177(0.874) 178(0.874) 179(0.874) 193(0.874) 194(0.874) 195(0.900) 196(0.900) 197(0.900) 198(0.874) 199(0.874) 211(0.874) 212(0.874) 213(0.874) 214(0.874) 215(0.900) 216(0.900) 217(0.900) 218(0.900) 219(0.874) 231(0.874) 232(0.874) 233(0.874) 234(0.874) 235(0.900) 236(0.900) 237(0.900) 238(0.900) 239(0.900) 251(0.874) 252(0.874) 253(0.874) 254(0.874) 255(0.900) 256(0.900) 257(0.900) 258(0.900) 259(0.900) 271(0.874) 272(0.874) 273(0.874) 274(0.874) 275(0.874) 276(0.900) 277(0.900) 278(0.900) 279(0.900) 291(0.874) 292(0.874) 293(0.874) 294(0.874) 295(0.874) 296(0.874) 297(0.874) 298(0.900) 299(0.874) 309(0.499) 310(0.499) 311(0.499) 312(0.499) 313(0.874) 314(0.874) 315(0.874) 316(0.800) 317(0.800) 318(0.800) 319(0.800) 327(0.499) 328(0.499) 329(0.499) 330(0.499) 331(0.499) 332(0.499) 333(0.499) 334(0.800) 335(0.800) 336(0.800) 337(0.800) 338(0.800) 339(0.800) 347(0.499) 348(0.499) 349(0.499) 350(0.499) 351(0.499) 352(0.499) 353(0.499) 354(0.800) 355(0.800) 356(0.800) 357(0.800) 358(0.800) 359(0.800) 367(0.499) 368(0.499) 369(0.499) 370(0.499) 371(0.499) 372(0.499) 373(0.499) 374(0.800) 375(0.800) 376(0.800) 377(0.800) 378(0.800) 379(0.800) 387(0.499) 388(0.499) 389(0.499) 390(0.499) 391(0.499) 392(0.499) 393(0.499) 394(0.800) 395(0.800) 396(0.800) 397(0.800) 398(0.800) 399(0.800) 

[EVENT] 725.500 | event=SuspiciousConfidenceSnapshot | 76(0.874) 77(0.874) 78(0.874) 79(0.874) 94(0.874) 95(0.874) 96(0.874) 97(0.874) 98(0.874) 99(0.874) 114(0.874) 115(0.874) 116(0.874) 117(0.874) 118(0.874) 119(0.874) 134(0.874) 135(0.874) 136(0.874) 137(0.874) 138(0.874) 139(0.874) 154(0.874) 155(0.874) 156(0.874) 157(0.874) 158(0.874) 159(0.874) 174(0.874) 175(0.874) 176(0.874) 177(0.874) 178(0.874) 179(0.874) 193(0.874) 194(0.874) 195(0.900) 196(0.900) 197(0.900) 198(0.874) 199(0.874) 211(0.874) 212(0.874) 213(0.874) 214(0.874) 215(0.900) 216(0.900) 217(0.900) 218(0.900) 219(0.874) 231(0.874) 232(0.874) 233(0.874) 234(0.874) 235(0.900) 236(0.900) 237(0.900) 238(0.900) 239(0.900) 251(0.874) 252(0.874) 253(0.874) 254(0.874) 255(0.900) 256(0.900) 257(0.900) 258(0.900) 259(0.900) 271(0.874) 272(0.874) 273(0.874) 274(0.874) 275(0.874) 276(0.900) 277(0.900) 278(0.900) 279(0.900) 291(0.874) 292(0.874) 293(0.874) 294(0.874) 295(0.874) 296(0.874) 297(0.874) 298(0.900) 299(0.874) 309(0.499) 310(0.499) 311(0.499) 312(0.499) 313(0.874) 314(0.874) 315(0.874) 316(0.800) 317(0.800) 318(0.800) 319(0.800) 327(0.499) 328(0.499) 329(0.499) 330(0.499) 331(0.499) 332(0.499) 333(0.499) 334(0.800) 335(0.800) 336(0.800) 337(0.800) 338(0.800) 339(0.800) 347(0.499) 348(0.499) 349(0.499) 350(0.499) 351(0.499) 352(0.499) 353(0.499) 354(0.800) 355(0.800) 356(0.800) 357(0.800) 358(0.800) 359(0.800) 367(0.499) 368(0.499) 369(0.499) 370(0.499) 371(0.499) 372(0.499) 373(0.499) 374(0.800) 375(0.800) 376(0.800) 377(0.800) 378(0.800) 379(0.800) 387(0.499) 388(0.499) 389(0.499) 390(0.499) 391(0.499) 392(0.499) 393(0.499) 394(0.800) 395(0.800) 396(0.800) 397(0.800) 398(0.800) 399(0.800) 

[EVENT] 730.659 | event=UAVWaypointArrival | nodeId=401 | cycle=1 | pos=(260.000,180.000,20.000)

[EVENT] 735.500 | event=SuspiciousConfidenceSnapshot | 76(0.874) 77(0.874) 78(0.874) 79(0.874) 94(0.874) 95(0.874) 96(0.874) 97(0.874) 98(0.874) 99(0.874) 114(0.874) 115(0.874) 116(0.874) 117(0.874) 118(0.874) 119(0.874) 134(0.874) 135(0.874) 136(0.874) 137(0.874) 138(0.874) 139(0.874) 154(0.874) 155(0.874) 156(0.874) 157(0.874) 158(0.874) 159(0.874) 174(0.874) 175(0.874) 176(0.874) 177(0.874) 178(0.874) 179(0.874) 193(0.874) 194(0.874) 195(0.900) 196(0.900) 197(0.900) 198(0.874) 199(0.874) 211(0.874) 212(0.874) 213(0.874) 214(0.874) 215(0.900) 216(0.900) 217(0.900) 218(0.900) 219(0.874) 231(0.874) 232(0.874) 233(0.874) 234(0.874) 235(0.900) 236(0.900) 237(0.900) 238(0.900) 239(0.900) 251(0.874) 252(0.874) 253(0.874) 254(0.874) 255(0.900) 256(0.900) 257(0.900) 258(0.900) 259(0.900) 271(0.874) 272(0.874) 273(0.874) 274(0.874) 275(0.874) 276(0.900) 277(0.900) 278(0.900) 279(0.900) 291(0.874) 292(0.874) 293(0.874) 294(0.874) 295(0.874) 296(0.874) 297(0.874) 298(0.900) 299(0.874) 309(0.499) 310(0.499) 311(0.499) 312(0.499) 313(0.874) 314(0.874) 315(0.874) 316(0.800) 317(0.800) 318(0.800) 319(0.800) 327(0.499) 328(0.499) 329(0.499) 330(0.499) 331(0.499) 332(0.499) 333(0.499) 334(0.800) 335(0.800) 336(0.800) 337(0.800) 338(0.800) 339(0.800) 347(0.499) 348(0.499) 349(0.499) 350(0.499) 351(0.499) 352(0.499) 353(0.499) 354(0.800) 355(0.800) 356(0.800) 357(0.800) 358(0.800) 359(0.800) 367(0.499) 368(0.499) 369(0.499) 370(0.499) 371(0.499) 372(0.499) 373(0.499) 374(0.800) 375(0.800) 376(0.800) 377(0.800) 378(0.800) 379(0.800) 387(0.499) 388(0.499) 389(0.499) 390(0.499) 391(0.499) 392(0.499) 393(0.499) 394(0.800) 395(0.800) 396(0.800) 397(0.800) 398(0.800) 399(0.800) 

[EVENT] 739.248 | event=UAVWaypointArrival | nodeId=402 | cycle=19 | pos=(270.000,340.000,20.000)

[EVENT] 742.289 | event=UAVWaypointArrival | nodeId=402 | cycle=19 | pos=(260.000,280.000,20.000)

[EVENT] 745.500 | event=SuspiciousConfidenceSnapshot | 76(0.874) 77(0.874) 78(0.874) 79(0.874) 94(0.874) 95(0.874) 96(0.874) 97(0.874) 98(0.874) 99(0.874) 114(0.874) 115(0.874) 116(0.874) 117(0.874) 118(0.874) 119(0.874) 134(0.874) 135(0.874) 136(0.874) 137(0.874) 138(0.874) 139(0.874) 154(0.874) 155(0.874) 156(0.874) 157(0.874) 158(0.874) 159(0.874) 174(0.874) 175(0.874) 176(0.874) 177(0.874) 178(0.874) 179(0.874) 193(0.874) 194(0.874) 195(0.900) 196(0.900) 197(0.900) 198(0.874) 199(0.874) 211(0.874) 212(0.874) 213(0.874) 214(0.874) 215(0.900) 216(0.900) 217(0.900) 218(0.900) 219(0.874) 231(0.874) 232(0.874) 233(0.874) 234(0.874) 235(0.900) 236(0.900) 237(0.900) 238(0.900) 239(0.900) 251(0.874) 252(0.874) 253(0.874) 254(0.874) 255(0.900) 256(0.900) 257(0.900) 258(0.900) 259(0.900) 271(0.874) 272(0.874) 273(0.874) 274(0.874) 275(0.874) 276(0.900) 277(0.900) 278(0.900) 279(0.900) 291(0.874) 292(0.874) 293(0.874) 294(0.874) 295(0.874) 296(0.874) 297(0.874) 298(0.900) 299(0.874) 309(0.499) 310(0.499) 311(0.499) 312(0.499) 313(0.874) 314(0.874) 315(0.874) 316(0.800) 317(0.800) 318(0.800) 319(0.800) 327(0.499) 328(0.499) 329(0.499) 330(0.499) 331(0.499) 332(0.499) 333(0.499) 334(0.800) 335(0.800) 336(0.800) 337(0.800) 338(0.800) 339(0.800) 347(0.499) 348(0.499) 349(0.499) 350(0.499) 351(0.499) 352(0.499) 353(0.499) 354(0.800) 355(0.800) 356(0.800) 357(0.800) 358(0.800) 359(0.800) 367(0.499) 368(0.499) 369(0.499) 370(0.499) 371(0.499) 372(0.499) 373(0.499) 374(0.800) 375(0.800) 376(0.800) 377(0.800) 378(0.800) 379(0.800) 387(0.499) 388(0.499) 389(0.499) 390(0.499) 391(0.499) 392(0.499) 393(0.499) 394(0.800) 395(0.800) 396(0.800) 397(0.800) 398(0.800) 399(0.800) 

[EVENT] 748.272 | event=UAVWaypointArrival | nodeId=401 | cycle=1 | pos=(260.000,200.000,20.000)

[EVENT] 748.692 | event=UAVWaypointArrival | nodeId=402 | cycle=19 | pos=(340.000,180.000,20.000)

[EVENT] 749.692 | event=UAVWaypointArrival | nodeId=402 | cycle=19 | pos=(360.000,180.000,20.000)

[EVENT] 755.500 | event=SuspiciousConfidenceSnapshot | 76(0.874) 77(0.874) 78(0.874) 79(0.874) 94(0.874) 95(0.874) 96(0.874) 97(0.874) 98(0.874) 99(0.874) 114(0.874) 115(0.874) 116(0.874) 117(0.874) 118(0.874) 119(0.874) 134(0.874) 135(0.874) 136(0.874) 137(0.874) 138(0.874) 139(0.874) 154(0.874) 155(0.874) 156(0.874) 157(0.874) 158(0.874) 159(0.874) 174(0.874) 175(0.874) 176(0.874) 177(0.874) 178(0.874) 179(0.874) 193(0.874) 194(0.874) 195(0.900) 196(0.900) 197(0.900) 198(0.874) 199(0.874) 211(0.874) 212(0.874) 213(0.874) 214(0.874) 215(0.900) 216(0.900) 217(0.900) 218(0.900) 219(0.874) 231(0.874) 232(0.874) 233(0.874) 234(0.874) 235(0.900) 236(0.900) 237(0.900) 238(0.900) 239(0.900) 251(0.874) 252(0.874) 253(0.874) 254(0.874) 255(0.900) 256(0.900) 257(0.900) 258(0.900) 259(0.900) 271(0.874) 272(0.874) 273(0.874) 274(0.874) 275(0.874) 276(0.900) 277(0.900) 278(0.900) 279(0.900) 291(0.874) 292(0.874) 293(0.874) 294(0.874) 295(0.874) 296(0.874) 297(0.874) 298(0.900) 299(0.874) 309(0.499) 310(0.499) 311(0.499) 312(0.499) 313(0.874) 314(0.874) 315(0.874) 316(0.800) 317(0.800) 318(0.800) 319(0.800) 327(0.499) 328(0.499) 329(0.499) 330(0.499) 331(0.499) 332(0.499) 333(0.499) 334(0.800) 335(0.800) 336(0.800) 337(0.800) 338(0.800) 339(0.800) 347(0.499) 348(0.499) 349(0.499) 350(0.499) 351(0.499) 352(0.499) 353(0.499) 354(0.800) 355(0.800) 356(0.800) 357(0.800) 358(0.800) 359(0.800) 367(0.499) 368(0.499) 369(0.499) 370(0.499) 371(0.499) 372(0.499) 373(0.499) 374(0.800) 375(0.800) 376(0.800) 377(0.800) 378(0.800) 379(0.800) 387(0.499) 388(0.499) 389(0.499) 390(0.499) 391(0.499) 392(0.499) 393(0.499) 394(0.800) 395(0.800) 396(0.800) 397(0.800) 398(0.800) 399(0.800) 

[EVENT] 765.500 | event=SuspiciousConfidenceSnapshot | 76(0.874) 77(0.874) 78(0.874) 79(0.874) 94(0.874) 95(0.874) 96(0.874) 97(0.874) 98(0.874) 99(0.874) 114(0.874) 115(0.874) 116(0.874) 117(0.874) 118(0.874) 119(0.874) 134(0.874) 135(0.874) 136(0.874) 137(0.874) 138(0.874) 139(0.874) 154(0.874) 155(0.874) 156(0.874) 157(0.874) 158(0.874) 159(0.874) 174(0.874) 175(0.874) 176(0.874) 177(0.874) 178(0.874) 179(0.874) 193(0.874) 194(0.874) 195(0.900) 196(0.900) 197(0.900) 198(0.874) 199(0.874) 211(0.874) 212(0.874) 213(0.874) 214(0.874) 215(0.900) 216(0.900) 217(0.900) 218(0.900) 219(0.874) 231(0.874) 232(0.874) 233(0.874) 234(0.874) 235(0.900) 236(0.900) 237(0.900) 238(0.900) 239(0.900) 251(0.874) 252(0.874) 253(0.874) 254(0.874) 255(0.900) 256(0.900) 257(0.900) 258(0.900) 259(0.900) 271(0.874) 272(0.874) 273(0.874) 274(0.874) 275(0.874) 276(0.900) 277(0.900) 278(0.900) 279(0.900) 291(0.874) 292(0.874) 293(0.874) 294(0.874) 295(0.874) 296(0.874) 297(0.874) 298(0.900) 299(0.874) 309(0.499) 310(0.499) 311(0.499) 312(0.499) 313(0.874) 314(0.874) 315(0.874) 316(0.800) 317(0.800) 318(0.800) 319(0.800) 327(0.499) 328(0.499) 329(0.499) 330(0.499) 331(0.499) 332(0.499) 333(0.499) 334(0.800) 335(0.800) 336(0.800) 337(0.800) 338(0.800) 339(0.800) 347(0.499) 348(0.499) 349(0.499) 350(0.499) 351(0.499) 352(0.499) 353(0.499) 354(0.800) 355(0.800) 356(0.800) 357(0.800) 358(0.800) 359(0.800) 367(0.499) 368(0.499) 369(0.499) 370(0.499) 371(0.499) 372(0.499) 373(0.499) 374(0.800) 375(0.800) 376(0.800) 377(0.800) 378(0.800) 379(0.800) 387(0.499) 388(0.499) 389(0.499) 390(0.499) 391(0.499) 392(0.499) 393(0.499) 394(0.800) 395(0.800) 396(0.800) 397(0.800) 398(0.800) 399(0.800) 

[EVENT] 765.886 | event=UAVWaypointArrival | nodeId=401 | cycle=1 | pos=(240.000,200.000,20.000)

[EVENT] 775.500 | event=SuspiciousConfidenceSnapshot | 76(0.874) 77(0.874) 78(0.874) 79(0.874) 94(0.874) 95(0.874) 96(0.874) 97(0.874) 98(0.874) 99(0.874) 114(0.874) 115(0.874) 116(0.874) 117(0.874) 118(0.874) 119(0.874) 134(0.874) 135(0.874) 136(0.874) 137(0.874) 138(0.874) 139(0.874) 154(0.874) 155(0.874) 156(0.874) 157(0.874) 158(0.874) 159(0.874) 174(0.874) 175(0.874) 176(0.874) 177(0.874) 178(0.874) 179(0.874) 193(0.874) 194(0.874) 195(0.900) 196(0.900) 197(0.900) 198(0.874) 199(0.874) 211(0.874) 212(0.874) 213(0.874) 214(0.874) 215(0.900) 216(0.900) 217(0.900) 218(0.900) 219(0.874) 231(0.874) 232(0.874) 233(0.874) 234(0.874) 235(0.900) 236(0.900) 237(0.900) 238(0.900) 239(0.900) 251(0.874) 252(0.874) 253(0.874) 254(0.874) 255(0.900) 256(0.900) 257(0.900) 258(0.900) 259(0.900) 271(0.874) 272(0.874) 273(0.874) 274(0.874) 275(0.874) 276(0.900) 277(0.900) 278(0.900) 279(0.900) 291(0.874) 292(0.874) 293(0.874) 294(0.874) 295(0.874) 296(0.874) 297(0.874) 298(0.900) 299(0.874) 309(0.499) 310(0.499) 311(0.499) 312(0.499) 313(0.874) 314(0.874) 315(0.874) 316(0.800) 317(0.800) 318(0.800) 319(0.800) 327(0.499) 328(0.499) 329(0.499) 330(0.499) 331(0.499) 332(0.499) 333(0.499) 334(0.800) 335(0.800) 336(0.800) 337(0.800) 338(0.800) 339(0.800) 347(0.499) 348(0.499) 349(0.499) 350(0.499) 351(0.499) 352(0.499) 353(0.499) 354(0.800) 355(0.800) 356(0.800) 357(0.800) 358(0.800) 359(0.800) 367(0.499) 368(0.499) 369(0.499) 370(0.499) 371(0.499) 372(0.499) 373(0.499) 374(0.800) 375(0.800) 376(0.800) 377(0.800) 378(0.800) 379(0.800) 387(0.499) 388(0.499) 389(0.499) 390(0.499) 391(0.499) 392(0.499) 393(0.499) 394(0.800) 395(0.800) 396(0.800) 397(0.800) 398(0.800) 399(0.800) 

[EVENT] 778.437 | event=UAVWaypointArrival | nodeId=402 | cycle=20 | pos=(270.000,340.000,20.000)

[EVENT] 781.478 | event=UAVWaypointArrival | nodeId=402 | cycle=20 | pos=(260.000,280.000,20.000)

[EVENT] 783.499 | event=UAVWaypointArrival | nodeId=401 | cycle=1 | pos=(220.000,200.000,20.000)

[EVENT] 785.500 | event=SuspiciousConfidenceSnapshot | 76(0.874) 77(0.874) 78(0.874) 79(0.874) 94(0.874) 95(0.874) 96(0.874) 97(0.874) 98(0.874) 99(0.874) 114(0.874) 115(0.874) 116(0.874) 117(0.874) 118(0.874) 119(0.874) 134(0.874) 135(0.874) 136(0.874) 137(0.874) 138(0.874) 139(0.874) 154(0.874) 155(0.874) 156(0.874) 157(0.874) 158(0.874) 159(0.874) 174(0.874) 175(0.874) 176(0.874) 177(0.874) 178(0.874) 179(0.874) 193(0.874) 194(0.874) 195(0.900) 196(0.900) 197(0.900) 198(0.874) 199(0.874) 211(0.874) 212(0.874) 213(0.874) 214(0.874) 215(0.900) 216(0.900) 217(0.900) 218(0.900) 219(0.874) 231(0.874) 232(0.874) 233(0.874) 234(0.874) 235(0.900) 236(0.900) 237(0.900) 238(0.900) 239(0.900) 251(0.874) 252(0.874) 253(0.874) 254(0.874) 255(0.900) 256(0.900) 257(0.900) 258(0.900) 259(0.900) 271(0.874) 272(0.874) 273(0.874) 274(0.874) 275(0.874) 276(0.900) 277(0.900) 278(0.900) 279(0.900) 291(0.874) 292(0.874) 293(0.874) 294(0.874) 295(0.874) 296(0.874) 297(0.874) 298(0.900) 299(0.874) 309(0.499) 310(0.499) 311(0.499) 312(0.499) 313(0.874) 314(0.874) 315(0.874) 316(0.800) 317(0.800) 318(0.800) 319(0.800) 327(0.499) 328(0.499) 329(0.499) 330(0.499) 331(0.499) 332(0.499) 333(0.499) 334(0.800) 335(0.800) 336(0.800) 337(0.800) 338(0.800) 339(0.800) 347(0.499) 348(0.499) 349(0.499) 350(0.499) 351(0.499) 352(0.499) 353(0.499) 354(0.800) 355(0.800) 356(0.800) 357(0.800) 358(0.800) 359(0.800) 367(0.499) 368(0.499) 369(0.499) 370(0.499) 371(0.499) 372(0.499) 373(0.499) 374(0.800) 375(0.800) 376(0.800) 377(0.800) 378(0.800) 379(0.800) 387(0.499) 388(0.499) 389(0.499) 390(0.499) 391(0.499) 392(0.499) 393(0.499) 394(0.800) 395(0.800) 396(0.800) 397(0.800) 398(0.800) 399(0.800) 

[EVENT] 787.881 | event=UAVWaypointArrival | nodeId=402 | cycle=20 | pos=(340.000,180.000,20.000)

[EVENT] 788.881 | event=UAVWaypointArrival | nodeId=402 | cycle=20 | pos=(360.000,180.000,20.000)

[EVENT] 795.500 | event=SuspiciousConfidenceSnapshot | 76(0.874) 77(0.874) 78(0.874) 79(0.874) 94(0.874) 95(0.874) 96(0.874) 97(0.874) 98(0.874) 99(0.874) 114(0.874) 115(0.874) 116(0.874) 117(0.874) 118(0.874) 119(0.874) 134(0.874) 135(0.874) 136(0.874) 137(0.874) 138(0.874) 139(0.874) 154(0.874) 155(0.874) 156(0.874) 157(0.874) 158(0.874) 159(0.874) 174(0.874) 175(0.874) 176(0.874) 177(0.874) 178(0.874) 179(0.874) 193(0.874) 194(0.874) 195(0.900) 196(0.900) 197(0.900) 198(0.874) 199(0.874) 211(0.874) 212(0.874) 213(0.874) 214(0.874) 215(0.900) 216(0.900) 217(0.900) 218(0.900) 219(0.874) 231(0.874) 232(0.874) 233(0.874) 234(0.874) 235(0.900) 236(0.900) 237(0.900) 238(0.900) 239(0.900) 251(0.874) 252(0.874) 253(0.874) 254(0.874) 255(0.900) 256(0.900) 257(0.900) 258(0.900) 259(0.900) 271(0.874) 272(0.874) 273(0.874) 274(0.874) 275(0.874) 276(0.900) 277(0.900) 278(0.900) 279(0.900) 291(0.874) 292(0.874) 293(0.874) 294(0.874) 295(0.874) 296(0.874) 297(0.874) 298(0.900) 299(0.874) 309(0.499) 310(0.499) 311(0.499) 312(0.499) 313(0.874) 314(0.874) 315(0.874) 316(0.800) 317(0.800) 318(0.800) 319(0.800) 327(0.499) 328(0.499) 329(0.499) 330(0.499) 331(0.499) 332(0.499) 333(0.499) 334(0.800) 335(0.800) 336(0.800) 337(0.800) 338(0.800) 339(0.800) 347(0.499) 348(0.499) 349(0.499) 350(0.499) 351(0.499) 352(0.499) 353(0.499) 354(0.800) 355(0.800) 356(0.800) 357(0.800) 358(0.800) 359(0.800) 367(0.499) 368(0.499) 369(0.499) 370(0.499) 371(0.499) 372(0.499) 373(0.499) 374(0.800) 375(0.800) 376(0.800) 377(0.800) 378(0.800) 379(0.800) 387(0.499) 388(0.499) 389(0.499) 390(0.499) 391(0.499) 392(0.499) 393(0.499) 394(0.800) 395(0.800) 396(0.800) 397(0.800) 398(0.800) 399(0.800) 

[EVENT] 801.112 | event=UAVWaypointArrival | nodeId=401 | cycle=1 | pos=(220.000,220.000,20.000)

[EVENT] 805.500 | event=SuspiciousConfidenceSnapshot | 76(0.874) 77(0.874) 78(0.874) 79(0.874) 94(0.874) 95(0.874) 96(0.874) 97(0.874) 98(0.874) 99(0.874) 114(0.874) 115(0.874) 116(0.874) 117(0.874) 118(0.874) 119(0.874) 134(0.874) 135(0.874) 136(0.874) 137(0.874) 138(0.874) 139(0.874) 154(0.874) 155(0.874) 156(0.874) 157(0.874) 158(0.874) 159(0.874) 174(0.874) 175(0.874) 176(0.874) 177(0.874) 178(0.874) 179(0.874) 193(0.874) 194(0.874) 195(0.900) 196(0.900) 197(0.900) 198(0.874) 199(0.874) 211(0.874) 212(0.874) 213(0.874) 214(0.874) 215(0.900) 216(0.900) 217(0.900) 218(0.900) 219(0.874) 231(0.874) 232(0.874) 233(0.874) 234(0.874) 235(0.900) 236(0.900) 237(0.900) 238(0.900) 239(0.900) 251(0.874) 252(0.874) 253(0.874) 254(0.874) 255(0.900) 256(0.900) 257(0.900) 258(0.900) 259(0.900) 271(0.874) 272(0.874) 273(0.874) 274(0.874) 275(0.874) 276(0.900) 277(0.900) 278(0.900) 279(0.900) 291(0.874) 292(0.874) 293(0.874) 294(0.874) 295(0.874) 296(0.874) 297(0.874) 298(0.900) 299(0.874) 309(0.499) 310(0.499) 311(0.499) 312(0.499) 313(0.874) 314(0.874) 315(0.874) 316(0.800) 317(0.800) 318(0.800) 319(0.800) 327(0.499) 328(0.499) 329(0.499) 330(0.499) 331(0.499) 332(0.499) 333(0.499) 334(0.800) 335(0.800) 336(0.800) 337(0.800) 338(0.800) 339(0.800) 347(0.499) 348(0.499) 349(0.499) 350(0.499) 351(0.499) 352(0.499) 353(0.499) 354(0.800) 355(0.800) 356(0.800) 357(0.800) 358(0.800) 359(0.800) 367(0.499) 368(0.499) 369(0.499) 370(0.499) 371(0.499) 372(0.499) 373(0.499) 374(0.800) 375(0.800) 376(0.800) 377(0.800) 378(0.800) 379(0.800) 387(0.499) 388(0.499) 389(0.499) 390(0.499) 391(0.499) 392(0.499) 393(0.499) 394(0.800) 395(0.800) 396(0.800) 397(0.800) 398(0.800) 399(0.800) 

[EVENT] 815.500 | event=SuspiciousConfidenceSnapshot | 76(0.874) 77(0.874) 78(0.874) 79(0.874) 94(0.874) 95(0.874) 96(0.874) 97(0.874) 98(0.874) 99(0.874) 114(0.874) 115(0.874) 116(0.874) 117(0.874) 118(0.874) 119(0.874) 134(0.874) 135(0.874) 136(0.874) 137(0.874) 138(0.874) 139(0.874) 154(0.874) 155(0.874) 156(0.874) 157(0.874) 158(0.874) 159(0.874) 174(0.874) 175(0.874) 176(0.874) 177(0.874) 178(0.874) 179(0.874) 193(0.874) 194(0.874) 195(0.900) 196(0.900) 197(0.900) 198(0.874) 199(0.874) 211(0.874) 212(0.874) 213(0.874) 214(0.874) 215(0.900) 216(0.900) 217(0.900) 218(0.900) 219(0.874) 231(0.874) 232(0.874) 233(0.874) 234(0.874) 235(0.900) 236(0.900) 237(0.900) 238(0.900) 239(0.900) 251(0.874) 252(0.874) 253(0.874) 254(0.874) 255(0.900) 256(0.900) 257(0.900) 258(0.900) 259(0.900) 271(0.874) 272(0.874) 273(0.874) 274(0.874) 275(0.874) 276(0.900) 277(0.900) 278(0.900) 279(0.900) 291(0.874) 292(0.874) 293(0.874) 294(0.874) 295(0.874) 296(0.874) 297(0.874) 298(0.900) 299(0.874) 309(0.499) 310(0.499) 311(0.499) 312(0.499) 313(0.874) 314(0.874) 315(0.874) 316(0.800) 317(0.800) 318(0.800) 319(0.800) 327(0.499) 328(0.499) 329(0.499) 330(0.499) 331(0.499) 332(0.499) 333(0.499) 334(0.800) 335(0.800) 336(0.800) 337(0.800) 338(0.800) 339(0.800) 347(0.499) 348(0.499) 349(0.499) 350(0.499) 351(0.499) 352(0.499) 353(0.499) 354(0.800) 355(0.800) 356(0.800) 357(0.800) 358(0.800) 359(0.800) 367(0.499) 368(0.499) 369(0.499) 370(0.499) 371(0.499) 372(0.499) 373(0.499) 374(0.800) 375(0.800) 376(0.800) 377(0.800) 378(0.800) 379(0.800) 387(0.499) 388(0.499) 389(0.499) 390(0.499) 391(0.499) 392(0.499) 393(0.499) 394(0.800) 395(0.800) 396(0.800) 397(0.800) 398(0.800) 399(0.800) 

[EVENT] 817.626 | event=UAVWaypointArrival | nodeId=402 | cycle=21 | pos=(270.000,340.000,20.000)

[EVENT] 818.726 | event=UAVWaypointArrival | nodeId=401 | cycle=1 | pos=(240.000,220.000,20.000)

[EVENT] 820.667 | event=UAVWaypointArrival | nodeId=402 | cycle=21 | pos=(260.000,280.000,20.000)

[EVENT] 825.500 | event=SuspiciousConfidenceSnapshot | 76(0.874) 77(0.874) 78(0.874) 79(0.874) 94(0.874) 95(0.874) 96(0.874) 97(0.874) 98(0.874) 99(0.874) 114(0.874) 115(0.874) 116(0.874) 117(0.874) 118(0.874) 119(0.874) 134(0.874) 135(0.874) 136(0.874) 137(0.874) 138(0.874) 139(0.874) 154(0.874) 155(0.874) 156(0.874) 157(0.874) 158(0.874) 159(0.874) 174(0.874) 175(0.874) 176(0.874) 177(0.874) 178(0.874) 179(0.874) 193(0.874) 194(0.874) 195(0.900) 196(0.900) 197(0.900) 198(0.874) 199(0.874) 211(0.874) 212(0.874) 213(0.874) 214(0.874) 215(0.900) 216(0.900) 217(0.900) 218(0.900) 219(0.874) 231(0.874) 232(0.874) 233(0.874) 234(0.874) 235(0.900) 236(0.900) 237(0.900) 238(0.900) 239(0.900) 251(0.874) 252(0.874) 253(0.874) 254(0.874) 255(0.900) 256(0.900) 257(0.900) 258(0.900) 259(0.900) 271(0.874) 272(0.874) 273(0.874) 274(0.874) 275(0.874) 276(0.900) 277(0.900) 278(0.900) 279(0.900) 291(0.874) 292(0.874) 293(0.874) 294(0.874) 295(0.874) 296(0.874) 297(0.874) 298(0.900) 299(0.874) 309(0.499) 310(0.499) 311(0.499) 312(0.499) 313(0.874) 314(0.874) 315(0.874) 316(0.800) 317(0.800) 318(0.800) 319(0.800) 327(0.499) 328(0.499) 329(0.499) 330(0.499) 331(0.499) 332(0.499) 333(0.499) 334(0.800) 335(0.800) 336(0.800) 337(0.800) 338(0.800) 339(0.800) 347(0.499) 348(0.499) 349(0.499) 350(0.499) 351(0.499) 352(0.499) 353(0.499) 354(0.800) 355(0.800) 356(0.800) 357(0.800) 358(0.800) 359(0.800) 367(0.499) 368(0.499) 369(0.499) 370(0.499) 371(0.499) 372(0.499) 373(0.499) 374(0.800) 375(0.800) 376(0.800) 377(0.800) 378(0.800) 379(0.800) 387(0.499) 388(0.499) 389(0.499) 390(0.499) 391(0.499) 392(0.499) 393(0.499) 394(0.800) 395(0.800) 396(0.800) 397(0.800) 398(0.800) 399(0.800) 

[EVENT] 827.070 | event=UAVWaypointArrival | nodeId=402 | cycle=21 | pos=(340.000,180.000,20.000)

[EVENT] 828.070 | event=UAVWaypointArrival | nodeId=402 | cycle=21 | pos=(360.000,180.000,20.000)

[EVENT] 835.500 | event=SuspiciousConfidenceSnapshot | 76(0.874) 77(0.874) 78(0.874) 79(0.874) 94(0.874) 95(0.874) 96(0.874) 97(0.874) 98(0.874) 99(0.874) 114(0.874) 115(0.874) 116(0.874) 117(0.874) 118(0.874) 119(0.874) 134(0.874) 135(0.874) 136(0.874) 137(0.874) 138(0.874) 139(0.874) 154(0.874) 155(0.874) 156(0.874) 157(0.874) 158(0.874) 159(0.874) 174(0.874) 175(0.874) 176(0.874) 177(0.874) 178(0.874) 179(0.874) 193(0.874) 194(0.874) 195(0.900) 196(0.900) 197(0.900) 198(0.874) 199(0.874) 211(0.874) 212(0.874) 213(0.874) 214(0.874) 215(0.900) 216(0.900) 217(0.900) 218(0.900) 219(0.874) 231(0.874) 232(0.874) 233(0.874) 234(0.874) 235(0.900) 236(0.900) 237(0.900) 238(0.900) 239(0.900) 251(0.874) 252(0.874) 253(0.874) 254(0.874) 255(0.900) 256(0.900) 257(0.900) 258(0.900) 259(0.900) 271(0.874) 272(0.874) 273(0.874) 274(0.874) 275(0.874) 276(0.900) 277(0.900) 278(0.900) 279(0.900) 291(0.874) 292(0.874) 293(0.874) 294(0.874) 295(0.874) 296(0.874) 297(0.874) 298(0.900) 299(0.874) 309(0.499) 310(0.499) 311(0.499) 312(0.499) 313(0.874) 314(0.874) 315(0.874) 316(0.800) 317(0.800) 318(0.800) 319(0.800) 327(0.499) 328(0.499) 329(0.499) 330(0.499) 331(0.499) 332(0.499) 333(0.499) 334(0.800) 335(0.800) 336(0.800) 337(0.800) 338(0.800) 339(0.800) 347(0.499) 348(0.499) 349(0.499) 350(0.499) 351(0.499) 352(0.499) 353(0.499) 354(0.800) 355(0.800) 356(0.800) 357(0.800) 358(0.800) 359(0.800) 367(0.499) 368(0.499) 369(0.499) 370(0.499) 371(0.499) 372(0.499) 373(0.499) 374(0.800) 375(0.800) 376(0.800) 377(0.800) 378(0.800) 379(0.800) 387(0.499) 388(0.499) 389(0.499) 390(0.499) 391(0.499) 392(0.499) 393(0.499) 394(0.800) 395(0.800) 396(0.800) 397(0.800) 398(0.800) 399(0.800) 

[EVENT] 836.339 | event=UAVWaypointArrival | nodeId=401 | cycle=1 | pos=(260.000,220.000,20.000)

[EVENT] 845.500 | event=SuspiciousConfidenceSnapshot | 76(0.874) 77(0.874) 78(0.874) 79(0.874) 94(0.874) 95(0.874) 96(0.874) 97(0.874) 98(0.874) 99(0.874) 114(0.874) 115(0.874) 116(0.874) 117(0.874) 118(0.874) 119(0.874) 134(0.874) 135(0.874) 136(0.874) 137(0.874) 138(0.874) 139(0.874) 154(0.874) 155(0.874) 156(0.874) 157(0.874) 158(0.874) 159(0.874) 174(0.874) 175(0.874) 176(0.874) 177(0.874) 178(0.874) 179(0.874) 193(0.874) 194(0.874) 195(0.900) 196(0.900) 197(0.900) 198(0.874) 199(0.874) 211(0.874) 212(0.874) 213(0.874) 214(0.874) 215(0.900) 216(0.900) 217(0.900) 218(0.900) 219(0.874) 231(0.874) 232(0.874) 233(0.874) 234(0.874) 235(0.900) 236(0.900) 237(0.900) 238(0.900) 239(0.900) 251(0.874) 252(0.874) 253(0.874) 254(0.874) 255(0.900) 256(0.900) 257(0.900) 258(0.900) 259(0.900) 271(0.874) 272(0.874) 273(0.874) 274(0.874) 275(0.874) 276(0.900) 277(0.900) 278(0.900) 279(0.900) 291(0.874) 292(0.874) 293(0.874) 294(0.874) 295(0.874) 296(0.874) 297(0.874) 298(0.900) 299(0.874) 309(0.499) 310(0.499) 311(0.499) 312(0.499) 313(0.874) 314(0.874) 315(0.874) 316(0.800) 317(0.800) 318(0.800) 319(0.800) 327(0.499) 328(0.499) 329(0.499) 330(0.499) 331(0.499) 332(0.499) 333(0.499) 334(0.800) 335(0.800) 336(0.800) 337(0.800) 338(0.800) 339(0.800) 347(0.499) 348(0.499) 349(0.499) 350(0.499) 351(0.499) 352(0.499) 353(0.499) 354(0.800) 355(0.800) 356(0.800) 357(0.800) 358(0.800) 359(0.800) 367(0.499) 368(0.499) 369(0.499) 370(0.499) 371(0.499) 372(0.499) 373(0.499) 374(0.800) 375(0.800) 376(0.800) 377(0.800) 378(0.800) 379(0.800) 387(0.499) 388(0.499) 389(0.499) 390(0.499) 391(0.499) 392(0.499) 393(0.499) 394(0.800) 395(0.800) 396(0.800) 397(0.800) 398(0.800) 399(0.800) 

[EVENT] 853.952 | event=UAVWaypointArrival | nodeId=401 | cycle=1 | pos=(280.000,220.000,20.000)

[EVENT] 855.500 | event=SuspiciousConfidenceSnapshot | 76(0.874) 77(0.874) 78(0.874) 79(0.874) 94(0.874) 95(0.874) 96(0.874) 97(0.874) 98(0.874) 99(0.874) 114(0.874) 115(0.874) 116(0.874) 117(0.874) 118(0.874) 119(0.874) 134(0.874) 135(0.874) 136(0.874) 137(0.874) 138(0.874) 139(0.874) 154(0.874) 155(0.874) 156(0.874) 157(0.874) 158(0.874) 159(0.874) 174(0.874) 175(0.874) 176(0.874) 177(0.874) 178(0.874) 179(0.874) 193(0.874) 194(0.874) 195(0.900) 196(0.900) 197(0.900) 198(0.874) 199(0.874) 211(0.874) 212(0.874) 213(0.874) 214(0.874) 215(0.900) 216(0.900) 217(0.900) 218(0.900) 219(0.874) 231(0.874) 232(0.874) 233(0.874) 234(0.874) 235(0.900) 236(0.900) 237(0.900) 238(0.900) 239(0.900) 251(0.874) 252(0.874) 253(0.874) 254(0.874) 255(0.900) 256(0.900) 257(0.900) 258(0.900) 259(0.900) 271(0.874) 272(0.874) 273(0.874) 274(0.874) 275(0.874) 276(0.900) 277(0.900) 278(0.900) 279(0.900) 291(0.874) 292(0.874) 293(0.874) 294(0.874) 295(0.874) 296(0.874) 297(0.874) 298(0.900) 299(0.874) 309(0.499) 310(0.499) 311(0.499) 312(0.499) 313(0.874) 314(0.874) 315(0.874) 316(0.800) 317(0.800) 318(0.800) 319(0.800) 327(0.499) 328(0.499) 329(0.499) 330(0.499) 331(0.499) 332(0.499) 333(0.499) 334(0.800) 335(0.800) 336(0.800) 337(0.800) 338(0.800) 339(0.800) 347(0.499) 348(0.499) 349(0.499) 350(0.499) 351(0.499) 352(0.499) 353(0.499) 354(0.800) 355(0.800) 356(0.800) 357(0.800) 358(0.800) 359(0.800) 367(0.499) 368(0.499) 369(0.499) 370(0.499) 371(0.499) 372(0.499) 373(0.499) 374(0.800) 375(0.800) 376(0.800) 377(0.800) 378(0.800) 379(0.800) 387(0.499) 388(0.499) 389(0.499) 390(0.499) 391(0.499) 392(0.499) 393(0.499) 394(0.800) 395(0.800) 396(0.800) 397(0.800) 398(0.800) 399(0.800) 

[EVENT] 856.815 | event=UAVWaypointArrival | nodeId=402 | cycle=22 | pos=(270.000,340.000,20.000)

[EVENT] 859.856 | event=UAVWaypointArrival | nodeId=402 | cycle=22 | pos=(260.000,280.000,20.000)

[EVENT] 865.500 | event=SuspiciousConfidenceSnapshot | 76(0.874) 77(0.874) 78(0.874) 79(0.874) 94(0.874) 95(0.874) 96(0.874) 97(0.874) 98(0.874) 99(0.874) 114(0.874) 115(0.874) 116(0.874) 117(0.874) 118(0.874) 119(0.874) 134(0.874) 135(0.874) 136(0.874) 137(0.874) 138(0.874) 139(0.874) 154(0.874) 155(0.874) 156(0.874) 157(0.874) 158(0.874) 159(0.874) 174(0.874) 175(0.874) 176(0.874) 177(0.874) 178(0.874) 179(0.874) 193(0.874) 194(0.874) 195(0.900) 196(0.900) 197(0.900) 198(0.874) 199(0.874) 211(0.874) 212(0.874) 213(0.874) 214(0.874) 215(0.900) 216(0.900) 217(0.900) 218(0.900) 219(0.874) 231(0.874) 232(0.874) 233(0.874) 234(0.874) 235(0.900) 236(0.900) 237(0.900) 238(0.900) 239(0.900) 251(0.874) 252(0.874) 253(0.874) 254(0.874) 255(0.900) 256(0.900) 257(0.900) 258(0.900) 259(0.900) 271(0.874) 272(0.874) 273(0.874) 274(0.874) 275(0.874) 276(0.900) 277(0.900) 278(0.900) 279(0.900) 291(0.874) 292(0.874) 293(0.874) 294(0.874) 295(0.874) 296(0.874) 297(0.874) 298(0.900) 299(0.874) 309(0.499) 310(0.499) 311(0.499) 312(0.499) 313(0.874) 314(0.874) 315(0.874) 316(0.800) 317(0.800) 318(0.800) 319(0.800) 327(0.499) 328(0.499) 329(0.499) 330(0.499) 331(0.499) 332(0.499) 333(0.499) 334(0.800) 335(0.800) 336(0.800) 337(0.800) 338(0.800) 339(0.800) 347(0.499) 348(0.499) 349(0.499) 350(0.499) 351(0.499) 352(0.499) 353(0.499) 354(0.800) 355(0.800) 356(0.800) 357(0.800) 358(0.800) 359(0.800) 367(0.499) 368(0.499) 369(0.499) 370(0.499) 371(0.499) 372(0.499) 373(0.499) 374(0.800) 375(0.800) 376(0.800) 377(0.800) 378(0.800) 379(0.800) 387(0.499) 388(0.499) 389(0.499) 390(0.499) 391(0.499) 392(0.499) 393(0.499) 394(0.800) 395(0.800) 396(0.800) 397(0.800) 398(0.800) 399(0.800) 

[EVENT] 866.260 | event=UAVWaypointArrival | nodeId=402 | cycle=22 | pos=(340.000,180.000,20.000)

[EVENT] 867.260 | event=UAVWaypointArrival | nodeId=402 | cycle=22 | pos=(360.000,180.000,20.000)

[EVENT] 871.566 | event=UAVWaypointArrival | nodeId=401 | cycle=1 | pos=(280.000,200.000,20.000)

[EVENT] 875.500 | event=SuspiciousConfidenceSnapshot | 76(0.874) 77(0.874) 78(0.874) 79(0.874) 94(0.874) 95(0.874) 96(0.874) 97(0.874) 98(0.874) 99(0.874) 114(0.874) 115(0.874) 116(0.874) 117(0.874) 118(0.874) 119(0.874) 134(0.874) 135(0.874) 136(0.874) 137(0.874) 138(0.874) 139(0.874) 154(0.874) 155(0.874) 156(0.874) 157(0.874) 158(0.874) 159(0.874) 174(0.874) 175(0.874) 176(0.874) 177(0.874) 178(0.874) 179(0.874) 193(0.874) 194(0.874) 195(0.900) 196(0.900) 197(0.900) 198(0.874) 199(0.874) 211(0.874) 212(0.874) 213(0.874) 214(0.874) 215(0.900) 216(0.900) 217(0.900) 218(0.900) 219(0.874) 231(0.874) 232(0.874) 233(0.874) 234(0.874) 235(0.900) 236(0.900) 237(0.900) 238(0.900) 239(0.900) 251(0.874) 252(0.874) 253(0.874) 254(0.874) 255(0.900) 256(0.900) 257(0.900) 258(0.900) 259(0.900) 271(0.874) 272(0.874) 273(0.874) 274(0.874) 275(0.874) 276(0.900) 277(0.900) 278(0.900) 279(0.900) 291(0.874) 292(0.874) 293(0.874) 294(0.874) 295(0.874) 296(0.874) 297(0.874) 298(0.900) 299(0.874) 309(0.499) 310(0.499) 311(0.499) 312(0.499) 313(0.874) 314(0.874) 315(0.874) 316(0.800) 317(0.800) 318(0.800) 319(0.800) 327(0.499) 328(0.499) 329(0.499) 330(0.499) 331(0.499) 332(0.499) 333(0.499) 334(0.800) 335(0.800) 336(0.800) 337(0.800) 338(0.800) 339(0.800) 347(0.499) 348(0.499) 349(0.499) 350(0.499) 351(0.499) 352(0.499) 353(0.499) 354(0.800) 355(0.800) 356(0.800) 357(0.800) 358(0.800) 359(0.800) 367(0.499) 368(0.499) 369(0.499) 370(0.499) 371(0.499) 372(0.499) 373(0.499) 374(0.800) 375(0.800) 376(0.800) 377(0.800) 378(0.800) 379(0.800) 387(0.499) 388(0.499) 389(0.499) 390(0.499) 391(0.499) 392(0.499) 393(0.499) 394(0.800) 395(0.800) 396(0.800) 397(0.800) 398(0.800) 399(0.800) 

[EVENT] 885.500 | event=SuspiciousConfidenceSnapshot | 76(0.874) 77(0.874) 78(0.874) 79(0.874) 94(0.874) 95(0.874) 96(0.874) 97(0.874) 98(0.874) 99(0.874) 114(0.874) 115(0.874) 116(0.874) 117(0.874) 118(0.874) 119(0.874) 134(0.874) 135(0.874) 136(0.874) 137(0.874) 138(0.874) 139(0.874) 154(0.874) 155(0.874) 156(0.874) 157(0.874) 158(0.874) 159(0.874) 174(0.874) 175(0.874) 176(0.874) 177(0.874) 178(0.874) 179(0.874) 193(0.874) 194(0.874) 195(0.900) 196(0.900) 197(0.900) 198(0.874) 199(0.874) 211(0.874) 212(0.874) 213(0.874) 214(0.874) 215(0.900) 216(0.900) 217(0.900) 218(0.900) 219(0.874) 231(0.874) 232(0.874) 233(0.874) 234(0.874) 235(0.900) 236(0.900) 237(0.900) 238(0.900) 239(0.900) 251(0.874) 252(0.874) 253(0.874) 254(0.874) 255(0.900) 256(0.900) 257(0.900) 258(0.900) 259(0.900) 271(0.874) 272(0.874) 273(0.874) 274(0.874) 275(0.874) 276(0.900) 277(0.900) 278(0.900) 279(0.900) 291(0.874) 292(0.874) 293(0.874) 294(0.874) 295(0.874) 296(0.874) 297(0.874) 298(0.900) 299(0.874) 309(0.499) 310(0.499) 311(0.499) 312(0.499) 313(0.874) 314(0.874) 315(0.874) 316(0.800) 317(0.800) 318(0.800) 319(0.800) 327(0.499) 328(0.499) 329(0.499) 330(0.499) 331(0.499) 332(0.499) 333(0.499) 334(0.800) 335(0.800) 336(0.800) 337(0.800) 338(0.800) 339(0.800) 347(0.499) 348(0.499) 349(0.499) 350(0.499) 351(0.499) 352(0.499) 353(0.499) 354(0.800) 355(0.800) 356(0.800) 357(0.800) 358(0.800) 359(0.800) 367(0.499) 368(0.499) 369(0.499) 370(0.499) 371(0.499) 372(0.499) 373(0.499) 374(0.800) 375(0.800) 376(0.800) 377(0.800) 378(0.800) 379(0.800) 387(0.499) 388(0.499) 389(0.499) 390(0.499) 391(0.499) 392(0.499) 393(0.499) 394(0.800) 395(0.800) 396(0.800) 397(0.800) 398(0.800) 399(0.800) 

[EVENT] 889.179 | event=UAVWaypointArrival | nodeId=401 | cycle=1 | pos=(300.000,200.000,20.000)

[EVENT] 895.500 | event=SuspiciousConfidenceSnapshot | 76(0.874) 77(0.874) 78(0.874) 79(0.874) 94(0.874) 95(0.874) 96(0.874) 97(0.874) 98(0.874) 99(0.874) 114(0.874) 115(0.874) 116(0.874) 117(0.874) 118(0.874) 119(0.874) 134(0.874) 135(0.874) 136(0.874) 137(0.874) 138(0.874) 139(0.874) 154(0.874) 155(0.874) 156(0.874) 157(0.874) 158(0.874) 159(0.874) 174(0.874) 175(0.874) 176(0.874) 177(0.874) 178(0.874) 179(0.874) 193(0.874) 194(0.874) 195(0.900) 196(0.900) 197(0.900) 198(0.874) 199(0.874) 211(0.874) 212(0.874) 213(0.874) 214(0.874) 215(0.900) 216(0.900) 217(0.900) 218(0.900) 219(0.874) 231(0.874) 232(0.874) 233(0.874) 234(0.874) 235(0.900) 236(0.900) 237(0.900) 238(0.900) 239(0.900) 251(0.874) 252(0.874) 253(0.874) 254(0.874) 255(0.900) 256(0.900) 257(0.900) 258(0.900) 259(0.900) 271(0.874) 272(0.874) 273(0.874) 274(0.874) 275(0.874) 276(0.900) 277(0.900) 278(0.900) 279(0.900) 291(0.874) 292(0.874) 293(0.874) 294(0.874) 295(0.874) 296(0.874) 297(0.874) 298(0.900) 299(0.874) 309(0.499) 310(0.499) 311(0.499) 312(0.499) 313(0.874) 314(0.874) 315(0.874) 316(0.800) 317(0.800) 318(0.800) 319(0.800) 327(0.499) 328(0.499) 329(0.499) 330(0.499) 331(0.499) 332(0.499) 333(0.499) 334(0.800) 335(0.800) 336(0.800) 337(0.800) 338(0.800) 339(0.800) 347(0.499) 348(0.499) 349(0.499) 350(0.499) 351(0.499) 352(0.499) 353(0.499) 354(0.800) 355(0.800) 356(0.800) 357(0.800) 358(0.800) 359(0.800) 367(0.499) 368(0.499) 369(0.499) 370(0.499) 371(0.499) 372(0.499) 373(0.499) 374(0.800) 375(0.800) 376(0.800) 377(0.800) 378(0.800) 379(0.800) 387(0.499) 388(0.499) 389(0.499) 390(0.499) 391(0.499) 392(0.499) 393(0.499) 394(0.800) 395(0.800) 396(0.800) 397(0.800) 398(0.800) 399(0.800) 

[EVENT] 896.004 | event=UAVWaypointArrival | nodeId=402 | cycle=23 | pos=(270.000,340.000,20.000)

[EVENT] 899.045 | event=UAVWaypointArrival | nodeId=402 | cycle=23 | pos=(260.000,280.000,20.000)

[EVENT] 905.449 | event=UAVWaypointArrival | nodeId=402 | cycle=23 | pos=(340.000,180.000,20.000)

[EVENT] 905.500 | event=SuspiciousConfidenceSnapshot | 76(0.874) 77(0.874) 78(0.874) 79(0.874) 94(0.874) 95(0.874) 96(0.874) 97(0.874) 98(0.874) 99(0.874) 114(0.874) 115(0.874) 116(0.874) 117(0.874) 118(0.874) 119(0.874) 134(0.874) 135(0.874) 136(0.874) 137(0.874) 138(0.874) 139(0.874) 154(0.874) 155(0.874) 156(0.874) 157(0.874) 158(0.874) 159(0.874) 174(0.874) 175(0.874) 176(0.874) 177(0.874) 178(0.874) 179(0.874) 193(0.874) 194(0.874) 195(0.900) 196(0.900) 197(0.900) 198(0.874) 199(0.874) 211(0.874) 212(0.874) 213(0.874) 214(0.874) 215(0.900) 216(0.900) 217(0.900) 218(0.900) 219(0.874) 231(0.874) 232(0.874) 233(0.874) 234(0.874) 235(0.900) 236(0.900) 237(0.900) 238(0.900) 239(0.900) 251(0.874) 252(0.874) 253(0.874) 254(0.874) 255(0.900) 256(0.900) 257(0.900) 258(0.900) 259(0.900) 271(0.874) 272(0.874) 273(0.874) 274(0.874) 275(0.874) 276(0.900) 277(0.900) 278(0.900) 279(0.900) 291(0.874) 292(0.874) 293(0.874) 294(0.874) 295(0.874) 296(0.874) 297(0.874) 298(0.900) 299(0.874) 309(0.499) 310(0.499) 311(0.499) 312(0.499) 313(0.874) 314(0.874) 315(0.874) 316(0.800) 317(0.800) 318(0.800) 319(0.800) 327(0.499) 328(0.499) 329(0.499) 330(0.499) 331(0.499) 332(0.499) 333(0.499) 334(0.800) 335(0.800) 336(0.800) 337(0.800) 338(0.800) 339(0.800) 347(0.499) 348(0.499) 349(0.499) 350(0.499) 351(0.499) 352(0.499) 353(0.499) 354(0.800) 355(0.800) 356(0.800) 357(0.800) 358(0.800) 359(0.800) 367(0.499) 368(0.499) 369(0.499) 370(0.499) 371(0.499) 372(0.499) 373(0.499) 374(0.800) 375(0.800) 376(0.800) 377(0.800) 378(0.800) 379(0.800) 387(0.499) 388(0.499) 389(0.499) 390(0.499) 391(0.499) 392(0.499) 393(0.499) 394(0.800) 395(0.800) 396(0.800) 397(0.800) 398(0.800) 399(0.800) 

[EVENT] 906.449 | event=UAVWaypointArrival | nodeId=402 | cycle=23 | pos=(360.000,180.000,20.000)

[EVENT] 906.793 | event=UAVWaypointArrival | nodeId=401 | cycle=1 | pos=(320.000,200.000,20.000)

[EVENT] 915.500 | event=SuspiciousConfidenceSnapshot | 76(0.874) 77(0.874) 78(0.874) 79(0.874) 94(0.874) 95(0.874) 96(0.874) 97(0.874) 98(0.874) 99(0.874) 114(0.874) 115(0.874) 116(0.874) 117(0.874) 118(0.874) 119(0.874) 134(0.874) 135(0.874) 136(0.874) 137(0.874) 138(0.874) 139(0.874) 154(0.874) 155(0.874) 156(0.874) 157(0.874) 158(0.874) 159(0.874) 174(0.874) 175(0.874) 176(0.874) 177(0.874) 178(0.874) 179(0.874) 193(0.874) 194(0.874) 195(0.900) 196(0.900) 197(0.900) 198(0.874) 199(0.874) 211(0.874) 212(0.874) 213(0.874) 214(0.874) 215(0.900) 216(0.900) 217(0.900) 218(0.900) 219(0.874) 231(0.874) 232(0.874) 233(0.874) 234(0.874) 235(0.900) 236(0.900) 237(0.900) 238(0.900) 239(0.900) 251(0.874) 252(0.874) 253(0.874) 254(0.874) 255(0.900) 256(0.900) 257(0.900) 258(0.900) 259(0.900) 271(0.874) 272(0.874) 273(0.874) 274(0.874) 275(0.874) 276(0.900) 277(0.900) 278(0.900) 279(0.900) 291(0.874) 292(0.874) 293(0.874) 294(0.874) 295(0.874) 296(0.874) 297(0.874) 298(0.900) 299(0.874) 309(0.499) 310(0.499) 311(0.499) 312(0.499) 313(0.874) 314(0.874) 315(0.874) 316(0.800) 317(0.800) 318(0.800) 319(0.800) 327(0.499) 328(0.499) 329(0.499) 330(0.499) 331(0.499) 332(0.499) 333(0.499) 334(0.800) 335(0.800) 336(0.800) 337(0.800) 338(0.800) 339(0.800) 347(0.499) 348(0.499) 349(0.499) 350(0.499) 351(0.499) 352(0.499) 353(0.499) 354(0.800) 355(0.800) 356(0.800) 357(0.800) 358(0.800) 359(0.800) 367(0.499) 368(0.499) 369(0.499) 370(0.499) 371(0.499) 372(0.499) 373(0.499) 374(0.800) 375(0.800) 376(0.800) 377(0.800) 378(0.800) 379(0.800) 387(0.499) 388(0.499) 389(0.499) 390(0.499) 391(0.499) 392(0.499) 393(0.499) 394(0.800) 395(0.800) 396(0.800) 397(0.800) 398(0.800) 399(0.800) 

[EVENT] 924.406 | event=UAVWaypointArrival | nodeId=401 | cycle=1 | pos=(340.000,200.000,20.000)

[EVENT] 925.500 | event=SuspiciousConfidenceSnapshot | 76(0.874) 77(0.874) 78(0.874) 79(0.874) 94(0.874) 95(0.874) 96(0.874) 97(0.874) 98(0.874) 99(0.874) 114(0.874) 115(0.874) 116(0.874) 117(0.874) 118(0.874) 119(0.874) 134(0.874) 135(0.874) 136(0.874) 137(0.874) 138(0.874) 139(0.874) 154(0.874) 155(0.874) 156(0.874) 157(0.874) 158(0.874) 159(0.874) 174(0.874) 175(0.874) 176(0.874) 177(0.874) 178(0.874) 179(0.874) 193(0.874) 194(0.874) 195(0.900) 196(0.900) 197(0.900) 198(0.874) 199(0.874) 211(0.874) 212(0.874) 213(0.874) 214(0.874) 215(0.900) 216(0.900) 217(0.900) 218(0.900) 219(0.874) 231(0.874) 232(0.874) 233(0.874) 234(0.874) 235(0.900) 236(0.900) 237(0.900) 238(0.900) 239(0.900) 251(0.874) 252(0.874) 253(0.874) 254(0.874) 255(0.900) 256(0.900) 257(0.900) 258(0.900) 259(0.900) 271(0.874) 272(0.874) 273(0.874) 274(0.874) 275(0.874) 276(0.900) 277(0.900) 278(0.900) 279(0.900) 291(0.874) 292(0.874) 293(0.874) 294(0.874) 295(0.874) 296(0.874) 297(0.874) 298(0.900) 299(0.874) 309(0.499) 310(0.499) 311(0.499) 312(0.499) 313(0.874) 314(0.874) 315(0.874) 316(0.800) 317(0.800) 318(0.800) 319(0.800) 327(0.499) 328(0.499) 329(0.499) 330(0.499) 331(0.499) 332(0.499) 333(0.499) 334(0.800) 335(0.800) 336(0.800) 337(0.800) 338(0.800) 339(0.800) 347(0.499) 348(0.499) 349(0.499) 350(0.499) 351(0.499) 352(0.499) 353(0.499) 354(0.800) 355(0.800) 356(0.800) 357(0.800) 358(0.800) 359(0.800) 367(0.499) 368(0.499) 369(0.499) 370(0.499) 371(0.499) 372(0.499) 373(0.499) 374(0.800) 375(0.800) 376(0.800) 377(0.800) 378(0.800) 379(0.800) 387(0.499) 388(0.499) 389(0.499) 390(0.499) 391(0.499) 392(0.499) 393(0.499) 394(0.800) 395(0.800) 396(0.800) 397(0.800) 398(0.800) 399(0.800) 

[EVENT] 935.193 | event=UAVWaypointArrival | nodeId=402 | cycle=24 | pos=(270.000,340.000,20.000)

[EVENT] 935.500 | event=SuspiciousConfidenceSnapshot | 76(0.874) 77(0.874) 78(0.874) 79(0.874) 94(0.874) 95(0.874) 96(0.874) 97(0.874) 98(0.874) 99(0.874) 114(0.874) 115(0.874) 116(0.874) 117(0.874) 118(0.874) 119(0.874) 134(0.874) 135(0.874) 136(0.874) 137(0.874) 138(0.874) 139(0.874) 154(0.874) 155(0.874) 156(0.874) 157(0.874) 158(0.874) 159(0.874) 174(0.874) 175(0.874) 176(0.874) 177(0.874) 178(0.874) 179(0.874) 193(0.874) 194(0.874) 195(0.900) 196(0.900) 197(0.900) 198(0.874) 199(0.874) 211(0.874) 212(0.874) 213(0.874) 214(0.874) 215(0.900) 216(0.900) 217(0.900) 218(0.900) 219(0.874) 231(0.874) 232(0.874) 233(0.874) 234(0.874) 235(0.900) 236(0.900) 237(0.900) 238(0.900) 239(0.900) 251(0.874) 252(0.874) 253(0.874) 254(0.874) 255(0.900) 256(0.900) 257(0.900) 258(0.900) 259(0.900) 271(0.874) 272(0.874) 273(0.874) 274(0.874) 275(0.874) 276(0.900) 277(0.900) 278(0.900) 279(0.900) 291(0.874) 292(0.874) 293(0.874) 294(0.874) 295(0.874) 296(0.874) 297(0.874) 298(0.900) 299(0.874) 309(0.499) 310(0.499) 311(0.499) 312(0.499) 313(0.874) 314(0.874) 315(0.874) 316(0.800) 317(0.800) 318(0.800) 319(0.800) 327(0.499) 328(0.499) 329(0.499) 330(0.499) 331(0.499) 332(0.499) 333(0.499) 334(0.800) 335(0.800) 336(0.800) 337(0.800) 338(0.800) 339(0.800) 347(0.499) 348(0.499) 349(0.499) 350(0.499) 351(0.499) 352(0.499) 353(0.499) 354(0.800) 355(0.800) 356(0.800) 357(0.800) 358(0.800) 359(0.800) 367(0.499) 368(0.499) 369(0.499) 370(0.499) 371(0.499) 372(0.499) 373(0.499) 374(0.800) 375(0.800) 376(0.800) 377(0.800) 378(0.800) 379(0.800) 387(0.499) 388(0.499) 389(0.499) 390(0.499) 391(0.499) 392(0.499) 393(0.499) 394(0.800) 395(0.800) 396(0.800) 397(0.800) 398(0.800) 399(0.800) 

[EVENT] 938.235 | event=UAVWaypointArrival | nodeId=402 | cycle=24 | pos=(260.000,280.000,20.000)

[EVENT] 942.019 | event=UAVWaypointArrival | nodeId=401 | cycle=1 | pos=(360.000,200.000,20.000)

[EVENT] 944.638 | event=UAVWaypointArrival | nodeId=402 | cycle=24 | pos=(340.000,180.000,20.000)

[EVENT] 945.500 | event=SuspiciousConfidenceSnapshot | 76(0.874) 77(0.874) 78(0.874) 79(0.874) 94(0.874) 95(0.874) 96(0.874) 97(0.874) 98(0.874) 99(0.874) 114(0.874) 115(0.874) 116(0.874) 117(0.874) 118(0.874) 119(0.874) 134(0.874) 135(0.874) 136(0.874) 137(0.874) 138(0.874) 139(0.874) 154(0.874) 155(0.874) 156(0.874) 157(0.874) 158(0.874) 159(0.874) 174(0.874) 175(0.874) 176(0.874) 177(0.874) 178(0.874) 179(0.874) 193(0.874) 194(0.874) 195(0.900) 196(0.900) 197(0.900) 198(0.874) 199(0.874) 211(0.874) 212(0.874) 213(0.874) 214(0.874) 215(0.900) 216(0.900) 217(0.900) 218(0.900) 219(0.874) 231(0.874) 232(0.874) 233(0.874) 234(0.874) 235(0.900) 236(0.900) 237(0.900) 238(0.900) 239(0.900) 251(0.874) 252(0.874) 253(0.874) 254(0.874) 255(0.900) 256(0.900) 257(0.900) 258(0.900) 259(0.900) 271(0.874) 272(0.874) 273(0.874) 274(0.874) 275(0.874) 276(0.900) 277(0.900) 278(0.900) 279(0.900) 291(0.874) 292(0.874) 293(0.874) 294(0.874) 295(0.874) 296(0.874) 297(0.874) 298(0.900) 299(0.874) 309(0.499) 310(0.499) 311(0.499) 312(0.499) 313(0.874) 314(0.874) 315(0.874) 316(0.800) 317(0.800) 318(0.800) 319(0.800) 327(0.499) 328(0.499) 329(0.499) 330(0.499) 331(0.499) 332(0.499) 333(0.499) 334(0.800) 335(0.800) 336(0.800) 337(0.800) 338(0.800) 339(0.800) 347(0.499) 348(0.499) 349(0.499) 350(0.499) 351(0.499) 352(0.499) 353(0.499) 354(0.800) 355(0.800) 356(0.800) 357(0.800) 358(0.800) 359(0.800) 367(0.499) 368(0.499) 369(0.499) 370(0.499) 371(0.499) 372(0.499) 373(0.499) 374(0.800) 375(0.800) 376(0.800) 377(0.800) 378(0.800) 379(0.800) 387(0.499) 388(0.499) 389(0.499) 390(0.499) 391(0.499) 392(0.499) 393(0.499) 394(0.800) 395(0.800) 396(0.800) 397(0.800) 398(0.800) 399(0.800) 

[EVENT] 945.638 | event=UAVWaypointArrival | nodeId=402 | cycle=24 | pos=(360.000,180.000,20.000)

[EVENT] 955.500 | event=SuspiciousConfidenceSnapshot | 76(0.874) 77(0.874) 78(0.874) 79(0.874) 94(0.874) 95(0.874) 96(0.874) 97(0.874) 98(0.874) 99(0.874) 114(0.874) 115(0.874) 116(0.874) 117(0.874) 118(0.874) 119(0.874) 134(0.874) 135(0.874) 136(0.874) 137(0.874) 138(0.874) 139(0.874) 154(0.874) 155(0.874) 156(0.874) 157(0.874) 158(0.874) 159(0.874) 174(0.874) 175(0.874) 176(0.874) 177(0.874) 178(0.874) 179(0.874) 193(0.874) 194(0.874) 195(0.900) 196(0.900) 197(0.900) 198(0.874) 199(0.874) 211(0.874) 212(0.874) 213(0.874) 214(0.874) 215(0.900) 216(0.900) 217(0.900) 218(0.900) 219(0.874) 231(0.874) 232(0.874) 233(0.874) 234(0.874) 235(0.900) 236(0.900) 237(0.900) 238(0.900) 239(0.900) 251(0.874) 252(0.874) 253(0.874) 254(0.874) 255(0.900) 256(0.900) 257(0.900) 258(0.900) 259(0.900) 271(0.874) 272(0.874) 273(0.874) 274(0.874) 275(0.874) 276(0.900) 277(0.900) 278(0.900) 279(0.900) 291(0.874) 292(0.874) 293(0.874) 294(0.874) 295(0.874) 296(0.874) 297(0.874) 298(0.900) 299(0.874) 309(0.499) 310(0.499) 311(0.499) 312(0.499) 313(0.874) 314(0.874) 315(0.874) 316(0.800) 317(0.800) 318(0.800) 319(0.800) 327(0.499) 328(0.499) 329(0.499) 330(0.499) 331(0.499) 332(0.499) 333(0.499) 334(0.800) 335(0.800) 336(0.800) 337(0.800) 338(0.800) 339(0.800) 347(0.499) 348(0.499) 349(0.499) 350(0.499) 351(0.499) 352(0.499) 353(0.499) 354(0.800) 355(0.800) 356(0.800) 357(0.800) 358(0.800) 359(0.800) 367(0.499) 368(0.499) 369(0.499) 370(0.499) 371(0.499) 372(0.499) 373(0.499) 374(0.800) 375(0.800) 376(0.800) 377(0.800) 378(0.800) 379(0.800) 387(0.499) 388(0.499) 389(0.499) 390(0.499) 391(0.499) 392(0.499) 393(0.499) 394(0.800) 395(0.800) 396(0.800) 397(0.800) 398(0.800) 399(0.800) 

[EVENT] 959.633 | event=UAVWaypointArrival | nodeId=401 | cycle=1 | pos=(380.000,200.000,20.000)

[EVENT] 965.500 | event=SuspiciousConfidenceSnapshot | 76(0.874) 77(0.874) 78(0.874) 79(0.874) 94(0.874) 95(0.874) 96(0.874) 97(0.874) 98(0.874) 99(0.874) 114(0.874) 115(0.874) 116(0.874) 117(0.874) 118(0.874) 119(0.874) 134(0.874) 135(0.874) 136(0.874) 137(0.874) 138(0.874) 139(0.874) 154(0.874) 155(0.874) 156(0.874) 157(0.874) 158(0.874) 159(0.874) 174(0.874) 175(0.874) 176(0.874) 177(0.874) 178(0.874) 179(0.874) 193(0.874) 194(0.874) 195(0.900) 196(0.900) 197(0.900) 198(0.874) 199(0.874) 211(0.874) 212(0.874) 213(0.874) 214(0.874) 215(0.900) 216(0.900) 217(0.900) 218(0.900) 219(0.874) 231(0.874) 232(0.874) 233(0.874) 234(0.874) 235(0.900) 236(0.900) 237(0.900) 238(0.900) 239(0.900) 251(0.874) 252(0.874) 253(0.874) 254(0.874) 255(0.900) 256(0.900) 257(0.900) 258(0.900) 259(0.900) 271(0.874) 272(0.874) 273(0.874) 274(0.874) 275(0.874) 276(0.900) 277(0.900) 278(0.900) 279(0.900) 291(0.874) 292(0.874) 293(0.874) 294(0.874) 295(0.874) 296(0.874) 297(0.874) 298(0.900) 299(0.874) 309(0.499) 310(0.499) 311(0.499) 312(0.499) 313(0.874) 314(0.874) 315(0.874) 316(0.800) 317(0.800) 318(0.800) 319(0.800) 327(0.499) 328(0.499) 329(0.499) 330(0.499) 331(0.499) 332(0.499) 333(0.499) 334(0.800) 335(0.800) 336(0.800) 337(0.800) 338(0.800) 339(0.800) 347(0.499) 348(0.499) 349(0.499) 350(0.499) 351(0.499) 352(0.499) 353(0.499) 354(0.800) 355(0.800) 356(0.800) 357(0.800) 358(0.800) 359(0.800) 367(0.499) 368(0.499) 369(0.499) 370(0.499) 371(0.499) 372(0.499) 373(0.499) 374(0.800) 375(0.800) 376(0.800) 377(0.800) 378(0.800) 379(0.800) 387(0.499) 388(0.499) 389(0.499) 390(0.499) 391(0.499) 392(0.499) 393(0.499) 394(0.800) 395(0.800) 396(0.800) 397(0.800) 398(0.800) 399(0.800) 

[EVENT] 974.382 | event=UAVWaypointArrival | nodeId=402 | cycle=25 | pos=(270.000,340.000,20.000)

[EVENT] 975.500 | event=SuspiciousConfidenceSnapshot | 76(0.874) 77(0.874) 78(0.874) 79(0.874) 94(0.874) 95(0.874) 96(0.874) 97(0.874) 98(0.874) 99(0.874) 114(0.874) 115(0.874) 116(0.874) 117(0.874) 118(0.874) 119(0.874) 134(0.874) 135(0.874) 136(0.874) 137(0.874) 138(0.874) 139(0.874) 154(0.874) 155(0.874) 156(0.874) 157(0.874) 158(0.874) 159(0.874) 174(0.874) 175(0.874) 176(0.874) 177(0.874) 178(0.874) 179(0.874) 193(0.874) 194(0.874) 195(0.900) 196(0.900) 197(0.900) 198(0.874) 199(0.874) 211(0.874) 212(0.874) 213(0.874) 214(0.874) 215(0.900) 216(0.900) 217(0.900) 218(0.900) 219(0.874) 231(0.874) 232(0.874) 233(0.874) 234(0.874) 235(0.900) 236(0.900) 237(0.900) 238(0.900) 239(0.900) 251(0.874) 252(0.874) 253(0.874) 254(0.874) 255(0.900) 256(0.900) 257(0.900) 258(0.900) 259(0.900) 271(0.874) 272(0.874) 273(0.874) 274(0.874) 275(0.874) 276(0.900) 277(0.900) 278(0.900) 279(0.900) 291(0.874) 292(0.874) 293(0.874) 294(0.874) 295(0.874) 296(0.874) 297(0.874) 298(0.900) 299(0.874) 309(0.499) 310(0.499) 311(0.499) 312(0.499) 313(0.874) 314(0.874) 315(0.874) 316(0.800) 317(0.800) 318(0.800) 319(0.800) 327(0.499) 328(0.499) 329(0.499) 330(0.499) 331(0.499) 332(0.499) 333(0.499) 334(0.800) 335(0.800) 336(0.800) 337(0.800) 338(0.800) 339(0.800) 347(0.499) 348(0.499) 349(0.499) 350(0.499) 351(0.499) 352(0.499) 353(0.499) 354(0.800) 355(0.800) 356(0.800) 357(0.800) 358(0.800) 359(0.800) 367(0.499) 368(0.499) 369(0.499) 370(0.499) 371(0.499) 372(0.499) 373(0.499) 374(0.800) 375(0.800) 376(0.800) 377(0.800) 378(0.800) 379(0.800) 387(0.499) 388(0.499) 389(0.499) 390(0.499) 391(0.499) 392(0.499) 393(0.499) 394(0.800) 395(0.800) 396(0.800) 397(0.800) 398(0.800) 399(0.800) 

[EVENT] 977.246 | event=UAVWaypointArrival | nodeId=401 | cycle=1 | pos=(380.000,220.000,20.000)

[EVENT] 977.424 | event=UAVWaypointArrival | nodeId=402 | cycle=25 | pos=(260.000,280.000,20.000)

[EVENT] 983.827 | event=UAVWaypointArrival | nodeId=402 | cycle=25 | pos=(340.000,180.000,20.000)

[EVENT] 984.827 | event=UAVWaypointArrival | nodeId=402 | cycle=25 | pos=(360.000,180.000,20.000)

[EVENT] 985.500 | event=SuspiciousConfidenceSnapshot | 76(0.874) 77(0.874) 78(0.874) 79(0.874) 94(0.874) 95(0.874) 96(0.874) 97(0.874) 98(0.874) 99(0.874) 114(0.874) 115(0.874) 116(0.874) 117(0.874) 118(0.874) 119(0.874) 134(0.874) 135(0.874) 136(0.874) 137(0.874) 138(0.874) 139(0.874) 154(0.874) 155(0.874) 156(0.874) 157(0.874) 158(0.874) 159(0.874) 174(0.874) 175(0.874) 176(0.874) 177(0.874) 178(0.874) 179(0.874) 193(0.874) 194(0.874) 195(0.900) 196(0.900) 197(0.900) 198(0.874) 199(0.874) 211(0.874) 212(0.874) 213(0.874) 214(0.874) 215(0.900) 216(0.900) 217(0.900) 218(0.900) 219(0.874) 231(0.874) 232(0.874) 233(0.874) 234(0.874) 235(0.900) 236(0.900) 237(0.900) 238(0.900) 239(0.900) 251(0.874) 252(0.874) 253(0.874) 254(0.874) 255(0.900) 256(0.900) 257(0.900) 258(0.900) 259(0.900) 271(0.874) 272(0.874) 273(0.874) 274(0.874) 275(0.874) 276(0.900) 277(0.900) 278(0.900) 279(0.900) 291(0.874) 292(0.874) 293(0.874) 294(0.874) 295(0.874) 296(0.874) 297(0.874) 298(0.900) 299(0.874) 309(0.499) 310(0.499) 311(0.499) 312(0.499) 313(0.874) 314(0.874) 315(0.874) 316(0.800) 317(0.800) 318(0.800) 319(0.800) 327(0.499) 328(0.499) 329(0.499) 330(0.499) 331(0.499) 332(0.499) 333(0.499) 334(0.800) 335(0.800) 336(0.800) 337(0.800) 338(0.800) 339(0.800) 347(0.499) 348(0.499) 349(0.499) 350(0.499) 351(0.499) 352(0.499) 353(0.499) 354(0.800) 355(0.800) 356(0.800) 357(0.800) 358(0.800) 359(0.800) 367(0.499) 368(0.499) 369(0.499) 370(0.499) 371(0.499) 372(0.499) 373(0.499) 374(0.800) 375(0.800) 376(0.800) 377(0.800) 378(0.800) 379(0.800) 387(0.499) 388(0.499) 389(0.499) 390(0.499) 391(0.499) 392(0.499) 393(0.499) 394(0.800) 395(0.800) 396(0.800) 397(0.800) 398(0.800) 399(0.800) 

[EVENT] 994.859 | event=UAVWaypointArrival | nodeId=401 | cycle=1 | pos=(360.000,220.000,20.000)

[EVENT] 995.500 | event=SuspiciousConfidenceSnapshot | 76(0.874) 77(0.874) 78(0.874) 79(0.874) 94(0.874) 95(0.874) 96(0.874) 97(0.874) 98(0.874) 99(0.874) 114(0.874) 115(0.874) 116(0.874) 117(0.874) 118(0.874) 119(0.874) 134(0.874) 135(0.874) 136(0.874) 137(0.874) 138(0.874) 139(0.874) 154(0.874) 155(0.874) 156(0.874) 157(0.874) 158(0.874) 159(0.874) 174(0.874) 175(0.874) 176(0.874) 177(0.874) 178(0.874) 179(0.874) 193(0.874) 194(0.874) 195(0.900) 196(0.900) 197(0.900) 198(0.874) 199(0.874) 211(0.874) 212(0.874) 213(0.874) 214(0.874) 215(0.900) 216(0.900) 217(0.900) 218(0.900) 219(0.874) 231(0.874) 232(0.874) 233(0.874) 234(0.874) 235(0.900) 236(0.900) 237(0.900) 238(0.900) 239(0.900) 251(0.874) 252(0.874) 253(0.874) 254(0.874) 255(0.900) 256(0.900) 257(0.900) 258(0.900) 259(0.900) 271(0.874) 272(0.874) 273(0.874) 274(0.874) 275(0.874) 276(0.900) 277(0.900) 278(0.900) 279(0.900) 291(0.874) 292(0.874) 293(0.874) 294(0.874) 295(0.874) 296(0.874) 297(0.874) 298(0.900) 299(0.874) 309(0.499) 310(0.499) 311(0.499) 312(0.499) 313(0.874) 314(0.874) 315(0.874) 316(0.800) 317(0.800) 318(0.800) 319(0.800) 327(0.499) 328(0.499) 329(0.499) 330(0.499) 331(0.499) 332(0.499) 333(0.499) 334(0.800) 335(0.800) 336(0.800) 337(0.800) 338(0.800) 339(0.800) 347(0.499) 348(0.499) 349(0.499) 350(0.499) 351(0.499) 352(0.499) 353(0.499) 354(0.800) 355(0.800) 356(0.800) 357(0.800) 358(0.800) 359(0.800) 367(0.499) 368(0.499) 369(0.499) 370(0.499) 371(0.499) 372(0.499) 373(0.499) 374(0.800) 375(0.800) 376(0.800) 377(0.800) 378(0.800) 379(0.800) 387(0.499) 388(0.499) 389(0.499) 390(0.499) 391(0.499) 392(0.499) 393(0.499) 394(0.800) 395(0.800) 396(0.800) 397(0.800) 398(0.800) 399(0.800) 

[EVENT] 1005.500 | event=SuspiciousConfidenceSnapshot | 76(0.874) 77(0.874) 78(0.874) 79(0.874) 94(0.874) 95(0.874) 96(0.874) 97(0.874) 98(0.874) 99(0.874) 114(0.874) 115(0.874) 116(0.874) 117(0.874) 118(0.874) 119(0.874) 134(0.874) 135(0.874) 136(0.874) 137(0.874) 138(0.874) 139(0.874) 154(0.874) 155(0.874) 156(0.874) 157(0.874) 158(0.874) 159(0.874) 174(0.874) 175(0.874) 176(0.874) 177(0.874) 178(0.874) 179(0.874) 193(0.874) 194(0.874) 195(0.900) 196(0.900) 197(0.900) 198(0.874) 199(0.874) 211(0.874) 212(0.874) 213(0.874) 214(0.874) 215(0.900) 216(0.900) 217(0.900) 218(0.900) 219(0.874) 231(0.874) 232(0.874) 233(0.874) 234(0.874) 235(0.900) 236(0.900) 237(0.900) 238(0.900) 239(0.900) 251(0.874) 252(0.874) 253(0.874) 254(0.874) 255(0.900) 256(0.900) 257(0.900) 258(0.900) 259(0.900) 271(0.874) 272(0.874) 273(0.874) 274(0.874) 275(0.874) 276(0.900) 277(0.900) 278(0.900) 279(0.900) 291(0.874) 292(0.874) 293(0.874) 294(0.874) 295(0.874) 296(0.874) 297(0.874) 298(0.900) 299(0.874) 309(0.499) 310(0.499) 311(0.499) 312(0.499) 313(0.874) 314(0.874) 315(0.874) 316(0.800) 317(0.800) 318(0.800) 319(0.800) 327(0.499) 328(0.499) 329(0.499) 330(0.499) 331(0.499) 332(0.499) 333(0.499) 334(0.800) 335(0.800) 336(0.800) 337(0.800) 338(0.800) 339(0.800) 347(0.499) 348(0.499) 349(0.499) 350(0.499) 351(0.499) 352(0.499) 353(0.499) 354(0.800) 355(0.800) 356(0.800) 357(0.800) 358(0.800) 359(0.800) 367(0.499) 368(0.499) 369(0.499) 370(0.499) 371(0.499) 372(0.499) 373(0.499) 374(0.800) 375(0.800) 376(0.800) 377(0.800) 378(0.800) 379(0.800) 387(0.499) 388(0.499) 389(0.499) 390(0.499) 391(0.499) 392(0.499) 393(0.499) 394(0.800) 395(0.800) 396(0.800) 397(0.800) 398(0.800) 399(0.800) 

[EVENT] 1012.473 | event=UAVWaypointArrival | nodeId=401 | cycle=1 | pos=(340.000,220.000,20.000)

[EVENT] 1013.571 | event=UAVWaypointArrival | nodeId=402 | cycle=26 | pos=(270.000,340.000,20.000)

[EVENT] 1015.500 | event=SuspiciousConfidenceSnapshot | 76(0.874) 77(0.874) 78(0.874) 79(0.874) 94(0.874) 95(0.874) 96(0.874) 97(0.874) 98(0.874) 99(0.874) 114(0.874) 115(0.874) 116(0.874) 117(0.874) 118(0.874) 119(0.874) 134(0.874) 135(0.874) 136(0.874) 137(0.874) 138(0.874) 139(0.874) 154(0.874) 155(0.874) 156(0.874) 157(0.874) 158(0.874) 159(0.874) 174(0.874) 175(0.874) 176(0.874) 177(0.874) 178(0.874) 179(0.874) 193(0.874) 194(0.874) 195(0.900) 196(0.900) 197(0.900) 198(0.874) 199(0.874) 211(0.874) 212(0.874) 213(0.874) 214(0.874) 215(0.900) 216(0.900) 217(0.900) 218(0.900) 219(0.874) 231(0.874) 232(0.874) 233(0.874) 234(0.874) 235(0.900) 236(0.900) 237(0.900) 238(0.900) 239(0.900) 251(0.874) 252(0.874) 253(0.874) 254(0.874) 255(0.900) 256(0.900) 257(0.900) 258(0.900) 259(0.900) 271(0.874) 272(0.874) 273(0.874) 274(0.874) 275(0.874) 276(0.900) 277(0.900) 278(0.900) 279(0.900) 291(0.874) 292(0.874) 293(0.874) 294(0.874) 295(0.874) 296(0.874) 297(0.874) 298(0.900) 299(0.874) 309(0.499) 310(0.499) 311(0.499) 312(0.499) 313(0.874) 314(0.874) 315(0.874) 316(0.800) 317(0.800) 318(0.800) 319(0.800) 327(0.499) 328(0.499) 329(0.499) 330(0.499) 331(0.499) 332(0.499) 333(0.499) 334(0.800) 335(0.800) 336(0.800) 337(0.800) 338(0.800) 339(0.800) 347(0.499) 348(0.499) 349(0.499) 350(0.499) 351(0.499) 352(0.499) 353(0.499) 354(0.800) 355(0.800) 356(0.800) 357(0.800) 358(0.800) 359(0.800) 367(0.499) 368(0.499) 369(0.499) 370(0.499) 371(0.499) 372(0.499) 373(0.499) 374(0.800) 375(0.800) 376(0.800) 377(0.800) 378(0.800) 379(0.800) 387(0.499) 388(0.499) 389(0.499) 390(0.499) 391(0.499) 392(0.499) 393(0.499) 394(0.800) 395(0.800) 396(0.800) 397(0.800) 398(0.800) 399(0.800) 

[EVENT] 1016.613 | event=UAVWaypointArrival | nodeId=402 | cycle=26 | pos=(260.000,280.000,20.000)

[EVENT] 1023.016 | event=UAVWaypointArrival | nodeId=402 | cycle=26 | pos=(340.000,180.000,20.000)

[EVENT] 1024.016 | event=UAVWaypointArrival | nodeId=402 | cycle=26 | pos=(360.000,180.000,20.000)

[EVENT] 1025.500 | event=SuspiciousConfidenceSnapshot | 76(0.874) 77(0.874) 78(0.874) 79(0.874) 94(0.874) 95(0.874) 96(0.874) 97(0.874) 98(0.874) 99(0.874) 114(0.874) 115(0.874) 116(0.874) 117(0.874) 118(0.874) 119(0.874) 134(0.874) 135(0.874) 136(0.874) 137(0.874) 138(0.874) 139(0.874) 154(0.874) 155(0.874) 156(0.874) 157(0.874) 158(0.874) 159(0.874) 174(0.874) 175(0.874) 176(0.874) 177(0.874) 178(0.874) 179(0.874) 193(0.874) 194(0.874) 195(0.900) 196(0.900) 197(0.900) 198(0.874) 199(0.874) 211(0.874) 212(0.874) 213(0.874) 214(0.874) 215(0.900) 216(0.900) 217(0.900) 218(0.900) 219(0.874) 231(0.874) 232(0.874) 233(0.874) 234(0.874) 235(0.900) 236(0.900) 237(0.900) 238(0.900) 239(0.900) 251(0.874) 252(0.874) 253(0.874) 254(0.874) 255(0.900) 256(0.900) 257(0.900) 258(0.900) 259(0.900) 271(0.874) 272(0.874) 273(0.874) 274(0.874) 275(0.874) 276(0.900) 277(0.900) 278(0.900) 279(0.900) 291(0.874) 292(0.874) 293(0.874) 294(0.874) 295(0.874) 296(0.874) 297(0.874) 298(0.900) 299(0.874) 309(0.499) 310(0.499) 311(0.499) 312(0.499) 313(0.874) 314(0.874) 315(0.874) 316(0.800) 317(0.800) 318(0.800) 319(0.800) 327(0.499) 328(0.499) 329(0.499) 330(0.499) 331(0.499) 332(0.499) 333(0.499) 334(0.800) 335(0.800) 336(0.800) 337(0.800) 338(0.800) 339(0.800) 347(0.499) 348(0.499) 349(0.499) 350(0.499) 351(0.499) 352(0.499) 353(0.499) 354(0.800) 355(0.800) 356(0.800) 357(0.800) 358(0.800) 359(0.800) 367(0.499) 368(0.499) 369(0.499) 370(0.499) 371(0.499) 372(0.499) 373(0.499) 374(0.800) 375(0.800) 376(0.800) 377(0.800) 378(0.800) 379(0.800) 387(0.499) 388(0.499) 389(0.499) 390(0.499) 391(0.499) 392(0.499) 393(0.499) 394(0.800) 395(0.800) 396(0.800) 397(0.800) 398(0.800) 399(0.800) 

[EVENT] 1030.086 | event=UAVWaypointArrival | nodeId=401 | cycle=1 | pos=(320.000,220.000,20.000)

[EVENT] 1035.500 | event=SuspiciousConfidenceSnapshot | 76(0.874) 77(0.874) 78(0.874) 79(0.874) 94(0.874) 95(0.874) 96(0.874) 97(0.874) 98(0.874) 99(0.874) 114(0.874) 115(0.874) 116(0.874) 117(0.874) 118(0.874) 119(0.874) 134(0.874) 135(0.874) 136(0.874) 137(0.874) 138(0.874) 139(0.874) 154(0.874) 155(0.874) 156(0.874) 157(0.874) 158(0.874) 159(0.874) 174(0.874) 175(0.874) 176(0.874) 177(0.874) 178(0.874) 179(0.874) 193(0.874) 194(0.874) 195(0.900) 196(0.900) 197(0.900) 198(0.874) 199(0.874) 211(0.874) 212(0.874) 213(0.874) 214(0.874) 215(0.900) 216(0.900) 217(0.900) 218(0.900) 219(0.874) 231(0.874) 232(0.874) 233(0.874) 234(0.874) 235(0.900) 236(0.900) 237(0.900) 238(0.900) 239(0.900) 251(0.874) 252(0.874) 253(0.874) 254(0.874) 255(0.900) 256(0.900) 257(0.900) 258(0.900) 259(0.900) 271(0.874) 272(0.874) 273(0.874) 274(0.874) 275(0.874) 276(0.900) 277(0.900) 278(0.900) 279(0.900) 291(0.874) 292(0.874) 293(0.874) 294(0.874) 295(0.874) 296(0.874) 297(0.874) 298(0.900) 299(0.874) 309(0.499) 310(0.499) 311(0.499) 312(0.499) 313(0.874) 314(0.874) 315(0.874) 316(0.800) 317(0.800) 318(0.800) 319(0.800) 327(0.499) 328(0.499) 329(0.499) 330(0.499) 331(0.499) 332(0.499) 333(0.499) 334(0.800) 335(0.800) 336(0.800) 337(0.800) 338(0.800) 339(0.800) 347(0.499) 348(0.499) 349(0.499) 350(0.499) 351(0.499) 352(0.499) 353(0.499) 354(0.800) 355(0.800) 356(0.800) 357(0.800) 358(0.800) 359(0.800) 367(0.499) 368(0.499) 369(0.499) 370(0.499) 371(0.499) 372(0.499) 373(0.499) 374(0.800) 375(0.800) 376(0.800) 377(0.800) 378(0.800) 379(0.800) 387(0.499) 388(0.499) 389(0.499) 390(0.499) 391(0.499) 392(0.499) 393(0.499) 394(0.800) 395(0.800) 396(0.800) 397(0.800) 398(0.800) 399(0.800) 

[EVENT] 1045.500 | event=SuspiciousConfidenceSnapshot | 76(0.874) 77(0.874) 78(0.874) 79(0.874) 94(0.874) 95(0.874) 96(0.874) 97(0.874) 98(0.874) 99(0.874) 114(0.874) 115(0.874) 116(0.874) 117(0.874) 118(0.874) 119(0.874) 134(0.874) 135(0.874) 136(0.874) 137(0.874) 138(0.874) 139(0.874) 154(0.874) 155(0.874) 156(0.874) 157(0.874) 158(0.874) 159(0.874) 174(0.874) 175(0.874) 176(0.874) 177(0.874) 178(0.874) 179(0.874) 193(0.874) 194(0.874) 195(0.900) 196(0.900) 197(0.900) 198(0.874) 199(0.874) 211(0.874) 212(0.874) 213(0.874) 214(0.874) 215(0.900) 216(0.900) 217(0.900) 218(0.900) 219(0.874) 231(0.874) 232(0.874) 233(0.874) 234(0.874) 235(0.900) 236(0.900) 237(0.900) 238(0.900) 239(0.900) 251(0.874) 252(0.874) 253(0.874) 254(0.874) 255(0.900) 256(0.900) 257(0.900) 258(0.900) 259(0.900) 271(0.874) 272(0.874) 273(0.874) 274(0.874) 275(0.874) 276(0.900) 277(0.900) 278(0.900) 279(0.900) 291(0.874) 292(0.874) 293(0.874) 294(0.874) 295(0.874) 296(0.874) 297(0.874) 298(0.900) 299(0.874) 309(0.499) 310(0.499) 311(0.499) 312(0.499) 313(0.874) 314(0.874) 315(0.874) 316(0.800) 317(0.800) 318(0.800) 319(0.800) 327(0.499) 328(0.499) 329(0.499) 330(0.499) 331(0.499) 332(0.499) 333(0.499) 334(0.800) 335(0.800) 336(0.800) 337(0.800) 338(0.800) 339(0.800) 347(0.499) 348(0.499) 349(0.499) 350(0.499) 351(0.499) 352(0.499) 353(0.499) 354(0.800) 355(0.800) 356(0.800) 357(0.800) 358(0.800) 359(0.800) 367(0.499) 368(0.499) 369(0.499) 370(0.499) 371(0.499) 372(0.499) 373(0.499) 374(0.800) 375(0.800) 376(0.800) 377(0.800) 378(0.800) 379(0.800) 387(0.499) 388(0.499) 389(0.499) 390(0.499) 391(0.499) 392(0.499) 393(0.499) 394(0.800) 395(0.800) 396(0.800) 397(0.800) 398(0.800) 399(0.800) 

[EVENT] 1047.700 | event=UAVWaypointArrival | nodeId=401 | cycle=1 | pos=(300.000,220.000,20.000)

[EVENT] 1052.760 | event=UAVWaypointArrival | nodeId=402 | cycle=27 | pos=(270.000,340.000,20.000)

[EVENT] 1055.500 | event=SuspiciousConfidenceSnapshot | 76(0.874) 77(0.874) 78(0.874) 79(0.874) 94(0.874) 95(0.874) 96(0.874) 97(0.874) 98(0.874) 99(0.874) 114(0.874) 115(0.874) 116(0.874) 117(0.874) 118(0.874) 119(0.874) 134(0.874) 135(0.874) 136(0.874) 137(0.874) 138(0.874) 139(0.874) 154(0.874) 155(0.874) 156(0.874) 157(0.874) 158(0.874) 159(0.874) 174(0.874) 175(0.874) 176(0.874) 177(0.874) 178(0.874) 179(0.874) 193(0.874) 194(0.874) 195(0.900) 196(0.900) 197(0.900) 198(0.874) 199(0.874) 211(0.874) 212(0.874) 213(0.874) 214(0.874) 215(0.900) 216(0.900) 217(0.900) 218(0.900) 219(0.874) 231(0.874) 232(0.874) 233(0.874) 234(0.874) 235(0.900) 236(0.900) 237(0.900) 238(0.900) 239(0.900) 251(0.874) 252(0.874) 253(0.874) 254(0.874) 255(0.900) 256(0.900) 257(0.900) 258(0.900) 259(0.900) 271(0.874) 272(0.874) 273(0.874) 274(0.874) 275(0.874) 276(0.900) 277(0.900) 278(0.900) 279(0.900) 291(0.874) 292(0.874) 293(0.874) 294(0.874) 295(0.874) 296(0.874) 297(0.874) 298(0.900) 299(0.874) 309(0.499) 310(0.499) 311(0.499) 312(0.499) 313(0.874) 314(0.874) 315(0.874) 316(0.800) 317(0.800) 318(0.800) 319(0.800) 327(0.499) 328(0.499) 329(0.499) 330(0.499) 331(0.499) 332(0.499) 333(0.499) 334(0.800) 335(0.800) 336(0.800) 337(0.800) 338(0.800) 339(0.800) 347(0.499) 348(0.499) 349(0.499) 350(0.499) 351(0.499) 352(0.499) 353(0.499) 354(0.800) 355(0.800) 356(0.800) 357(0.800) 358(0.800) 359(0.800) 367(0.499) 368(0.499) 369(0.499) 370(0.499) 371(0.499) 372(0.499) 373(0.499) 374(0.800) 375(0.800) 376(0.800) 377(0.800) 378(0.800) 379(0.800) 387(0.499) 388(0.499) 389(0.499) 390(0.499) 391(0.499) 392(0.499) 393(0.499) 394(0.800) 395(0.800) 396(0.800) 397(0.800) 398(0.800) 399(0.800) 

[EVENT] 1055.802 | event=UAVWaypointArrival | nodeId=402 | cycle=27 | pos=(260.000,280.000,20.000)

[EVENT] 1062.205 | event=UAVWaypointArrival | nodeId=402 | cycle=27 | pos=(340.000,180.000,20.000)

[EVENT] 1063.205 | event=UAVWaypointArrival | nodeId=402 | cycle=27 | pos=(360.000,180.000,20.000)

[EVENT] 1065.313 | event=UAVWaypointArrival | nodeId=401 | cycle=1 | pos=(300.000,240.000,20.000)

[EVENT] 1065.500 | event=SuspiciousConfidenceSnapshot | 76(0.874) 77(0.874) 78(0.874) 79(0.874) 94(0.874) 95(0.874) 96(0.874) 97(0.874) 98(0.874) 99(0.874) 114(0.874) 115(0.874) 116(0.874) 117(0.874) 118(0.874) 119(0.874) 134(0.874) 135(0.874) 136(0.874) 137(0.874) 138(0.874) 139(0.874) 154(0.874) 155(0.874) 156(0.874) 157(0.874) 158(0.874) 159(0.874) 174(0.874) 175(0.874) 176(0.874) 177(0.874) 178(0.874) 179(0.874) 193(0.874) 194(0.874) 195(0.900) 196(0.900) 197(0.900) 198(0.874) 199(0.874) 211(0.874) 212(0.874) 213(0.874) 214(0.874) 215(0.900) 216(0.900) 217(0.900) 218(0.900) 219(0.874) 231(0.874) 232(0.874) 233(0.874) 234(0.874) 235(0.900) 236(0.900) 237(0.900) 238(0.900) 239(0.900) 251(0.874) 252(0.874) 253(0.874) 254(0.874) 255(0.900) 256(0.900) 257(0.900) 258(0.900) 259(0.900) 271(0.874) 272(0.874) 273(0.874) 274(0.874) 275(0.874) 276(0.900) 277(0.900) 278(0.900) 279(0.900) 291(0.874) 292(0.874) 293(0.874) 294(0.874) 295(0.874) 296(0.874) 297(0.874) 298(0.900) 299(0.874) 309(0.499) 310(0.499) 311(0.499) 312(0.499) 313(0.874) 314(0.874) 315(0.874) 316(0.800) 317(0.800) 318(0.800) 319(0.800) 327(0.499) 328(0.499) 329(0.499) 330(0.499) 331(0.499) 332(0.499) 333(0.499) 334(0.800) 335(0.800) 336(0.800) 337(0.800) 338(0.800) 339(0.800) 347(0.499) 348(0.499) 349(0.499) 350(0.499) 351(0.499) 352(0.499) 353(0.499) 354(0.800) 355(0.800) 356(0.800) 357(0.800) 358(0.800) 359(0.800) 367(0.499) 368(0.499) 369(0.499) 370(0.499) 371(0.499) 372(0.499) 373(0.499) 374(0.800) 375(0.800) 376(0.800) 377(0.800) 378(0.800) 379(0.800) 387(0.499) 388(0.499) 389(0.499) 390(0.499) 391(0.499) 392(0.499) 393(0.499) 394(0.800) 395(0.800) 396(0.800) 397(0.800) 398(0.800) 399(0.800) 

[EVENT] 1075.500 | event=SuspiciousConfidenceSnapshot | 76(0.874) 77(0.874) 78(0.874) 79(0.874) 94(0.874) 95(0.874) 96(0.874) 97(0.874) 98(0.874) 99(0.874) 114(0.874) 115(0.874) 116(0.874) 117(0.874) 118(0.874) 119(0.874) 134(0.874) 135(0.874) 136(0.874) 137(0.874) 138(0.874) 139(0.874) 154(0.874) 155(0.874) 156(0.874) 157(0.874) 158(0.874) 159(0.874) 174(0.874) 175(0.874) 176(0.874) 177(0.874) 178(0.874) 179(0.874) 193(0.874) 194(0.874) 195(0.900) 196(0.900) 197(0.900) 198(0.874) 199(0.874) 211(0.874) 212(0.874) 213(0.874) 214(0.874) 215(0.900) 216(0.900) 217(0.900) 218(0.900) 219(0.874) 231(0.874) 232(0.874) 233(0.874) 234(0.874) 235(0.900) 236(0.900) 237(0.900) 238(0.900) 239(0.900) 251(0.874) 252(0.874) 253(0.874) 254(0.874) 255(0.900) 256(0.900) 257(0.900) 258(0.900) 259(0.900) 271(0.874) 272(0.874) 273(0.874) 274(0.874) 275(0.874) 276(0.900) 277(0.900) 278(0.900) 279(0.900) 291(0.874) 292(0.874) 293(0.874) 294(0.874) 295(0.874) 296(0.874) 297(0.874) 298(0.900) 299(0.874) 309(0.499) 310(0.499) 311(0.499) 312(0.499) 313(0.874) 314(0.874) 315(0.874) 316(0.800) 317(0.800) 318(0.800) 319(0.800) 327(0.499) 328(0.499) 329(0.499) 330(0.499) 331(0.499) 332(0.499) 333(0.499) 334(0.800) 335(0.800) 336(0.800) 337(0.800) 338(0.800) 339(0.800) 347(0.499) 348(0.499) 349(0.499) 350(0.499) 351(0.499) 352(0.499) 353(0.499) 354(0.800) 355(0.800) 356(0.800) 357(0.800) 358(0.800) 359(0.800) 367(0.499) 368(0.499) 369(0.499) 370(0.499) 371(0.499) 372(0.499) 373(0.499) 374(0.800) 375(0.800) 376(0.800) 377(0.800) 378(0.800) 379(0.800) 387(0.499) 388(0.499) 389(0.499) 390(0.499) 391(0.499) 392(0.499) 393(0.499) 394(0.800) 395(0.800) 396(0.800) 397(0.800) 398(0.800) 399(0.800) 

[EVENT] 1082.926 | event=UAVWaypointArrival | nodeId=401 | cycle=1 | pos=(280.000,240.000,20.000)

[EVENT] 1085.500 | event=SuspiciousConfidenceSnapshot | 76(0.874) 77(0.874) 78(0.874) 79(0.874) 94(0.874) 95(0.874) 96(0.874) 97(0.874) 98(0.874) 99(0.874) 114(0.874) 115(0.874) 116(0.874) 117(0.874) 118(0.874) 119(0.874) 134(0.874) 135(0.874) 136(0.874) 137(0.874) 138(0.874) 139(0.874) 154(0.874) 155(0.874) 156(0.874) 157(0.874) 158(0.874) 159(0.874) 174(0.874) 175(0.874) 176(0.874) 177(0.874) 178(0.874) 179(0.874) 193(0.874) 194(0.874) 195(0.900) 196(0.900) 197(0.900) 198(0.874) 199(0.874) 211(0.874) 212(0.874) 213(0.874) 214(0.874) 215(0.900) 216(0.900) 217(0.900) 218(0.900) 219(0.874) 231(0.874) 232(0.874) 233(0.874) 234(0.874) 235(0.900) 236(0.900) 237(0.900) 238(0.900) 239(0.900) 251(0.874) 252(0.874) 253(0.874) 254(0.874) 255(0.900) 256(0.900) 257(0.900) 258(0.900) 259(0.900) 271(0.874) 272(0.874) 273(0.874) 274(0.874) 275(0.874) 276(0.900) 277(0.900) 278(0.900) 279(0.900) 291(0.874) 292(0.874) 293(0.874) 294(0.874) 295(0.874) 296(0.874) 297(0.874) 298(0.900) 299(0.874) 309(0.499) 310(0.499) 311(0.499) 312(0.499) 313(0.874) 314(0.874) 315(0.874) 316(0.800) 317(0.800) 318(0.800) 319(0.800) 327(0.499) 328(0.499) 329(0.499) 330(0.499) 331(0.499) 332(0.499) 333(0.499) 334(0.800) 335(0.800) 336(0.800) 337(0.800) 338(0.800) 339(0.800) 347(0.499) 348(0.499) 349(0.499) 350(0.499) 351(0.499) 352(0.499) 353(0.499) 354(0.800) 355(0.800) 356(0.800) 357(0.800) 358(0.800) 359(0.800) 367(0.499) 368(0.499) 369(0.499) 370(0.499) 371(0.499) 372(0.499) 373(0.499) 374(0.800) 375(0.800) 376(0.800) 377(0.800) 378(0.800) 379(0.800) 387(0.499) 388(0.499) 389(0.499) 390(0.499) 391(0.499) 392(0.499) 393(0.499) 394(0.800) 395(0.800) 396(0.800) 397(0.800) 398(0.800) 399(0.800) 

[EVENT] 1091.949 | event=UAVWaypointArrival | nodeId=402 | cycle=28 | pos=(270.000,340.000,20.000)

[EVENT] 1094.991 | event=UAVWaypointArrival | nodeId=402 | cycle=28 | pos=(260.000,280.000,20.000)

[EVENT] 1095.500 | event=SuspiciousConfidenceSnapshot | 76(0.874) 77(0.874) 78(0.874) 79(0.874) 94(0.874) 95(0.874) 96(0.874) 97(0.874) 98(0.874) 99(0.874) 114(0.874) 115(0.874) 116(0.874) 117(0.874) 118(0.874) 119(0.874) 134(0.874) 135(0.874) 136(0.874) 137(0.874) 138(0.874) 139(0.874) 154(0.874) 155(0.874) 156(0.874) 157(0.874) 158(0.874) 159(0.874) 174(0.874) 175(0.874) 176(0.874) 177(0.874) 178(0.874) 179(0.874) 193(0.874) 194(0.874) 195(0.900) 196(0.900) 197(0.900) 198(0.874) 199(0.874) 211(0.874) 212(0.874) 213(0.874) 214(0.874) 215(0.900) 216(0.900) 217(0.900) 218(0.900) 219(0.874) 231(0.874) 232(0.874) 233(0.874) 234(0.874) 235(0.900) 236(0.900) 237(0.900) 238(0.900) 239(0.900) 251(0.874) 252(0.874) 253(0.874) 254(0.874) 255(0.900) 256(0.900) 257(0.900) 258(0.900) 259(0.900) 271(0.874) 272(0.874) 273(0.874) 274(0.874) 275(0.874) 276(0.900) 277(0.900) 278(0.900) 279(0.900) 291(0.874) 292(0.874) 293(0.874) 294(0.874) 295(0.874) 296(0.874) 297(0.874) 298(0.900) 299(0.874) 309(0.499) 310(0.499) 311(0.499) 312(0.499) 313(0.874) 314(0.874) 315(0.874) 316(0.800) 317(0.800) 318(0.800) 319(0.800) 327(0.499) 328(0.499) 329(0.499) 330(0.499) 331(0.499) 332(0.499) 333(0.499) 334(0.800) 335(0.800) 336(0.800) 337(0.800) 338(0.800) 339(0.800) 347(0.499) 348(0.499) 349(0.499) 350(0.499) 351(0.499) 352(0.499) 353(0.499) 354(0.800) 355(0.800) 356(0.800) 357(0.800) 358(0.800) 359(0.800) 367(0.499) 368(0.499) 369(0.499) 370(0.499) 371(0.499) 372(0.499) 373(0.499) 374(0.800) 375(0.800) 376(0.800) 377(0.800) 378(0.800) 379(0.800) 387(0.499) 388(0.499) 389(0.499) 390(0.499) 391(0.499) 392(0.499) 393(0.499) 394(0.800) 395(0.800) 396(0.800) 397(0.800) 398(0.800) 399(0.800) 

[EVENT] 1100.540 | event=UAVWaypointArrival | nodeId=401 | cycle=1 | pos=(260.000,240.000,20.000)

[EVENT] 1101.394 | event=UAVWaypointArrival | nodeId=402 | cycle=28 | pos=(340.000,180.000,20.000)

[EVENT] 1102.394 | event=UAVWaypointArrival | nodeId=402 | cycle=28 | pos=(360.000,180.000,20.000)

[EVENT] 1105.500 | event=SuspiciousConfidenceSnapshot | 76(0.874) 77(0.874) 78(0.874) 79(0.874) 94(0.874) 95(0.874) 96(0.874) 97(0.874) 98(0.874) 99(0.874) 114(0.874) 115(0.874) 116(0.874) 117(0.874) 118(0.874) 119(0.874) 134(0.874) 135(0.874) 136(0.874) 137(0.874) 138(0.874) 139(0.874) 154(0.874) 155(0.874) 156(0.874) 157(0.874) 158(0.874) 159(0.874) 174(0.874) 175(0.874) 176(0.874) 177(0.874) 178(0.874) 179(0.874) 193(0.874) 194(0.874) 195(0.900) 196(0.900) 197(0.900) 198(0.874) 199(0.874) 211(0.874) 212(0.874) 213(0.874) 214(0.874) 215(0.900) 216(0.900) 217(0.900) 218(0.900) 219(0.874) 231(0.874) 232(0.874) 233(0.874) 234(0.874) 235(0.900) 236(0.900) 237(0.900) 238(0.900) 239(0.900) 251(0.874) 252(0.874) 253(0.874) 254(0.874) 255(0.900) 256(0.900) 257(0.900) 258(0.900) 259(0.900) 271(0.874) 272(0.874) 273(0.874) 274(0.874) 275(0.874) 276(0.900) 277(0.900) 278(0.900) 279(0.900) 291(0.874) 292(0.874) 293(0.874) 294(0.874) 295(0.874) 296(0.874) 297(0.874) 298(0.900) 299(0.874) 309(0.499) 310(0.499) 311(0.499) 312(0.499) 313(0.874) 314(0.874) 315(0.874) 316(0.800) 317(0.800) 318(0.800) 319(0.800) 327(0.499) 328(0.499) 329(0.499) 330(0.499) 331(0.499) 332(0.499) 333(0.499) 334(0.800) 335(0.800) 336(0.800) 337(0.800) 338(0.800) 339(0.800) 347(0.499) 348(0.499) 349(0.499) 350(0.499) 351(0.499) 352(0.499) 353(0.499) 354(0.800) 355(0.800) 356(0.800) 357(0.800) 358(0.800) 359(0.800) 367(0.499) 368(0.499) 369(0.499) 370(0.499) 371(0.499) 372(0.499) 373(0.499) 374(0.800) 375(0.800) 376(0.800) 377(0.800) 378(0.800) 379(0.800) 387(0.499) 388(0.499) 389(0.499) 390(0.499) 391(0.499) 392(0.499) 393(0.499) 394(0.800) 395(0.800) 396(0.800) 397(0.800) 398(0.800) 399(0.800) 

[EVENT] 1115.500 | event=SuspiciousConfidenceSnapshot | 76(0.874) 77(0.874) 78(0.874) 79(0.874) 94(0.874) 95(0.874) 96(0.874) 97(0.874) 98(0.874) 99(0.874) 114(0.874) 115(0.874) 116(0.874) 117(0.874) 118(0.874) 119(0.874) 134(0.874) 135(0.874) 136(0.874) 137(0.874) 138(0.874) 139(0.874) 154(0.874) 155(0.874) 156(0.874) 157(0.874) 158(0.874) 159(0.874) 174(0.874) 175(0.874) 176(0.874) 177(0.874) 178(0.874) 179(0.874) 193(0.874) 194(0.874) 195(0.900) 196(0.900) 197(0.900) 198(0.874) 199(0.874) 211(0.874) 212(0.874) 213(0.874) 214(0.874) 215(0.900) 216(0.900) 217(0.900) 218(0.900) 219(0.874) 231(0.874) 232(0.874) 233(0.874) 234(0.874) 235(0.900) 236(0.900) 237(0.900) 238(0.900) 239(0.900) 251(0.874) 252(0.874) 253(0.874) 254(0.874) 255(0.900) 256(0.900) 257(0.900) 258(0.900) 259(0.900) 271(0.874) 272(0.874) 273(0.874) 274(0.874) 275(0.874) 276(0.900) 277(0.900) 278(0.900) 279(0.900) 291(0.874) 292(0.874) 293(0.874) 294(0.874) 295(0.874) 296(0.874) 297(0.874) 298(0.900) 299(0.874) 309(0.499) 310(0.499) 311(0.499) 312(0.499) 313(0.874) 314(0.874) 315(0.874) 316(0.800) 317(0.800) 318(0.800) 319(0.800) 327(0.499) 328(0.499) 329(0.499) 330(0.499) 331(0.499) 332(0.499) 333(0.499) 334(0.800) 335(0.800) 336(0.800) 337(0.800) 338(0.800) 339(0.800) 347(0.499) 348(0.499) 349(0.499) 350(0.499) 351(0.499) 352(0.499) 353(0.499) 354(0.800) 355(0.800) 356(0.800) 357(0.800) 358(0.800) 359(0.800) 367(0.499) 368(0.499) 369(0.499) 370(0.499) 371(0.499) 372(0.499) 373(0.499) 374(0.800) 375(0.800) 376(0.800) 377(0.800) 378(0.800) 379(0.800) 387(0.499) 388(0.499) 389(0.499) 390(0.499) 391(0.499) 392(0.499) 393(0.499) 394(0.800) 395(0.800) 396(0.800) 397(0.800) 398(0.800) 399(0.800) 

[EVENT] 1118.153 | event=UAVWaypointArrival | nodeId=401 | cycle=1 | pos=(240.000,240.000,20.000)

[EVENT] 1125.500 | event=SuspiciousConfidenceSnapshot | 76(0.874) 77(0.874) 78(0.874) 79(0.874) 94(0.874) 95(0.874) 96(0.874) 97(0.874) 98(0.874) 99(0.874) 114(0.874) 115(0.874) 116(0.874) 117(0.874) 118(0.874) 119(0.874) 134(0.874) 135(0.874) 136(0.874) 137(0.874) 138(0.874) 139(0.874) 154(0.874) 155(0.874) 156(0.874) 157(0.874) 158(0.874) 159(0.874) 174(0.874) 175(0.874) 176(0.874) 177(0.874) 178(0.874) 179(0.874) 193(0.874) 194(0.874) 195(0.900) 196(0.900) 197(0.900) 198(0.874) 199(0.874) 211(0.874) 212(0.874) 213(0.874) 214(0.874) 215(0.900) 216(0.900) 217(0.900) 218(0.900) 219(0.874) 231(0.874) 232(0.874) 233(0.874) 234(0.874) 235(0.900) 236(0.900) 237(0.900) 238(0.900) 239(0.900) 251(0.874) 252(0.874) 253(0.874) 254(0.874) 255(0.900) 256(0.900) 257(0.900) 258(0.900) 259(0.900) 271(0.874) 272(0.874) 273(0.874) 274(0.874) 275(0.874) 276(0.900) 277(0.900) 278(0.900) 279(0.900) 291(0.874) 292(0.874) 293(0.874) 294(0.874) 295(0.874) 296(0.874) 297(0.874) 298(0.900) 299(0.874) 309(0.499) 310(0.499) 311(0.499) 312(0.499) 313(0.874) 314(0.874) 315(0.874) 316(0.800) 317(0.800) 318(0.800) 319(0.800) 327(0.499) 328(0.499) 329(0.499) 330(0.499) 331(0.499) 332(0.499) 333(0.499) 334(0.800) 335(0.800) 336(0.800) 337(0.800) 338(0.800) 339(0.800) 347(0.499) 348(0.499) 349(0.499) 350(0.499) 351(0.499) 352(0.499) 353(0.499) 354(0.800) 355(0.800) 356(0.800) 357(0.800) 358(0.800) 359(0.800) 367(0.499) 368(0.499) 369(0.499) 370(0.499) 371(0.499) 372(0.499) 373(0.499) 374(0.800) 375(0.800) 376(0.800) 377(0.800) 378(0.800) 379(0.800) 387(0.499) 388(0.499) 389(0.499) 390(0.499) 391(0.499) 392(0.499) 393(0.499) 394(0.800) 395(0.800) 396(0.800) 397(0.800) 398(0.800) 399(0.800) 

[EVENT] 1131.139 | event=UAVWaypointArrival | nodeId=402 | cycle=29 | pos=(270.000,340.000,20.000)

[EVENT] 1134.180 | event=UAVWaypointArrival | nodeId=402 | cycle=29 | pos=(260.000,280.000,20.000)

[EVENT] 1135.500 | event=SuspiciousConfidenceSnapshot | 76(0.874) 77(0.874) 78(0.874) 79(0.874) 94(0.874) 95(0.874) 96(0.874) 97(0.874) 98(0.874) 99(0.874) 114(0.874) 115(0.874) 116(0.874) 117(0.874) 118(0.874) 119(0.874) 134(0.874) 135(0.874) 136(0.874) 137(0.874) 138(0.874) 139(0.874) 154(0.874) 155(0.874) 156(0.874) 157(0.874) 158(0.874) 159(0.874) 174(0.874) 175(0.874) 176(0.874) 177(0.874) 178(0.874) 179(0.874) 193(0.874) 194(0.874) 195(0.900) 196(0.900) 197(0.900) 198(0.874) 199(0.874) 211(0.874) 212(0.874) 213(0.874) 214(0.874) 215(0.900) 216(0.900) 217(0.900) 218(0.900) 219(0.874) 231(0.874) 232(0.874) 233(0.874) 234(0.874) 235(0.900) 236(0.900) 237(0.900) 238(0.900) 239(0.900) 251(0.874) 252(0.874) 253(0.874) 254(0.874) 255(0.900) 256(0.900) 257(0.900) 258(0.900) 259(0.900) 271(0.874) 272(0.874) 273(0.874) 274(0.874) 275(0.874) 276(0.900) 277(0.900) 278(0.900) 279(0.900) 291(0.874) 292(0.874) 293(0.874) 294(0.874) 295(0.874) 296(0.874) 297(0.874) 298(0.900) 299(0.874) 309(0.499) 310(0.499) 311(0.499) 312(0.499) 313(0.874) 314(0.874) 315(0.874) 316(0.800) 317(0.800) 318(0.800) 319(0.800) 327(0.499) 328(0.499) 329(0.499) 330(0.499) 331(0.499) 332(0.499) 333(0.499) 334(0.800) 335(0.800) 336(0.800) 337(0.800) 338(0.800) 339(0.800) 347(0.499) 348(0.499) 349(0.499) 350(0.499) 351(0.499) 352(0.499) 353(0.499) 354(0.800) 355(0.800) 356(0.800) 357(0.800) 358(0.800) 359(0.800) 367(0.499) 368(0.499) 369(0.499) 370(0.499) 371(0.499) 372(0.499) 373(0.499) 374(0.800) 375(0.800) 376(0.800) 377(0.800) 378(0.800) 379(0.800) 387(0.499) 388(0.499) 389(0.499) 390(0.499) 391(0.499) 392(0.499) 393(0.499) 394(0.800) 395(0.800) 396(0.800) 397(0.800) 398(0.800) 399(0.800) 

[EVENT] 1135.766 | event=UAVWaypointArrival | nodeId=401 | cycle=1 | pos=(220.000,240.000,20.000)

[EVENT] 1140.583 | event=UAVWaypointArrival | nodeId=402 | cycle=29 | pos=(340.000,180.000,20.000)

[EVENT] 1141.583 | event=UAVWaypointArrival | nodeId=402 | cycle=29 | pos=(360.000,180.000,20.000)

[EVENT] 1145.500 | event=SuspiciousConfidenceSnapshot | 76(0.874) 77(0.874) 78(0.874) 79(0.874) 94(0.874) 95(0.874) 96(0.874) 97(0.874) 98(0.874) 99(0.874) 114(0.874) 115(0.874) 116(0.874) 117(0.874) 118(0.874) 119(0.874) 134(0.874) 135(0.874) 136(0.874) 137(0.874) 138(0.874) 139(0.874) 154(0.874) 155(0.874) 156(0.874) 157(0.874) 158(0.874) 159(0.874) 174(0.874) 175(0.874) 176(0.874) 177(0.874) 178(0.874) 179(0.874) 193(0.874) 194(0.874) 195(0.900) 196(0.900) 197(0.900) 198(0.874) 199(0.874) 211(0.874) 212(0.874) 213(0.874) 214(0.874) 215(0.900) 216(0.900) 217(0.900) 218(0.900) 219(0.874) 231(0.874) 232(0.874) 233(0.874) 234(0.874) 235(0.900) 236(0.900) 237(0.900) 238(0.900) 239(0.900) 251(0.874) 252(0.874) 253(0.874) 254(0.874) 255(0.900) 256(0.900) 257(0.900) 258(0.900) 259(0.900) 271(0.874) 272(0.874) 273(0.874) 274(0.874) 275(0.874) 276(0.900) 277(0.900) 278(0.900) 279(0.900) 291(0.874) 292(0.874) 293(0.874) 294(0.874) 295(0.874) 296(0.874) 297(0.874) 298(0.900) 299(0.874) 309(0.499) 310(0.499) 311(0.499) 312(0.499) 313(0.874) 314(0.874) 315(0.874) 316(0.800) 317(0.800) 318(0.800) 319(0.800) 327(0.499) 328(0.499) 329(0.499) 330(0.499) 331(0.499) 332(0.499) 333(0.499) 334(0.800) 335(0.800) 336(0.800) 337(0.800) 338(0.800) 339(0.800) 347(0.499) 348(0.499) 349(0.499) 350(0.499) 351(0.499) 352(0.499) 353(0.499) 354(0.800) 355(0.800) 356(0.800) 357(0.800) 358(0.800) 359(0.800) 367(0.499) 368(0.499) 369(0.499) 370(0.499) 371(0.499) 372(0.499) 373(0.499) 374(0.800) 375(0.800) 376(0.800) 377(0.800) 378(0.800) 379(0.800) 387(0.499) 388(0.499) 389(0.499) 390(0.499) 391(0.499) 392(0.499) 393(0.499) 394(0.800) 395(0.800) 396(0.800) 397(0.800) 398(0.800) 399(0.800) 

[EVENT] 1153.380 | event=UAVWaypointArrival | nodeId=401 | cycle=1 | pos=(220.000,260.000,20.000)

[EVENT] 1155.500 | event=SuspiciousConfidenceSnapshot | 76(0.874) 77(0.874) 78(0.874) 79(0.874) 94(0.874) 95(0.874) 96(0.874) 97(0.874) 98(0.874) 99(0.874) 114(0.874) 115(0.874) 116(0.874) 117(0.874) 118(0.874) 119(0.874) 134(0.874) 135(0.874) 136(0.874) 137(0.874) 138(0.874) 139(0.874) 154(0.874) 155(0.874) 156(0.874) 157(0.874) 158(0.874) 159(0.874) 174(0.874) 175(0.874) 176(0.874) 177(0.874) 178(0.874) 179(0.874) 193(0.874) 194(0.874) 195(0.900) 196(0.900) 197(0.900) 198(0.874) 199(0.874) 211(0.874) 212(0.874) 213(0.874) 214(0.874) 215(0.900) 216(0.900) 217(0.900) 218(0.900) 219(0.874) 231(0.874) 232(0.874) 233(0.874) 234(0.874) 235(0.900) 236(0.900) 237(0.900) 238(0.900) 239(0.900) 251(0.874) 252(0.874) 253(0.874) 254(0.874) 255(0.900) 256(0.900) 257(0.900) 258(0.900) 259(0.900) 271(0.874) 272(0.874) 273(0.874) 274(0.874) 275(0.874) 276(0.900) 277(0.900) 278(0.900) 279(0.900) 291(0.874) 292(0.874) 293(0.874) 294(0.874) 295(0.874) 296(0.874) 297(0.874) 298(0.900) 299(0.874) 309(0.499) 310(0.499) 311(0.499) 312(0.499) 313(0.874) 314(0.874) 315(0.874) 316(0.800) 317(0.800) 318(0.800) 319(0.800) 327(0.499) 328(0.499) 329(0.499) 330(0.499) 331(0.499) 332(0.499) 333(0.499) 334(0.800) 335(0.800) 336(0.800) 337(0.800) 338(0.800) 339(0.800) 347(0.499) 348(0.499) 349(0.499) 350(0.499) 351(0.499) 352(0.499) 353(0.499) 354(0.800) 355(0.800) 356(0.800) 357(0.800) 358(0.800) 359(0.800) 367(0.499) 368(0.499) 369(0.499) 370(0.499) 371(0.499) 372(0.499) 373(0.499) 374(0.800) 375(0.800) 376(0.800) 377(0.800) 378(0.800) 379(0.800) 387(0.499) 388(0.499) 389(0.499) 390(0.499) 391(0.499) 392(0.499) 393(0.499) 394(0.800) 395(0.800) 396(0.800) 397(0.800) 398(0.800) 399(0.800) 

[EVENT] 1165.500 | event=SuspiciousConfidenceSnapshot | 76(0.874) 77(0.874) 78(0.874) 79(0.874) 94(0.874) 95(0.874) 96(0.874) 97(0.874) 98(0.874) 99(0.874) 114(0.874) 115(0.874) 116(0.874) 117(0.874) 118(0.874) 119(0.874) 134(0.874) 135(0.874) 136(0.874) 137(0.874) 138(0.874) 139(0.874) 154(0.874) 155(0.874) 156(0.874) 157(0.874) 158(0.874) 159(0.874) 174(0.874) 175(0.874) 176(0.874) 177(0.874) 178(0.874) 179(0.874) 193(0.874) 194(0.874) 195(0.900) 196(0.900) 197(0.900) 198(0.874) 199(0.874) 211(0.874) 212(0.874) 213(0.874) 214(0.874) 215(0.900) 216(0.900) 217(0.900) 218(0.900) 219(0.874) 231(0.874) 232(0.874) 233(0.874) 234(0.874) 235(0.900) 236(0.900) 237(0.900) 238(0.900) 239(0.900) 251(0.874) 252(0.874) 253(0.874) 254(0.874) 255(0.900) 256(0.900) 257(0.900) 258(0.900) 259(0.900) 271(0.874) 272(0.874) 273(0.874) 274(0.874) 275(0.874) 276(0.900) 277(0.900) 278(0.900) 279(0.900) 291(0.874) 292(0.874) 293(0.874) 294(0.874) 295(0.874) 296(0.874) 297(0.874) 298(0.900) 299(0.874) 309(0.499) 310(0.499) 311(0.499) 312(0.499) 313(0.874) 314(0.874) 315(0.874) 316(0.800) 317(0.800) 318(0.800) 319(0.800) 327(0.499) 328(0.499) 329(0.499) 330(0.499) 331(0.499) 332(0.499) 333(0.499) 334(0.800) 335(0.800) 336(0.800) 337(0.800) 338(0.800) 339(0.800) 347(0.499) 348(0.499) 349(0.499) 350(0.499) 351(0.499) 352(0.499) 353(0.499) 354(0.800) 355(0.800) 356(0.800) 357(0.800) 358(0.800) 359(0.800) 367(0.499) 368(0.499) 369(0.499) 370(0.499) 371(0.499) 372(0.499) 373(0.499) 374(0.800) 375(0.800) 376(0.800) 377(0.800) 378(0.800) 379(0.800) 387(0.499) 388(0.499) 389(0.499) 390(0.499) 391(0.499) 392(0.499) 393(0.499) 394(0.800) 395(0.800) 396(0.800) 397(0.800) 398(0.800) 399(0.800) 

[EVENT] 1170.328 | event=UAVWaypointArrival | nodeId=402 | cycle=30 | pos=(270.000,340.000,20.000)

[EVENT] 1170.993 | event=UAVWaypointArrival | nodeId=401 | cycle=1 | pos=(240.000,260.000,20.000)

[EVENT] 1173.369 | event=UAVWaypointArrival | nodeId=402 | cycle=30 | pos=(260.000,280.000,20.000)

[EVENT] 1175.500 | event=SuspiciousConfidenceSnapshot | 76(0.874) 77(0.874) 78(0.874) 79(0.874) 94(0.874) 95(0.874) 96(0.874) 97(0.874) 98(0.874) 99(0.874) 114(0.874) 115(0.874) 116(0.874) 117(0.874) 118(0.874) 119(0.874) 134(0.874) 135(0.874) 136(0.874) 137(0.874) 138(0.874) 139(0.874) 154(0.874) 155(0.874) 156(0.874) 157(0.874) 158(0.874) 159(0.874) 174(0.874) 175(0.874) 176(0.874) 177(0.874) 178(0.874) 179(0.874) 193(0.874) 194(0.874) 195(0.900) 196(0.900) 197(0.900) 198(0.874) 199(0.874) 211(0.874) 212(0.874) 213(0.874) 214(0.874) 215(0.900) 216(0.900) 217(0.900) 218(0.900) 219(0.874) 231(0.874) 232(0.874) 233(0.874) 234(0.874) 235(0.900) 236(0.900) 237(0.900) 238(0.900) 239(0.900) 251(0.874) 252(0.874) 253(0.874) 254(0.874) 255(0.900) 256(0.900) 257(0.900) 258(0.900) 259(0.900) 271(0.874) 272(0.874) 273(0.874) 274(0.874) 275(0.874) 276(0.900) 277(0.900) 278(0.900) 279(0.900) 291(0.874) 292(0.874) 293(0.874) 294(0.874) 295(0.874) 296(0.874) 297(0.874) 298(0.900) 299(0.874) 309(0.499) 310(0.499) 311(0.499) 312(0.499) 313(0.874) 314(0.874) 315(0.874) 316(0.800) 317(0.800) 318(0.800) 319(0.800) 327(0.499) 328(0.499) 329(0.499) 330(0.499) 331(0.499) 332(0.499) 333(0.499) 334(0.800) 335(0.800) 336(0.800) 337(0.800) 338(0.800) 339(0.800) 347(0.499) 348(0.499) 349(0.499) 350(0.499) 351(0.499) 352(0.499) 353(0.499) 354(0.800) 355(0.800) 356(0.800) 357(0.800) 358(0.800) 359(0.800) 367(0.499) 368(0.499) 369(0.499) 370(0.499) 371(0.499) 372(0.499) 373(0.499) 374(0.800) 375(0.800) 376(0.800) 377(0.800) 378(0.800) 379(0.800) 387(0.499) 388(0.499) 389(0.499) 390(0.499) 391(0.499) 392(0.499) 393(0.499) 394(0.800) 395(0.800) 396(0.800) 397(0.800) 398(0.800) 399(0.800) 

[EVENT] 1179.772 | event=UAVWaypointArrival | nodeId=402 | cycle=30 | pos=(340.000,180.000,20.000)

[EVENT] 1180.772 | event=UAVWaypointArrival | nodeId=402 | cycle=30 | pos=(360.000,180.000,20.000)

[EVENT] 1185.500 | event=SuspiciousConfidenceSnapshot | 76(0.874) 77(0.874) 78(0.874) 79(0.874) 94(0.874) 95(0.874) 96(0.874) 97(0.874) 98(0.874) 99(0.874) 114(0.874) 115(0.874) 116(0.874) 117(0.874) 118(0.874) 119(0.874) 134(0.874) 135(0.874) 136(0.874) 137(0.874) 138(0.874) 139(0.874) 154(0.874) 155(0.874) 156(0.874) 157(0.874) 158(0.874) 159(0.874) 174(0.874) 175(0.874) 176(0.874) 177(0.874) 178(0.874) 179(0.874) 193(0.874) 194(0.874) 195(0.900) 196(0.900) 197(0.900) 198(0.874) 199(0.874) 211(0.874) 212(0.874) 213(0.874) 214(0.874) 215(0.900) 216(0.900) 217(0.900) 218(0.900) 219(0.874) 231(0.874) 232(0.874) 233(0.874) 234(0.874) 235(0.900) 236(0.900) 237(0.900) 238(0.900) 239(0.900) 251(0.874) 252(0.874) 253(0.874) 254(0.874) 255(0.900) 256(0.900) 257(0.900) 258(0.900) 259(0.900) 271(0.874) 272(0.874) 273(0.874) 274(0.874) 275(0.874) 276(0.900) 277(0.900) 278(0.900) 279(0.900) 291(0.874) 292(0.874) 293(0.874) 294(0.874) 295(0.874) 296(0.874) 297(0.874) 298(0.900) 299(0.874) 309(0.499) 310(0.499) 311(0.499) 312(0.499) 313(0.874) 314(0.874) 315(0.874) 316(0.800) 317(0.800) 318(0.800) 319(0.800) 327(0.499) 328(0.499) 329(0.499) 330(0.499) 331(0.499) 332(0.499) 333(0.499) 334(0.800) 335(0.800) 336(0.800) 337(0.800) 338(0.800) 339(0.800) 347(0.499) 348(0.499) 349(0.499) 350(0.499) 351(0.499) 352(0.499) 353(0.499) 354(0.800) 355(0.800) 356(0.800) 357(0.800) 358(0.800) 359(0.800) 367(0.499) 368(0.499) 369(0.499) 370(0.499) 371(0.499) 372(0.499) 373(0.499) 374(0.800) 375(0.800) 376(0.800) 377(0.800) 378(0.800) 379(0.800) 387(0.499) 388(0.499) 389(0.499) 390(0.499) 391(0.499) 392(0.499) 393(0.499) 394(0.800) 395(0.800) 396(0.800) 397(0.800) 398(0.800) 399(0.800) 

[EVENT] 1188.607 | event=UAVWaypointArrival | nodeId=401 | cycle=1 | pos=(260.000,260.000,20.000)

[EVENT] 1195.500 | event=SuspiciousConfidenceSnapshot | 76(0.874) 77(0.874) 78(0.874) 79(0.874) 94(0.874) 95(0.874) 96(0.874) 97(0.874) 98(0.874) 99(0.874) 114(0.874) 115(0.874) 116(0.874) 117(0.874) 118(0.874) 119(0.874) 134(0.874) 135(0.874) 136(0.874) 137(0.874) 138(0.874) 139(0.874) 154(0.874) 155(0.874) 156(0.874) 157(0.874) 158(0.874) 159(0.874) 174(0.874) 175(0.874) 176(0.874) 177(0.874) 178(0.874) 179(0.874) 193(0.874) 194(0.874) 195(0.900) 196(0.900) 197(0.900) 198(0.874) 199(0.874) 211(0.874) 212(0.874) 213(0.874) 214(0.874) 215(0.900) 216(0.900) 217(0.900) 218(0.900) 219(0.874) 231(0.874) 232(0.874) 233(0.874) 234(0.874) 235(0.900) 236(0.900) 237(0.900) 238(0.900) 239(0.900) 251(0.874) 252(0.874) 253(0.874) 254(0.874) 255(0.900) 256(0.900) 257(0.900) 258(0.900) 259(0.900) 271(0.874) 272(0.874) 273(0.874) 274(0.874) 275(0.874) 276(0.900) 277(0.900) 278(0.900) 279(0.900) 291(0.874) 292(0.874) 293(0.874) 294(0.874) 295(0.874) 296(0.874) 297(0.874) 298(0.900) 299(0.874) 309(0.499) 310(0.499) 311(0.499) 312(0.499) 313(0.874) 314(0.874) 315(0.874) 316(0.800) 317(0.800) 318(0.800) 319(0.800) 327(0.499) 328(0.499) 329(0.499) 330(0.499) 331(0.499) 332(0.499) 333(0.499) 334(0.800) 335(0.800) 336(0.800) 337(0.800) 338(0.800) 339(0.800) 347(0.499) 348(0.499) 349(0.499) 350(0.499) 351(0.499) 352(0.499) 353(0.499) 354(0.800) 355(0.800) 356(0.800) 357(0.800) 358(0.800) 359(0.800) 367(0.499) 368(0.499) 369(0.499) 370(0.499) 371(0.499) 372(0.499) 373(0.499) 374(0.800) 375(0.800) 376(0.800) 377(0.800) 378(0.800) 379(0.800) 387(0.499) 388(0.499) 389(0.499) 390(0.499) 391(0.499) 392(0.499) 393(0.499) 394(0.800) 395(0.800) 396(0.800) 397(0.800) 398(0.800) 399(0.800) 

[EVENT] 1205.500 | event=SuspiciousConfidenceSnapshot | 76(0.874) 77(0.874) 78(0.874) 79(0.874) 94(0.874) 95(0.874) 96(0.874) 97(0.874) 98(0.874) 99(0.874) 114(0.874) 115(0.874) 116(0.874) 117(0.874) 118(0.874) 119(0.874) 134(0.874) 135(0.874) 136(0.874) 137(0.874) 138(0.874) 139(0.874) 154(0.874) 155(0.874) 156(0.874) 157(0.874) 158(0.874) 159(0.874) 174(0.874) 175(0.874) 176(0.874) 177(0.874) 178(0.874) 179(0.874) 193(0.874) 194(0.874) 195(0.900) 196(0.900) 197(0.900) 198(0.874) 199(0.874) 211(0.874) 212(0.874) 213(0.874) 214(0.874) 215(0.900) 216(0.900) 217(0.900) 218(0.900) 219(0.874) 231(0.874) 232(0.874) 233(0.874) 234(0.874) 235(0.900) 236(0.900) 237(0.900) 238(0.900) 239(0.900) 251(0.874) 252(0.874) 253(0.874) 254(0.874) 255(0.900) 256(0.900) 257(0.900) 258(0.900) 259(0.900) 271(0.874) 272(0.874) 273(0.874) 274(0.874) 275(0.874) 276(0.900) 277(0.900) 278(0.900) 279(0.900) 291(0.874) 292(0.874) 293(0.874) 294(0.874) 295(0.874) 296(0.874) 297(0.874) 298(0.900) 299(0.874) 309(0.499) 310(0.499) 311(0.499) 312(0.499) 313(0.874) 314(0.874) 315(0.874) 316(0.800) 317(0.800) 318(0.800) 319(0.800) 327(0.499) 328(0.499) 329(0.499) 330(0.499) 331(0.499) 332(0.499) 333(0.499) 334(0.800) 335(0.800) 336(0.800) 337(0.800) 338(0.800) 339(0.800) 347(0.499) 348(0.499) 349(0.499) 350(0.499) 351(0.499) 352(0.499) 353(0.499) 354(0.800) 355(0.800) 356(0.800) 357(0.800) 358(0.800) 359(0.800) 367(0.499) 368(0.499) 369(0.499) 370(0.499) 371(0.499) 372(0.499) 373(0.499) 374(0.800) 375(0.800) 376(0.800) 377(0.800) 378(0.800) 379(0.800) 387(0.499) 388(0.499) 389(0.499) 390(0.499) 391(0.499) 392(0.499) 393(0.499) 394(0.800) 395(0.800) 396(0.800) 397(0.800) 398(0.800) 399(0.800) 

[EVENT] 1206.220 | event=UAVWaypointArrival | nodeId=401 | cycle=1 | pos=(280.000,260.000,20.000)

[EVENT] 1209.517 | event=UAVWaypointArrival | nodeId=402 | cycle=31 | pos=(270.000,340.000,20.000)

[EVENT] 1212.558 | event=UAVWaypointArrival | nodeId=402 | cycle=31 | pos=(260.000,280.000,20.000)

[EVENT] 1215.500 | event=SuspiciousConfidenceSnapshot | 76(0.874) 77(0.874) 78(0.874) 79(0.874) 94(0.874) 95(0.874) 96(0.874) 97(0.874) 98(0.874) 99(0.874) 114(0.874) 115(0.874) 116(0.874) 117(0.874) 118(0.874) 119(0.874) 134(0.874) 135(0.874) 136(0.874) 137(0.874) 138(0.874) 139(0.874) 154(0.874) 155(0.874) 156(0.874) 157(0.874) 158(0.874) 159(0.874) 174(0.874) 175(0.874) 176(0.874) 177(0.874) 178(0.874) 179(0.874) 193(0.874) 194(0.874) 195(0.900) 196(0.900) 197(0.900) 198(0.874) 199(0.874) 211(0.874) 212(0.874) 213(0.874) 214(0.874) 215(0.900) 216(0.900) 217(0.900) 218(0.900) 219(0.874) 231(0.874) 232(0.874) 233(0.874) 234(0.874) 235(0.900) 236(0.900) 237(0.900) 238(0.900) 239(0.900) 251(0.874) 252(0.874) 253(0.874) 254(0.874) 255(0.900) 256(0.900) 257(0.900) 258(0.900) 259(0.900) 271(0.874) 272(0.874) 273(0.874) 274(0.874) 275(0.874) 276(0.900) 277(0.900) 278(0.900) 279(0.900) 291(0.874) 292(0.874) 293(0.874) 294(0.874) 295(0.874) 296(0.874) 297(0.874) 298(0.900) 299(0.874) 309(0.499) 310(0.499) 311(0.499) 312(0.499) 313(0.874) 314(0.874) 315(0.874) 316(0.800) 317(0.800) 318(0.800) 319(0.800) 327(0.499) 328(0.499) 329(0.499) 330(0.499) 331(0.499) 332(0.499) 333(0.499) 334(0.800) 335(0.800) 336(0.800) 337(0.800) 338(0.800) 339(0.800) 347(0.499) 348(0.499) 349(0.499) 350(0.499) 351(0.499) 352(0.499) 353(0.499) 354(0.800) 355(0.800) 356(0.800) 357(0.800) 358(0.800) 359(0.800) 367(0.499) 368(0.499) 369(0.499) 370(0.499) 371(0.499) 372(0.499) 373(0.499) 374(0.800) 375(0.800) 376(0.800) 377(0.800) 378(0.800) 379(0.800) 387(0.499) 388(0.499) 389(0.499) 390(0.499) 391(0.499) 392(0.499) 393(0.499) 394(0.800) 395(0.800) 396(0.800) 397(0.800) 398(0.800) 399(0.800) 

[EVENT] 1218.961 | event=UAVWaypointArrival | nodeId=402 | cycle=31 | pos=(340.000,180.000,20.000)

[EVENT] 1219.961 | event=UAVWaypointArrival | nodeId=402 | cycle=31 | pos=(360.000,180.000,20.000)

[EVENT] 1223.833 | event=UAVWaypointArrival | nodeId=401 | cycle=1 | pos=(300.000,260.000,20.000)

[EVENT] 1225.500 | event=SuspiciousConfidenceSnapshot | 76(0.874) 77(0.874) 78(0.874) 79(0.874) 94(0.874) 95(0.874) 96(0.874) 97(0.874) 98(0.874) 99(0.874) 114(0.874) 115(0.874) 116(0.874) 117(0.874) 118(0.874) 119(0.874) 134(0.874) 135(0.874) 136(0.874) 137(0.874) 138(0.874) 139(0.874) 154(0.874) 155(0.874) 156(0.874) 157(0.874) 158(0.874) 159(0.874) 174(0.874) 175(0.874) 176(0.874) 177(0.874) 178(0.874) 179(0.874) 193(0.874) 194(0.874) 195(0.900) 196(0.900) 197(0.900) 198(0.874) 199(0.874) 211(0.874) 212(0.874) 213(0.874) 214(0.874) 215(0.900) 216(0.900) 217(0.900) 218(0.900) 219(0.874) 231(0.874) 232(0.874) 233(0.874) 234(0.874) 235(0.900) 236(0.900) 237(0.900) 238(0.900) 239(0.900) 251(0.874) 252(0.874) 253(0.874) 254(0.874) 255(0.900) 256(0.900) 257(0.900) 258(0.900) 259(0.900) 271(0.874) 272(0.874) 273(0.874) 274(0.874) 275(0.874) 276(0.900) 277(0.900) 278(0.900) 279(0.900) 291(0.874) 292(0.874) 293(0.874) 294(0.874) 295(0.874) 296(0.874) 297(0.874) 298(0.900) 299(0.874) 309(0.499) 310(0.499) 311(0.499) 312(0.499) 313(0.874) 314(0.874) 315(0.874) 316(0.800) 317(0.800) 318(0.800) 319(0.800) 327(0.499) 328(0.499) 329(0.499) 330(0.499) 331(0.499) 332(0.499) 333(0.499) 334(0.800) 335(0.800) 336(0.800) 337(0.800) 338(0.800) 339(0.800) 347(0.499) 348(0.499) 349(0.499) 350(0.499) 351(0.499) 352(0.499) 353(0.499) 354(0.800) 355(0.800) 356(0.800) 357(0.800) 358(0.800) 359(0.800) 367(0.499) 368(0.499) 369(0.499) 370(0.499) 371(0.499) 372(0.499) 373(0.499) 374(0.800) 375(0.800) 376(0.800) 377(0.800) 378(0.800) 379(0.800) 387(0.499) 388(0.499) 389(0.499) 390(0.499) 391(0.499) 392(0.499) 393(0.499) 394(0.800) 395(0.800) 396(0.800) 397(0.800) 398(0.800) 399(0.800) 

[EVENT] 1235.500 | event=SuspiciousConfidenceSnapshot | 76(0.874) 77(0.874) 78(0.874) 79(0.874) 94(0.874) 95(0.874) 96(0.874) 97(0.874) 98(0.874) 99(0.874) 114(0.874) 115(0.874) 116(0.874) 117(0.874) 118(0.874) 119(0.874) 134(0.874) 135(0.874) 136(0.874) 137(0.874) 138(0.874) 139(0.874) 154(0.874) 155(0.874) 156(0.874) 157(0.874) 158(0.874) 159(0.874) 174(0.874) 175(0.874) 176(0.874) 177(0.874) 178(0.874) 179(0.874) 193(0.874) 194(0.874) 195(0.900) 196(0.900) 197(0.900) 198(0.874) 199(0.874) 211(0.874) 212(0.874) 213(0.874) 214(0.874) 215(0.900) 216(0.900) 217(0.900) 218(0.900) 219(0.874) 231(0.874) 232(0.874) 233(0.874) 234(0.874) 235(0.900) 236(0.900) 237(0.900) 238(0.900) 239(0.900) 251(0.874) 252(0.874) 253(0.874) 254(0.874) 255(0.900) 256(0.900) 257(0.900) 258(0.900) 259(0.900) 271(0.874) 272(0.874) 273(0.874) 274(0.874) 275(0.874) 276(0.900) 277(0.900) 278(0.900) 279(0.900) 291(0.874) 292(0.874) 293(0.874) 294(0.874) 295(0.874) 296(0.874) 297(0.874) 298(0.900) 299(0.874) 309(0.499) 310(0.499) 311(0.499) 312(0.499) 313(0.874) 314(0.874) 315(0.874) 316(0.800) 317(0.800) 318(0.800) 319(0.800) 327(0.499) 328(0.499) 329(0.499) 330(0.499) 331(0.499) 332(0.499) 333(0.499) 334(0.800) 335(0.800) 336(0.800) 337(0.800) 338(0.800) 339(0.800) 347(0.499) 348(0.499) 349(0.499) 350(0.499) 351(0.499) 352(0.499) 353(0.499) 354(0.800) 355(0.800) 356(0.800) 357(0.800) 358(0.800) 359(0.800) 367(0.499) 368(0.499) 369(0.499) 370(0.499) 371(0.499) 372(0.499) 373(0.499) 374(0.800) 375(0.800) 376(0.800) 377(0.800) 378(0.800) 379(0.800) 387(0.499) 388(0.499) 389(0.499) 390(0.499) 391(0.499) 392(0.499) 393(0.499) 394(0.800) 395(0.800) 396(0.800) 397(0.800) 398(0.800) 399(0.800) 

[EVENT] 1241.447 | event=UAVWaypointArrival | nodeId=401 | cycle=1 | pos=(320.000,260.000,20.000)

[EVENT] 1245.500 | event=SuspiciousConfidenceSnapshot | 76(0.874) 77(0.874) 78(0.874) 79(0.874) 94(0.874) 95(0.874) 96(0.874) 97(0.874) 98(0.874) 99(0.874) 114(0.874) 115(0.874) 116(0.874) 117(0.874) 118(0.874) 119(0.874) 134(0.874) 135(0.874) 136(0.874) 137(0.874) 138(0.874) 139(0.874) 154(0.874) 155(0.874) 156(0.874) 157(0.874) 158(0.874) 159(0.874) 174(0.874) 175(0.874) 176(0.874) 177(0.874) 178(0.874) 179(0.874) 193(0.874) 194(0.874) 195(0.900) 196(0.900) 197(0.900) 198(0.874) 199(0.874) 211(0.874) 212(0.874) 213(0.874) 214(0.874) 215(0.900) 216(0.900) 217(0.900) 218(0.900) 219(0.874) 231(0.874) 232(0.874) 233(0.874) 234(0.874) 235(0.900) 236(0.900) 237(0.900) 238(0.900) 239(0.900) 251(0.874) 252(0.874) 253(0.874) 254(0.874) 255(0.900) 256(0.900) 257(0.900) 258(0.900) 259(0.900) 271(0.874) 272(0.874) 273(0.874) 274(0.874) 275(0.874) 276(0.900) 277(0.900) 278(0.900) 279(0.900) 291(0.874) 292(0.874) 293(0.874) 294(0.874) 295(0.874) 296(0.874) 297(0.874) 298(0.900) 299(0.874) 309(0.499) 310(0.499) 311(0.499) 312(0.499) 313(0.874) 314(0.874) 315(0.874) 316(0.800) 317(0.800) 318(0.800) 319(0.800) 327(0.499) 328(0.499) 329(0.499) 330(0.499) 331(0.499) 332(0.499) 333(0.499) 334(0.800) 335(0.800) 336(0.800) 337(0.800) 338(0.800) 339(0.800) 347(0.499) 348(0.499) 349(0.499) 350(0.499) 351(0.499) 352(0.499) 353(0.499) 354(0.800) 355(0.800) 356(0.800) 357(0.800) 358(0.800) 359(0.800) 367(0.499) 368(0.499) 369(0.499) 370(0.499) 371(0.499) 372(0.499) 373(0.499) 374(0.800) 375(0.800) 376(0.800) 377(0.800) 378(0.800) 379(0.800) 387(0.499) 388(0.499) 389(0.499) 390(0.499) 391(0.499) 392(0.499) 393(0.499) 394(0.800) 395(0.800) 396(0.800) 397(0.800) 398(0.800) 399(0.800) 

[EVENT] 1248.706 | event=UAVWaypointArrival | nodeId=402 | cycle=32 | pos=(270.000,340.000,20.000)

[EVENT] 1251.747 | event=UAVWaypointArrival | nodeId=402 | cycle=32 | pos=(260.000,280.000,20.000)

[EVENT] 1255.500 | event=SuspiciousConfidenceSnapshot | 76(0.874) 77(0.874) 78(0.874) 79(0.874) 94(0.874) 95(0.874) 96(0.874) 97(0.874) 98(0.874) 99(0.874) 114(0.874) 115(0.874) 116(0.874) 117(0.874) 118(0.874) 119(0.874) 134(0.874) 135(0.874) 136(0.874) 137(0.874) 138(0.874) 139(0.874) 154(0.874) 155(0.874) 156(0.874) 157(0.874) 158(0.874) 159(0.874) 174(0.874) 175(0.874) 176(0.874) 177(0.874) 178(0.874) 179(0.874) 193(0.874) 194(0.874) 195(0.900) 196(0.900) 197(0.900) 198(0.874) 199(0.874) 211(0.874) 212(0.874) 213(0.874) 214(0.874) 215(0.900) 216(0.900) 217(0.900) 218(0.900) 219(0.874) 231(0.874) 232(0.874) 233(0.874) 234(0.874) 235(0.900) 236(0.900) 237(0.900) 238(0.900) 239(0.900) 251(0.874) 252(0.874) 253(0.874) 254(0.874) 255(0.900) 256(0.900) 257(0.900) 258(0.900) 259(0.900) 271(0.874) 272(0.874) 273(0.874) 274(0.874) 275(0.874) 276(0.900) 277(0.900) 278(0.900) 279(0.900) 291(0.874) 292(0.874) 293(0.874) 294(0.874) 295(0.874) 296(0.874) 297(0.874) 298(0.900) 299(0.874) 309(0.499) 310(0.499) 311(0.499) 312(0.499) 313(0.874) 314(0.874) 315(0.874) 316(0.800) 317(0.800) 318(0.800) 319(0.800) 327(0.499) 328(0.499) 329(0.499) 330(0.499) 331(0.499) 332(0.499) 333(0.499) 334(0.800) 335(0.800) 336(0.800) 337(0.800) 338(0.800) 339(0.800) 347(0.499) 348(0.499) 349(0.499) 350(0.499) 351(0.499) 352(0.499) 353(0.499) 354(0.800) 355(0.800) 356(0.800) 357(0.800) 358(0.800) 359(0.800) 367(0.499) 368(0.499) 369(0.499) 370(0.499) 371(0.499) 372(0.499) 373(0.499) 374(0.800) 375(0.800) 376(0.800) 377(0.800) 378(0.800) 379(0.800) 387(0.499) 388(0.499) 389(0.499) 390(0.499) 391(0.499) 392(0.499) 393(0.499) 394(0.800) 395(0.800) 396(0.800) 397(0.800) 398(0.800) 399(0.800) 

[EVENT] 1258.150 | event=UAVWaypointArrival | nodeId=402 | cycle=32 | pos=(340.000,180.000,20.000)

[EVENT] 1259.060 | event=UAVWaypointArrival | nodeId=401 | cycle=1 | pos=(320.000,240.000,20.000)

[EVENT] 1259.150 | event=UAVWaypointArrival | nodeId=402 | cycle=32 | pos=(360.000,180.000,20.000)

[EVENT] 1265.500 | event=SuspiciousConfidenceSnapshot | 76(0.874) 77(0.874) 78(0.874) 79(0.874) 94(0.874) 95(0.874) 96(0.874) 97(0.874) 98(0.874) 99(0.874) 114(0.874) 115(0.874) 116(0.874) 117(0.874) 118(0.874) 119(0.874) 134(0.874) 135(0.874) 136(0.874) 137(0.874) 138(0.874) 139(0.874) 154(0.874) 155(0.874) 156(0.874) 157(0.874) 158(0.874) 159(0.874) 174(0.874) 175(0.874) 176(0.874) 177(0.874) 178(0.874) 179(0.874) 193(0.874) 194(0.874) 195(0.900) 196(0.900) 197(0.900) 198(0.874) 199(0.874) 211(0.874) 212(0.874) 213(0.874) 214(0.874) 215(0.900) 216(0.900) 217(0.900) 218(0.900) 219(0.874) 231(0.874) 232(0.874) 233(0.874) 234(0.874) 235(0.900) 236(0.900) 237(0.900) 238(0.900) 239(0.900) 251(0.874) 252(0.874) 253(0.874) 254(0.874) 255(0.900) 256(0.900) 257(0.900) 258(0.900) 259(0.900) 271(0.874) 272(0.874) 273(0.874) 274(0.874) 275(0.874) 276(0.900) 277(0.900) 278(0.900) 279(0.900) 291(0.874) 292(0.874) 293(0.874) 294(0.874) 295(0.874) 296(0.874) 297(0.874) 298(0.900) 299(0.874) 309(0.499) 310(0.499) 311(0.499) 312(0.499) 313(0.874) 314(0.874) 315(0.874) 316(0.800) 317(0.800) 318(0.800) 319(0.800) 327(0.499) 328(0.499) 329(0.499) 330(0.499) 331(0.499) 332(0.499) 333(0.499) 334(0.800) 335(0.800) 336(0.800) 337(0.800) 338(0.800) 339(0.800) 347(0.499) 348(0.499) 349(0.499) 350(0.499) 351(0.499) 352(0.499) 353(0.499) 354(0.800) 355(0.800) 356(0.800) 357(0.800) 358(0.800) 359(0.800) 367(0.499) 368(0.499) 369(0.499) 370(0.499) 371(0.499) 372(0.499) 373(0.499) 374(0.800) 375(0.800) 376(0.800) 377(0.800) 378(0.800) 379(0.800) 387(0.499) 388(0.499) 389(0.499) 390(0.499) 391(0.499) 392(0.499) 393(0.499) 394(0.800) 395(0.800) 396(0.800) 397(0.800) 398(0.800) 399(0.800) 

[EVENT] 1275.500 | event=SuspiciousConfidenceSnapshot | 76(0.874) 77(0.874) 78(0.874) 79(0.874) 94(0.874) 95(0.874) 96(0.874) 97(0.874) 98(0.874) 99(0.874) 114(0.874) 115(0.874) 116(0.874) 117(0.874) 118(0.874) 119(0.874) 134(0.874) 135(0.874) 136(0.874) 137(0.874) 138(0.874) 139(0.874) 154(0.874) 155(0.874) 156(0.874) 157(0.874) 158(0.874) 159(0.874) 174(0.874) 175(0.874) 176(0.874) 177(0.874) 178(0.874) 179(0.874) 193(0.874) 194(0.874) 195(0.900) 196(0.900) 197(0.900) 198(0.874) 199(0.874) 211(0.874) 212(0.874) 213(0.874) 214(0.874) 215(0.900) 216(0.900) 217(0.900) 218(0.900) 219(0.874) 231(0.874) 232(0.874) 233(0.874) 234(0.874) 235(0.900) 236(0.900) 237(0.900) 238(0.900) 239(0.900) 251(0.874) 252(0.874) 253(0.874) 254(0.874) 255(0.900) 256(0.900) 257(0.900) 258(0.900) 259(0.900) 271(0.874) 272(0.874) 273(0.874) 274(0.874) 275(0.874) 276(0.900) 277(0.900) 278(0.900) 279(0.900) 291(0.874) 292(0.874) 293(0.874) 294(0.874) 295(0.874) 296(0.874) 297(0.874) 298(0.900) 299(0.874) 309(0.499) 310(0.499) 311(0.499) 312(0.499) 313(0.874) 314(0.874) 315(0.874) 316(0.800) 317(0.800) 318(0.800) 319(0.800) 327(0.499) 328(0.499) 329(0.499) 330(0.499) 331(0.499) 332(0.499) 333(0.499) 334(0.800) 335(0.800) 336(0.800) 337(0.800) 338(0.800) 339(0.800) 347(0.499) 348(0.499) 349(0.499) 350(0.499) 351(0.499) 352(0.499) 353(0.499) 354(0.800) 355(0.800) 356(0.800) 357(0.800) 358(0.800) 359(0.800) 367(0.499) 368(0.499) 369(0.499) 370(0.499) 371(0.499) 372(0.499) 373(0.499) 374(0.800) 375(0.800) 376(0.800) 377(0.800) 378(0.800) 379(0.800) 387(0.499) 388(0.499) 389(0.499) 390(0.499) 391(0.499) 392(0.499) 393(0.499) 394(0.800) 395(0.800) 396(0.800) 397(0.800) 398(0.800) 399(0.800) 

[EVENT] 1276.673 | event=UAVWaypointArrival | nodeId=401 | cycle=1 | pos=(340.000,240.000,20.000)

[EVENT] 1285.500 | event=SuspiciousConfidenceSnapshot | 76(0.874) 77(0.874) 78(0.874) 79(0.874) 94(0.874) 95(0.874) 96(0.874) 97(0.874) 98(0.874) 99(0.874) 114(0.874) 115(0.874) 116(0.874) 117(0.874) 118(0.874) 119(0.874) 134(0.874) 135(0.874) 136(0.874) 137(0.874) 138(0.874) 139(0.874) 154(0.874) 155(0.874) 156(0.874) 157(0.874) 158(0.874) 159(0.874) 174(0.874) 175(0.874) 176(0.874) 177(0.874) 178(0.874) 179(0.874) 193(0.874) 194(0.874) 195(0.900) 196(0.900) 197(0.900) 198(0.874) 199(0.874) 211(0.874) 212(0.874) 213(0.874) 214(0.874) 215(0.900) 216(0.900) 217(0.900) 218(0.900) 219(0.874) 231(0.874) 232(0.874) 233(0.874) 234(0.874) 235(0.900) 236(0.900) 237(0.900) 238(0.900) 239(0.900) 251(0.874) 252(0.874) 253(0.874) 254(0.874) 255(0.900) 256(0.900) 257(0.900) 258(0.900) 259(0.900) 271(0.874) 272(0.874) 273(0.874) 274(0.874) 275(0.874) 276(0.900) 277(0.900) 278(0.900) 279(0.900) 291(0.874) 292(0.874) 293(0.874) 294(0.874) 295(0.874) 296(0.874) 297(0.874) 298(0.900) 299(0.874) 309(0.499) 310(0.499) 311(0.499) 312(0.499) 313(0.874) 314(0.874) 315(0.874) 316(0.800) 317(0.800) 318(0.800) 319(0.800) 327(0.499) 328(0.499) 329(0.499) 330(0.499) 331(0.499) 332(0.499) 333(0.499) 334(0.800) 335(0.800) 336(0.800) 337(0.800) 338(0.800) 339(0.800) 347(0.499) 348(0.499) 349(0.499) 350(0.499) 351(0.499) 352(0.499) 353(0.499) 354(0.800) 355(0.800) 356(0.800) 357(0.800) 358(0.800) 359(0.800) 367(0.499) 368(0.499) 369(0.499) 370(0.499) 371(0.499) 372(0.499) 373(0.499) 374(0.800) 375(0.800) 376(0.800) 377(0.800) 378(0.800) 379(0.800) 387(0.499) 388(0.499) 389(0.499) 390(0.499) 391(0.499) 392(0.499) 393(0.499) 394(0.800) 395(0.800) 396(0.800) 397(0.800) 398(0.800) 399(0.800) 

[EVENT] 1287.895 | event=UAVWaypointArrival | nodeId=402 | cycle=33 | pos=(270.000,340.000,20.000)

[EVENT] 1290.936 | event=UAVWaypointArrival | nodeId=402 | cycle=33 | pos=(260.000,280.000,20.000)

[EVENT] 1294.287 | event=UAVWaypointArrival | nodeId=401 | cycle=1 | pos=(360.000,240.000,20.000)

[EVENT] 1295.500 | event=SuspiciousConfidenceSnapshot | 76(0.874) 77(0.874) 78(0.874) 79(0.874) 94(0.874) 95(0.874) 96(0.874) 97(0.874) 98(0.874) 99(0.874) 114(0.874) 115(0.874) 116(0.874) 117(0.874) 118(0.874) 119(0.874) 134(0.874) 135(0.874) 136(0.874) 137(0.874) 138(0.874) 139(0.874) 154(0.874) 155(0.874) 156(0.874) 157(0.874) 158(0.874) 159(0.874) 174(0.874) 175(0.874) 176(0.874) 177(0.874) 178(0.874) 179(0.874) 193(0.874) 194(0.874) 195(0.900) 196(0.900) 197(0.900) 198(0.874) 199(0.874) 211(0.874) 212(0.874) 213(0.874) 214(0.874) 215(0.900) 216(0.900) 217(0.900) 218(0.900) 219(0.874) 231(0.874) 232(0.874) 233(0.874) 234(0.874) 235(0.900) 236(0.900) 237(0.900) 238(0.900) 239(0.900) 251(0.874) 252(0.874) 253(0.874) 254(0.874) 255(0.900) 256(0.900) 257(0.900) 258(0.900) 259(0.900) 271(0.874) 272(0.874) 273(0.874) 274(0.874) 275(0.874) 276(0.900) 277(0.900) 278(0.900) 279(0.900) 291(0.874) 292(0.874) 293(0.874) 294(0.874) 295(0.874) 296(0.874) 297(0.874) 298(0.900) 299(0.874) 309(0.499) 310(0.499) 311(0.499) 312(0.499) 313(0.874) 314(0.874) 315(0.874) 316(0.800) 317(0.800) 318(0.800) 319(0.800) 327(0.499) 328(0.499) 329(0.499) 330(0.499) 331(0.499) 332(0.499) 333(0.499) 334(0.800) 335(0.800) 336(0.800) 337(0.800) 338(0.800) 339(0.800) 347(0.499) 348(0.499) 349(0.499) 350(0.499) 351(0.499) 352(0.499) 353(0.499) 354(0.800) 355(0.800) 356(0.800) 357(0.800) 358(0.800) 359(0.800) 367(0.499) 368(0.499) 369(0.499) 370(0.499) 371(0.499) 372(0.499) 373(0.499) 374(0.800) 375(0.800) 376(0.800) 377(0.800) 378(0.800) 379(0.800) 387(0.499) 388(0.499) 389(0.499) 390(0.499) 391(0.499) 392(0.499) 393(0.499) 394(0.800) 395(0.800) 396(0.800) 397(0.800) 398(0.800) 399(0.800) 

[EVENT] 1297.339 | event=UAVWaypointArrival | nodeId=402 | cycle=33 | pos=(340.000,180.000,20.000)

[EVENT] 1298.339 | event=UAVWaypointArrival | nodeId=402 | cycle=33 | pos=(360.000,180.000,20.000)

[EVENT] 1305.500 | event=SuspiciousConfidenceSnapshot | 76(0.874) 77(0.874) 78(0.874) 79(0.874) 94(0.874) 95(0.874) 96(0.874) 97(0.874) 98(0.874) 99(0.874) 114(0.874) 115(0.874) 116(0.874) 117(0.874) 118(0.874) 119(0.874) 134(0.874) 135(0.874) 136(0.874) 137(0.874) 138(0.874) 139(0.874) 154(0.874) 155(0.874) 156(0.874) 157(0.874) 158(0.874) 159(0.874) 174(0.874) 175(0.874) 176(0.874) 177(0.874) 178(0.874) 179(0.874) 193(0.874) 194(0.874) 195(0.900) 196(0.900) 197(0.900) 198(0.874) 199(0.874) 211(0.874) 212(0.874) 213(0.874) 214(0.874) 215(0.900) 216(0.900) 217(0.900) 218(0.900) 219(0.874) 231(0.874) 232(0.874) 233(0.874) 234(0.874) 235(0.900) 236(0.900) 237(0.900) 238(0.900) 239(0.900) 251(0.874) 252(0.874) 253(0.874) 254(0.874) 255(0.900) 256(0.900) 257(0.900) 258(0.900) 259(0.900) 271(0.874) 272(0.874) 273(0.874) 274(0.874) 275(0.874) 276(0.900) 277(0.900) 278(0.900) 279(0.900) 291(0.874) 292(0.874) 293(0.874) 294(0.874) 295(0.874) 296(0.874) 297(0.874) 298(0.900) 299(0.874) 309(0.499) 310(0.499) 311(0.499) 312(0.499) 313(0.874) 314(0.874) 315(0.874) 316(0.800) 317(0.800) 318(0.800) 319(0.800) 327(0.499) 328(0.499) 329(0.499) 330(0.499) 331(0.499) 332(0.499) 333(0.499) 334(0.800) 335(0.800) 336(0.800) 337(0.800) 338(0.800) 339(0.800) 347(0.499) 348(0.499) 349(0.499) 350(0.499) 351(0.499) 352(0.499) 353(0.499) 354(0.800) 355(0.800) 356(0.800) 357(0.800) 358(0.800) 359(0.800) 367(0.499) 368(0.499) 369(0.499) 370(0.499) 371(0.499) 372(0.499) 373(0.499) 374(0.800) 375(0.800) 376(0.800) 377(0.800) 378(0.800) 379(0.800) 387(0.499) 388(0.499) 389(0.499) 390(0.499) 391(0.499) 392(0.499) 393(0.499) 394(0.800) 395(0.800) 396(0.800) 397(0.800) 398(0.800) 399(0.800) 

[EVENT] 1311.900 | event=UAVWaypointArrival | nodeId=401 | cycle=1 | pos=(380.000,240.000,20.000)

[EVENT] 1315.500 | event=SuspiciousConfidenceSnapshot | 76(0.874) 77(0.874) 78(0.874) 79(0.874) 94(0.874) 95(0.874) 96(0.874) 97(0.874) 98(0.874) 99(0.874) 114(0.874) 115(0.874) 116(0.874) 117(0.874) 118(0.874) 119(0.874) 134(0.874) 135(0.874) 136(0.874) 137(0.874) 138(0.874) 139(0.874) 154(0.874) 155(0.874) 156(0.874) 157(0.874) 158(0.874) 159(0.874) 174(0.874) 175(0.874) 176(0.874) 177(0.874) 178(0.874) 179(0.874) 193(0.874) 194(0.874) 195(0.900) 196(0.900) 197(0.900) 198(0.874) 199(0.874) 211(0.874) 212(0.874) 213(0.874) 214(0.874) 215(0.900) 216(0.900) 217(0.900) 218(0.900) 219(0.874) 231(0.874) 232(0.874) 233(0.874) 234(0.874) 235(0.900) 236(0.900) 237(0.900) 238(0.900) 239(0.900) 251(0.874) 252(0.874) 253(0.874) 254(0.874) 255(0.900) 256(0.900) 257(0.900) 258(0.900) 259(0.900) 271(0.874) 272(0.874) 273(0.874) 274(0.874) 275(0.874) 276(0.900) 277(0.900) 278(0.900) 279(0.900) 291(0.874) 292(0.874) 293(0.874) 294(0.874) 295(0.874) 296(0.874) 297(0.874) 298(0.900) 299(0.874) 309(0.499) 310(0.499) 311(0.499) 312(0.499) 313(0.874) 314(0.874) 315(0.874) 316(0.800) 317(0.800) 318(0.800) 319(0.800) 327(0.499) 328(0.499) 329(0.499) 330(0.499) 331(0.499) 332(0.499) 333(0.499) 334(0.800) 335(0.800) 336(0.800) 337(0.800) 338(0.800) 339(0.800) 347(0.499) 348(0.499) 349(0.499) 350(0.499) 351(0.499) 352(0.499) 353(0.499) 354(0.800) 355(0.800) 356(0.800) 357(0.800) 358(0.800) 359(0.800) 367(0.499) 368(0.499) 369(0.499) 370(0.499) 371(0.499) 372(0.499) 373(0.499) 374(0.800) 375(0.800) 376(0.800) 377(0.800) 378(0.800) 379(0.800) 387(0.499) 388(0.499) 389(0.499) 390(0.499) 391(0.499) 392(0.499) 393(0.499) 394(0.800) 395(0.800) 396(0.800) 397(0.800) 398(0.800) 399(0.800) 

[EVENT] 1325.500 | event=SuspiciousConfidenceSnapshot | 76(0.874) 77(0.874) 78(0.874) 79(0.874) 94(0.874) 95(0.874) 96(0.874) 97(0.874) 98(0.874) 99(0.874) 114(0.874) 115(0.874) 116(0.874) 117(0.874) 118(0.874) 119(0.874) 134(0.874) 135(0.874) 136(0.874) 137(0.874) 138(0.874) 139(0.874) 154(0.874) 155(0.874) 156(0.874) 157(0.874) 158(0.874) 159(0.874) 174(0.874) 175(0.874) 176(0.874) 177(0.874) 178(0.874) 179(0.874) 193(0.874) 194(0.874) 195(0.900) 196(0.900) 197(0.900) 198(0.874) 199(0.874) 211(0.874) 212(0.874) 213(0.874) 214(0.874) 215(0.900) 216(0.900) 217(0.900) 218(0.900) 219(0.874) 231(0.874) 232(0.874) 233(0.874) 234(0.874) 235(0.900) 236(0.900) 237(0.900) 238(0.900) 239(0.900) 251(0.874) 252(0.874) 253(0.874) 254(0.874) 255(0.900) 256(0.900) 257(0.900) 258(0.900) 259(0.900) 271(0.874) 272(0.874) 273(0.874) 274(0.874) 275(0.874) 276(0.900) 277(0.900) 278(0.900) 279(0.900) 291(0.874) 292(0.874) 293(0.874) 294(0.874) 295(0.874) 296(0.874) 297(0.874) 298(0.900) 299(0.874) 309(0.499) 310(0.499) 311(0.499) 312(0.499) 313(0.874) 314(0.874) 315(0.874) 316(0.800) 317(0.800) 318(0.800) 319(0.800) 327(0.499) 328(0.499) 329(0.499) 330(0.499) 331(0.499) 332(0.499) 333(0.499) 334(0.800) 335(0.800) 336(0.800) 337(0.800) 338(0.800) 339(0.800) 347(0.499) 348(0.499) 349(0.499) 350(0.499) 351(0.499) 352(0.499) 353(0.499) 354(0.800) 355(0.800) 356(0.800) 357(0.800) 358(0.800) 359(0.800) 367(0.499) 368(0.499) 369(0.499) 370(0.499) 371(0.499) 372(0.499) 373(0.499) 374(0.800) 375(0.800) 376(0.800) 377(0.800) 378(0.800) 379(0.800) 387(0.499) 388(0.499) 389(0.499) 390(0.499) 391(0.499) 392(0.499) 393(0.499) 394(0.800) 395(0.800) 396(0.800) 397(0.800) 398(0.800) 399(0.800) 

[EVENT] 1327.084 | event=UAVWaypointArrival | nodeId=402 | cycle=34 | pos=(270.000,340.000,20.000)

[EVENT] 1329.514 | event=UAVWaypointArrival | nodeId=401 | cycle=1 | pos=(380.000,260.000,20.000)

[EVENT] 1330.125 | event=UAVWaypointArrival | nodeId=402 | cycle=34 | pos=(260.000,280.000,20.000)

[EVENT] 1335.500 | event=SuspiciousConfidenceSnapshot | 76(0.874) 77(0.874) 78(0.874) 79(0.874) 94(0.874) 95(0.874) 96(0.874) 97(0.874) 98(0.874) 99(0.874) 114(0.874) 115(0.874) 116(0.874) 117(0.874) 118(0.874) 119(0.874) 134(0.874) 135(0.874) 136(0.874) 137(0.874) 138(0.874) 139(0.874) 154(0.874) 155(0.874) 156(0.874) 157(0.874) 158(0.874) 159(0.874) 174(0.874) 175(0.874) 176(0.874) 177(0.874) 178(0.874) 179(0.874) 193(0.874) 194(0.874) 195(0.900) 196(0.900) 197(0.900) 198(0.874) 199(0.874) 211(0.874) 212(0.874) 213(0.874) 214(0.874) 215(0.900) 216(0.900) 217(0.900) 218(0.900) 219(0.874) 231(0.874) 232(0.874) 233(0.874) 234(0.874) 235(0.900) 236(0.900) 237(0.900) 238(0.900) 239(0.900) 251(0.874) 252(0.874) 253(0.874) 254(0.874) 255(0.900) 256(0.900) 257(0.900) 258(0.900) 259(0.900) 271(0.874) 272(0.874) 273(0.874) 274(0.874) 275(0.874) 276(0.900) 277(0.900) 278(0.900) 279(0.900) 291(0.874) 292(0.874) 293(0.874) 294(0.874) 295(0.874) 296(0.874) 297(0.874) 298(0.900) 299(0.874) 309(0.499) 310(0.499) 311(0.499) 312(0.499) 313(0.874) 314(0.874) 315(0.874) 316(0.800) 317(0.800) 318(0.800) 319(0.800) 327(0.499) 328(0.499) 329(0.499) 330(0.499) 331(0.499) 332(0.499) 333(0.499) 334(0.800) 335(0.800) 336(0.800) 337(0.800) 338(0.800) 339(0.800) 347(0.499) 348(0.499) 349(0.499) 350(0.499) 351(0.499) 352(0.499) 353(0.499) 354(0.800) 355(0.800) 356(0.800) 357(0.800) 358(0.800) 359(0.800) 367(0.499) 368(0.499) 369(0.499) 370(0.499) 371(0.499) 372(0.499) 373(0.499) 374(0.800) 375(0.800) 376(0.800) 377(0.800) 378(0.800) 379(0.800) 387(0.499) 388(0.499) 389(0.499) 390(0.499) 391(0.499) 392(0.499) 393(0.499) 394(0.800) 395(0.800) 396(0.800) 397(0.800) 398(0.800) 399(0.800) 

[EVENT] 1336.528 | event=UAVWaypointArrival | nodeId=402 | cycle=34 | pos=(340.000,180.000,20.000)

[EVENT] 1337.528 | event=UAVWaypointArrival | nodeId=402 | cycle=34 | pos=(360.000,180.000,20.000)

[EVENT] 1345.500 | event=SuspiciousConfidenceSnapshot | 76(0.874) 77(0.874) 78(0.874) 79(0.874) 94(0.874) 95(0.874) 96(0.874) 97(0.874) 98(0.874) 99(0.874) 114(0.874) 115(0.874) 116(0.874) 117(0.874) 118(0.874) 119(0.874) 134(0.874) 135(0.874) 136(0.874) 137(0.874) 138(0.874) 139(0.874) 154(0.874) 155(0.874) 156(0.874) 157(0.874) 158(0.874) 159(0.874) 174(0.874) 175(0.874) 176(0.874) 177(0.874) 178(0.874) 179(0.874) 193(0.874) 194(0.874) 195(0.900) 196(0.900) 197(0.900) 198(0.874) 199(0.874) 211(0.874) 212(0.874) 213(0.874) 214(0.874) 215(0.900) 216(0.900) 217(0.900) 218(0.900) 219(0.874) 231(0.874) 232(0.874) 233(0.874) 234(0.874) 235(0.900) 236(0.900) 237(0.900) 238(0.900) 239(0.900) 251(0.874) 252(0.874) 253(0.874) 254(0.874) 255(0.900) 256(0.900) 257(0.900) 258(0.900) 259(0.900) 271(0.874) 272(0.874) 273(0.874) 274(0.874) 275(0.874) 276(0.900) 277(0.900) 278(0.900) 279(0.900) 291(0.874) 292(0.874) 293(0.874) 294(0.874) 295(0.874) 296(0.874) 297(0.874) 298(0.900) 299(0.874) 309(0.499) 310(0.499) 311(0.499) 312(0.499) 313(0.874) 314(0.874) 315(0.874) 316(0.800) 317(0.800) 318(0.800) 319(0.800) 327(0.499) 328(0.499) 329(0.499) 330(0.499) 331(0.499) 332(0.499) 333(0.499) 334(0.800) 335(0.800) 336(0.800) 337(0.800) 338(0.800) 339(0.800) 347(0.499) 348(0.499) 349(0.499) 350(0.499) 351(0.499) 352(0.499) 353(0.499) 354(0.800) 355(0.800) 356(0.800) 357(0.800) 358(0.800) 359(0.800) 367(0.499) 368(0.499) 369(0.499) 370(0.499) 371(0.499) 372(0.499) 373(0.499) 374(0.800) 375(0.800) 376(0.800) 377(0.800) 378(0.800) 379(0.800) 387(0.499) 388(0.499) 389(0.499) 390(0.499) 391(0.499) 392(0.499) 393(0.499) 394(0.800) 395(0.800) 396(0.800) 397(0.800) 398(0.800) 399(0.800) 

[EVENT] 1347.127 | event=UAVWaypointArrival | nodeId=401 | cycle=1 | pos=(360.000,260.000,20.000)

[EVENT] 1355.500 | event=SuspiciousConfidenceSnapshot | 76(0.874) 77(0.874) 78(0.874) 79(0.874) 94(0.874) 95(0.874) 96(0.874) 97(0.874) 98(0.874) 99(0.874) 114(0.874) 115(0.874) 116(0.874) 117(0.874) 118(0.874) 119(0.874) 134(0.874) 135(0.874) 136(0.874) 137(0.874) 138(0.874) 139(0.874) 154(0.874) 155(0.874) 156(0.874) 157(0.874) 158(0.874) 159(0.874) 174(0.874) 175(0.874) 176(0.874) 177(0.874) 178(0.874) 179(0.874) 193(0.874) 194(0.874) 195(0.900) 196(0.900) 197(0.900) 198(0.874) 199(0.874) 211(0.874) 212(0.874) 213(0.874) 214(0.874) 215(0.900) 216(0.900) 217(0.900) 218(0.900) 219(0.874) 231(0.874) 232(0.874) 233(0.874) 234(0.874) 235(0.900) 236(0.900) 237(0.900) 238(0.900) 239(0.900) 251(0.874) 252(0.874) 253(0.874) 254(0.874) 255(0.900) 256(0.900) 257(0.900) 258(0.900) 259(0.900) 271(0.874) 272(0.874) 273(0.874) 274(0.874) 275(0.874) 276(0.900) 277(0.900) 278(0.900) 279(0.900) 291(0.874) 292(0.874) 293(0.874) 294(0.874) 295(0.874) 296(0.874) 297(0.874) 298(0.900) 299(0.874) 309(0.499) 310(0.499) 311(0.499) 312(0.499) 313(0.874) 314(0.874) 315(0.874) 316(0.800) 317(0.800) 318(0.800) 319(0.800) 327(0.499) 328(0.499) 329(0.499) 330(0.499) 331(0.499) 332(0.499) 333(0.499) 334(0.800) 335(0.800) 336(0.800) 337(0.800) 338(0.800) 339(0.800) 347(0.499) 348(0.499) 349(0.499) 350(0.499) 351(0.499) 352(0.499) 353(0.499) 354(0.800) 355(0.800) 356(0.800) 357(0.800) 358(0.800) 359(0.800) 367(0.499) 368(0.499) 369(0.499) 370(0.499) 371(0.499) 372(0.499) 373(0.499) 374(0.800) 375(0.800) 376(0.800) 377(0.800) 378(0.800) 379(0.800) 387(0.499) 388(0.499) 389(0.499) 390(0.499) 391(0.499) 392(0.499) 393(0.499) 394(0.800) 395(0.800) 396(0.800) 397(0.800) 398(0.800) 399(0.800) 

[EVENT] 1364.740 | event=UAVWaypointArrival | nodeId=401 | cycle=1 | pos=(340.000,260.000,20.000)

[EVENT] 1365.500 | event=SuspiciousConfidenceSnapshot | 76(0.874) 77(0.874) 78(0.874) 79(0.874) 94(0.874) 95(0.874) 96(0.874) 97(0.874) 98(0.874) 99(0.874) 114(0.874) 115(0.874) 116(0.874) 117(0.874) 118(0.874) 119(0.874) 134(0.874) 135(0.874) 136(0.874) 137(0.874) 138(0.874) 139(0.874) 154(0.874) 155(0.874) 156(0.874) 157(0.874) 158(0.874) 159(0.874) 174(0.874) 175(0.874) 176(0.874) 177(0.874) 178(0.874) 179(0.874) 193(0.874) 194(0.874) 195(0.900) 196(0.900) 197(0.900) 198(0.874) 199(0.874) 211(0.874) 212(0.874) 213(0.874) 214(0.874) 215(0.900) 216(0.900) 217(0.900) 218(0.900) 219(0.874) 231(0.874) 232(0.874) 233(0.874) 234(0.874) 235(0.900) 236(0.900) 237(0.900) 238(0.900) 239(0.900) 251(0.874) 252(0.874) 253(0.874) 254(0.874) 255(0.900) 256(0.900) 257(0.900) 258(0.900) 259(0.900) 271(0.874) 272(0.874) 273(0.874) 274(0.874) 275(0.874) 276(0.900) 277(0.900) 278(0.900) 279(0.900) 291(0.874) 292(0.874) 293(0.874) 294(0.874) 295(0.874) 296(0.874) 297(0.874) 298(0.900) 299(0.874) 309(0.499) 310(0.499) 311(0.499) 312(0.499) 313(0.874) 314(0.874) 315(0.874) 316(0.800) 317(0.800) 318(0.800) 319(0.800) 327(0.499) 328(0.499) 329(0.499) 330(0.499) 331(0.499) 332(0.499) 333(0.499) 334(0.800) 335(0.800) 336(0.800) 337(0.800) 338(0.800) 339(0.800) 347(0.499) 348(0.499) 349(0.499) 350(0.499) 351(0.499) 352(0.499) 353(0.499) 354(0.800) 355(0.800) 356(0.800) 357(0.800) 358(0.800) 359(0.800) 367(0.499) 368(0.499) 369(0.499) 370(0.499) 371(0.499) 372(0.499) 373(0.499) 374(0.800) 375(0.800) 376(0.800) 377(0.800) 378(0.800) 379(0.800) 387(0.499) 388(0.499) 389(0.499) 390(0.499) 391(0.499) 392(0.499) 393(0.499) 394(0.800) 395(0.800) 396(0.800) 397(0.800) 398(0.800) 399(0.800) 

[EVENT] 1366.273 | event=UAVWaypointArrival | nodeId=402 | cycle=35 | pos=(270.000,340.000,20.000)

[EVENT] 1369.314 | event=UAVWaypointArrival | nodeId=402 | cycle=35 | pos=(260.000,280.000,20.000)

[EVENT] 1375.500 | event=SuspiciousConfidenceSnapshot | 76(0.874) 77(0.874) 78(0.874) 79(0.874) 94(0.874) 95(0.874) 96(0.874) 97(0.874) 98(0.874) 99(0.874) 114(0.874) 115(0.874) 116(0.874) 117(0.874) 118(0.874) 119(0.874) 134(0.874) 135(0.874) 136(0.874) 137(0.874) 138(0.874) 139(0.874) 154(0.874) 155(0.874) 156(0.874) 157(0.874) 158(0.874) 159(0.874) 174(0.874) 175(0.874) 176(0.874) 177(0.874) 178(0.874) 179(0.874) 193(0.874) 194(0.874) 195(0.900) 196(0.900) 197(0.900) 198(0.874) 199(0.874) 211(0.874) 212(0.874) 213(0.874) 214(0.874) 215(0.900) 216(0.900) 217(0.900) 218(0.900) 219(0.874) 231(0.874) 232(0.874) 233(0.874) 234(0.874) 235(0.900) 236(0.900) 237(0.900) 238(0.900) 239(0.900) 251(0.874) 252(0.874) 253(0.874) 254(0.874) 255(0.900) 256(0.900) 257(0.900) 258(0.900) 259(0.900) 271(0.874) 272(0.874) 273(0.874) 274(0.874) 275(0.874) 276(0.900) 277(0.900) 278(0.900) 279(0.900) 291(0.874) 292(0.874) 293(0.874) 294(0.874) 295(0.874) 296(0.874) 297(0.874) 298(0.900) 299(0.874) 309(0.499) 310(0.499) 311(0.499) 312(0.499) 313(0.874) 314(0.874) 315(0.874) 316(0.800) 317(0.800) 318(0.800) 319(0.800) 327(0.499) 328(0.499) 329(0.499) 330(0.499) 331(0.499) 332(0.499) 333(0.499) 334(0.800) 335(0.800) 336(0.800) 337(0.800) 338(0.800) 339(0.800) 347(0.499) 348(0.499) 349(0.499) 350(0.499) 351(0.499) 352(0.499) 353(0.499) 354(0.800) 355(0.800) 356(0.800) 357(0.800) 358(0.800) 359(0.800) 367(0.499) 368(0.499) 369(0.499) 370(0.499) 371(0.499) 372(0.499) 373(0.499) 374(0.800) 375(0.800) 376(0.800) 377(0.800) 378(0.800) 379(0.800) 387(0.499) 388(0.499) 389(0.499) 390(0.499) 391(0.499) 392(0.499) 393(0.499) 394(0.800) 395(0.800) 396(0.800) 397(0.800) 398(0.800) 399(0.800) 

[EVENT] 1375.717 | event=UAVWaypointArrival | nodeId=402 | cycle=35 | pos=(340.000,180.000,20.000)

[EVENT] 1376.717 | event=UAVWaypointArrival | nodeId=402 | cycle=35 | pos=(360.000,180.000,20.000)

[EVENT] 1382.354 | event=UAVWaypointArrival | nodeId=401 | cycle=1 | pos=(340.000,280.000,20.000)

[EVENT] 1385.500 | event=SuspiciousConfidenceSnapshot | 76(0.874) 77(0.874) 78(0.874) 79(0.874) 94(0.874) 95(0.874) 96(0.874) 97(0.874) 98(0.874) 99(0.874) 114(0.874) 115(0.874) 116(0.874) 117(0.874) 118(0.874) 119(0.874) 134(0.874) 135(0.874) 136(0.874) 137(0.874) 138(0.874) 139(0.874) 154(0.874) 155(0.874) 156(0.874) 157(0.874) 158(0.874) 159(0.874) 174(0.874) 175(0.874) 176(0.874) 177(0.874) 178(0.874) 179(0.874) 193(0.874) 194(0.874) 195(0.900) 196(0.900) 197(0.900) 198(0.874) 199(0.874) 211(0.874) 212(0.874) 213(0.874) 214(0.874) 215(0.900) 216(0.900) 217(0.900) 218(0.900) 219(0.874) 231(0.874) 232(0.874) 233(0.874) 234(0.874) 235(0.900) 236(0.900) 237(0.900) 238(0.900) 239(0.900) 251(0.874) 252(0.874) 253(0.874) 254(0.874) 255(0.900) 256(0.900) 257(0.900) 258(0.900) 259(0.900) 271(0.874) 272(0.874) 273(0.874) 274(0.874) 275(0.874) 276(0.900) 277(0.900) 278(0.900) 279(0.900) 291(0.874) 292(0.874) 293(0.874) 294(0.874) 295(0.874) 296(0.874) 297(0.874) 298(0.900) 299(0.874) 309(0.499) 310(0.499) 311(0.499) 312(0.499) 313(0.874) 314(0.874) 315(0.874) 316(0.800) 317(0.800) 318(0.800) 319(0.800) 327(0.499) 328(0.499) 329(0.499) 330(0.499) 331(0.499) 332(0.499) 333(0.499) 334(0.800) 335(0.800) 336(0.800) 337(0.800) 338(0.800) 339(0.800) 347(0.499) 348(0.499) 349(0.499) 350(0.499) 351(0.499) 352(0.499) 353(0.499) 354(0.800) 355(0.800) 356(0.800) 357(0.800) 358(0.800) 359(0.800) 367(0.499) 368(0.499) 369(0.499) 370(0.499) 371(0.499) 372(0.499) 373(0.499) 374(0.800) 375(0.800) 376(0.800) 377(0.800) 378(0.800) 379(0.800) 387(0.499) 388(0.499) 389(0.499) 390(0.499) 391(0.499) 392(0.499) 393(0.499) 394(0.800) 395(0.800) 396(0.800) 397(0.800) 398(0.800) 399(0.800) 

[EVENT] 1395.500 | event=SuspiciousConfidenceSnapshot | 76(0.874) 77(0.874) 78(0.874) 79(0.874) 94(0.874) 95(0.874) 96(0.874) 97(0.874) 98(0.874) 99(0.874) 114(0.874) 115(0.874) 116(0.874) 117(0.874) 118(0.874) 119(0.874) 134(0.874) 135(0.874) 136(0.874) 137(0.874) 138(0.874) 139(0.874) 154(0.874) 155(0.874) 156(0.874) 157(0.874) 158(0.874) 159(0.874) 174(0.874) 175(0.874) 176(0.874) 177(0.874) 178(0.874) 179(0.874) 193(0.874) 194(0.874) 195(0.900) 196(0.900) 197(0.900) 198(0.874) 199(0.874) 211(0.874) 212(0.874) 213(0.874) 214(0.874) 215(0.900) 216(0.900) 217(0.900) 218(0.900) 219(0.874) 231(0.874) 232(0.874) 233(0.874) 234(0.874) 235(0.900) 236(0.900) 237(0.900) 238(0.900) 239(0.900) 251(0.874) 252(0.874) 253(0.874) 254(0.874) 255(0.900) 256(0.900) 257(0.900) 258(0.900) 259(0.900) 271(0.874) 272(0.874) 273(0.874) 274(0.874) 275(0.874) 276(0.900) 277(0.900) 278(0.900) 279(0.900) 291(0.874) 292(0.874) 293(0.874) 294(0.874) 295(0.874) 296(0.874) 297(0.874) 298(0.900) 299(0.874) 309(0.499) 310(0.499) 311(0.499) 312(0.499) 313(0.874) 314(0.874) 315(0.874) 316(0.800) 317(0.800) 318(0.800) 319(0.800) 327(0.499) 328(0.499) 329(0.499) 330(0.499) 331(0.499) 332(0.499) 333(0.499) 334(0.800) 335(0.800) 336(0.800) 337(0.800) 338(0.800) 339(0.800) 347(0.499) 348(0.499) 349(0.499) 350(0.499) 351(0.499) 352(0.499) 353(0.499) 354(0.800) 355(0.800) 356(0.800) 357(0.800) 358(0.800) 359(0.800) 367(0.499) 368(0.499) 369(0.499) 370(0.499) 371(0.499) 372(0.499) 373(0.499) 374(0.800) 375(0.800) 376(0.800) 377(0.800) 378(0.800) 379(0.800) 387(0.499) 388(0.499) 389(0.499) 390(0.499) 391(0.499) 392(0.499) 393(0.499) 394(0.800) 395(0.800) 396(0.800) 397(0.800) 398(0.800) 399(0.800) 

[EVENT] 1399.967 | event=UAVWaypointArrival | nodeId=401 | cycle=1 | pos=(320.000,280.000,20.000)

[EVENT] 1405.462 | event=UAVWaypointArrival | nodeId=402 | cycle=36 | pos=(270.000,340.000,20.000)

[EVENT] 1405.500 | event=SuspiciousConfidenceSnapshot | 76(0.874) 77(0.874) 78(0.874) 79(0.874) 94(0.874) 95(0.874) 96(0.874) 97(0.874) 98(0.874) 99(0.874) 114(0.874) 115(0.874) 116(0.874) 117(0.874) 118(0.874) 119(0.874) 134(0.874) 135(0.874) 136(0.874) 137(0.874) 138(0.874) 139(0.874) 154(0.874) 155(0.874) 156(0.874) 157(0.874) 158(0.874) 159(0.874) 174(0.874) 175(0.874) 176(0.874) 177(0.874) 178(0.874) 179(0.874) 193(0.874) 194(0.874) 195(0.900) 196(0.900) 197(0.900) 198(0.874) 199(0.874) 211(0.874) 212(0.874) 213(0.874) 214(0.874) 215(0.900) 216(0.900) 217(0.900) 218(0.900) 219(0.874) 231(0.874) 232(0.874) 233(0.874) 234(0.874) 235(0.900) 236(0.900) 237(0.900) 238(0.900) 239(0.900) 251(0.874) 252(0.874) 253(0.874) 254(0.874) 255(0.900) 256(0.900) 257(0.900) 258(0.900) 259(0.900) 271(0.874) 272(0.874) 273(0.874) 274(0.874) 275(0.874) 276(0.900) 277(0.900) 278(0.900) 279(0.900) 291(0.874) 292(0.874) 293(0.874) 294(0.874) 295(0.874) 296(0.874) 297(0.874) 298(0.900) 299(0.874) 309(0.499) 310(0.499) 311(0.499) 312(0.499) 313(0.874) 314(0.874) 315(0.874) 316(0.800) 317(0.800) 318(0.800) 319(0.800) 327(0.499) 328(0.499) 329(0.499) 330(0.499) 331(0.499) 332(0.499) 333(0.499) 334(0.800) 335(0.800) 336(0.800) 337(0.800) 338(0.800) 339(0.800) 347(0.499) 348(0.499) 349(0.499) 350(0.499) 351(0.499) 352(0.499) 353(0.499) 354(0.800) 355(0.800) 356(0.800) 357(0.800) 358(0.800) 359(0.800) 367(0.499) 368(0.499) 369(0.499) 370(0.499) 371(0.499) 372(0.499) 373(0.499) 374(0.800) 375(0.800) 376(0.800) 377(0.800) 378(0.800) 379(0.800) 387(0.499) 388(0.499) 389(0.499) 390(0.499) 391(0.499) 392(0.499) 393(0.499) 394(0.800) 395(0.800) 396(0.800) 397(0.800) 398(0.800) 399(0.800) 

[EVENT] 1408.503 | event=UAVWaypointArrival | nodeId=402 | cycle=36 | pos=(260.000,280.000,20.000)

[EVENT] 1414.907 | event=UAVWaypointArrival | nodeId=402 | cycle=36 | pos=(340.000,180.000,20.000)

[EVENT] 1415.500 | event=SuspiciousConfidenceSnapshot | 76(0.874) 77(0.874) 78(0.874) 79(0.874) 94(0.874) 95(0.874) 96(0.874) 97(0.874) 98(0.874) 99(0.874) 114(0.874) 115(0.874) 116(0.874) 117(0.874) 118(0.874) 119(0.874) 134(0.874) 135(0.874) 136(0.874) 137(0.874) 138(0.874) 139(0.874) 154(0.874) 155(0.874) 156(0.874) 157(0.874) 158(0.874) 159(0.874) 174(0.874) 175(0.874) 176(0.874) 177(0.874) 178(0.874) 179(0.874) 193(0.874) 194(0.874) 195(0.900) 196(0.900) 197(0.900) 198(0.874) 199(0.874) 211(0.874) 212(0.874) 213(0.874) 214(0.874) 215(0.900) 216(0.900) 217(0.900) 218(0.900) 219(0.874) 231(0.874) 232(0.874) 233(0.874) 234(0.874) 235(0.900) 236(0.900) 237(0.900) 238(0.900) 239(0.900) 251(0.874) 252(0.874) 253(0.874) 254(0.874) 255(0.900) 256(0.900) 257(0.900) 258(0.900) 259(0.900) 271(0.874) 272(0.874) 273(0.874) 274(0.874) 275(0.874) 276(0.900) 277(0.900) 278(0.900) 279(0.900) 291(0.874) 292(0.874) 293(0.874) 294(0.874) 295(0.874) 296(0.874) 297(0.874) 298(0.900) 299(0.874) 309(0.499) 310(0.499) 311(0.499) 312(0.499) 313(0.874) 314(0.874) 315(0.874) 316(0.800) 317(0.800) 318(0.800) 319(0.800) 327(0.499) 328(0.499) 329(0.499) 330(0.499) 331(0.499) 332(0.499) 333(0.499) 334(0.800) 335(0.800) 336(0.800) 337(0.800) 338(0.800) 339(0.800) 347(0.499) 348(0.499) 349(0.499) 350(0.499) 351(0.499) 352(0.499) 353(0.499) 354(0.800) 355(0.800) 356(0.800) 357(0.800) 358(0.800) 359(0.800) 367(0.499) 368(0.499) 369(0.499) 370(0.499) 371(0.499) 372(0.499) 373(0.499) 374(0.800) 375(0.800) 376(0.800) 377(0.800) 378(0.800) 379(0.800) 387(0.499) 388(0.499) 389(0.499) 390(0.499) 391(0.499) 392(0.499) 393(0.499) 394(0.800) 395(0.800) 396(0.800) 397(0.800) 398(0.800) 399(0.800) 

[EVENT] 1415.907 | event=UAVWaypointArrival | nodeId=402 | cycle=36 | pos=(360.000,180.000,20.000)

[EVENT] 1417.581 | event=UAVWaypointArrival | nodeId=401 | cycle=1 | pos=(300.000,280.000,20.000)

[EVENT] 1425.500 | event=SuspiciousConfidenceSnapshot | 76(0.874) 77(0.874) 78(0.874) 79(0.874) 94(0.874) 95(0.874) 96(0.874) 97(0.874) 98(0.874) 99(0.874) 114(0.874) 115(0.874) 116(0.874) 117(0.874) 118(0.874) 119(0.874) 134(0.874) 135(0.874) 136(0.874) 137(0.874) 138(0.874) 139(0.874) 154(0.874) 155(0.874) 156(0.874) 157(0.874) 158(0.874) 159(0.874) 174(0.874) 175(0.874) 176(0.874) 177(0.874) 178(0.874) 179(0.874) 193(0.874) 194(0.874) 195(0.900) 196(0.900) 197(0.900) 198(0.874) 199(0.874) 211(0.874) 212(0.874) 213(0.874) 214(0.874) 215(0.900) 216(0.900) 217(0.900) 218(0.900) 219(0.874) 231(0.874) 232(0.874) 233(0.874) 234(0.874) 235(0.900) 236(0.900) 237(0.900) 238(0.900) 239(0.900) 251(0.874) 252(0.874) 253(0.874) 254(0.874) 255(0.900) 256(0.900) 257(0.900) 258(0.900) 259(0.900) 271(0.874) 272(0.874) 273(0.874) 274(0.874) 275(0.874) 276(0.900) 277(0.900) 278(0.900) 279(0.900) 291(0.874) 292(0.874) 293(0.874) 294(0.874) 295(0.874) 296(0.874) 297(0.874) 298(0.900) 299(0.874) 309(0.499) 310(0.499) 311(0.499) 312(0.499) 313(0.874) 314(0.874) 315(0.874) 316(0.800) 317(0.800) 318(0.800) 319(0.800) 327(0.499) 328(0.499) 329(0.499) 330(0.499) 331(0.499) 332(0.499) 333(0.499) 334(0.800) 335(0.800) 336(0.800) 337(0.800) 338(0.800) 339(0.800) 347(0.499) 348(0.499) 349(0.499) 350(0.499) 351(0.499) 352(0.499) 353(0.499) 354(0.800) 355(0.800) 356(0.800) 357(0.800) 358(0.800) 359(0.800) 367(0.499) 368(0.499) 369(0.499) 370(0.499) 371(0.499) 372(0.499) 373(0.499) 374(0.800) 375(0.800) 376(0.800) 377(0.800) 378(0.800) 379(0.800) 387(0.499) 388(0.499) 389(0.499) 390(0.499) 391(0.499) 392(0.499) 393(0.499) 394(0.800) 395(0.800) 396(0.800) 397(0.800) 398(0.800) 399(0.800) 

[EVENT] 1435.194 | event=UAVWaypointArrival | nodeId=401 | cycle=1 | pos=(280.000,280.000,20.000)

[EVENT] 1435.500 | event=SuspiciousConfidenceSnapshot | 76(0.874) 77(0.874) 78(0.874) 79(0.874) 94(0.874) 95(0.874) 96(0.874) 97(0.874) 98(0.874) 99(0.874) 114(0.874) 115(0.874) 116(0.874) 117(0.874) 118(0.874) 119(0.874) 134(0.874) 135(0.874) 136(0.874) 137(0.874) 138(0.874) 139(0.874) 154(0.874) 155(0.874) 156(0.874) 157(0.874) 158(0.874) 159(0.874) 174(0.874) 175(0.874) 176(0.874) 177(0.874) 178(0.874) 179(0.874) 193(0.874) 194(0.874) 195(0.900) 196(0.900) 197(0.900) 198(0.874) 199(0.874) 211(0.874) 212(0.874) 213(0.874) 214(0.874) 215(0.900) 216(0.900) 217(0.900) 218(0.900) 219(0.874) 231(0.874) 232(0.874) 233(0.874) 234(0.874) 235(0.900) 236(0.900) 237(0.900) 238(0.900) 239(0.900) 251(0.874) 252(0.874) 253(0.874) 254(0.874) 255(0.900) 256(0.900) 257(0.900) 258(0.900) 259(0.900) 271(0.874) 272(0.874) 273(0.874) 274(0.874) 275(0.874) 276(0.900) 277(0.900) 278(0.900) 279(0.900) 291(0.874) 292(0.874) 293(0.874) 294(0.874) 295(0.874) 296(0.874) 297(0.874) 298(0.900) 299(0.874) 309(0.499) 310(0.499) 311(0.499) 312(0.499) 313(0.874) 314(0.874) 315(0.874) 316(0.800) 317(0.800) 318(0.800) 319(0.800) 327(0.499) 328(0.499) 329(0.499) 330(0.499) 331(0.499) 332(0.499) 333(0.499) 334(0.800) 335(0.800) 336(0.800) 337(0.800) 338(0.800) 339(0.800) 347(0.499) 348(0.499) 349(0.499) 350(0.499) 351(0.499) 352(0.499) 353(0.499) 354(0.800) 355(0.800) 356(0.800) 357(0.800) 358(0.800) 359(0.800) 367(0.499) 368(0.499) 369(0.499) 370(0.499) 371(0.499) 372(0.499) 373(0.499) 374(0.800) 375(0.800) 376(0.800) 377(0.800) 378(0.800) 379(0.800) 387(0.499) 388(0.499) 389(0.499) 390(0.499) 391(0.499) 392(0.499) 393(0.499) 394(0.800) 395(0.800) 396(0.800) 397(0.800) 398(0.800) 399(0.800) 

[EVENT] 1444.651 | event=UAVWaypointArrival | nodeId=402 | cycle=37 | pos=(270.000,340.000,20.000)

[EVENT] 1445.500 | event=SuspiciousConfidenceSnapshot | 76(0.874) 77(0.874) 78(0.874) 79(0.874) 94(0.874) 95(0.874) 96(0.874) 97(0.874) 98(0.874) 99(0.874) 114(0.874) 115(0.874) 116(0.874) 117(0.874) 118(0.874) 119(0.874) 134(0.874) 135(0.874) 136(0.874) 137(0.874) 138(0.874) 139(0.874) 154(0.874) 155(0.874) 156(0.874) 157(0.874) 158(0.874) 159(0.874) 174(0.874) 175(0.874) 176(0.874) 177(0.874) 178(0.874) 179(0.874) 193(0.874) 194(0.874) 195(0.900) 196(0.900) 197(0.900) 198(0.874) 199(0.874) 211(0.874) 212(0.874) 213(0.874) 214(0.874) 215(0.900) 216(0.900) 217(0.900) 218(0.900) 219(0.874) 231(0.874) 232(0.874) 233(0.874) 234(0.874) 235(0.900) 236(0.900) 237(0.900) 238(0.900) 239(0.900) 251(0.874) 252(0.874) 253(0.874) 254(0.874) 255(0.900) 256(0.900) 257(0.900) 258(0.900) 259(0.900) 271(0.874) 272(0.874) 273(0.874) 274(0.874) 275(0.874) 276(0.900) 277(0.900) 278(0.900) 279(0.900) 291(0.874) 292(0.874) 293(0.874) 294(0.874) 295(0.874) 296(0.874) 297(0.874) 298(0.900) 299(0.874) 309(0.499) 310(0.499) 311(0.499) 312(0.499) 313(0.874) 314(0.874) 315(0.874) 316(0.800) 317(0.800) 318(0.800) 319(0.800) 327(0.499) 328(0.499) 329(0.499) 330(0.499) 331(0.499) 332(0.499) 333(0.499) 334(0.800) 335(0.800) 336(0.800) 337(0.800) 338(0.800) 339(0.800) 347(0.499) 348(0.499) 349(0.499) 350(0.499) 351(0.499) 352(0.499) 353(0.499) 354(0.800) 355(0.800) 356(0.800) 357(0.800) 358(0.800) 359(0.800) 367(0.499) 368(0.499) 369(0.499) 370(0.499) 371(0.499) 372(0.499) 373(0.499) 374(0.800) 375(0.800) 376(0.800) 377(0.800) 378(0.800) 379(0.800) 387(0.499) 388(0.499) 389(0.499) 390(0.499) 391(0.499) 392(0.499) 393(0.499) 394(0.800) 395(0.800) 396(0.800) 397(0.800) 398(0.800) 399(0.800) 

[EVENT] 1447.692 | event=UAVWaypointArrival | nodeId=402 | cycle=37 | pos=(260.000,280.000,20.000)

[EVENT] 1452.807 | event=UAVWaypointArrival | nodeId=401 | cycle=1 | pos=(260.000,280.000,20.000)

[EVENT] 1454.096 | event=UAVWaypointArrival | nodeId=402 | cycle=37 | pos=(340.000,180.000,20.000)

[EVENT] 1455.096 | event=UAVWaypointArrival | nodeId=402 | cycle=37 | pos=(360.000,180.000,20.000)

[EVENT] 1455.500 | event=SuspiciousConfidenceSnapshot | 76(0.874) 77(0.874) 78(0.874) 79(0.874) 94(0.874) 95(0.874) 96(0.874) 97(0.874) 98(0.874) 99(0.874) 114(0.874) 115(0.874) 116(0.874) 117(0.874) 118(0.874) 119(0.874) 134(0.874) 135(0.874) 136(0.874) 137(0.874) 138(0.874) 139(0.874) 154(0.874) 155(0.874) 156(0.874) 157(0.874) 158(0.874) 159(0.874) 174(0.874) 175(0.874) 176(0.874) 177(0.874) 178(0.874) 179(0.874) 193(0.874) 194(0.874) 195(0.900) 196(0.900) 197(0.900) 198(0.874) 199(0.874) 211(0.874) 212(0.874) 213(0.874) 214(0.874) 215(0.900) 216(0.900) 217(0.900) 218(0.900) 219(0.874) 231(0.874) 232(0.874) 233(0.874) 234(0.874) 235(0.900) 236(0.900) 237(0.900) 238(0.900) 239(0.900) 251(0.874) 252(0.874) 253(0.874) 254(0.874) 255(0.900) 256(0.900) 257(0.900) 258(0.900) 259(0.900) 271(0.874) 272(0.874) 273(0.874) 274(0.874) 275(0.874) 276(0.900) 277(0.900) 278(0.900) 279(0.900) 291(0.874) 292(0.874) 293(0.874) 294(0.874) 295(0.874) 296(0.874) 297(0.874) 298(0.900) 299(0.874) 309(0.499) 310(0.499) 311(0.499) 312(0.499) 313(0.874) 314(0.874) 315(0.874) 316(0.800) 317(0.800) 318(0.800) 319(0.800) 327(0.499) 328(0.499) 329(0.499) 330(0.499) 331(0.499) 332(0.499) 333(0.499) 334(0.800) 335(0.800) 336(0.800) 337(0.800) 338(0.800) 339(0.800) 347(0.499) 348(0.499) 349(0.499) 350(0.499) 351(0.499) 352(0.499) 353(0.499) 354(0.800) 355(0.800) 356(0.800) 357(0.800) 358(0.800) 359(0.800) 367(0.499) 368(0.499) 369(0.499) 370(0.499) 371(0.499) 372(0.499) 373(0.499) 374(0.800) 375(0.800) 376(0.800) 377(0.800) 378(0.800) 379(0.800) 387(0.499) 388(0.499) 389(0.499) 390(0.499) 391(0.499) 392(0.499) 393(0.499) 394(0.800) 395(0.800) 396(0.800) 397(0.800) 398(0.800) 399(0.800) 

[EVENT] 1465.500 | event=SuspiciousConfidenceSnapshot | 76(0.874) 77(0.874) 78(0.874) 79(0.874) 94(0.874) 95(0.874) 96(0.874) 97(0.874) 98(0.874) 99(0.874) 114(0.874) 115(0.874) 116(0.874) 117(0.874) 118(0.874) 119(0.874) 134(0.874) 135(0.874) 136(0.874) 137(0.874) 138(0.874) 139(0.874) 154(0.874) 155(0.874) 156(0.874) 157(0.874) 158(0.874) 159(0.874) 174(0.874) 175(0.874) 176(0.874) 177(0.874) 178(0.874) 179(0.874) 193(0.874) 194(0.874) 195(0.900) 196(0.900) 197(0.900) 198(0.874) 199(0.874) 211(0.874) 212(0.874) 213(0.874) 214(0.874) 215(0.900) 216(0.900) 217(0.900) 218(0.900) 219(0.874) 231(0.874) 232(0.874) 233(0.874) 234(0.874) 235(0.900) 236(0.900) 237(0.900) 238(0.900) 239(0.900) 251(0.874) 252(0.874) 253(0.874) 254(0.874) 255(0.900) 256(0.900) 257(0.900) 258(0.900) 259(0.900) 271(0.874) 272(0.874) 273(0.874) 274(0.874) 275(0.874) 276(0.900) 277(0.900) 278(0.900) 279(0.900) 291(0.874) 292(0.874) 293(0.874) 294(0.874) 295(0.874) 296(0.874) 297(0.874) 298(0.900) 299(0.874) 309(0.499) 310(0.499) 311(0.499) 312(0.499) 313(0.874) 314(0.874) 315(0.874) 316(0.800) 317(0.800) 318(0.800) 319(0.800) 327(0.499) 328(0.499) 329(0.499) 330(0.499) 331(0.499) 332(0.499) 333(0.499) 334(0.800) 335(0.800) 336(0.800) 337(0.800) 338(0.800) 339(0.800) 347(0.499) 348(0.499) 349(0.499) 350(0.499) 351(0.499) 352(0.499) 353(0.499) 354(0.800) 355(0.800) 356(0.800) 357(0.800) 358(0.800) 359(0.800) 367(0.499) 368(0.499) 369(0.499) 370(0.499) 371(0.499) 372(0.499) 373(0.499) 374(0.800) 375(0.800) 376(0.800) 377(0.800) 378(0.800) 379(0.800) 387(0.499) 388(0.499) 389(0.499) 390(0.499) 391(0.499) 392(0.499) 393(0.499) 394(0.800) 395(0.800) 396(0.800) 397(0.800) 398(0.800) 399(0.800) 

[EVENT] 1470.421 | event=UAVWaypointArrival | nodeId=401 | cycle=1 | pos=(240.000,280.000,20.000)

[EVENT] 1475.500 | event=SuspiciousConfidenceSnapshot | 76(0.874) 77(0.874) 78(0.874) 79(0.874) 94(0.874) 95(0.874) 96(0.874) 97(0.874) 98(0.874) 99(0.874) 114(0.874) 115(0.874) 116(0.874) 117(0.874) 118(0.874) 119(0.874) 134(0.874) 135(0.874) 136(0.874) 137(0.874) 138(0.874) 139(0.874) 154(0.874) 155(0.874) 156(0.874) 157(0.874) 158(0.874) 159(0.874) 174(0.874) 175(0.874) 176(0.874) 177(0.874) 178(0.874) 179(0.874) 193(0.874) 194(0.874) 195(0.900) 196(0.900) 197(0.900) 198(0.874) 199(0.874) 211(0.874) 212(0.874) 213(0.874) 214(0.874) 215(0.900) 216(0.900) 217(0.900) 218(0.900) 219(0.874) 231(0.874) 232(0.874) 233(0.874) 234(0.874) 235(0.900) 236(0.900) 237(0.900) 238(0.900) 239(0.900) 251(0.874) 252(0.874) 253(0.874) 254(0.874) 255(0.900) 256(0.900) 257(0.900) 258(0.900) 259(0.900) 271(0.874) 272(0.874) 273(0.874) 274(0.874) 275(0.874) 276(0.900) 277(0.900) 278(0.900) 279(0.900) 291(0.874) 292(0.874) 293(0.874) 294(0.874) 295(0.874) 296(0.874) 297(0.874) 298(0.900) 299(0.874) 309(0.499) 310(0.499) 311(0.499) 312(0.499) 313(0.874) 314(0.874) 315(0.874) 316(0.800) 317(0.800) 318(0.800) 319(0.800) 327(0.499) 328(0.499) 329(0.499) 330(0.499) 331(0.499) 332(0.499) 333(0.499) 334(0.800) 335(0.800) 336(0.800) 337(0.800) 338(0.800) 339(0.800) 347(0.499) 348(0.499) 349(0.499) 350(0.499) 351(0.499) 352(0.499) 353(0.499) 354(0.800) 355(0.800) 356(0.800) 357(0.800) 358(0.800) 359(0.800) 367(0.499) 368(0.499) 369(0.499) 370(0.499) 371(0.499) 372(0.499) 373(0.499) 374(0.800) 375(0.800) 376(0.800) 377(0.800) 378(0.800) 379(0.800) 387(0.499) 388(0.499) 389(0.499) 390(0.499) 391(0.499) 392(0.499) 393(0.499) 394(0.800) 395(0.800) 396(0.800) 397(0.800) 398(0.800) 399(0.800) 

[EVENT] 1483.840 | event=UAVWaypointArrival | nodeId=402 | cycle=38 | pos=(270.000,340.000,20.000)

[EVENT] 1485.500 | event=SuspiciousConfidenceSnapshot | 76(0.874) 77(0.874) 78(0.874) 79(0.874) 94(0.874) 95(0.874) 96(0.874) 97(0.874) 98(0.874) 99(0.874) 114(0.874) 115(0.874) 116(0.874) 117(0.874) 118(0.874) 119(0.874) 134(0.874) 135(0.874) 136(0.874) 137(0.874) 138(0.874) 139(0.874) 154(0.874) 155(0.874) 156(0.874) 157(0.874) 158(0.874) 159(0.874) 174(0.874) 175(0.874) 176(0.874) 177(0.874) 178(0.874) 179(0.874) 193(0.874) 194(0.874) 195(0.900) 196(0.900) 197(0.900) 198(0.874) 199(0.874) 211(0.874) 212(0.874) 213(0.874) 214(0.874) 215(0.900) 216(0.900) 217(0.900) 218(0.900) 219(0.874) 231(0.874) 232(0.874) 233(0.874) 234(0.874) 235(0.900) 236(0.900) 237(0.900) 238(0.900) 239(0.900) 251(0.874) 252(0.874) 253(0.874) 254(0.874) 255(0.900) 256(0.900) 257(0.900) 258(0.900) 259(0.900) 271(0.874) 272(0.874) 273(0.874) 274(0.874) 275(0.874) 276(0.900) 277(0.900) 278(0.900) 279(0.900) 291(0.874) 292(0.874) 293(0.874) 294(0.874) 295(0.874) 296(0.874) 297(0.874) 298(0.900) 299(0.874) 309(0.499) 310(0.499) 311(0.499) 312(0.499) 313(0.874) 314(0.874) 315(0.874) 316(0.800) 317(0.800) 318(0.800) 319(0.800) 327(0.499) 328(0.499) 329(0.499) 330(0.499) 331(0.499) 332(0.499) 333(0.499) 334(0.800) 335(0.800) 336(0.800) 337(0.800) 338(0.800) 339(0.800) 347(0.499) 348(0.499) 349(0.499) 350(0.499) 351(0.499) 352(0.499) 353(0.499) 354(0.800) 355(0.800) 356(0.800) 357(0.800) 358(0.800) 359(0.800) 367(0.499) 368(0.499) 369(0.499) 370(0.499) 371(0.499) 372(0.499) 373(0.499) 374(0.800) 375(0.800) 376(0.800) 377(0.800) 378(0.800) 379(0.800) 387(0.499) 388(0.499) 389(0.499) 390(0.499) 391(0.499) 392(0.499) 393(0.499) 394(0.800) 395(0.800) 396(0.800) 397(0.800) 398(0.800) 399(0.800) 

[EVENT] 1486.882 | event=UAVWaypointArrival | nodeId=402 | cycle=38 | pos=(260.000,280.000,20.000)

[EVENT] 1488.034 | event=UAVWaypointArrival | nodeId=401 | cycle=1 | pos=(220.000,280.000,20.000)

[EVENT] 1493.285 | event=UAVWaypointArrival | nodeId=402 | cycle=38 | pos=(340.000,180.000,20.000)

[EVENT] 1494.285 | event=UAVWaypointArrival | nodeId=402 | cycle=38 | pos=(360.000,180.000,20.000)

[EVENT] 1495.500 | event=SuspiciousConfidenceSnapshot | 76(0.874) 77(0.874) 78(0.874) 79(0.874) 94(0.874) 95(0.874) 96(0.874) 97(0.874) 98(0.874) 99(0.874) 114(0.874) 115(0.874) 116(0.874) 117(0.874) 118(0.874) 119(0.874) 134(0.874) 135(0.874) 136(0.874) 137(0.874) 138(0.874) 139(0.874) 154(0.874) 155(0.874) 156(0.874) 157(0.874) 158(0.874) 159(0.874) 174(0.874) 175(0.874) 176(0.874) 177(0.874) 178(0.874) 179(0.874) 193(0.874) 194(0.874) 195(0.900) 196(0.900) 197(0.900) 198(0.874) 199(0.874) 211(0.874) 212(0.874) 213(0.874) 214(0.874) 215(0.900) 216(0.900) 217(0.900) 218(0.900) 219(0.874) 231(0.874) 232(0.874) 233(0.874) 234(0.874) 235(0.900) 236(0.900) 237(0.900) 238(0.900) 239(0.900) 251(0.874) 252(0.874) 253(0.874) 254(0.874) 255(0.900) 256(0.900) 257(0.900) 258(0.900) 259(0.900) 271(0.874) 272(0.874) 273(0.874) 274(0.874) 275(0.874) 276(0.900) 277(0.900) 278(0.900) 279(0.900) 291(0.874) 292(0.874) 293(0.874) 294(0.874) 295(0.874) 296(0.874) 297(0.874) 298(0.900) 299(0.874) 309(0.499) 310(0.499) 311(0.499) 312(0.499) 313(0.874) 314(0.874) 315(0.874) 316(0.800) 317(0.800) 318(0.800) 319(0.800) 327(0.499) 328(0.499) 329(0.499) 330(0.499) 331(0.499) 332(0.499) 333(0.499) 334(0.800) 335(0.800) 336(0.800) 337(0.800) 338(0.800) 339(0.800) 347(0.499) 348(0.499) 349(0.499) 350(0.499) 351(0.499) 352(0.499) 353(0.499) 354(0.800) 355(0.800) 356(0.800) 357(0.800) 358(0.800) 359(0.800) 367(0.499) 368(0.499) 369(0.499) 370(0.499) 371(0.499) 372(0.499) 373(0.499) 374(0.800) 375(0.800) 376(0.800) 377(0.800) 378(0.800) 379(0.800) 387(0.499) 388(0.499) 389(0.499) 390(0.499) 391(0.499) 392(0.499) 393(0.499) 394(0.800) 395(0.800) 396(0.800) 397(0.800) 398(0.800) 399(0.800) 

[EVENT] 1505.500 | event=SuspiciousConfidenceSnapshot | 76(0.874) 77(0.874) 78(0.874) 79(0.874) 94(0.874) 95(0.874) 96(0.874) 97(0.874) 98(0.874) 99(0.874) 114(0.874) 115(0.874) 116(0.874) 117(0.874) 118(0.874) 119(0.874) 134(0.874) 135(0.874) 136(0.874) 137(0.874) 138(0.874) 139(0.874) 154(0.874) 155(0.874) 156(0.874) 157(0.874) 158(0.874) 159(0.874) 174(0.874) 175(0.874) 176(0.874) 177(0.874) 178(0.874) 179(0.874) 193(0.874) 194(0.874) 195(0.900) 196(0.900) 197(0.900) 198(0.874) 199(0.874) 211(0.874) 212(0.874) 213(0.874) 214(0.874) 215(0.900) 216(0.900) 217(0.900) 218(0.900) 219(0.874) 231(0.874) 232(0.874) 233(0.874) 234(0.874) 235(0.900) 236(0.900) 237(0.900) 238(0.900) 239(0.900) 251(0.874) 252(0.874) 253(0.874) 254(0.874) 255(0.900) 256(0.900) 257(0.900) 258(0.900) 259(0.900) 271(0.874) 272(0.874) 273(0.874) 274(0.874) 275(0.874) 276(0.900) 277(0.900) 278(0.900) 279(0.900) 291(0.874) 292(0.874) 293(0.874) 294(0.874) 295(0.874) 296(0.874) 297(0.874) 298(0.900) 299(0.874) 309(0.499) 310(0.499) 311(0.499) 312(0.499) 313(0.874) 314(0.874) 315(0.874) 316(0.800) 317(0.800) 318(0.800) 319(0.800) 327(0.499) 328(0.499) 329(0.499) 330(0.499) 331(0.499) 332(0.499) 333(0.499) 334(0.800) 335(0.800) 336(0.800) 337(0.800) 338(0.800) 339(0.800) 347(0.499) 348(0.499) 349(0.499) 350(0.499) 351(0.499) 352(0.499) 353(0.499) 354(0.800) 355(0.800) 356(0.800) 357(0.800) 358(0.800) 359(0.800) 367(0.499) 368(0.499) 369(0.499) 370(0.499) 371(0.499) 372(0.499) 373(0.499) 374(0.800) 375(0.800) 376(0.800) 377(0.800) 378(0.800) 379(0.800) 387(0.499) 388(0.499) 389(0.499) 390(0.499) 391(0.499) 392(0.499) 393(0.499) 394(0.800) 395(0.800) 396(0.800) 397(0.800) 398(0.800) 399(0.800) 

[EVENT] 1505.647 | event=UAVWaypointArrival | nodeId=401 | cycle=1 | pos=(220.000,300.000,20.000)

[EVENT] 1515.500 | event=SuspiciousConfidenceSnapshot | 76(0.874) 77(0.874) 78(0.874) 79(0.874) 94(0.874) 95(0.874) 96(0.874) 97(0.874) 98(0.874) 99(0.874) 114(0.874) 115(0.874) 116(0.874) 117(0.874) 118(0.874) 119(0.874) 134(0.874) 135(0.874) 136(0.874) 137(0.874) 138(0.874) 139(0.874) 154(0.874) 155(0.874) 156(0.874) 157(0.874) 158(0.874) 159(0.874) 174(0.874) 175(0.874) 176(0.874) 177(0.874) 178(0.874) 179(0.874) 193(0.874) 194(0.874) 195(0.900) 196(0.900) 197(0.900) 198(0.874) 199(0.874) 211(0.874) 212(0.874) 213(0.874) 214(0.874) 215(0.900) 216(0.900) 217(0.900) 218(0.900) 219(0.874) 231(0.874) 232(0.874) 233(0.874) 234(0.874) 235(0.900) 236(0.900) 237(0.900) 238(0.900) 239(0.900) 251(0.874) 252(0.874) 253(0.874) 254(0.874) 255(0.900) 256(0.900) 257(0.900) 258(0.900) 259(0.900) 271(0.874) 272(0.874) 273(0.874) 274(0.874) 275(0.874) 276(0.900) 277(0.900) 278(0.900) 279(0.900) 291(0.874) 292(0.874) 293(0.874) 294(0.874) 295(0.874) 296(0.874) 297(0.874) 298(0.900) 299(0.874) 309(0.499) 310(0.499) 311(0.499) 312(0.499) 313(0.874) 314(0.874) 315(0.874) 316(0.800) 317(0.800) 318(0.800) 319(0.800) 327(0.499) 328(0.499) 329(0.499) 330(0.499) 331(0.499) 332(0.499) 333(0.499) 334(0.800) 335(0.800) 336(0.800) 337(0.800) 338(0.800) 339(0.800) 347(0.499) 348(0.499) 349(0.499) 350(0.499) 351(0.499) 352(0.499) 353(0.499) 354(0.800) 355(0.800) 356(0.800) 357(0.800) 358(0.800) 359(0.800) 367(0.499) 368(0.499) 369(0.499) 370(0.499) 371(0.499) 372(0.499) 373(0.499) 374(0.800) 375(0.800) 376(0.800) 377(0.800) 378(0.800) 379(0.800) 387(0.499) 388(0.499) 389(0.499) 390(0.499) 391(0.499) 392(0.499) 393(0.499) 394(0.800) 395(0.800) 396(0.800) 397(0.800) 398(0.800) 399(0.800) 

[EVENT] 1523.029 | event=UAVWaypointArrival | nodeId=402 | cycle=39 | pos=(270.000,340.000,20.000)

[EVENT] 1523.261 | event=UAVWaypointArrival | nodeId=401 | cycle=1 | pos=(200.000,300.000,20.000)

[EVENT] 1525.500 | event=SuspiciousConfidenceSnapshot | 76(0.874) 77(0.874) 78(0.874) 79(0.874) 94(0.874) 95(0.874) 96(0.874) 97(0.874) 98(0.874) 99(0.874) 114(0.874) 115(0.874) 116(0.874) 117(0.874) 118(0.874) 119(0.874) 134(0.874) 135(0.874) 136(0.874) 137(0.874) 138(0.874) 139(0.874) 154(0.874) 155(0.874) 156(0.874) 157(0.874) 158(0.874) 159(0.874) 174(0.874) 175(0.874) 176(0.874) 177(0.874) 178(0.874) 179(0.874) 193(0.874) 194(0.874) 195(0.900) 196(0.900) 197(0.900) 198(0.874) 199(0.874) 211(0.874) 212(0.874) 213(0.874) 214(0.874) 215(0.900) 216(0.900) 217(0.900) 218(0.900) 219(0.874) 231(0.874) 232(0.874) 233(0.874) 234(0.874) 235(0.900) 236(0.900) 237(0.900) 238(0.900) 239(0.900) 251(0.874) 252(0.874) 253(0.874) 254(0.874) 255(0.900) 256(0.900) 257(0.900) 258(0.900) 259(0.900) 271(0.874) 272(0.874) 273(0.874) 274(0.874) 275(0.874) 276(0.900) 277(0.900) 278(0.900) 279(0.900) 291(0.874) 292(0.874) 293(0.874) 294(0.874) 295(0.874) 296(0.874) 297(0.874) 298(0.900) 299(0.874) 309(0.499) 310(0.499) 311(0.499) 312(0.499) 313(0.874) 314(0.874) 315(0.874) 316(0.800) 317(0.800) 318(0.800) 319(0.800) 327(0.499) 328(0.499) 329(0.499) 330(0.499) 331(0.499) 332(0.499) 333(0.499) 334(0.800) 335(0.800) 336(0.800) 337(0.800) 338(0.800) 339(0.800) 347(0.499) 348(0.499) 349(0.499) 350(0.499) 351(0.499) 352(0.499) 353(0.499) 354(0.800) 355(0.800) 356(0.800) 357(0.800) 358(0.800) 359(0.800) 367(0.499) 368(0.499) 369(0.499) 370(0.499) 371(0.499) 372(0.499) 373(0.499) 374(0.800) 375(0.800) 376(0.800) 377(0.800) 378(0.800) 379(0.800) 387(0.499) 388(0.499) 389(0.499) 390(0.499) 391(0.499) 392(0.499) 393(0.499) 394(0.800) 395(0.800) 396(0.800) 397(0.800) 398(0.800) 399(0.800) 

[EVENT] 1526.071 | event=UAVWaypointArrival | nodeId=402 | cycle=39 | pos=(260.000,280.000,20.000)

[EVENT] 1532.474 | event=UAVWaypointArrival | nodeId=402 | cycle=39 | pos=(340.000,180.000,20.000)

[EVENT] 1533.474 | event=UAVWaypointArrival | nodeId=402 | cycle=39 | pos=(360.000,180.000,20.000)

[EVENT] 1535.500 | event=SuspiciousConfidenceSnapshot | 76(0.874) 77(0.874) 78(0.874) 79(0.874) 94(0.874) 95(0.874) 96(0.874) 97(0.874) 98(0.874) 99(0.874) 114(0.874) 115(0.874) 116(0.874) 117(0.874) 118(0.874) 119(0.874) 134(0.874) 135(0.874) 136(0.874) 137(0.874) 138(0.874) 139(0.874) 154(0.874) 155(0.874) 156(0.874) 157(0.874) 158(0.874) 159(0.874) 174(0.874) 175(0.874) 176(0.874) 177(0.874) 178(0.874) 179(0.874) 193(0.874) 194(0.874) 195(0.900) 196(0.900) 197(0.900) 198(0.874) 199(0.874) 211(0.874) 212(0.874) 213(0.874) 214(0.874) 215(0.900) 216(0.900) 217(0.900) 218(0.900) 219(0.874) 231(0.874) 232(0.874) 233(0.874) 234(0.874) 235(0.900) 236(0.900) 237(0.900) 238(0.900) 239(0.900) 251(0.874) 252(0.874) 253(0.874) 254(0.874) 255(0.900) 256(0.900) 257(0.900) 258(0.900) 259(0.900) 271(0.874) 272(0.874) 273(0.874) 274(0.874) 275(0.874) 276(0.900) 277(0.900) 278(0.900) 279(0.900) 291(0.874) 292(0.874) 293(0.874) 294(0.874) 295(0.874) 296(0.874) 297(0.874) 298(0.900) 299(0.874) 309(0.499) 310(0.499) 311(0.499) 312(0.499) 313(0.874) 314(0.874) 315(0.874) 316(0.800) 317(0.800) 318(0.800) 319(0.800) 327(0.499) 328(0.499) 329(0.499) 330(0.499) 331(0.499) 332(0.499) 333(0.499) 334(0.800) 335(0.800) 336(0.800) 337(0.800) 338(0.800) 339(0.800) 347(0.499) 348(0.499) 349(0.499) 350(0.499) 351(0.499) 352(0.499) 353(0.499) 354(0.800) 355(0.800) 356(0.800) 357(0.800) 358(0.800) 359(0.800) 367(0.499) 368(0.499) 369(0.499) 370(0.499) 371(0.499) 372(0.499) 373(0.499) 374(0.800) 375(0.800) 376(0.800) 377(0.800) 378(0.800) 379(0.800) 387(0.499) 388(0.499) 389(0.499) 390(0.499) 391(0.499) 392(0.499) 393(0.499) 394(0.800) 395(0.800) 396(0.800) 397(0.800) 398(0.800) 399(0.800) 

[EVENT] 1540.874 | event=UAVWaypointArrival | nodeId=401 | cycle=1 | pos=(180.000,300.000,20.000)

[EVENT] 1545.500 | event=SuspiciousConfidenceSnapshot | 76(0.874) 77(0.874) 78(0.874) 79(0.874) 94(0.874) 95(0.874) 96(0.874) 97(0.874) 98(0.874) 99(0.874) 114(0.874) 115(0.874) 116(0.874) 117(0.874) 118(0.874) 119(0.874) 134(0.874) 135(0.874) 136(0.874) 137(0.874) 138(0.874) 139(0.874) 154(0.874) 155(0.874) 156(0.874) 157(0.874) 158(0.874) 159(0.874) 174(0.874) 175(0.874) 176(0.874) 177(0.874) 178(0.874) 179(0.874) 193(0.874) 194(0.874) 195(0.900) 196(0.900) 197(0.900) 198(0.874) 199(0.874) 211(0.874) 212(0.874) 213(0.874) 214(0.874) 215(0.900) 216(0.900) 217(0.900) 218(0.900) 219(0.874) 231(0.874) 232(0.874) 233(0.874) 234(0.874) 235(0.900) 236(0.900) 237(0.900) 238(0.900) 239(0.900) 251(0.874) 252(0.874) 253(0.874) 254(0.874) 255(0.900) 256(0.900) 257(0.900) 258(0.900) 259(0.900) 271(0.874) 272(0.874) 273(0.874) 274(0.874) 275(0.874) 276(0.900) 277(0.900) 278(0.900) 279(0.900) 291(0.874) 292(0.874) 293(0.874) 294(0.874) 295(0.874) 296(0.874) 297(0.874) 298(0.900) 299(0.874) 309(0.499) 310(0.499) 311(0.499) 312(0.499) 313(0.874) 314(0.874) 315(0.874) 316(0.800) 317(0.800) 318(0.800) 319(0.800) 327(0.499) 328(0.499) 329(0.499) 330(0.499) 331(0.499) 332(0.499) 333(0.499) 334(0.800) 335(0.800) 336(0.800) 337(0.800) 338(0.800) 339(0.800) 347(0.499) 348(0.499) 349(0.499) 350(0.499) 351(0.499) 352(0.499) 353(0.499) 354(0.800) 355(0.800) 356(0.800) 357(0.800) 358(0.800) 359(0.800) 367(0.499) 368(0.499) 369(0.499) 370(0.499) 371(0.499) 372(0.499) 373(0.499) 374(0.800) 375(0.800) 376(0.800) 377(0.800) 378(0.800) 379(0.800) 387(0.499) 388(0.499) 389(0.499) 390(0.499) 391(0.499) 392(0.499) 393(0.499) 394(0.800) 395(0.800) 396(0.800) 397(0.800) 398(0.800) 399(0.800) 

[EVENT] 1555.500 | event=SuspiciousConfidenceSnapshot | 76(0.874) 77(0.874) 78(0.874) 79(0.874) 94(0.874) 95(0.874) 96(0.874) 97(0.874) 98(0.874) 99(0.874) 114(0.874) 115(0.874) 116(0.874) 117(0.874) 118(0.874) 119(0.874) 134(0.874) 135(0.874) 136(0.874) 137(0.874) 138(0.874) 139(0.874) 154(0.874) 155(0.874) 156(0.874) 157(0.874) 158(0.874) 159(0.874) 174(0.874) 175(0.874) 176(0.874) 177(0.874) 178(0.874) 179(0.874) 193(0.874) 194(0.874) 195(0.900) 196(0.900) 197(0.900) 198(0.874) 199(0.874) 211(0.874) 212(0.874) 213(0.874) 214(0.874) 215(0.900) 216(0.900) 217(0.900) 218(0.900) 219(0.874) 231(0.874) 232(0.874) 233(0.874) 234(0.874) 235(0.900) 236(0.900) 237(0.900) 238(0.900) 239(0.900) 251(0.874) 252(0.874) 253(0.874) 254(0.874) 255(0.900) 256(0.900) 257(0.900) 258(0.900) 259(0.900) 271(0.874) 272(0.874) 273(0.874) 274(0.874) 275(0.874) 276(0.900) 277(0.900) 278(0.900) 279(0.900) 291(0.874) 292(0.874) 293(0.874) 294(0.874) 295(0.874) 296(0.874) 297(0.874) 298(0.900) 299(0.874) 309(0.499) 310(0.499) 311(0.499) 312(0.499) 313(0.874) 314(0.874) 315(0.874) 316(0.800) 317(0.800) 318(0.800) 319(0.800) 327(0.499) 328(0.499) 329(0.499) 330(0.499) 331(0.499) 332(0.499) 333(0.499) 334(0.800) 335(0.800) 336(0.800) 337(0.800) 338(0.800) 339(0.800) 347(0.499) 348(0.499) 349(0.499) 350(0.499) 351(0.499) 352(0.499) 353(0.499) 354(0.800) 355(0.800) 356(0.800) 357(0.800) 358(0.800) 359(0.800) 367(0.499) 368(0.499) 369(0.499) 370(0.499) 371(0.499) 372(0.499) 373(0.499) 374(0.800) 375(0.800) 376(0.800) 377(0.800) 378(0.800) 379(0.800) 387(0.499) 388(0.499) 389(0.499) 390(0.499) 391(0.499) 392(0.499) 393(0.499) 394(0.800) 395(0.800) 396(0.800) 397(0.800) 398(0.800) 399(0.800) 

[EVENT] 1558.488 | event=UAVWaypointArrival | nodeId=401 | cycle=1 | pos=(180.000,320.000,20.000)

[EVENT] 1562.218 | event=UAVWaypointArrival | nodeId=402 | cycle=40 | pos=(270.000,340.000,20.000)

[EVENT] 1565.260 | event=UAVWaypointArrival | nodeId=402 | cycle=40 | pos=(260.000,280.000,20.000)

[EVENT] 1565.500 | event=SuspiciousConfidenceSnapshot | 76(0.874) 77(0.874) 78(0.874) 79(0.874) 94(0.874) 95(0.874) 96(0.874) 97(0.874) 98(0.874) 99(0.874) 114(0.874) 115(0.874) 116(0.874) 117(0.874) 118(0.874) 119(0.874) 134(0.874) 135(0.874) 136(0.874) 137(0.874) 138(0.874) 139(0.874) 154(0.874) 155(0.874) 156(0.874) 157(0.874) 158(0.874) 159(0.874) 174(0.874) 175(0.874) 176(0.874) 177(0.874) 178(0.874) 179(0.874) 193(0.874) 194(0.874) 195(0.900) 196(0.900) 197(0.900) 198(0.874) 199(0.874) 211(0.874) 212(0.874) 213(0.874) 214(0.874) 215(0.900) 216(0.900) 217(0.900) 218(0.900) 219(0.874) 231(0.874) 232(0.874) 233(0.874) 234(0.874) 235(0.900) 236(0.900) 237(0.900) 238(0.900) 239(0.900) 251(0.874) 252(0.874) 253(0.874) 254(0.874) 255(0.900) 256(0.900) 257(0.900) 258(0.900) 259(0.900) 271(0.874) 272(0.874) 273(0.874) 274(0.874) 275(0.874) 276(0.900) 277(0.900) 278(0.900) 279(0.900) 291(0.874) 292(0.874) 293(0.874) 294(0.874) 295(0.874) 296(0.874) 297(0.874) 298(0.900) 299(0.874) 309(0.499) 310(0.499) 311(0.499) 312(0.499) 313(0.874) 314(0.874) 315(0.874) 316(0.800) 317(0.800) 318(0.800) 319(0.800) 327(0.499) 328(0.499) 329(0.499) 330(0.499) 331(0.499) 332(0.499) 333(0.499) 334(0.800) 335(0.800) 336(0.800) 337(0.800) 338(0.800) 339(0.800) 347(0.499) 348(0.499) 349(0.499) 350(0.499) 351(0.499) 352(0.499) 353(0.499) 354(0.800) 355(0.800) 356(0.800) 357(0.800) 358(0.800) 359(0.800) 367(0.499) 368(0.499) 369(0.499) 370(0.499) 371(0.499) 372(0.499) 373(0.499) 374(0.800) 375(0.800) 376(0.800) 377(0.800) 378(0.800) 379(0.800) 387(0.499) 388(0.499) 389(0.499) 390(0.499) 391(0.499) 392(0.499) 393(0.499) 394(0.800) 395(0.800) 396(0.800) 397(0.800) 398(0.800) 399(0.800) 

[EVENT] 1571.663 | event=UAVWaypointArrival | nodeId=402 | cycle=40 | pos=(340.000,180.000,20.000)

[EVENT] 1572.663 | event=UAVWaypointArrival | nodeId=402 | cycle=40 | pos=(360.000,180.000,20.000)

[EVENT] 1575.500 | event=SuspiciousConfidenceSnapshot | 76(0.874) 77(0.874) 78(0.874) 79(0.874) 94(0.874) 95(0.874) 96(0.874) 97(0.874) 98(0.874) 99(0.874) 114(0.874) 115(0.874) 116(0.874) 117(0.874) 118(0.874) 119(0.874) 134(0.874) 135(0.874) 136(0.874) 137(0.874) 138(0.874) 139(0.874) 154(0.874) 155(0.874) 156(0.874) 157(0.874) 158(0.874) 159(0.874) 174(0.874) 175(0.874) 176(0.874) 177(0.874) 178(0.874) 179(0.874) 193(0.874) 194(0.874) 195(0.900) 196(0.900) 197(0.900) 198(0.874) 199(0.874) 211(0.874) 212(0.874) 213(0.874) 214(0.874) 215(0.900) 216(0.900) 217(0.900) 218(0.900) 219(0.874) 231(0.874) 232(0.874) 233(0.874) 234(0.874) 235(0.900) 236(0.900) 237(0.900) 238(0.900) 239(0.900) 251(0.874) 252(0.874) 253(0.874) 254(0.874) 255(0.900) 256(0.900) 257(0.900) 258(0.900) 259(0.900) 271(0.874) 272(0.874) 273(0.874) 274(0.874) 275(0.874) 276(0.900) 277(0.900) 278(0.900) 279(0.900) 291(0.874) 292(0.874) 293(0.874) 294(0.874) 295(0.874) 296(0.874) 297(0.874) 298(0.900) 299(0.874) 309(0.499) 310(0.499) 311(0.499) 312(0.499) 313(0.874) 314(0.874) 315(0.874) 316(0.800) 317(0.800) 318(0.800) 319(0.800) 327(0.499) 328(0.499) 329(0.499) 330(0.499) 331(0.499) 332(0.499) 333(0.499) 334(0.800) 335(0.800) 336(0.800) 337(0.800) 338(0.800) 339(0.800) 347(0.499) 348(0.499) 349(0.499) 350(0.499) 351(0.499) 352(0.499) 353(0.499) 354(0.800) 355(0.800) 356(0.800) 357(0.800) 358(0.800) 359(0.800) 367(0.499) 368(0.499) 369(0.499) 370(0.499) 371(0.499) 372(0.499) 373(0.499) 374(0.800) 375(0.800) 376(0.800) 377(0.800) 378(0.800) 379(0.800) 387(0.499) 388(0.499) 389(0.499) 390(0.499) 391(0.499) 392(0.499) 393(0.499) 394(0.800) 395(0.800) 396(0.800) 397(0.800) 398(0.800) 399(0.800) 

[EVENT] 1576.101 | event=UAVWaypointArrival | nodeId=401 | cycle=1 | pos=(160.000,320.000,20.000)

[EVENT] 1585.500 | event=SuspiciousConfidenceSnapshot | 76(0.874) 77(0.874) 78(0.874) 79(0.874) 94(0.874) 95(0.874) 96(0.874) 97(0.874) 98(0.874) 99(0.874) 114(0.874) 115(0.874) 116(0.874) 117(0.874) 118(0.874) 119(0.874) 134(0.874) 135(0.874) 136(0.874) 137(0.874) 138(0.874) 139(0.874) 154(0.874) 155(0.874) 156(0.874) 157(0.874) 158(0.874) 159(0.874) 174(0.874) 175(0.874) 176(0.874) 177(0.874) 178(0.874) 179(0.874) 193(0.874) 194(0.874) 195(0.900) 196(0.900) 197(0.900) 198(0.874) 199(0.874) 211(0.874) 212(0.874) 213(0.874) 214(0.874) 215(0.900) 216(0.900) 217(0.900) 218(0.900) 219(0.874) 231(0.874) 232(0.874) 233(0.874) 234(0.874) 235(0.900) 236(0.900) 237(0.900) 238(0.900) 239(0.900) 251(0.874) 252(0.874) 253(0.874) 254(0.874) 255(0.900) 256(0.900) 257(0.900) 258(0.900) 259(0.900) 271(0.874) 272(0.874) 273(0.874) 274(0.874) 275(0.874) 276(0.900) 277(0.900) 278(0.900) 279(0.900) 291(0.874) 292(0.874) 293(0.874) 294(0.874) 295(0.874) 296(0.874) 297(0.874) 298(0.900) 299(0.874) 309(0.499) 310(0.499) 311(0.499) 312(0.499) 313(0.874) 314(0.874) 315(0.874) 316(0.800) 317(0.800) 318(0.800) 319(0.800) 327(0.499) 328(0.499) 329(0.499) 330(0.499) 331(0.499) 332(0.499) 333(0.499) 334(0.800) 335(0.800) 336(0.800) 337(0.800) 338(0.800) 339(0.800) 347(0.499) 348(0.499) 349(0.499) 350(0.499) 351(0.499) 352(0.499) 353(0.499) 354(0.800) 355(0.800) 356(0.800) 357(0.800) 358(0.800) 359(0.800) 367(0.499) 368(0.499) 369(0.499) 370(0.499) 371(0.499) 372(0.499) 373(0.499) 374(0.800) 375(0.800) 376(0.800) 377(0.800) 378(0.800) 379(0.800) 387(0.499) 388(0.499) 389(0.499) 390(0.499) 391(0.499) 392(0.499) 393(0.499) 394(0.800) 395(0.800) 396(0.800) 397(0.800) 398(0.800) 399(0.800) 

[EVENT] 1593.714 | event=UAVWaypointArrival | nodeId=401 | cycle=1 | pos=(140.000,320.000,20.000)

[EVENT] 1595.500 | event=SuspiciousConfidenceSnapshot | 76(0.874) 77(0.874) 78(0.874) 79(0.874) 94(0.874) 95(0.874) 96(0.874) 97(0.874) 98(0.874) 99(0.874) 114(0.874) 115(0.874) 116(0.874) 117(0.874) 118(0.874) 119(0.874) 134(0.874) 135(0.874) 136(0.874) 137(0.874) 138(0.874) 139(0.874) 154(0.874) 155(0.874) 156(0.874) 157(0.874) 158(0.874) 159(0.874) 174(0.874) 175(0.874) 176(0.874) 177(0.874) 178(0.874) 179(0.874) 193(0.874) 194(0.874) 195(0.900) 196(0.900) 197(0.900) 198(0.874) 199(0.874) 211(0.874) 212(0.874) 213(0.874) 214(0.874) 215(0.900) 216(0.900) 217(0.900) 218(0.900) 219(0.874) 231(0.874) 232(0.874) 233(0.874) 234(0.874) 235(0.900) 236(0.900) 237(0.900) 238(0.900) 239(0.900) 251(0.874) 252(0.874) 253(0.874) 254(0.874) 255(0.900) 256(0.900) 257(0.900) 258(0.900) 259(0.900) 271(0.874) 272(0.874) 273(0.874) 274(0.874) 275(0.874) 276(0.900) 277(0.900) 278(0.900) 279(0.900) 291(0.874) 292(0.874) 293(0.874) 294(0.874) 295(0.874) 296(0.874) 297(0.874) 298(0.900) 299(0.874) 309(0.499) 310(0.499) 311(0.499) 312(0.499) 313(0.874) 314(0.874) 315(0.874) 316(0.800) 317(0.800) 318(0.800) 319(0.800) 327(0.499) 328(0.499) 329(0.499) 330(0.499) 331(0.499) 332(0.499) 333(0.499) 334(0.800) 335(0.800) 336(0.800) 337(0.800) 338(0.800) 339(0.800) 347(0.499) 348(0.499) 349(0.499) 350(0.499) 351(0.499) 352(0.499) 353(0.499) 354(0.800) 355(0.800) 356(0.800) 357(0.800) 358(0.800) 359(0.800) 367(0.499) 368(0.499) 369(0.499) 370(0.499) 371(0.499) 372(0.499) 373(0.499) 374(0.800) 375(0.800) 376(0.800) 377(0.800) 378(0.800) 379(0.800) 387(0.499) 388(0.499) 389(0.499) 390(0.499) 391(0.499) 392(0.499) 393(0.499) 394(0.800) 395(0.800) 396(0.800) 397(0.800) 398(0.800) 399(0.800) 

[EVENT] 1601.407 | event=UAVWaypointArrival | nodeId=402 | cycle=41 | pos=(270.000,340.000,20.000)

[EVENT] 1604.449 | event=UAVWaypointArrival | nodeId=402 | cycle=41 | pos=(260.000,280.000,20.000)

[EVENT] 1605.500 | event=SuspiciousConfidenceSnapshot | 76(0.874) 77(0.874) 78(0.874) 79(0.874) 94(0.874) 95(0.874) 96(0.874) 97(0.874) 98(0.874) 99(0.874) 114(0.874) 115(0.874) 116(0.874) 117(0.874) 118(0.874) 119(0.874) 134(0.874) 135(0.874) 136(0.874) 137(0.874) 138(0.874) 139(0.874) 154(0.874) 155(0.874) 156(0.874) 157(0.874) 158(0.874) 159(0.874) 174(0.874) 175(0.874) 176(0.874) 177(0.874) 178(0.874) 179(0.874) 193(0.874) 194(0.874) 195(0.900) 196(0.900) 197(0.900) 198(0.874) 199(0.874) 211(0.874) 212(0.874) 213(0.874) 214(0.874) 215(0.900) 216(0.900) 217(0.900) 218(0.900) 219(0.874) 231(0.874) 232(0.874) 233(0.874) 234(0.874) 235(0.900) 236(0.900) 237(0.900) 238(0.900) 239(0.900) 251(0.874) 252(0.874) 253(0.874) 254(0.874) 255(0.900) 256(0.900) 257(0.900) 258(0.900) 259(0.900) 271(0.874) 272(0.874) 273(0.874) 274(0.874) 275(0.874) 276(0.900) 277(0.900) 278(0.900) 279(0.900) 291(0.874) 292(0.874) 293(0.874) 294(0.874) 295(0.874) 296(0.874) 297(0.874) 298(0.900) 299(0.874) 309(0.499) 310(0.499) 311(0.499) 312(0.499) 313(0.874) 314(0.874) 315(0.874) 316(0.800) 317(0.800) 318(0.800) 319(0.800) 327(0.499) 328(0.499) 329(0.499) 330(0.499) 331(0.499) 332(0.499) 333(0.499) 334(0.800) 335(0.800) 336(0.800) 337(0.800) 338(0.800) 339(0.800) 347(0.499) 348(0.499) 349(0.499) 350(0.499) 351(0.499) 352(0.499) 353(0.499) 354(0.800) 355(0.800) 356(0.800) 357(0.800) 358(0.800) 359(0.800) 367(0.499) 368(0.499) 369(0.499) 370(0.499) 371(0.499) 372(0.499) 373(0.499) 374(0.800) 375(0.800) 376(0.800) 377(0.800) 378(0.800) 379(0.800) 387(0.499) 388(0.499) 389(0.499) 390(0.499) 391(0.499) 392(0.499) 393(0.499) 394(0.800) 395(0.800) 396(0.800) 397(0.800) 398(0.800) 399(0.800) 

[EVENT] 1610.852 | event=UAVWaypointArrival | nodeId=402 | cycle=41 | pos=(340.000,180.000,20.000)

[EVENT] 1611.328 | event=UAVWaypointArrival | nodeId=401 | cycle=1 | pos=(140.000,340.000,20.000)

[EVENT] 1611.852 | event=UAVWaypointArrival | nodeId=402 | cycle=41 | pos=(360.000,180.000,20.000)

[EVENT] 1615.500 | event=SuspiciousConfidenceSnapshot | 76(0.874) 77(0.874) 78(0.874) 79(0.874) 94(0.874) 95(0.874) 96(0.874) 97(0.874) 98(0.874) 99(0.874) 114(0.874) 115(0.874) 116(0.874) 117(0.874) 118(0.874) 119(0.874) 134(0.874) 135(0.874) 136(0.874) 137(0.874) 138(0.874) 139(0.874) 154(0.874) 155(0.874) 156(0.874) 157(0.874) 158(0.874) 159(0.874) 174(0.874) 175(0.874) 176(0.874) 177(0.874) 178(0.874) 179(0.874) 193(0.874) 194(0.874) 195(0.900) 196(0.900) 197(0.900) 198(0.874) 199(0.874) 211(0.874) 212(0.874) 213(0.874) 214(0.874) 215(0.900) 216(0.900) 217(0.900) 218(0.900) 219(0.874) 231(0.874) 232(0.874) 233(0.874) 234(0.874) 235(0.900) 236(0.900) 237(0.900) 238(0.900) 239(0.900) 251(0.874) 252(0.874) 253(0.874) 254(0.874) 255(0.900) 256(0.900) 257(0.900) 258(0.900) 259(0.900) 271(0.874) 272(0.874) 273(0.874) 274(0.874) 275(0.874) 276(0.900) 277(0.900) 278(0.900) 279(0.900) 291(0.874) 292(0.874) 293(0.874) 294(0.874) 295(0.874) 296(0.874) 297(0.874) 298(0.900) 299(0.874) 309(0.499) 310(0.499) 311(0.499) 312(0.499) 313(0.874) 314(0.874) 315(0.874) 316(0.800) 317(0.800) 318(0.800) 319(0.800) 327(0.499) 328(0.499) 329(0.499) 330(0.499) 331(0.499) 332(0.499) 333(0.499) 334(0.800) 335(0.800) 336(0.800) 337(0.800) 338(0.800) 339(0.800) 347(0.499) 348(0.499) 349(0.499) 350(0.499) 351(0.499) 352(0.499) 353(0.499) 354(0.800) 355(0.800) 356(0.800) 357(0.800) 358(0.800) 359(0.800) 367(0.499) 368(0.499) 369(0.499) 370(0.499) 371(0.499) 372(0.499) 373(0.499) 374(0.800) 375(0.800) 376(0.800) 377(0.800) 378(0.800) 379(0.800) 387(0.499) 388(0.499) 389(0.499) 390(0.499) 391(0.499) 392(0.499) 393(0.499) 394(0.800) 395(0.800) 396(0.800) 397(0.800) 398(0.800) 399(0.800) 

[EVENT] 1625.500 | event=SuspiciousConfidenceSnapshot | 76(0.874) 77(0.874) 78(0.874) 79(0.874) 94(0.874) 95(0.874) 96(0.874) 97(0.874) 98(0.874) 99(0.874) 114(0.874) 115(0.874) 116(0.874) 117(0.874) 118(0.874) 119(0.874) 134(0.874) 135(0.874) 136(0.874) 137(0.874) 138(0.874) 139(0.874) 154(0.874) 155(0.874) 156(0.874) 157(0.874) 158(0.874) 159(0.874) 174(0.874) 175(0.874) 176(0.874) 177(0.874) 178(0.874) 179(0.874) 193(0.874) 194(0.874) 195(0.900) 196(0.900) 197(0.900) 198(0.874) 199(0.874) 211(0.874) 212(0.874) 213(0.874) 214(0.874) 215(0.900) 216(0.900) 217(0.900) 218(0.900) 219(0.874) 231(0.874) 232(0.874) 233(0.874) 234(0.874) 235(0.900) 236(0.900) 237(0.900) 238(0.900) 239(0.900) 251(0.874) 252(0.874) 253(0.874) 254(0.874) 255(0.900) 256(0.900) 257(0.900) 258(0.900) 259(0.900) 271(0.874) 272(0.874) 273(0.874) 274(0.874) 275(0.874) 276(0.900) 277(0.900) 278(0.900) 279(0.900) 291(0.874) 292(0.874) 293(0.874) 294(0.874) 295(0.874) 296(0.874) 297(0.874) 298(0.900) 299(0.874) 309(0.499) 310(0.499) 311(0.499) 312(0.499) 313(0.874) 314(0.874) 315(0.874) 316(0.800) 317(0.800) 318(0.800) 319(0.800) 327(0.499) 328(0.499) 329(0.499) 330(0.499) 331(0.499) 332(0.499) 333(0.499) 334(0.800) 335(0.800) 336(0.800) 337(0.800) 338(0.800) 339(0.800) 347(0.499) 348(0.499) 349(0.499) 350(0.499) 351(0.499) 352(0.499) 353(0.499) 354(0.800) 355(0.800) 356(0.800) 357(0.800) 358(0.800) 359(0.800) 367(0.499) 368(0.499) 369(0.499) 370(0.499) 371(0.499) 372(0.499) 373(0.499) 374(0.800) 375(0.800) 376(0.800) 377(0.800) 378(0.800) 379(0.800) 387(0.499) 388(0.499) 389(0.499) 390(0.499) 391(0.499) 392(0.499) 393(0.499) 394(0.800) 395(0.800) 396(0.800) 397(0.800) 398(0.800) 399(0.800) 

[EVENT] 1628.941 | event=UAVWaypointArrival | nodeId=401 | cycle=1 | pos=(160.000,340.000,20.000)

[EVENT] 1635.500 | event=SuspiciousConfidenceSnapshot | 76(0.874) 77(0.874) 78(0.874) 79(0.874) 94(0.874) 95(0.874) 96(0.874) 97(0.874) 98(0.874) 99(0.874) 114(0.874) 115(0.874) 116(0.874) 117(0.874) 118(0.874) 119(0.874) 134(0.874) 135(0.874) 136(0.874) 137(0.874) 138(0.874) 139(0.874) 154(0.874) 155(0.874) 156(0.874) 157(0.874) 158(0.874) 159(0.874) 174(0.874) 175(0.874) 176(0.874) 177(0.874) 178(0.874) 179(0.874) 193(0.874) 194(0.874) 195(0.900) 196(0.900) 197(0.900) 198(0.874) 199(0.874) 211(0.874) 212(0.874) 213(0.874) 214(0.874) 215(0.900) 216(0.900) 217(0.900) 218(0.900) 219(0.874) 231(0.874) 232(0.874) 233(0.874) 234(0.874) 235(0.900) 236(0.900) 237(0.900) 238(0.900) 239(0.900) 251(0.874) 252(0.874) 253(0.874) 254(0.874) 255(0.900) 256(0.900) 257(0.900) 258(0.900) 259(0.900) 271(0.874) 272(0.874) 273(0.874) 274(0.874) 275(0.874) 276(0.900) 277(0.900) 278(0.900) 279(0.900) 291(0.874) 292(0.874) 293(0.874) 294(0.874) 295(0.874) 296(0.874) 297(0.874) 298(0.900) 299(0.874) 309(0.499) 310(0.499) 311(0.499) 312(0.499) 313(0.874) 314(0.874) 315(0.874) 316(0.800) 317(0.800) 318(0.800) 319(0.800) 327(0.499) 328(0.499) 329(0.499) 330(0.499) 331(0.499) 332(0.499) 333(0.499) 334(0.800) 335(0.800) 336(0.800) 337(0.800) 338(0.800) 339(0.800) 347(0.499) 348(0.499) 349(0.499) 350(0.499) 351(0.499) 352(0.499) 353(0.499) 354(0.800) 355(0.800) 356(0.800) 357(0.800) 358(0.800) 359(0.800) 367(0.499) 368(0.499) 369(0.499) 370(0.499) 371(0.499) 372(0.499) 373(0.499) 374(0.800) 375(0.800) 376(0.800) 377(0.800) 378(0.800) 379(0.800) 387(0.499) 388(0.499) 389(0.499) 390(0.499) 391(0.499) 392(0.499) 393(0.499) 394(0.800) 395(0.800) 396(0.800) 397(0.800) 398(0.800) 399(0.800) 

[EVENT] 1640.596 | event=UAVWaypointArrival | nodeId=402 | cycle=42 | pos=(270.000,340.000,20.000)

[EVENT] 1643.638 | event=UAVWaypointArrival | nodeId=402 | cycle=42 | pos=(260.000,280.000,20.000)

[EVENT] 1645.500 | event=SuspiciousConfidenceSnapshot | 76(0.874) 77(0.874) 78(0.874) 79(0.874) 94(0.874) 95(0.874) 96(0.874) 97(0.874) 98(0.874) 99(0.874) 114(0.874) 115(0.874) 116(0.874) 117(0.874) 118(0.874) 119(0.874) 134(0.874) 135(0.874) 136(0.874) 137(0.874) 138(0.874) 139(0.874) 154(0.874) 155(0.874) 156(0.874) 157(0.874) 158(0.874) 159(0.874) 174(0.874) 175(0.874) 176(0.874) 177(0.874) 178(0.874) 179(0.874) 193(0.874) 194(0.874) 195(0.900) 196(0.900) 197(0.900) 198(0.874) 199(0.874) 211(0.874) 212(0.874) 213(0.874) 214(0.874) 215(0.900) 216(0.900) 217(0.900) 218(0.900) 219(0.874) 231(0.874) 232(0.874) 233(0.874) 234(0.874) 235(0.900) 236(0.900) 237(0.900) 238(0.900) 239(0.900) 251(0.874) 252(0.874) 253(0.874) 254(0.874) 255(0.900) 256(0.900) 257(0.900) 258(0.900) 259(0.900) 271(0.874) 272(0.874) 273(0.874) 274(0.874) 275(0.874) 276(0.900) 277(0.900) 278(0.900) 279(0.900) 291(0.874) 292(0.874) 293(0.874) 294(0.874) 295(0.874) 296(0.874) 297(0.874) 298(0.900) 299(0.874) 309(0.499) 310(0.499) 311(0.499) 312(0.499) 313(0.874) 314(0.874) 315(0.874) 316(0.800) 317(0.800) 318(0.800) 319(0.800) 327(0.499) 328(0.499) 329(0.499) 330(0.499) 331(0.499) 332(0.499) 333(0.499) 334(0.800) 335(0.800) 336(0.800) 337(0.800) 338(0.800) 339(0.800) 347(0.499) 348(0.499) 349(0.499) 350(0.499) 351(0.499) 352(0.499) 353(0.499) 354(0.800) 355(0.800) 356(0.800) 357(0.800) 358(0.800) 359(0.800) 367(0.499) 368(0.499) 369(0.499) 370(0.499) 371(0.499) 372(0.499) 373(0.499) 374(0.800) 375(0.800) 376(0.800) 377(0.800) 378(0.800) 379(0.800) 387(0.499) 388(0.499) 389(0.499) 390(0.499) 391(0.499) 392(0.499) 393(0.499) 394(0.800) 395(0.800) 396(0.800) 397(0.800) 398(0.800) 399(0.800) 

[EVENT] 1646.554 | event=UAVWaypointArrival | nodeId=401 | cycle=1 | pos=(180.000,340.000,20.000)

[EVENT] 1650.041 | event=UAVWaypointArrival | nodeId=402 | cycle=42 | pos=(340.000,180.000,20.000)

[EVENT] 1651.041 | event=UAVWaypointArrival | nodeId=402 | cycle=42 | pos=(360.000,180.000,20.000)

[EVENT] 1655.500 | event=SuspiciousConfidenceSnapshot | 76(0.874) 77(0.874) 78(0.874) 79(0.874) 94(0.874) 95(0.874) 96(0.874) 97(0.874) 98(0.874) 99(0.874) 114(0.874) 115(0.874) 116(0.874) 117(0.874) 118(0.874) 119(0.874) 134(0.874) 135(0.874) 136(0.874) 137(0.874) 138(0.874) 139(0.874) 154(0.874) 155(0.874) 156(0.874) 157(0.874) 158(0.874) 159(0.874) 174(0.874) 175(0.874) 176(0.874) 177(0.874) 178(0.874) 179(0.874) 193(0.874) 194(0.874) 195(0.900) 196(0.900) 197(0.900) 198(0.874) 199(0.874) 211(0.874) 212(0.874) 213(0.874) 214(0.874) 215(0.900) 216(0.900) 217(0.900) 218(0.900) 219(0.874) 231(0.874) 232(0.874) 233(0.874) 234(0.874) 235(0.900) 236(0.900) 237(0.900) 238(0.900) 239(0.900) 251(0.874) 252(0.874) 253(0.874) 254(0.874) 255(0.900) 256(0.900) 257(0.900) 258(0.900) 259(0.900) 271(0.874) 272(0.874) 273(0.874) 274(0.874) 275(0.874) 276(0.900) 277(0.900) 278(0.900) 279(0.900) 291(0.874) 292(0.874) 293(0.874) 294(0.874) 295(0.874) 296(0.874) 297(0.874) 298(0.900) 299(0.874) 309(0.499) 310(0.499) 311(0.499) 312(0.499) 313(0.874) 314(0.874) 315(0.874) 316(0.800) 317(0.800) 318(0.800) 319(0.800) 327(0.499) 328(0.499) 329(0.499) 330(0.499) 331(0.499) 332(0.499) 333(0.499) 334(0.800) 335(0.800) 336(0.800) 337(0.800) 338(0.800) 339(0.800) 347(0.499) 348(0.499) 349(0.499) 350(0.499) 351(0.499) 352(0.499) 353(0.499) 354(0.800) 355(0.800) 356(0.800) 357(0.800) 358(0.800) 359(0.800) 367(0.499) 368(0.499) 369(0.499) 370(0.499) 371(0.499) 372(0.499) 373(0.499) 374(0.800) 375(0.800) 376(0.800) 377(0.800) 378(0.800) 379(0.800) 387(0.499) 388(0.499) 389(0.499) 390(0.499) 391(0.499) 392(0.499) 393(0.499) 394(0.800) 395(0.800) 396(0.800) 397(0.800) 398(0.800) 399(0.800) 

[EVENT] 1664.168 | event=UAVWaypointArrival | nodeId=401 | cycle=1 | pos=(200.000,340.000,20.000)

[EVENT] 1665.500 | event=SuspiciousConfidenceSnapshot | 76(0.874) 77(0.874) 78(0.874) 79(0.874) 94(0.874) 95(0.874) 96(0.874) 97(0.874) 98(0.874) 99(0.874) 114(0.874) 115(0.874) 116(0.874) 117(0.874) 118(0.874) 119(0.874) 134(0.874) 135(0.874) 136(0.874) 137(0.874) 138(0.874) 139(0.874) 154(0.874) 155(0.874) 156(0.874) 157(0.874) 158(0.874) 159(0.874) 174(0.874) 175(0.874) 176(0.874) 177(0.874) 178(0.874) 179(0.874) 193(0.874) 194(0.874) 195(0.900) 196(0.900) 197(0.900) 198(0.874) 199(0.874) 211(0.874) 212(0.874) 213(0.874) 214(0.874) 215(0.900) 216(0.900) 217(0.900) 218(0.900) 219(0.874) 231(0.874) 232(0.874) 233(0.874) 234(0.874) 235(0.900) 236(0.900) 237(0.900) 238(0.900) 239(0.900) 251(0.874) 252(0.874) 253(0.874) 254(0.874) 255(0.900) 256(0.900) 257(0.900) 258(0.900) 259(0.900) 271(0.874) 272(0.874) 273(0.874) 274(0.874) 275(0.874) 276(0.900) 277(0.900) 278(0.900) 279(0.900) 291(0.874) 292(0.874) 293(0.874) 294(0.874) 295(0.874) 296(0.874) 297(0.874) 298(0.900) 299(0.874) 309(0.499) 310(0.499) 311(0.499) 312(0.499) 313(0.874) 314(0.874) 315(0.874) 316(0.800) 317(0.800) 318(0.800) 319(0.800) 327(0.499) 328(0.499) 329(0.499) 330(0.499) 331(0.499) 332(0.499) 333(0.499) 334(0.800) 335(0.800) 336(0.800) 337(0.800) 338(0.800) 339(0.800) 347(0.499) 348(0.499) 349(0.499) 350(0.499) 351(0.499) 352(0.499) 353(0.499) 354(0.800) 355(0.800) 356(0.800) 357(0.800) 358(0.800) 359(0.800) 367(0.499) 368(0.499) 369(0.499) 370(0.499) 371(0.499) 372(0.499) 373(0.499) 374(0.800) 375(0.800) 376(0.800) 377(0.800) 378(0.800) 379(0.800) 387(0.499) 388(0.499) 389(0.499) 390(0.499) 391(0.499) 392(0.499) 393(0.499) 394(0.800) 395(0.800) 396(0.800) 397(0.800) 398(0.800) 399(0.800) 

[EVENT] 1675.500 | event=SuspiciousConfidenceSnapshot | 76(0.874) 77(0.874) 78(0.874) 79(0.874) 94(0.874) 95(0.874) 96(0.874) 97(0.874) 98(0.874) 99(0.874) 114(0.874) 115(0.874) 116(0.874) 117(0.874) 118(0.874) 119(0.874) 134(0.874) 135(0.874) 136(0.874) 137(0.874) 138(0.874) 139(0.874) 154(0.874) 155(0.874) 156(0.874) 157(0.874) 158(0.874) 159(0.874) 174(0.874) 175(0.874) 176(0.874) 177(0.874) 178(0.874) 179(0.874) 193(0.874) 194(0.874) 195(0.900) 196(0.900) 197(0.900) 198(0.874) 199(0.874) 211(0.874) 212(0.874) 213(0.874) 214(0.874) 215(0.900) 216(0.900) 217(0.900) 218(0.900) 219(0.874) 231(0.874) 232(0.874) 233(0.874) 234(0.874) 235(0.900) 236(0.900) 237(0.900) 238(0.900) 239(0.900) 251(0.874) 252(0.874) 253(0.874) 254(0.874) 255(0.900) 256(0.900) 257(0.900) 258(0.900) 259(0.900) 271(0.874) 272(0.874) 273(0.874) 274(0.874) 275(0.874) 276(0.900) 277(0.900) 278(0.900) 279(0.900) 291(0.874) 292(0.874) 293(0.874) 294(0.874) 295(0.874) 296(0.874) 297(0.874) 298(0.900) 299(0.874) 309(0.499) 310(0.499) 311(0.499) 312(0.499) 313(0.874) 314(0.874) 315(0.874) 316(0.800) 317(0.800) 318(0.800) 319(0.800) 327(0.499) 328(0.499) 329(0.499) 330(0.499) 331(0.499) 332(0.499) 333(0.499) 334(0.800) 335(0.800) 336(0.800) 337(0.800) 338(0.800) 339(0.800) 347(0.499) 348(0.499) 349(0.499) 350(0.499) 351(0.499) 352(0.499) 353(0.499) 354(0.800) 355(0.800) 356(0.800) 357(0.800) 358(0.800) 359(0.800) 367(0.499) 368(0.499) 369(0.499) 370(0.499) 371(0.499) 372(0.499) 373(0.499) 374(0.800) 375(0.800) 376(0.800) 377(0.800) 378(0.800) 379(0.800) 387(0.499) 388(0.499) 389(0.499) 390(0.499) 391(0.499) 392(0.499) 393(0.499) 394(0.800) 395(0.800) 396(0.800) 397(0.800) 398(0.800) 399(0.800) 

[EVENT] 1679.786 | event=UAVWaypointArrival | nodeId=402 | cycle=43 | pos=(270.000,340.000,20.000)

[EVENT] 1681.781 | event=UAVWaypointArrival | nodeId=401 | cycle=1 | pos=(200.000,320.000,20.000)

[EVENT] 1682.827 | event=UAVWaypointArrival | nodeId=402 | cycle=43 | pos=(260.000,280.000,20.000)

[EVENT] 1685.500 | event=SuspiciousConfidenceSnapshot | 76(0.874) 77(0.874) 78(0.874) 79(0.874) 94(0.874) 95(0.874) 96(0.874) 97(0.874) 98(0.874) 99(0.874) 114(0.874) 115(0.874) 116(0.874) 117(0.874) 118(0.874) 119(0.874) 134(0.874) 135(0.874) 136(0.874) 137(0.874) 138(0.874) 139(0.874) 154(0.874) 155(0.874) 156(0.874) 157(0.874) 158(0.874) 159(0.874) 174(0.874) 175(0.874) 176(0.874) 177(0.874) 178(0.874) 179(0.874) 193(0.874) 194(0.874) 195(0.900) 196(0.900) 197(0.900) 198(0.874) 199(0.874) 211(0.874) 212(0.874) 213(0.874) 214(0.874) 215(0.900) 216(0.900) 217(0.900) 218(0.900) 219(0.874) 231(0.874) 232(0.874) 233(0.874) 234(0.874) 235(0.900) 236(0.900) 237(0.900) 238(0.900) 239(0.900) 251(0.874) 252(0.874) 253(0.874) 254(0.874) 255(0.900) 256(0.900) 257(0.900) 258(0.900) 259(0.900) 271(0.874) 272(0.874) 273(0.874) 274(0.874) 275(0.874) 276(0.900) 277(0.900) 278(0.900) 279(0.900) 291(0.874) 292(0.874) 293(0.874) 294(0.874) 295(0.874) 296(0.874) 297(0.874) 298(0.900) 299(0.874) 309(0.499) 310(0.499) 311(0.499) 312(0.499) 313(0.874) 314(0.874) 315(0.874) 316(0.800) 317(0.800) 318(0.800) 319(0.800) 327(0.499) 328(0.499) 329(0.499) 330(0.499) 331(0.499) 332(0.499) 333(0.499) 334(0.800) 335(0.800) 336(0.800) 337(0.800) 338(0.800) 339(0.800) 347(0.499) 348(0.499) 349(0.499) 350(0.499) 351(0.499) 352(0.499) 353(0.499) 354(0.800) 355(0.800) 356(0.800) 357(0.800) 358(0.800) 359(0.800) 367(0.499) 368(0.499) 369(0.499) 370(0.499) 371(0.499) 372(0.499) 373(0.499) 374(0.800) 375(0.800) 376(0.800) 377(0.800) 378(0.800) 379(0.800) 387(0.499) 388(0.499) 389(0.499) 390(0.499) 391(0.499) 392(0.499) 393(0.499) 394(0.800) 395(0.800) 396(0.800) 397(0.800) 398(0.800) 399(0.800) 

[EVENT] 1689.230 | event=UAVWaypointArrival | nodeId=402 | cycle=43 | pos=(340.000,180.000,20.000)

[EVENT] 1690.230 | event=UAVWaypointArrival | nodeId=402 | cycle=43 | pos=(360.000,180.000,20.000)

[EVENT] 1695.500 | event=SuspiciousConfidenceSnapshot | 76(0.874) 77(0.874) 78(0.874) 79(0.874) 94(0.874) 95(0.874) 96(0.874) 97(0.874) 98(0.874) 99(0.874) 114(0.874) 115(0.874) 116(0.874) 117(0.874) 118(0.874) 119(0.874) 134(0.874) 135(0.874) 136(0.874) 137(0.874) 138(0.874) 139(0.874) 154(0.874) 155(0.874) 156(0.874) 157(0.874) 158(0.874) 159(0.874) 174(0.874) 175(0.874) 176(0.874) 177(0.874) 178(0.874) 179(0.874) 193(0.874) 194(0.874) 195(0.900) 196(0.900) 197(0.900) 198(0.874) 199(0.874) 211(0.874) 212(0.874) 213(0.874) 214(0.874) 215(0.900) 216(0.900) 217(0.900) 218(0.900) 219(0.874) 231(0.874) 232(0.874) 233(0.874) 234(0.874) 235(0.900) 236(0.900) 237(0.900) 238(0.900) 239(0.900) 251(0.874) 252(0.874) 253(0.874) 254(0.874) 255(0.900) 256(0.900) 257(0.900) 258(0.900) 259(0.900) 271(0.874) 272(0.874) 273(0.874) 274(0.874) 275(0.874) 276(0.900) 277(0.900) 278(0.900) 279(0.900) 291(0.874) 292(0.874) 293(0.874) 294(0.874) 295(0.874) 296(0.874) 297(0.874) 298(0.900) 299(0.874) 309(0.499) 310(0.499) 311(0.499) 312(0.499) 313(0.874) 314(0.874) 315(0.874) 316(0.800) 317(0.800) 318(0.800) 319(0.800) 327(0.499) 328(0.499) 329(0.499) 330(0.499) 331(0.499) 332(0.499) 333(0.499) 334(0.800) 335(0.800) 336(0.800) 337(0.800) 338(0.800) 339(0.800) 347(0.499) 348(0.499) 349(0.499) 350(0.499) 351(0.499) 352(0.499) 353(0.499) 354(0.800) 355(0.800) 356(0.800) 357(0.800) 358(0.800) 359(0.800) 367(0.499) 368(0.499) 369(0.499) 370(0.499) 371(0.499) 372(0.499) 373(0.499) 374(0.800) 375(0.800) 376(0.800) 377(0.800) 378(0.800) 379(0.800) 387(0.499) 388(0.499) 389(0.499) 390(0.499) 391(0.499) 392(0.499) 393(0.499) 394(0.800) 395(0.800) 396(0.800) 397(0.800) 398(0.800) 399(0.800) 

[EVENT] 1699.395 | event=UAVWaypointArrival | nodeId=401 | cycle=1 | pos=(220.000,320.000,20.000)

[EVENT] 1705.500 | event=SuspiciousConfidenceSnapshot | 76(0.874) 77(0.874) 78(0.874) 79(0.874) 94(0.874) 95(0.874) 96(0.874) 97(0.874) 98(0.874) 99(0.874) 114(0.874) 115(0.874) 116(0.874) 117(0.874) 118(0.874) 119(0.874) 134(0.874) 135(0.874) 136(0.874) 137(0.874) 138(0.874) 139(0.874) 154(0.874) 155(0.874) 156(0.874) 157(0.874) 158(0.874) 159(0.874) 174(0.874) 175(0.874) 176(0.874) 177(0.874) 178(0.874) 179(0.874) 193(0.874) 194(0.874) 195(0.900) 196(0.900) 197(0.900) 198(0.874) 199(0.874) 211(0.874) 212(0.874) 213(0.874) 214(0.874) 215(0.900) 216(0.900) 217(0.900) 218(0.900) 219(0.874) 231(0.874) 232(0.874) 233(0.874) 234(0.874) 235(0.900) 236(0.900) 237(0.900) 238(0.900) 239(0.900) 251(0.874) 252(0.874) 253(0.874) 254(0.874) 255(0.900) 256(0.900) 257(0.900) 258(0.900) 259(0.900) 271(0.874) 272(0.874) 273(0.874) 274(0.874) 275(0.874) 276(0.900) 277(0.900) 278(0.900) 279(0.900) 291(0.874) 292(0.874) 293(0.874) 294(0.874) 295(0.874) 296(0.874) 297(0.874) 298(0.900) 299(0.874) 309(0.499) 310(0.499) 311(0.499) 312(0.499) 313(0.874) 314(0.874) 315(0.874) 316(0.800) 317(0.800) 318(0.800) 319(0.800) 327(0.499) 328(0.499) 329(0.499) 330(0.499) 331(0.499) 332(0.499) 333(0.499) 334(0.800) 335(0.800) 336(0.800) 337(0.800) 338(0.800) 339(0.800) 347(0.499) 348(0.499) 349(0.499) 350(0.499) 351(0.499) 352(0.499) 353(0.499) 354(0.800) 355(0.800) 356(0.800) 357(0.800) 358(0.800) 359(0.800) 367(0.499) 368(0.499) 369(0.499) 370(0.499) 371(0.499) 372(0.499) 373(0.499) 374(0.800) 375(0.800) 376(0.800) 377(0.800) 378(0.800) 379(0.800) 387(0.499) 388(0.499) 389(0.499) 390(0.499) 391(0.499) 392(0.499) 393(0.499) 394(0.800) 395(0.800) 396(0.800) 397(0.800) 398(0.800) 399(0.800) 

[EVENT] 1715.500 | event=SuspiciousConfidenceSnapshot | 76(0.874) 77(0.874) 78(0.874) 79(0.874) 94(0.874) 95(0.874) 96(0.874) 97(0.874) 98(0.874) 99(0.874) 114(0.874) 115(0.874) 116(0.874) 117(0.874) 118(0.874) 119(0.874) 134(0.874) 135(0.874) 136(0.874) 137(0.874) 138(0.874) 139(0.874) 154(0.874) 155(0.874) 156(0.874) 157(0.874) 158(0.874) 159(0.874) 174(0.874) 175(0.874) 176(0.874) 177(0.874) 178(0.874) 179(0.874) 193(0.874) 194(0.874) 195(0.900) 196(0.900) 197(0.900) 198(0.874) 199(0.874) 211(0.874) 212(0.874) 213(0.874) 214(0.874) 215(0.900) 216(0.900) 217(0.900) 218(0.900) 219(0.874) 231(0.874) 232(0.874) 233(0.874) 234(0.874) 235(0.900) 236(0.900) 237(0.900) 238(0.900) 239(0.900) 251(0.874) 252(0.874) 253(0.874) 254(0.874) 255(0.900) 256(0.900) 257(0.900) 258(0.900) 259(0.900) 271(0.874) 272(0.874) 273(0.874) 274(0.874) 275(0.874) 276(0.900) 277(0.900) 278(0.900) 279(0.900) 291(0.874) 292(0.874) 293(0.874) 294(0.874) 295(0.874) 296(0.874) 297(0.874) 298(0.900) 299(0.874) 309(0.499) 310(0.499) 311(0.499) 312(0.499) 313(0.874) 314(0.874) 315(0.874) 316(0.800) 317(0.800) 318(0.800) 319(0.800) 327(0.499) 328(0.499) 329(0.499) 330(0.499) 331(0.499) 332(0.499) 333(0.499) 334(0.800) 335(0.800) 336(0.800) 337(0.800) 338(0.800) 339(0.800) 347(0.499) 348(0.499) 349(0.499) 350(0.499) 351(0.499) 352(0.499) 353(0.499) 354(0.800) 355(0.800) 356(0.800) 357(0.800) 358(0.800) 359(0.800) 367(0.499) 368(0.499) 369(0.499) 370(0.499) 371(0.499) 372(0.499) 373(0.499) 374(0.800) 375(0.800) 376(0.800) 377(0.800) 378(0.800) 379(0.800) 387(0.499) 388(0.499) 389(0.499) 390(0.499) 391(0.499) 392(0.499) 393(0.499) 394(0.800) 395(0.800) 396(0.800) 397(0.800) 398(0.800) 399(0.800) 

[EVENT] 1717.008 | event=UAVWaypointArrival | nodeId=401 | cycle=1 | pos=(240.000,320.000,20.000)

[EVENT] 1718.975 | event=UAVWaypointArrival | nodeId=402 | cycle=44 | pos=(270.000,340.000,20.000)

[EVENT] 1722.016 | event=UAVWaypointArrival | nodeId=402 | cycle=44 | pos=(260.000,280.000,20.000)

[EVENT] 1725.500 | event=SuspiciousConfidenceSnapshot | 76(0.874) 77(0.874) 78(0.874) 79(0.874) 94(0.874) 95(0.874) 96(0.874) 97(0.874) 98(0.874) 99(0.874) 114(0.874) 115(0.874) 116(0.874) 117(0.874) 118(0.874) 119(0.874) 134(0.874) 135(0.874) 136(0.874) 137(0.874) 138(0.874) 139(0.874) 154(0.874) 155(0.874) 156(0.874) 157(0.874) 158(0.874) 159(0.874) 174(0.874) 175(0.874) 176(0.874) 177(0.874) 178(0.874) 179(0.874) 193(0.874) 194(0.874) 195(0.900) 196(0.900) 197(0.900) 198(0.874) 199(0.874) 211(0.874) 212(0.874) 213(0.874) 214(0.874) 215(0.900) 216(0.900) 217(0.900) 218(0.900) 219(0.874) 231(0.874) 232(0.874) 233(0.874) 234(0.874) 235(0.900) 236(0.900) 237(0.900) 238(0.900) 239(0.900) 251(0.874) 252(0.874) 253(0.874) 254(0.874) 255(0.900) 256(0.900) 257(0.900) 258(0.900) 259(0.900) 271(0.874) 272(0.874) 273(0.874) 274(0.874) 275(0.874) 276(0.900) 277(0.900) 278(0.900) 279(0.900) 291(0.874) 292(0.874) 293(0.874) 294(0.874) 295(0.874) 296(0.874) 297(0.874) 298(0.900) 299(0.874) 309(0.499) 310(0.499) 311(0.499) 312(0.499) 313(0.874) 314(0.874) 315(0.874) 316(0.800) 317(0.800) 318(0.800) 319(0.800) 327(0.499) 328(0.499) 329(0.499) 330(0.499) 331(0.499) 332(0.499) 333(0.499) 334(0.800) 335(0.800) 336(0.800) 337(0.800) 338(0.800) 339(0.800) 347(0.499) 348(0.499) 349(0.499) 350(0.499) 351(0.499) 352(0.499) 353(0.499) 354(0.800) 355(0.800) 356(0.800) 357(0.800) 358(0.800) 359(0.800) 367(0.499) 368(0.499) 369(0.499) 370(0.499) 371(0.499) 372(0.499) 373(0.499) 374(0.800) 375(0.800) 376(0.800) 377(0.800) 378(0.800) 379(0.800) 387(0.499) 388(0.499) 389(0.499) 390(0.499) 391(0.499) 392(0.499) 393(0.499) 394(0.800) 395(0.800) 396(0.800) 397(0.800) 398(0.800) 399(0.800) 

[EVENT] 1728.419 | event=UAVWaypointArrival | nodeId=402 | cycle=44 | pos=(340.000,180.000,20.000)

[EVENT] 1729.419 | event=UAVWaypointArrival | nodeId=402 | cycle=44 | pos=(360.000,180.000,20.000)

[EVENT] 1734.621 | event=UAVWaypointArrival | nodeId=401 | cycle=1 | pos=(240.000,300.000,20.000)

[EVENT] 1735.500 | event=SuspiciousConfidenceSnapshot | 76(0.874) 77(0.874) 78(0.874) 79(0.874) 94(0.874) 95(0.874) 96(0.874) 97(0.874) 98(0.874) 99(0.874) 114(0.874) 115(0.874) 116(0.874) 117(0.874) 118(0.874) 119(0.874) 134(0.874) 135(0.874) 136(0.874) 137(0.874) 138(0.874) 139(0.874) 154(0.874) 155(0.874) 156(0.874) 157(0.874) 158(0.874) 159(0.874) 174(0.874) 175(0.874) 176(0.874) 177(0.874) 178(0.874) 179(0.874) 193(0.874) 194(0.874) 195(0.900) 196(0.900) 197(0.900) 198(0.874) 199(0.874) 211(0.874) 212(0.874) 213(0.874) 214(0.874) 215(0.900) 216(0.900) 217(0.900) 218(0.900) 219(0.874) 231(0.874) 232(0.874) 233(0.874) 234(0.874) 235(0.900) 236(0.900) 237(0.900) 238(0.900) 239(0.900) 251(0.874) 252(0.874) 253(0.874) 254(0.874) 255(0.900) 256(0.900) 257(0.900) 258(0.900) 259(0.900) 271(0.874) 272(0.874) 273(0.874) 274(0.874) 275(0.874) 276(0.900) 277(0.900) 278(0.900) 279(0.900) 291(0.874) 292(0.874) 293(0.874) 294(0.874) 295(0.874) 296(0.874) 297(0.874) 298(0.900) 299(0.874) 309(0.499) 310(0.499) 311(0.499) 312(0.499) 313(0.874) 314(0.874) 315(0.874) 316(0.800) 317(0.800) 318(0.800) 319(0.800) 327(0.499) 328(0.499) 329(0.499) 330(0.499) 331(0.499) 332(0.499) 333(0.499) 334(0.800) 335(0.800) 336(0.800) 337(0.800) 338(0.800) 339(0.800) 347(0.499) 348(0.499) 349(0.499) 350(0.499) 351(0.499) 352(0.499) 353(0.499) 354(0.800) 355(0.800) 356(0.800) 357(0.800) 358(0.800) 359(0.800) 367(0.499) 368(0.499) 369(0.499) 370(0.499) 371(0.499) 372(0.499) 373(0.499) 374(0.800) 375(0.800) 376(0.800) 377(0.800) 378(0.800) 379(0.800) 387(0.499) 388(0.499) 389(0.499) 390(0.499) 391(0.499) 392(0.499) 393(0.499) 394(0.800) 395(0.800) 396(0.800) 397(0.800) 398(0.800) 399(0.800) 

[EVENT] 1745.500 | event=SuspiciousConfidenceSnapshot | 76(0.874) 77(0.874) 78(0.874) 79(0.874) 94(0.874) 95(0.874) 96(0.874) 97(0.874) 98(0.874) 99(0.874) 114(0.874) 115(0.874) 116(0.874) 117(0.874) 118(0.874) 119(0.874) 134(0.874) 135(0.874) 136(0.874) 137(0.874) 138(0.874) 139(0.874) 154(0.874) 155(0.874) 156(0.874) 157(0.874) 158(0.874) 159(0.874) 174(0.874) 175(0.874) 176(0.874) 177(0.874) 178(0.874) 179(0.874) 193(0.874) 194(0.874) 195(0.900) 196(0.900) 197(0.900) 198(0.874) 199(0.874) 211(0.874) 212(0.874) 213(0.874) 214(0.874) 215(0.900) 216(0.900) 217(0.900) 218(0.900) 219(0.874) 231(0.874) 232(0.874) 233(0.874) 234(0.874) 235(0.900) 236(0.900) 237(0.900) 238(0.900) 239(0.900) 251(0.874) 252(0.874) 253(0.874) 254(0.874) 255(0.900) 256(0.900) 257(0.900) 258(0.900) 259(0.900) 271(0.874) 272(0.874) 273(0.874) 274(0.874) 275(0.874) 276(0.900) 277(0.900) 278(0.900) 279(0.900) 291(0.874) 292(0.874) 293(0.874) 294(0.874) 295(0.874) 296(0.874) 297(0.874) 298(0.900) 299(0.874) 309(0.499) 310(0.499) 311(0.499) 312(0.499) 313(0.874) 314(0.874) 315(0.874) 316(0.800) 317(0.800) 318(0.800) 319(0.800) 327(0.499) 328(0.499) 329(0.499) 330(0.499) 331(0.499) 332(0.499) 333(0.499) 334(0.800) 335(0.800) 336(0.800) 337(0.800) 338(0.800) 339(0.800) 347(0.499) 348(0.499) 349(0.499) 350(0.499) 351(0.499) 352(0.499) 353(0.499) 354(0.800) 355(0.800) 356(0.800) 357(0.800) 358(0.800) 359(0.800) 367(0.499) 368(0.499) 369(0.499) 370(0.499) 371(0.499) 372(0.499) 373(0.499) 374(0.800) 375(0.800) 376(0.800) 377(0.800) 378(0.800) 379(0.800) 387(0.499) 388(0.499) 389(0.499) 390(0.499) 391(0.499) 392(0.499) 393(0.499) 394(0.800) 395(0.800) 396(0.800) 397(0.800) 398(0.800) 399(0.800) 

[EVENT] 1752.235 | event=UAVWaypointArrival | nodeId=401 | cycle=1 | pos=(260.000,300.000,20.000)

[EVENT] 1755.500 | event=SuspiciousConfidenceSnapshot | 76(0.874) 77(0.874) 78(0.874) 79(0.874) 94(0.874) 95(0.874) 96(0.874) 97(0.874) 98(0.874) 99(0.874) 114(0.874) 115(0.874) 116(0.874) 117(0.874) 118(0.874) 119(0.874) 134(0.874) 135(0.874) 136(0.874) 137(0.874) 138(0.874) 139(0.874) 154(0.874) 155(0.874) 156(0.874) 157(0.874) 158(0.874) 159(0.874) 174(0.874) 175(0.874) 176(0.874) 177(0.874) 178(0.874) 179(0.874) 193(0.874) 194(0.874) 195(0.900) 196(0.900) 197(0.900) 198(0.874) 199(0.874) 211(0.874) 212(0.874) 213(0.874) 214(0.874) 215(0.900) 216(0.900) 217(0.900) 218(0.900) 219(0.874) 231(0.874) 232(0.874) 233(0.874) 234(0.874) 235(0.900) 236(0.900) 237(0.900) 238(0.900) 239(0.900) 251(0.874) 252(0.874) 253(0.874) 254(0.874) 255(0.900) 256(0.900) 257(0.900) 258(0.900) 259(0.900) 271(0.874) 272(0.874) 273(0.874) 274(0.874) 275(0.874) 276(0.900) 277(0.900) 278(0.900) 279(0.900) 291(0.874) 292(0.874) 293(0.874) 294(0.874) 295(0.874) 296(0.874) 297(0.874) 298(0.900) 299(0.874) 309(0.499) 310(0.499) 311(0.499) 312(0.499) 313(0.874) 314(0.874) 315(0.874) 316(0.800) 317(0.800) 318(0.800) 319(0.800) 327(0.499) 328(0.499) 329(0.499) 330(0.499) 331(0.499) 332(0.499) 333(0.499) 334(0.800) 335(0.800) 336(0.800) 337(0.800) 338(0.800) 339(0.800) 347(0.499) 348(0.499) 349(0.499) 350(0.499) 351(0.499) 352(0.499) 353(0.499) 354(0.800) 355(0.800) 356(0.800) 357(0.800) 358(0.800) 359(0.800) 367(0.499) 368(0.499) 369(0.499) 370(0.499) 371(0.499) 372(0.499) 373(0.499) 374(0.800) 375(0.800) 376(0.800) 377(0.800) 378(0.800) 379(0.800) 387(0.499) 388(0.499) 389(0.499) 390(0.499) 391(0.499) 392(0.499) 393(0.499) 394(0.800) 395(0.800) 396(0.800) 397(0.800) 398(0.800) 399(0.800) 

[EVENT] 1758.164 | event=UAVWaypointArrival | nodeId=402 | cycle=45 | pos=(270.000,340.000,20.000)

[EVENT] 1761.205 | event=UAVWaypointArrival | nodeId=402 | cycle=45 | pos=(260.000,280.000,20.000)

[EVENT] 1765.500 | event=SuspiciousConfidenceSnapshot | 76(0.874) 77(0.874) 78(0.874) 79(0.874) 94(0.874) 95(0.874) 96(0.874) 97(0.874) 98(0.874) 99(0.874) 114(0.874) 115(0.874) 116(0.874) 117(0.874) 118(0.874) 119(0.874) 134(0.874) 135(0.874) 136(0.874) 137(0.874) 138(0.874) 139(0.874) 154(0.874) 155(0.874) 156(0.874) 157(0.874) 158(0.874) 159(0.874) 174(0.874) 175(0.874) 176(0.874) 177(0.874) 178(0.874) 179(0.874) 193(0.874) 194(0.874) 195(0.900) 196(0.900) 197(0.900) 198(0.874) 199(0.874) 211(0.874) 212(0.874) 213(0.874) 214(0.874) 215(0.900) 216(0.900) 217(0.900) 218(0.900) 219(0.874) 231(0.874) 232(0.874) 233(0.874) 234(0.874) 235(0.900) 236(0.900) 237(0.900) 238(0.900) 239(0.900) 251(0.874) 252(0.874) 253(0.874) 254(0.874) 255(0.900) 256(0.900) 257(0.900) 258(0.900) 259(0.900) 271(0.874) 272(0.874) 273(0.874) 274(0.874) 275(0.874) 276(0.900) 277(0.900) 278(0.900) 279(0.900) 291(0.874) 292(0.874) 293(0.874) 294(0.874) 295(0.874) 296(0.874) 297(0.874) 298(0.900) 299(0.874) 309(0.499) 310(0.499) 311(0.499) 312(0.499) 313(0.874) 314(0.874) 315(0.874) 316(0.800) 317(0.800) 318(0.800) 319(0.800) 327(0.499) 328(0.499) 329(0.499) 330(0.499) 331(0.499) 332(0.499) 333(0.499) 334(0.800) 335(0.800) 336(0.800) 337(0.800) 338(0.800) 339(0.800) 347(0.499) 348(0.499) 349(0.499) 350(0.499) 351(0.499) 352(0.499) 353(0.499) 354(0.800) 355(0.800) 356(0.800) 357(0.800) 358(0.800) 359(0.800) 367(0.499) 368(0.499) 369(0.499) 370(0.499) 371(0.499) 372(0.499) 373(0.499) 374(0.800) 375(0.800) 376(0.800) 377(0.800) 378(0.800) 379(0.800) 387(0.499) 388(0.499) 389(0.499) 390(0.499) 391(0.499) 392(0.499) 393(0.499) 394(0.800) 395(0.800) 396(0.800) 397(0.800) 398(0.800) 399(0.800) 

[EVENT] 1767.608 | event=UAVWaypointArrival | nodeId=402 | cycle=45 | pos=(340.000,180.000,20.000)

[EVENT] 1768.608 | event=UAVWaypointArrival | nodeId=402 | cycle=45 | pos=(360.000,180.000,20.000)

[EVENT] 1769.848 | event=UAVWaypointArrival | nodeId=401 | cycle=1 | pos=(280.000,300.000,20.000)

[EVENT] 1775.500 | event=SuspiciousConfidenceSnapshot | 76(0.874) 77(0.874) 78(0.874) 79(0.874) 94(0.874) 95(0.874) 96(0.874) 97(0.874) 98(0.874) 99(0.874) 114(0.874) 115(0.874) 116(0.874) 117(0.874) 118(0.874) 119(0.874) 134(0.874) 135(0.874) 136(0.874) 137(0.874) 138(0.874) 139(0.874) 154(0.874) 155(0.874) 156(0.874) 157(0.874) 158(0.874) 159(0.874) 174(0.874) 175(0.874) 176(0.874) 177(0.874) 178(0.874) 179(0.874) 193(0.874) 194(0.874) 195(0.900) 196(0.900) 197(0.900) 198(0.874) 199(0.874) 211(0.874) 212(0.874) 213(0.874) 214(0.874) 215(0.900) 216(0.900) 217(0.900) 218(0.900) 219(0.874) 231(0.874) 232(0.874) 233(0.874) 234(0.874) 235(0.900) 236(0.900) 237(0.900) 238(0.900) 239(0.900) 251(0.874) 252(0.874) 253(0.874) 254(0.874) 255(0.900) 256(0.900) 257(0.900) 258(0.900) 259(0.900) 271(0.874) 272(0.874) 273(0.874) 274(0.874) 275(0.874) 276(0.900) 277(0.900) 278(0.900) 279(0.900) 291(0.874) 292(0.874) 293(0.874) 294(0.874) 295(0.874) 296(0.874) 297(0.874) 298(0.900) 299(0.874) 309(0.499) 310(0.499) 311(0.499) 312(0.499) 313(0.874) 314(0.874) 315(0.874) 316(0.800) 317(0.800) 318(0.800) 319(0.800) 327(0.499) 328(0.499) 329(0.499) 330(0.499) 331(0.499) 332(0.499) 333(0.499) 334(0.800) 335(0.800) 336(0.800) 337(0.800) 338(0.800) 339(0.800) 347(0.499) 348(0.499) 349(0.499) 350(0.499) 351(0.499) 352(0.499) 353(0.499) 354(0.800) 355(0.800) 356(0.800) 357(0.800) 358(0.800) 359(0.800) 367(0.499) 368(0.499) 369(0.499) 370(0.499) 371(0.499) 372(0.499) 373(0.499) 374(0.800) 375(0.800) 376(0.800) 377(0.800) 378(0.800) 379(0.800) 387(0.499) 388(0.499) 389(0.499) 390(0.499) 391(0.499) 392(0.499) 393(0.499) 394(0.800) 395(0.800) 396(0.800) 397(0.800) 398(0.800) 399(0.800) 

[EVENT] 1785.500 | event=SuspiciousConfidenceSnapshot | 76(0.874) 77(0.874) 78(0.874) 79(0.874) 94(0.874) 95(0.874) 96(0.874) 97(0.874) 98(0.874) 99(0.874) 114(0.874) 115(0.874) 116(0.874) 117(0.874) 118(0.874) 119(0.874) 134(0.874) 135(0.874) 136(0.874) 137(0.874) 138(0.874) 139(0.874) 154(0.874) 155(0.874) 156(0.874) 157(0.874) 158(0.874) 159(0.874) 174(0.874) 175(0.874) 176(0.874) 177(0.874) 178(0.874) 179(0.874) 193(0.874) 194(0.874) 195(0.900) 196(0.900) 197(0.900) 198(0.874) 199(0.874) 211(0.874) 212(0.874) 213(0.874) 214(0.874) 215(0.900) 216(0.900) 217(0.900) 218(0.900) 219(0.874) 231(0.874) 232(0.874) 233(0.874) 234(0.874) 235(0.900) 236(0.900) 237(0.900) 238(0.900) 239(0.900) 251(0.874) 252(0.874) 253(0.874) 254(0.874) 255(0.900) 256(0.900) 257(0.900) 258(0.900) 259(0.900) 271(0.874) 272(0.874) 273(0.874) 274(0.874) 275(0.874) 276(0.900) 277(0.900) 278(0.900) 279(0.900) 291(0.874) 292(0.874) 293(0.874) 294(0.874) 295(0.874) 296(0.874) 297(0.874) 298(0.900) 299(0.874) 309(0.499) 310(0.499) 311(0.499) 312(0.499) 313(0.874) 314(0.874) 315(0.874) 316(0.800) 317(0.800) 318(0.800) 319(0.800) 327(0.499) 328(0.499) 329(0.499) 330(0.499) 331(0.499) 332(0.499) 333(0.499) 334(0.800) 335(0.800) 336(0.800) 337(0.800) 338(0.800) 339(0.800) 347(0.499) 348(0.499) 349(0.499) 350(0.499) 351(0.499) 352(0.499) 353(0.499) 354(0.800) 355(0.800) 356(0.800) 357(0.800) 358(0.800) 359(0.800) 367(0.499) 368(0.499) 369(0.499) 370(0.499) 371(0.499) 372(0.499) 373(0.499) 374(0.800) 375(0.800) 376(0.800) 377(0.800) 378(0.800) 379(0.800) 387(0.499) 388(0.499) 389(0.499) 390(0.499) 391(0.499) 392(0.499) 393(0.499) 394(0.800) 395(0.800) 396(0.800) 397(0.800) 398(0.800) 399(0.800) 

[EVENT] 1787.461 | event=UAVWaypointArrival | nodeId=401 | cycle=1 | pos=(300.000,300.000,20.000)

[EVENT] 1795.500 | event=SuspiciousConfidenceSnapshot | 76(0.874) 77(0.874) 78(0.874) 79(0.874) 94(0.874) 95(0.874) 96(0.874) 97(0.874) 98(0.874) 99(0.874) 114(0.874) 115(0.874) 116(0.874) 117(0.874) 118(0.874) 119(0.874) 134(0.874) 135(0.874) 136(0.874) 137(0.874) 138(0.874) 139(0.874) 154(0.874) 155(0.874) 156(0.874) 157(0.874) 158(0.874) 159(0.874) 174(0.874) 175(0.874) 176(0.874) 177(0.874) 178(0.874) 179(0.874) 193(0.874) 194(0.874) 195(0.900) 196(0.900) 197(0.900) 198(0.874) 199(0.874) 211(0.874) 212(0.874) 213(0.874) 214(0.874) 215(0.900) 216(0.900) 217(0.900) 218(0.900) 219(0.874) 231(0.874) 232(0.874) 233(0.874) 234(0.874) 235(0.900) 236(0.900) 237(0.900) 238(0.900) 239(0.900) 251(0.874) 252(0.874) 253(0.874) 254(0.874) 255(0.900) 256(0.900) 257(0.900) 258(0.900) 259(0.900) 271(0.874) 272(0.874) 273(0.874) 274(0.874) 275(0.874) 276(0.900) 277(0.900) 278(0.900) 279(0.900) 291(0.874) 292(0.874) 293(0.874) 294(0.874) 295(0.874) 296(0.874) 297(0.874) 298(0.900) 299(0.874) 309(0.499) 310(0.499) 311(0.499) 312(0.499) 313(0.874) 314(0.874) 315(0.874) 316(0.800) 317(0.800) 318(0.800) 319(0.800) 327(0.499) 328(0.499) 329(0.499) 330(0.499) 331(0.499) 332(0.499) 333(0.499) 334(0.800) 335(0.800) 336(0.800) 337(0.800) 338(0.800) 339(0.800) 347(0.499) 348(0.499) 349(0.499) 350(0.499) 351(0.499) 352(0.499) 353(0.499) 354(0.800) 355(0.800) 356(0.800) 357(0.800) 358(0.800) 359(0.800) 367(0.499) 368(0.499) 369(0.499) 370(0.499) 371(0.499) 372(0.499) 373(0.499) 374(0.800) 375(0.800) 376(0.800) 377(0.800) 378(0.800) 379(0.800) 387(0.499) 388(0.499) 389(0.499) 390(0.499) 391(0.499) 392(0.499) 393(0.499) 394(0.800) 395(0.800) 396(0.800) 397(0.800) 398(0.800) 399(0.800) 

[EVENT] 1797.353 | event=UAVWaypointArrival | nodeId=402 | cycle=46 | pos=(270.000,340.000,20.000)

[EVENT] 1800.394 | event=UAVWaypointArrival | nodeId=402 | cycle=46 | pos=(260.000,280.000,20.000)

[EVENT] 1805.075 | event=UAVWaypointArrival | nodeId=401 | cycle=1 | pos=(320.000,300.000,20.000)

[EVENT] 1805.500 | event=SuspiciousConfidenceSnapshot | 76(0.874) 77(0.874) 78(0.874) 79(0.874) 94(0.874) 95(0.874) 96(0.874) 97(0.874) 98(0.874) 99(0.874) 114(0.874) 115(0.874) 116(0.874) 117(0.874) 118(0.874) 119(0.874) 134(0.874) 135(0.874) 136(0.874) 137(0.874) 138(0.874) 139(0.874) 154(0.874) 155(0.874) 156(0.874) 157(0.874) 158(0.874) 159(0.874) 174(0.874) 175(0.874) 176(0.874) 177(0.874) 178(0.874) 179(0.874) 193(0.874) 194(0.874) 195(0.900) 196(0.900) 197(0.900) 198(0.874) 199(0.874) 211(0.874) 212(0.874) 213(0.874) 214(0.874) 215(0.900) 216(0.900) 217(0.900) 218(0.900) 219(0.874) 231(0.874) 232(0.874) 233(0.874) 234(0.874) 235(0.900) 236(0.900) 237(0.900) 238(0.900) 239(0.900) 251(0.874) 252(0.874) 253(0.874) 254(0.874) 255(0.900) 256(0.900) 257(0.900) 258(0.900) 259(0.900) 271(0.874) 272(0.874) 273(0.874) 274(0.874) 275(0.874) 276(0.900) 277(0.900) 278(0.900) 279(0.900) 291(0.874) 292(0.874) 293(0.874) 294(0.874) 295(0.874) 296(0.874) 297(0.874) 298(0.900) 299(0.874) 309(0.499) 310(0.499) 311(0.499) 312(0.499) 313(0.874) 314(0.874) 315(0.874) 316(0.800) 317(0.800) 318(0.800) 319(0.800) 327(0.499) 328(0.499) 329(0.499) 330(0.499) 331(0.499) 332(0.499) 333(0.499) 334(0.800) 335(0.800) 336(0.800) 337(0.800) 338(0.800) 339(0.800) 347(0.499) 348(0.499) 349(0.499) 350(0.499) 351(0.499) 352(0.499) 353(0.499) 354(0.800) 355(0.800) 356(0.800) 357(0.800) 358(0.800) 359(0.800) 367(0.499) 368(0.499) 369(0.499) 370(0.499) 371(0.499) 372(0.499) 373(0.499) 374(0.800) 375(0.800) 376(0.800) 377(0.800) 378(0.800) 379(0.800) 387(0.499) 388(0.499) 389(0.499) 390(0.499) 391(0.499) 392(0.499) 393(0.499) 394(0.800) 395(0.800) 396(0.800) 397(0.800) 398(0.800) 399(0.800) 

[EVENT] 1806.797 | event=UAVWaypointArrival | nodeId=402 | cycle=46 | pos=(340.000,180.000,20.000)

[EVENT] 1807.797 | event=UAVWaypointArrival | nodeId=402 | cycle=46 | pos=(360.000,180.000,20.000)

[EVENT] 1815.500 | event=SuspiciousConfidenceSnapshot | 76(0.874) 77(0.874) 78(0.874) 79(0.874) 94(0.874) 95(0.874) 96(0.874) 97(0.874) 98(0.874) 99(0.874) 114(0.874) 115(0.874) 116(0.874) 117(0.874) 118(0.874) 119(0.874) 134(0.874) 135(0.874) 136(0.874) 137(0.874) 138(0.874) 139(0.874) 154(0.874) 155(0.874) 156(0.874) 157(0.874) 158(0.874) 159(0.874) 174(0.874) 175(0.874) 176(0.874) 177(0.874) 178(0.874) 179(0.874) 193(0.874) 194(0.874) 195(0.900) 196(0.900) 197(0.900) 198(0.874) 199(0.874) 211(0.874) 212(0.874) 213(0.874) 214(0.874) 215(0.900) 216(0.900) 217(0.900) 218(0.900) 219(0.874) 231(0.874) 232(0.874) 233(0.874) 234(0.874) 235(0.900) 236(0.900) 237(0.900) 238(0.900) 239(0.900) 251(0.874) 252(0.874) 253(0.874) 254(0.874) 255(0.900) 256(0.900) 257(0.900) 258(0.900) 259(0.900) 271(0.874) 272(0.874) 273(0.874) 274(0.874) 275(0.874) 276(0.900) 277(0.900) 278(0.900) 279(0.900) 291(0.874) 292(0.874) 293(0.874) 294(0.874) 295(0.874) 296(0.874) 297(0.874) 298(0.900) 299(0.874) 309(0.499) 310(0.499) 311(0.499) 312(0.499) 313(0.874) 314(0.874) 315(0.874) 316(0.800) 317(0.800) 318(0.800) 319(0.800) 327(0.499) 328(0.499) 329(0.499) 330(0.499) 331(0.499) 332(0.499) 333(0.499) 334(0.800) 335(0.800) 336(0.800) 337(0.800) 338(0.800) 339(0.800) 347(0.499) 348(0.499) 349(0.499) 350(0.499) 351(0.499) 352(0.499) 353(0.499) 354(0.800) 355(0.800) 356(0.800) 357(0.800) 358(0.800) 359(0.800) 367(0.499) 368(0.499) 369(0.499) 370(0.499) 371(0.499) 372(0.499) 373(0.499) 374(0.800) 375(0.800) 376(0.800) 377(0.800) 378(0.800) 379(0.800) 387(0.499) 388(0.499) 389(0.499) 390(0.499) 391(0.499) 392(0.499) 393(0.499) 394(0.800) 395(0.800) 396(0.800) 397(0.800) 398(0.800) 399(0.800) 

[EVENT] 1822.688 | event=UAVWaypointArrival | nodeId=401 | cycle=1 | pos=(340.000,300.000,20.000)

[EVENT] 1825.500 | event=SuspiciousConfidenceSnapshot | 76(0.874) 77(0.874) 78(0.874) 79(0.874) 94(0.874) 95(0.874) 96(0.874) 97(0.874) 98(0.874) 99(0.874) 114(0.874) 115(0.874) 116(0.874) 117(0.874) 118(0.874) 119(0.874) 134(0.874) 135(0.874) 136(0.874) 137(0.874) 138(0.874) 139(0.874) 154(0.874) 155(0.874) 156(0.874) 157(0.874) 158(0.874) 159(0.874) 174(0.874) 175(0.874) 176(0.874) 177(0.874) 178(0.874) 179(0.874) 193(0.874) 194(0.874) 195(0.900) 196(0.900) 197(0.900) 198(0.874) 199(0.874) 211(0.874) 212(0.874) 213(0.874) 214(0.874) 215(0.900) 216(0.900) 217(0.900) 218(0.900) 219(0.874) 231(0.874) 232(0.874) 233(0.874) 234(0.874) 235(0.900) 236(0.900) 237(0.900) 238(0.900) 239(0.900) 251(0.874) 252(0.874) 253(0.874) 254(0.874) 255(0.900) 256(0.900) 257(0.900) 258(0.900) 259(0.900) 271(0.874) 272(0.874) 273(0.874) 274(0.874) 275(0.874) 276(0.900) 277(0.900) 278(0.900) 279(0.900) 291(0.874) 292(0.874) 293(0.874) 294(0.874) 295(0.874) 296(0.874) 297(0.874) 298(0.900) 299(0.874) 309(0.499) 310(0.499) 311(0.499) 312(0.499) 313(0.874) 314(0.874) 315(0.874) 316(0.800) 317(0.800) 318(0.800) 319(0.800) 327(0.499) 328(0.499) 329(0.499) 330(0.499) 331(0.499) 332(0.499) 333(0.499) 334(0.800) 335(0.800) 336(0.800) 337(0.800) 338(0.800) 339(0.800) 347(0.499) 348(0.499) 349(0.499) 350(0.499) 351(0.499) 352(0.499) 353(0.499) 354(0.800) 355(0.800) 356(0.800) 357(0.800) 358(0.800) 359(0.800) 367(0.499) 368(0.499) 369(0.499) 370(0.499) 371(0.499) 372(0.499) 373(0.499) 374(0.800) 375(0.800) 376(0.800) 377(0.800) 378(0.800) 379(0.800) 387(0.499) 388(0.499) 389(0.499) 390(0.499) 391(0.499) 392(0.499) 393(0.499) 394(0.800) 395(0.800) 396(0.800) 397(0.800) 398(0.800) 399(0.800) 

[EVENT] 1835.500 | event=SuspiciousConfidenceSnapshot | 76(0.874) 77(0.874) 78(0.874) 79(0.874) 94(0.874) 95(0.874) 96(0.874) 97(0.874) 98(0.874) 99(0.874) 114(0.874) 115(0.874) 116(0.874) 117(0.874) 118(0.874) 119(0.874) 134(0.874) 135(0.874) 136(0.874) 137(0.874) 138(0.874) 139(0.874) 154(0.874) 155(0.874) 156(0.874) 157(0.874) 158(0.874) 159(0.874) 174(0.874) 175(0.874) 176(0.874) 177(0.874) 178(0.874) 179(0.874) 193(0.874) 194(0.874) 195(0.900) 196(0.900) 197(0.900) 198(0.874) 199(0.874) 211(0.874) 212(0.874) 213(0.874) 214(0.874) 215(0.900) 216(0.900) 217(0.900) 218(0.900) 219(0.874) 231(0.874) 232(0.874) 233(0.874) 234(0.874) 235(0.900) 236(0.900) 237(0.900) 238(0.900) 239(0.900) 251(0.874) 252(0.874) 253(0.874) 254(0.874) 255(0.900) 256(0.900) 257(0.900) 258(0.900) 259(0.900) 271(0.874) 272(0.874) 273(0.874) 274(0.874) 275(0.874) 276(0.900) 277(0.900) 278(0.900) 279(0.900) 291(0.874) 292(0.874) 293(0.874) 294(0.874) 295(0.874) 296(0.874) 297(0.874) 298(0.900) 299(0.874) 309(0.499) 310(0.499) 311(0.499) 312(0.499) 313(0.874) 314(0.874) 315(0.874) 316(0.800) 317(0.800) 318(0.800) 319(0.800) 327(0.499) 328(0.499) 329(0.499) 330(0.499) 331(0.499) 332(0.499) 333(0.499) 334(0.800) 335(0.800) 336(0.800) 337(0.800) 338(0.800) 339(0.800) 347(0.499) 348(0.499) 349(0.499) 350(0.499) 351(0.499) 352(0.499) 353(0.499) 354(0.800) 355(0.800) 356(0.800) 357(0.800) 358(0.800) 359(0.800) 367(0.499) 368(0.499) 369(0.499) 370(0.499) 371(0.499) 372(0.499) 373(0.499) 374(0.800) 375(0.800) 376(0.800) 377(0.800) 378(0.800) 379(0.800) 387(0.499) 388(0.499) 389(0.499) 390(0.499) 391(0.499) 392(0.499) 393(0.499) 394(0.800) 395(0.800) 396(0.800) 397(0.800) 398(0.800) 399(0.800) 

[EVENT] 1836.542 | event=UAVWaypointArrival | nodeId=402 | cycle=47 | pos=(270.000,340.000,20.000)

[EVENT] 1839.583 | event=UAVWaypointArrival | nodeId=402 | cycle=47 | pos=(260.000,280.000,20.000)

[EVENT] 1840.302 | event=UAVWaypointArrival | nodeId=401 | cycle=1 | pos=(360.000,300.000,20.000)

[EVENT] 1845.500 | event=SuspiciousConfidenceSnapshot | 76(0.874) 77(0.874) 78(0.874) 79(0.874) 94(0.874) 95(0.874) 96(0.874) 97(0.874) 98(0.874) 99(0.874) 114(0.874) 115(0.874) 116(0.874) 117(0.874) 118(0.874) 119(0.874) 134(0.874) 135(0.874) 136(0.874) 137(0.874) 138(0.874) 139(0.874) 154(0.874) 155(0.874) 156(0.874) 157(0.874) 158(0.874) 159(0.874) 174(0.874) 175(0.874) 176(0.874) 177(0.874) 178(0.874) 179(0.874) 193(0.874) 194(0.874) 195(0.900) 196(0.900) 197(0.900) 198(0.874) 199(0.874) 211(0.874) 212(0.874) 213(0.874) 214(0.874) 215(0.900) 216(0.900) 217(0.900) 218(0.900) 219(0.874) 231(0.874) 232(0.874) 233(0.874) 234(0.874) 235(0.900) 236(0.900) 237(0.900) 238(0.900) 239(0.900) 251(0.874) 252(0.874) 253(0.874) 254(0.874) 255(0.900) 256(0.900) 257(0.900) 258(0.900) 259(0.900) 271(0.874) 272(0.874) 273(0.874) 274(0.874) 275(0.874) 276(0.900) 277(0.900) 278(0.900) 279(0.900) 291(0.874) 292(0.874) 293(0.874) 294(0.874) 295(0.874) 296(0.874) 297(0.874) 298(0.900) 299(0.874) 309(0.499) 310(0.499) 311(0.499) 312(0.499) 313(0.874) 314(0.874) 315(0.874) 316(0.800) 317(0.800) 318(0.800) 319(0.800) 327(0.499) 328(0.499) 329(0.499) 330(0.499) 331(0.499) 332(0.499) 333(0.499) 334(0.800) 335(0.800) 336(0.800) 337(0.800) 338(0.800) 339(0.800) 347(0.499) 348(0.499) 349(0.499) 350(0.499) 351(0.499) 352(0.499) 353(0.499) 354(0.800) 355(0.800) 356(0.800) 357(0.800) 358(0.800) 359(0.800) 367(0.499) 368(0.499) 369(0.499) 370(0.499) 371(0.499) 372(0.499) 373(0.499) 374(0.800) 375(0.800) 376(0.800) 377(0.800) 378(0.800) 379(0.800) 387(0.499) 388(0.499) 389(0.499) 390(0.499) 391(0.499) 392(0.499) 393(0.499) 394(0.800) 395(0.800) 396(0.800) 397(0.800) 398(0.800) 399(0.800) 

[EVENT] 1845.986 | event=UAVWaypointArrival | nodeId=402 | cycle=47 | pos=(340.000,180.000,20.000)

[EVENT] 1846.986 | event=UAVWaypointArrival | nodeId=402 | cycle=47 | pos=(360.000,180.000,20.000)

[EVENT] 1855.500 | event=SuspiciousConfidenceSnapshot | 76(0.874) 77(0.874) 78(0.874) 79(0.874) 94(0.874) 95(0.874) 96(0.874) 97(0.874) 98(0.874) 99(0.874) 114(0.874) 115(0.874) 116(0.874) 117(0.874) 118(0.874) 119(0.874) 134(0.874) 135(0.874) 136(0.874) 137(0.874) 138(0.874) 139(0.874) 154(0.874) 155(0.874) 156(0.874) 157(0.874) 158(0.874) 159(0.874) 174(0.874) 175(0.874) 176(0.874) 177(0.874) 178(0.874) 179(0.874) 193(0.874) 194(0.874) 195(0.900) 196(0.900) 197(0.900) 198(0.874) 199(0.874) 211(0.874) 212(0.874) 213(0.874) 214(0.874) 215(0.900) 216(0.900) 217(0.900) 218(0.900) 219(0.874) 231(0.874) 232(0.874) 233(0.874) 234(0.874) 235(0.900) 236(0.900) 237(0.900) 238(0.900) 239(0.900) 251(0.874) 252(0.874) 253(0.874) 254(0.874) 255(0.900) 256(0.900) 257(0.900) 258(0.900) 259(0.900) 271(0.874) 272(0.874) 273(0.874) 274(0.874) 275(0.874) 276(0.900) 277(0.900) 278(0.900) 279(0.900) 291(0.874) 292(0.874) 293(0.874) 294(0.874) 295(0.874) 296(0.874) 297(0.874) 298(0.900) 299(0.874) 309(0.499) 310(0.499) 311(0.499) 312(0.499) 313(0.874) 314(0.874) 315(0.874) 316(0.800) 317(0.800) 318(0.800) 319(0.800) 327(0.499) 328(0.499) 329(0.499) 330(0.499) 331(0.499) 332(0.499) 333(0.499) 334(0.800) 335(0.800) 336(0.800) 337(0.800) 338(0.800) 339(0.800) 347(0.499) 348(0.499) 349(0.499) 350(0.499) 351(0.499) 352(0.499) 353(0.499) 354(0.800) 355(0.800) 356(0.800) 357(0.800) 358(0.800) 359(0.800) 367(0.499) 368(0.499) 369(0.499) 370(0.499) 371(0.499) 372(0.499) 373(0.499) 374(0.800) 375(0.800) 376(0.800) 377(0.800) 378(0.800) 379(0.800) 387(0.499) 388(0.499) 389(0.499) 390(0.499) 391(0.499) 392(0.499) 393(0.499) 394(0.800) 395(0.800) 396(0.800) 397(0.800) 398(0.800) 399(0.800) 

[EVENT] 1857.915 | event=UAVWaypointArrival | nodeId=401 | cycle=1 | pos=(360.000,280.000,20.000)

[EVENT] 1865.500 | event=SuspiciousConfidenceSnapshot | 76(0.874) 77(0.874) 78(0.874) 79(0.874) 94(0.874) 95(0.874) 96(0.874) 97(0.874) 98(0.874) 99(0.874) 114(0.874) 115(0.874) 116(0.874) 117(0.874) 118(0.874) 119(0.874) 134(0.874) 135(0.874) 136(0.874) 137(0.874) 138(0.874) 139(0.874) 154(0.874) 155(0.874) 156(0.874) 157(0.874) 158(0.874) 159(0.874) 174(0.874) 175(0.874) 176(0.874) 177(0.874) 178(0.874) 179(0.874) 193(0.874) 194(0.874) 195(0.900) 196(0.900) 197(0.900) 198(0.874) 199(0.874) 211(0.874) 212(0.874) 213(0.874) 214(0.874) 215(0.900) 216(0.900) 217(0.900) 218(0.900) 219(0.874) 231(0.874) 232(0.874) 233(0.874) 234(0.874) 235(0.900) 236(0.900) 237(0.900) 238(0.900) 239(0.900) 251(0.874) 252(0.874) 253(0.874) 254(0.874) 255(0.900) 256(0.900) 257(0.900) 258(0.900) 259(0.900) 271(0.874) 272(0.874) 273(0.874) 274(0.874) 275(0.874) 276(0.900) 277(0.900) 278(0.900) 279(0.900) 291(0.874) 292(0.874) 293(0.874) 294(0.874) 295(0.874) 296(0.874) 297(0.874) 298(0.900) 299(0.874) 309(0.499) 310(0.499) 311(0.499) 312(0.499) 313(0.874) 314(0.874) 315(0.874) 316(0.800) 317(0.800) 318(0.800) 319(0.800) 327(0.499) 328(0.499) 329(0.499) 330(0.499) 331(0.499) 332(0.499) 333(0.499) 334(0.800) 335(0.800) 336(0.800) 337(0.800) 338(0.800) 339(0.800) 347(0.499) 348(0.499) 349(0.499) 350(0.499) 351(0.499) 352(0.499) 353(0.499) 354(0.800) 355(0.800) 356(0.800) 357(0.800) 358(0.800) 359(0.800) 367(0.499) 368(0.499) 369(0.499) 370(0.499) 371(0.499) 372(0.499) 373(0.499) 374(0.800) 375(0.800) 376(0.800) 377(0.800) 378(0.800) 379(0.800) 387(0.499) 388(0.499) 389(0.499) 390(0.499) 391(0.499) 392(0.499) 393(0.499) 394(0.800) 395(0.800) 396(0.800) 397(0.800) 398(0.800) 399(0.800) 

[EVENT] 1875.500 | event=SuspiciousConfidenceSnapshot | 76(0.874) 77(0.874) 78(0.874) 79(0.874) 94(0.874) 95(0.874) 96(0.874) 97(0.874) 98(0.874) 99(0.874) 114(0.874) 115(0.874) 116(0.874) 117(0.874) 118(0.874) 119(0.874) 134(0.874) 135(0.874) 136(0.874) 137(0.874) 138(0.874) 139(0.874) 154(0.874) 155(0.874) 156(0.874) 157(0.874) 158(0.874) 159(0.874) 174(0.874) 175(0.874) 176(0.874) 177(0.874) 178(0.874) 179(0.874) 193(0.874) 194(0.874) 195(0.900) 196(0.900) 197(0.900) 198(0.874) 199(0.874) 211(0.874) 212(0.874) 213(0.874) 214(0.874) 215(0.900) 216(0.900) 217(0.900) 218(0.900) 219(0.874) 231(0.874) 232(0.874) 233(0.874) 234(0.874) 235(0.900) 236(0.900) 237(0.900) 238(0.900) 239(0.900) 251(0.874) 252(0.874) 253(0.874) 254(0.874) 255(0.900) 256(0.900) 257(0.900) 258(0.900) 259(0.900) 271(0.874) 272(0.874) 273(0.874) 274(0.874) 275(0.874) 276(0.900) 277(0.900) 278(0.900) 279(0.900) 291(0.874) 292(0.874) 293(0.874) 294(0.874) 295(0.874) 296(0.874) 297(0.874) 298(0.900) 299(0.874) 309(0.499) 310(0.499) 311(0.499) 312(0.499) 313(0.874) 314(0.874) 315(0.874) 316(0.800) 317(0.800) 318(0.800) 319(0.800) 327(0.499) 328(0.499) 329(0.499) 330(0.499) 331(0.499) 332(0.499) 333(0.499) 334(0.800) 335(0.800) 336(0.800) 337(0.800) 338(0.800) 339(0.800) 347(0.499) 348(0.499) 349(0.499) 350(0.499) 351(0.499) 352(0.499) 353(0.499) 354(0.800) 355(0.800) 356(0.800) 357(0.800) 358(0.800) 359(0.800) 367(0.499) 368(0.499) 369(0.499) 370(0.499) 371(0.499) 372(0.499) 373(0.499) 374(0.800) 375(0.800) 376(0.800) 377(0.800) 378(0.800) 379(0.800) 387(0.499) 388(0.499) 389(0.499) 390(0.499) 391(0.499) 392(0.499) 393(0.499) 394(0.800) 395(0.800) 396(0.800) 397(0.800) 398(0.800) 399(0.800) 

[EVENT] 1875.528 | event=UAVWaypointArrival | nodeId=401 | cycle=1 | pos=(380.000,280.000,20.000)

[EVENT] 1875.731 | event=UAVWaypointArrival | nodeId=402 | cycle=48 | pos=(270.000,340.000,20.000)

[EVENT] 1878.772 | event=UAVWaypointArrival | nodeId=402 | cycle=48 | pos=(260.000,280.000,20.000)

[EVENT] 1885.175 | event=UAVWaypointArrival | nodeId=402 | cycle=48 | pos=(340.000,180.000,20.000)

[EVENT] 1885.500 | event=SuspiciousConfidenceSnapshot | 76(0.874) 77(0.874) 78(0.874) 79(0.874) 94(0.874) 95(0.874) 96(0.874) 97(0.874) 98(0.874) 99(0.874) 114(0.874) 115(0.874) 116(0.874) 117(0.874) 118(0.874) 119(0.874) 134(0.874) 135(0.874) 136(0.874) 137(0.874) 138(0.874) 139(0.874) 154(0.874) 155(0.874) 156(0.874) 157(0.874) 158(0.874) 159(0.874) 174(0.874) 175(0.874) 176(0.874) 177(0.874) 178(0.874) 179(0.874) 193(0.874) 194(0.874) 195(0.900) 196(0.900) 197(0.900) 198(0.874) 199(0.874) 211(0.874) 212(0.874) 213(0.874) 214(0.874) 215(0.900) 216(0.900) 217(0.900) 218(0.900) 219(0.874) 231(0.874) 232(0.874) 233(0.874) 234(0.874) 235(0.900) 236(0.900) 237(0.900) 238(0.900) 239(0.900) 251(0.874) 252(0.874) 253(0.874) 254(0.874) 255(0.900) 256(0.900) 257(0.900) 258(0.900) 259(0.900) 271(0.874) 272(0.874) 273(0.874) 274(0.874) 275(0.874) 276(0.900) 277(0.900) 278(0.900) 279(0.900) 291(0.874) 292(0.874) 293(0.874) 294(0.874) 295(0.874) 296(0.874) 297(0.874) 298(0.900) 299(0.874) 309(0.499) 310(0.499) 311(0.499) 312(0.499) 313(0.874) 314(0.874) 315(0.874) 316(0.800) 317(0.800) 318(0.800) 319(0.800) 327(0.499) 328(0.499) 329(0.499) 330(0.499) 331(0.499) 332(0.499) 333(0.499) 334(0.800) 335(0.800) 336(0.800) 337(0.800) 338(0.800) 339(0.800) 347(0.499) 348(0.499) 349(0.499) 350(0.499) 351(0.499) 352(0.499) 353(0.499) 354(0.800) 355(0.800) 356(0.800) 357(0.800) 358(0.800) 359(0.800) 367(0.499) 368(0.499) 369(0.499) 370(0.499) 371(0.499) 372(0.499) 373(0.499) 374(0.800) 375(0.800) 376(0.800) 377(0.800) 378(0.800) 379(0.800) 387(0.499) 388(0.499) 389(0.499) 390(0.499) 391(0.499) 392(0.499) 393(0.499) 394(0.800) 395(0.800) 396(0.800) 397(0.800) 398(0.800) 399(0.800) 

[EVENT] 1886.175 | event=UAVWaypointArrival | nodeId=402 | cycle=48 | pos=(360.000,180.000,20.000)

[EVENT] 1893.142 | event=UAVWaypointArrival | nodeId=401 | cycle=1 | pos=(380.000,300.000,20.000)

[EVENT] 1895.500 | event=SuspiciousConfidenceSnapshot | 76(0.874) 77(0.874) 78(0.874) 79(0.874) 94(0.874) 95(0.874) 96(0.874) 97(0.874) 98(0.874) 99(0.874) 114(0.874) 115(0.874) 116(0.874) 117(0.874) 118(0.874) 119(0.874) 134(0.874) 135(0.874) 136(0.874) 137(0.874) 138(0.874) 139(0.874) 154(0.874) 155(0.874) 156(0.874) 157(0.874) 158(0.874) 159(0.874) 174(0.874) 175(0.874) 176(0.874) 177(0.874) 178(0.874) 179(0.874) 193(0.874) 194(0.874) 195(0.900) 196(0.900) 197(0.900) 198(0.874) 199(0.874) 211(0.874) 212(0.874) 213(0.874) 214(0.874) 215(0.900) 216(0.900) 217(0.900) 218(0.900) 219(0.874) 231(0.874) 232(0.874) 233(0.874) 234(0.874) 235(0.900) 236(0.900) 237(0.900) 238(0.900) 239(0.900) 251(0.874) 252(0.874) 253(0.874) 254(0.874) 255(0.900) 256(0.900) 257(0.900) 258(0.900) 259(0.900) 271(0.874) 272(0.874) 273(0.874) 274(0.874) 275(0.874) 276(0.900) 277(0.900) 278(0.900) 279(0.900) 291(0.874) 292(0.874) 293(0.874) 294(0.874) 295(0.874) 296(0.874) 297(0.874) 298(0.900) 299(0.874) 309(0.499) 310(0.499) 311(0.499) 312(0.499) 313(0.874) 314(0.874) 315(0.874) 316(0.800) 317(0.800) 318(0.800) 319(0.800) 327(0.499) 328(0.499) 329(0.499) 330(0.499) 331(0.499) 332(0.499) 333(0.499) 334(0.800) 335(0.800) 336(0.800) 337(0.800) 338(0.800) 339(0.800) 347(0.499) 348(0.499) 349(0.499) 350(0.499) 351(0.499) 352(0.499) 353(0.499) 354(0.800) 355(0.800) 356(0.800) 357(0.800) 358(0.800) 359(0.800) 367(0.499) 368(0.499) 369(0.499) 370(0.499) 371(0.499) 372(0.499) 373(0.499) 374(0.800) 375(0.800) 376(0.800) 377(0.800) 378(0.800) 379(0.800) 387(0.499) 388(0.499) 389(0.499) 390(0.499) 391(0.499) 392(0.499) 393(0.499) 394(0.800) 395(0.800) 396(0.800) 397(0.800) 398(0.800) 399(0.800) 

[EVENT] 1905.500 | event=SuspiciousConfidenceSnapshot | 76(0.874) 77(0.874) 78(0.874) 79(0.874) 94(0.874) 95(0.874) 96(0.874) 97(0.874) 98(0.874) 99(0.874) 114(0.874) 115(0.874) 116(0.874) 117(0.874) 118(0.874) 119(0.874) 134(0.874) 135(0.874) 136(0.874) 137(0.874) 138(0.874) 139(0.874) 154(0.874) 155(0.874) 156(0.874) 157(0.874) 158(0.874) 159(0.874) 174(0.874) 175(0.874) 176(0.874) 177(0.874) 178(0.874) 179(0.874) 193(0.874) 194(0.874) 195(0.900) 196(0.900) 197(0.900) 198(0.874) 199(0.874) 211(0.874) 212(0.874) 213(0.874) 214(0.874) 215(0.900) 216(0.900) 217(0.900) 218(0.900) 219(0.874) 231(0.874) 232(0.874) 233(0.874) 234(0.874) 235(0.900) 236(0.900) 237(0.900) 238(0.900) 239(0.900) 251(0.874) 252(0.874) 253(0.874) 254(0.874) 255(0.900) 256(0.900) 257(0.900) 258(0.900) 259(0.900) 271(0.874) 272(0.874) 273(0.874) 274(0.874) 275(0.874) 276(0.900) 277(0.900) 278(0.900) 279(0.900) 291(0.874) 292(0.874) 293(0.874) 294(0.874) 295(0.874) 296(0.874) 297(0.874) 298(0.900) 299(0.874) 309(0.499) 310(0.499) 311(0.499) 312(0.499) 313(0.874) 314(0.874) 315(0.874) 316(0.800) 317(0.800) 318(0.800) 319(0.800) 327(0.499) 328(0.499) 329(0.499) 330(0.499) 331(0.499) 332(0.499) 333(0.499) 334(0.800) 335(0.800) 336(0.800) 337(0.800) 338(0.800) 339(0.800) 347(0.499) 348(0.499) 349(0.499) 350(0.499) 351(0.499) 352(0.499) 353(0.499) 354(0.800) 355(0.800) 356(0.800) 357(0.800) 358(0.800) 359(0.800) 367(0.499) 368(0.499) 369(0.499) 370(0.499) 371(0.499) 372(0.499) 373(0.499) 374(0.800) 375(0.800) 376(0.800) 377(0.800) 378(0.800) 379(0.800) 387(0.499) 388(0.499) 389(0.499) 390(0.499) 391(0.499) 392(0.499) 393(0.499) 394(0.800) 395(0.800) 396(0.800) 397(0.800) 398(0.800) 399(0.800) 

[EVENT] 1910.755 | event=UAVWaypointArrival | nodeId=401 | cycle=1 | pos=(380.000,320.000,20.000)

[EVENT] 1914.920 | event=UAVWaypointArrival | nodeId=402 | cycle=49 | pos=(270.000,340.000,20.000)

[EVENT] 1915.500 | event=SuspiciousConfidenceSnapshot | 76(0.874) 77(0.874) 78(0.874) 79(0.874) 94(0.874) 95(0.874) 96(0.874) 97(0.874) 98(0.874) 99(0.874) 114(0.874) 115(0.874) 116(0.874) 117(0.874) 118(0.874) 119(0.874) 134(0.874) 135(0.874) 136(0.874) 137(0.874) 138(0.874) 139(0.874) 154(0.874) 155(0.874) 156(0.874) 157(0.874) 158(0.874) 159(0.874) 174(0.874) 175(0.874) 176(0.874) 177(0.874) 178(0.874) 179(0.874) 193(0.874) 194(0.874) 195(0.900) 196(0.900) 197(0.900) 198(0.874) 199(0.874) 211(0.874) 212(0.874) 213(0.874) 214(0.874) 215(0.900) 216(0.900) 217(0.900) 218(0.900) 219(0.874) 231(0.874) 232(0.874) 233(0.874) 234(0.874) 235(0.900) 236(0.900) 237(0.900) 238(0.900) 239(0.900) 251(0.874) 252(0.874) 253(0.874) 254(0.874) 255(0.900) 256(0.900) 257(0.900) 258(0.900) 259(0.900) 271(0.874) 272(0.874) 273(0.874) 274(0.874) 275(0.874) 276(0.900) 277(0.900) 278(0.900) 279(0.900) 291(0.874) 292(0.874) 293(0.874) 294(0.874) 295(0.874) 296(0.874) 297(0.874) 298(0.900) 299(0.874) 309(0.499) 310(0.499) 311(0.499) 312(0.499) 313(0.874) 314(0.874) 315(0.874) 316(0.800) 317(0.800) 318(0.800) 319(0.800) 327(0.499) 328(0.499) 329(0.499) 330(0.499) 331(0.499) 332(0.499) 333(0.499) 334(0.800) 335(0.800) 336(0.800) 337(0.800) 338(0.800) 339(0.800) 347(0.499) 348(0.499) 349(0.499) 350(0.499) 351(0.499) 352(0.499) 353(0.499) 354(0.800) 355(0.800) 356(0.800) 357(0.800) 358(0.800) 359(0.800) 367(0.499) 368(0.499) 369(0.499) 370(0.499) 371(0.499) 372(0.499) 373(0.499) 374(0.800) 375(0.800) 376(0.800) 377(0.800) 378(0.800) 379(0.800) 387(0.499) 388(0.499) 389(0.499) 390(0.499) 391(0.499) 392(0.499) 393(0.499) 394(0.800) 395(0.800) 396(0.800) 397(0.800) 398(0.800) 399(0.800) 

[EVENT] 1917.961 | event=UAVWaypointArrival | nodeId=402 | cycle=49 | pos=(260.000,280.000,20.000)

[EVENT] 1924.364 | event=UAVWaypointArrival | nodeId=402 | cycle=49 | pos=(340.000,180.000,20.000)

[EVENT] 1925.364 | event=UAVWaypointArrival | nodeId=402 | cycle=49 | pos=(360.000,180.000,20.000)

[EVENT] 1925.500 | event=SuspiciousConfidenceSnapshot | 76(0.874) 77(0.874) 78(0.874) 79(0.874) 94(0.874) 95(0.874) 96(0.874) 97(0.874) 98(0.874) 99(0.874) 114(0.874) 115(0.874) 116(0.874) 117(0.874) 118(0.874) 119(0.874) 134(0.874) 135(0.874) 136(0.874) 137(0.874) 138(0.874) 139(0.874) 154(0.874) 155(0.874) 156(0.874) 157(0.874) 158(0.874) 159(0.874) 174(0.874) 175(0.874) 176(0.874) 177(0.874) 178(0.874) 179(0.874) 193(0.874) 194(0.874) 195(0.900) 196(0.900) 197(0.900) 198(0.874) 199(0.874) 211(0.874) 212(0.874) 213(0.874) 214(0.874) 215(0.900) 216(0.900) 217(0.900) 218(0.900) 219(0.874) 231(0.874) 232(0.874) 233(0.874) 234(0.874) 235(0.900) 236(0.900) 237(0.900) 238(0.900) 239(0.900) 251(0.874) 252(0.874) 253(0.874) 254(0.874) 255(0.900) 256(0.900) 257(0.900) 258(0.900) 259(0.900) 271(0.874) 272(0.874) 273(0.874) 274(0.874) 275(0.874) 276(0.900) 277(0.900) 278(0.900) 279(0.900) 291(0.874) 292(0.874) 293(0.874) 294(0.874) 295(0.874) 296(0.874) 297(0.874) 298(0.900) 299(0.874) 309(0.499) 310(0.499) 311(0.499) 312(0.499) 313(0.874) 314(0.874) 315(0.874) 316(0.800) 317(0.800) 318(0.800) 319(0.800) 327(0.499) 328(0.499) 329(0.499) 330(0.499) 331(0.499) 332(0.499) 333(0.499) 334(0.800) 335(0.800) 336(0.800) 337(0.800) 338(0.800) 339(0.800) 347(0.499) 348(0.499) 349(0.499) 350(0.499) 351(0.499) 352(0.499) 353(0.499) 354(0.800) 355(0.800) 356(0.800) 357(0.800) 358(0.800) 359(0.800) 367(0.499) 368(0.499) 369(0.499) 370(0.499) 371(0.499) 372(0.499) 373(0.499) 374(0.800) 375(0.800) 376(0.800) 377(0.800) 378(0.800) 379(0.800) 387(0.499) 388(0.499) 389(0.499) 390(0.499) 391(0.499) 392(0.499) 393(0.499) 394(0.800) 395(0.800) 396(0.800) 397(0.800) 398(0.800) 399(0.800) 

[EVENT] 1928.368 | event=UAVWaypointArrival | nodeId=401 | cycle=1 | pos=(360.000,320.000,20.000)

[EVENT] 1935.500 | event=SuspiciousConfidenceSnapshot | 76(0.874) 77(0.874) 78(0.874) 79(0.874) 94(0.874) 95(0.874) 96(0.874) 97(0.874) 98(0.874) 99(0.874) 114(0.874) 115(0.874) 116(0.874) 117(0.874) 118(0.874) 119(0.874) 134(0.874) 135(0.874) 136(0.874) 137(0.874) 138(0.874) 139(0.874) 154(0.874) 155(0.874) 156(0.874) 157(0.874) 158(0.874) 159(0.874) 174(0.874) 175(0.874) 176(0.874) 177(0.874) 178(0.874) 179(0.874) 193(0.874) 194(0.874) 195(0.900) 196(0.900) 197(0.900) 198(0.874) 199(0.874) 211(0.874) 212(0.874) 213(0.874) 214(0.874) 215(0.900) 216(0.900) 217(0.900) 218(0.900) 219(0.874) 231(0.874) 232(0.874) 233(0.874) 234(0.874) 235(0.900) 236(0.900) 237(0.900) 238(0.900) 239(0.900) 251(0.874) 252(0.874) 253(0.874) 254(0.874) 255(0.900) 256(0.900) 257(0.900) 258(0.900) 259(0.900) 271(0.874) 272(0.874) 273(0.874) 274(0.874) 275(0.874) 276(0.900) 277(0.900) 278(0.900) 279(0.900) 291(0.874) 292(0.874) 293(0.874) 294(0.874) 295(0.874) 296(0.874) 297(0.874) 298(0.900) 299(0.874) 309(0.499) 310(0.499) 311(0.499) 312(0.499) 313(0.874) 314(0.874) 315(0.874) 316(0.800) 317(0.800) 318(0.800) 319(0.800) 327(0.499) 328(0.499) 329(0.499) 330(0.499) 331(0.499) 332(0.499) 333(0.499) 334(0.800) 335(0.800) 336(0.800) 337(0.800) 338(0.800) 339(0.800) 347(0.499) 348(0.499) 349(0.499) 350(0.499) 351(0.499) 352(0.499) 353(0.499) 354(0.800) 355(0.800) 356(0.800) 357(0.800) 358(0.800) 359(0.800) 367(0.499) 368(0.499) 369(0.499) 370(0.499) 371(0.499) 372(0.499) 373(0.499) 374(0.800) 375(0.800) 376(0.800) 377(0.800) 378(0.800) 379(0.800) 387(0.499) 388(0.499) 389(0.499) 390(0.499) 391(0.499) 392(0.499) 393(0.499) 394(0.800) 395(0.800) 396(0.800) 397(0.800) 398(0.800) 399(0.800) 

[EVENT] 1945.500 | event=SuspiciousConfidenceSnapshot | 76(0.874) 77(0.874) 78(0.874) 79(0.874) 94(0.874) 95(0.874) 96(0.874) 97(0.874) 98(0.874) 99(0.874) 114(0.874) 115(0.874) 116(0.874) 117(0.874) 118(0.874) 119(0.874) 134(0.874) 135(0.874) 136(0.874) 137(0.874) 138(0.874) 139(0.874) 154(0.874) 155(0.874) 156(0.874) 157(0.874) 158(0.874) 159(0.874) 174(0.874) 175(0.874) 176(0.874) 177(0.874) 178(0.874) 179(0.874) 193(0.874) 194(0.874) 195(0.900) 196(0.900) 197(0.900) 198(0.874) 199(0.874) 211(0.874) 212(0.874) 213(0.874) 214(0.874) 215(0.900) 216(0.900) 217(0.900) 218(0.900) 219(0.874) 231(0.874) 232(0.874) 233(0.874) 234(0.874) 235(0.900) 236(0.900) 237(0.900) 238(0.900) 239(0.900) 251(0.874) 252(0.874) 253(0.874) 254(0.874) 255(0.900) 256(0.900) 257(0.900) 258(0.900) 259(0.900) 271(0.874) 272(0.874) 273(0.874) 274(0.874) 275(0.874) 276(0.900) 277(0.900) 278(0.900) 279(0.900) 291(0.874) 292(0.874) 293(0.874) 294(0.874) 295(0.874) 296(0.874) 297(0.874) 298(0.900) 299(0.874) 309(0.499) 310(0.499) 311(0.499) 312(0.499) 313(0.874) 314(0.874) 315(0.874) 316(0.800) 317(0.800) 318(0.800) 319(0.800) 327(0.499) 328(0.499) 329(0.499) 330(0.499) 331(0.499) 332(0.499) 333(0.499) 334(0.800) 335(0.800) 336(0.800) 337(0.800) 338(0.800) 339(0.800) 347(0.499) 348(0.499) 349(0.499) 350(0.499) 351(0.499) 352(0.499) 353(0.499) 354(0.800) 355(0.800) 356(0.800) 357(0.800) 358(0.800) 359(0.800) 367(0.499) 368(0.499) 369(0.499) 370(0.499) 371(0.499) 372(0.499) 373(0.499) 374(0.800) 375(0.800) 376(0.800) 377(0.800) 378(0.800) 379(0.800) 387(0.499) 388(0.499) 389(0.499) 390(0.499) 391(0.499) 392(0.499) 393(0.499) 394(0.800) 395(0.800) 396(0.800) 397(0.800) 398(0.800) 399(0.800) 

[EVENT] 1945.982 | event=UAVWaypointArrival | nodeId=401 | cycle=1 | pos=(340.000,320.000,20.000)

[EVENT] 1954.109 | event=UAVWaypointArrival | nodeId=402 | cycle=50 | pos=(270.000,340.000,20.000)

[EVENT] 1955.500 | event=SuspiciousConfidenceSnapshot | 76(0.874) 77(0.874) 78(0.874) 79(0.874) 94(0.874) 95(0.874) 96(0.874) 97(0.874) 98(0.874) 99(0.874) 114(0.874) 115(0.874) 116(0.874) 117(0.874) 118(0.874) 119(0.874) 134(0.874) 135(0.874) 136(0.874) 137(0.874) 138(0.874) 139(0.874) 154(0.874) 155(0.874) 156(0.874) 157(0.874) 158(0.874) 159(0.874) 174(0.874) 175(0.874) 176(0.874) 177(0.874) 178(0.874) 179(0.874) 193(0.874) 194(0.874) 195(0.900) 196(0.900) 197(0.900) 198(0.874) 199(0.874) 211(0.874) 212(0.874) 213(0.874) 214(0.874) 215(0.900) 216(0.900) 217(0.900) 218(0.900) 219(0.874) 231(0.874) 232(0.874) 233(0.874) 234(0.874) 235(0.900) 236(0.900) 237(0.900) 238(0.900) 239(0.900) 251(0.874) 252(0.874) 253(0.874) 254(0.874) 255(0.900) 256(0.900) 257(0.900) 258(0.900) 259(0.900) 271(0.874) 272(0.874) 273(0.874) 274(0.874) 275(0.874) 276(0.900) 277(0.900) 278(0.900) 279(0.900) 291(0.874) 292(0.874) 293(0.874) 294(0.874) 295(0.874) 296(0.874) 297(0.874) 298(0.900) 299(0.874) 309(0.499) 310(0.499) 311(0.499) 312(0.499) 313(0.874) 314(0.874) 315(0.874) 316(0.800) 317(0.800) 318(0.800) 319(0.800) 327(0.499) 328(0.499) 329(0.499) 330(0.499) 331(0.499) 332(0.499) 333(0.499) 334(0.800) 335(0.800) 336(0.800) 337(0.800) 338(0.800) 339(0.800) 347(0.499) 348(0.499) 349(0.499) 350(0.499) 351(0.499) 352(0.499) 353(0.499) 354(0.800) 355(0.800) 356(0.800) 357(0.800) 358(0.800) 359(0.800) 367(0.499) 368(0.499) 369(0.499) 370(0.499) 371(0.499) 372(0.499) 373(0.499) 374(0.800) 375(0.800) 376(0.800) 377(0.800) 378(0.800) 379(0.800) 387(0.499) 388(0.499) 389(0.499) 390(0.499) 391(0.499) 392(0.499) 393(0.499) 394(0.800) 395(0.800) 396(0.800) 397(0.800) 398(0.800) 399(0.800) 

[EVENT] 1957.150 | event=UAVWaypointArrival | nodeId=402 | cycle=50 | pos=(260.000,280.000,20.000)

[EVENT] 1963.554 | event=UAVWaypointArrival | nodeId=402 | cycle=50 | pos=(340.000,180.000,20.000)

[EVENT] 1963.595 | event=UAVWaypointArrival | nodeId=401 | cycle=1 | pos=(320.000,320.000,20.000)

[EVENT] 1964.554 | event=UAVWaypointArrival | nodeId=402 | cycle=50 | pos=(360.000,180.000,20.000)

[EVENT] 1965.500 | event=SuspiciousConfidenceSnapshot | 76(0.874) 77(0.874) 78(0.874) 79(0.874) 94(0.874) 95(0.874) 96(0.874) 97(0.874) 98(0.874) 99(0.874) 114(0.874) 115(0.874) 116(0.874) 117(0.874) 118(0.874) 119(0.874) 134(0.874) 135(0.874) 136(0.874) 137(0.874) 138(0.874) 139(0.874) 154(0.874) 155(0.874) 156(0.874) 157(0.874) 158(0.874) 159(0.874) 174(0.874) 175(0.874) 176(0.874) 177(0.874) 178(0.874) 179(0.874) 193(0.874) 194(0.874) 195(0.900) 196(0.900) 197(0.900) 198(0.874) 199(0.874) 211(0.874) 212(0.874) 213(0.874) 214(0.874) 215(0.900) 216(0.900) 217(0.900) 218(0.900) 219(0.874) 231(0.874) 232(0.874) 233(0.874) 234(0.874) 235(0.900) 236(0.900) 237(0.900) 238(0.900) 239(0.900) 251(0.874) 252(0.874) 253(0.874) 254(0.874) 255(0.900) 256(0.900) 257(0.900) 258(0.900) 259(0.900) 271(0.874) 272(0.874) 273(0.874) 274(0.874) 275(0.874) 276(0.900) 277(0.900) 278(0.900) 279(0.900) 291(0.874) 292(0.874) 293(0.874) 294(0.874) 295(0.874) 296(0.874) 297(0.874) 298(0.900) 299(0.874) 309(0.499) 310(0.499) 311(0.499) 312(0.499) 313(0.874) 314(0.874) 315(0.874) 316(0.800) 317(0.800) 318(0.800) 319(0.800) 327(0.499) 328(0.499) 329(0.499) 330(0.499) 331(0.499) 332(0.499) 333(0.499) 334(0.800) 335(0.800) 336(0.800) 337(0.800) 338(0.800) 339(0.800) 347(0.499) 348(0.499) 349(0.499) 350(0.499) 351(0.499) 352(0.499) 353(0.499) 354(0.800) 355(0.800) 356(0.800) 357(0.800) 358(0.800) 359(0.800) 367(0.499) 368(0.499) 369(0.499) 370(0.499) 371(0.499) 372(0.499) 373(0.499) 374(0.800) 375(0.800) 376(0.800) 377(0.800) 378(0.800) 379(0.800) 387(0.499) 388(0.499) 389(0.499) 390(0.499) 391(0.499) 392(0.499) 393(0.499) 394(0.800) 395(0.800) 396(0.800) 397(0.800) 398(0.800) 399(0.800) 

[EVENT] 1975.500 | event=SuspiciousConfidenceSnapshot | 76(0.874) 77(0.874) 78(0.874) 79(0.874) 94(0.874) 95(0.874) 96(0.874) 97(0.874) 98(0.874) 99(0.874) 114(0.874) 115(0.874) 116(0.874) 117(0.874) 118(0.874) 119(0.874) 134(0.874) 135(0.874) 136(0.874) 137(0.874) 138(0.874) 139(0.874) 154(0.874) 155(0.874) 156(0.874) 157(0.874) 158(0.874) 159(0.874) 174(0.874) 175(0.874) 176(0.874) 177(0.874) 178(0.874) 179(0.874) 193(0.874) 194(0.874) 195(0.900) 196(0.900) 197(0.900) 198(0.874) 199(0.874) 211(0.874) 212(0.874) 213(0.874) 214(0.874) 215(0.900) 216(0.900) 217(0.900) 218(0.900) 219(0.874) 231(0.874) 232(0.874) 233(0.874) 234(0.874) 235(0.900) 236(0.900) 237(0.900) 238(0.900) 239(0.900) 251(0.874) 252(0.874) 253(0.874) 254(0.874) 255(0.900) 256(0.900) 257(0.900) 258(0.900) 259(0.900) 271(0.874) 272(0.874) 273(0.874) 274(0.874) 275(0.874) 276(0.900) 277(0.900) 278(0.900) 279(0.900) 291(0.874) 292(0.874) 293(0.874) 294(0.874) 295(0.874) 296(0.874) 297(0.874) 298(0.900) 299(0.874) 309(0.499) 310(0.499) 311(0.499) 312(0.499) 313(0.874) 314(0.874) 315(0.874) 316(0.800) 317(0.800) 318(0.800) 319(0.800) 327(0.499) 328(0.499) 329(0.499) 330(0.499) 331(0.499) 332(0.499) 333(0.499) 334(0.800) 335(0.800) 336(0.800) 337(0.800) 338(0.800) 339(0.800) 347(0.499) 348(0.499) 349(0.499) 350(0.499) 351(0.499) 352(0.499) 353(0.499) 354(0.800) 355(0.800) 356(0.800) 357(0.800) 358(0.800) 359(0.800) 367(0.499) 368(0.499) 369(0.499) 370(0.499) 371(0.499) 372(0.499) 373(0.499) 374(0.800) 375(0.800) 376(0.800) 377(0.800) 378(0.800) 379(0.800) 387(0.499) 388(0.499) 389(0.499) 390(0.499) 391(0.499) 392(0.499) 393(0.499) 394(0.800) 395(0.800) 396(0.800) 397(0.800) 398(0.800) 399(0.800) 

[EVENT] 1981.209 | event=UAVWaypointArrival | nodeId=401 | cycle=1 | pos=(300.000,320.000,20.000)

[EVENT] 1985.500 | event=SuspiciousConfidenceSnapshot | 76(0.874) 77(0.874) 78(0.874) 79(0.874) 94(0.874) 95(0.874) 96(0.874) 97(0.874) 98(0.874) 99(0.874) 114(0.874) 115(0.874) 116(0.874) 117(0.874) 118(0.874) 119(0.874) 134(0.874) 135(0.874) 136(0.874) 137(0.874) 138(0.874) 139(0.874) 154(0.874) 155(0.874) 156(0.874) 157(0.874) 158(0.874) 159(0.874) 174(0.874) 175(0.874) 176(0.874) 177(0.874) 178(0.874) 179(0.874) 193(0.874) 194(0.874) 195(0.900) 196(0.900) 197(0.900) 198(0.874) 199(0.874) 211(0.874) 212(0.874) 213(0.874) 214(0.874) 215(0.900) 216(0.900) 217(0.900) 218(0.900) 219(0.874) 231(0.874) 232(0.874) 233(0.874) 234(0.874) 235(0.900) 236(0.900) 237(0.900) 238(0.900) 239(0.900) 251(0.874) 252(0.874) 253(0.874) 254(0.874) 255(0.900) 256(0.900) 257(0.900) 258(0.900) 259(0.900) 271(0.874) 272(0.874) 273(0.874) 274(0.874) 275(0.874) 276(0.900) 277(0.900) 278(0.900) 279(0.900) 291(0.874) 292(0.874) 293(0.874) 294(0.874) 295(0.874) 296(0.874) 297(0.874) 298(0.900) 299(0.874) 309(0.499) 310(0.499) 311(0.499) 312(0.499) 313(0.874) 314(0.874) 315(0.874) 316(0.800) 317(0.800) 318(0.800) 319(0.800) 327(0.499) 328(0.499) 329(0.499) 330(0.499) 331(0.499) 332(0.499) 333(0.499) 334(0.800) 335(0.800) 336(0.800) 337(0.800) 338(0.800) 339(0.800) 347(0.499) 348(0.499) 349(0.499) 350(0.499) 351(0.499) 352(0.499) 353(0.499) 354(0.800) 355(0.800) 356(0.800) 357(0.800) 358(0.800) 359(0.800) 367(0.499) 368(0.499) 369(0.499) 370(0.499) 371(0.499) 372(0.499) 373(0.499) 374(0.800) 375(0.800) 376(0.800) 377(0.800) 378(0.800) 379(0.800) 387(0.499) 388(0.499) 389(0.499) 390(0.499) 391(0.499) 392(0.499) 393(0.499) 394(0.800) 395(0.800) 396(0.800) 397(0.800) 398(0.800) 399(0.800) 

[EVENT] 1993.298 | event=UAVWaypointArrival | nodeId=402 | cycle=51 | pos=(270.000,340.000,20.000)

[EVENT] 1995.500 | event=SuspiciousConfidenceSnapshot | 76(0.874) 77(0.874) 78(0.874) 79(0.874) 94(0.874) 95(0.874) 96(0.874) 97(0.874) 98(0.874) 99(0.874) 114(0.874) 115(0.874) 116(0.874) 117(0.874) 118(0.874) 119(0.874) 134(0.874) 135(0.874) 136(0.874) 137(0.874) 138(0.874) 139(0.874) 154(0.874) 155(0.874) 156(0.874) 157(0.874) 158(0.874) 159(0.874) 174(0.874) 175(0.874) 176(0.874) 177(0.874) 178(0.874) 179(0.874) 193(0.874) 194(0.874) 195(0.900) 196(0.900) 197(0.900) 198(0.874) 199(0.874) 211(0.874) 212(0.874) 213(0.874) 214(0.874) 215(0.900) 216(0.900) 217(0.900) 218(0.900) 219(0.874) 231(0.874) 232(0.874) 233(0.874) 234(0.874) 235(0.900) 236(0.900) 237(0.900) 238(0.900) 239(0.900) 251(0.874) 252(0.874) 253(0.874) 254(0.874) 255(0.900) 256(0.900) 257(0.900) 258(0.900) 259(0.900) 271(0.874) 272(0.874) 273(0.874) 274(0.874) 275(0.874) 276(0.900) 277(0.900) 278(0.900) 279(0.900) 291(0.874) 292(0.874) 293(0.874) 294(0.874) 295(0.874) 296(0.874) 297(0.874) 298(0.900) 299(0.874) 309(0.499) 310(0.499) 311(0.499) 312(0.499) 313(0.874) 314(0.874) 315(0.874) 316(0.800) 317(0.800) 318(0.800) 319(0.800) 327(0.499) 328(0.499) 329(0.499) 330(0.499) 331(0.499) 332(0.499) 333(0.499) 334(0.800) 335(0.800) 336(0.800) 337(0.800) 338(0.800) 339(0.800) 347(0.499) 348(0.499) 349(0.499) 350(0.499) 351(0.499) 352(0.499) 353(0.499) 354(0.800) 355(0.800) 356(0.800) 357(0.800) 358(0.800) 359(0.800) 367(0.499) 368(0.499) 369(0.499) 370(0.499) 371(0.499) 372(0.499) 373(0.499) 374(0.800) 375(0.800) 376(0.800) 377(0.800) 378(0.800) 379(0.800) 387(0.499) 388(0.499) 389(0.499) 390(0.499) 391(0.499) 392(0.499) 393(0.499) 394(0.800) 395(0.800) 396(0.800) 397(0.800) 398(0.800) 399(0.800) 

[EVENT] 1996.339 | event=UAVWaypointArrival | nodeId=402 | cycle=51 | pos=(260.000,280.000,20.000)

[EVENT] 1998.822 | event=UAVWaypointArrival | nodeId=401 | cycle=1 | pos=(280.000,320.000,20.000)

[EVENT] 2002.743 | event=UAVWaypointArrival | nodeId=402 | cycle=51 | pos=(340.000,180.000,20.000)

[EVENT] 2003.743 | event=UAVWaypointArrival | nodeId=402 | cycle=51 | pos=(360.000,180.000,20.000)

[EVENT] 2005.500 | event=SuspiciousConfidenceSnapshot | 76(0.874) 77(0.874) 78(0.874) 79(0.874) 94(0.874) 95(0.874) 96(0.874) 97(0.874) 98(0.874) 99(0.874) 114(0.874) 115(0.874) 116(0.874) 117(0.874) 118(0.874) 119(0.874) 134(0.874) 135(0.874) 136(0.874) 137(0.874) 138(0.874) 139(0.874) 154(0.874) 155(0.874) 156(0.874) 157(0.874) 158(0.874) 159(0.874) 174(0.874) 175(0.874) 176(0.874) 177(0.874) 178(0.874) 179(0.874) 193(0.874) 194(0.874) 195(0.900) 196(0.900) 197(0.900) 198(0.874) 199(0.874) 211(0.874) 212(0.874) 213(0.874) 214(0.874) 215(0.900) 216(0.900) 217(0.900) 218(0.900) 219(0.874) 231(0.874) 232(0.874) 233(0.874) 234(0.874) 235(0.900) 236(0.900) 237(0.900) 238(0.900) 239(0.900) 251(0.874) 252(0.874) 253(0.874) 254(0.874) 255(0.900) 256(0.900) 257(0.900) 258(0.900) 259(0.900) 271(0.874) 272(0.874) 273(0.874) 274(0.874) 275(0.874) 276(0.900) 277(0.900) 278(0.900) 279(0.900) 291(0.874) 292(0.874) 293(0.874) 294(0.874) 295(0.874) 296(0.874) 297(0.874) 298(0.900) 299(0.874) 309(0.499) 310(0.499) 311(0.499) 312(0.499) 313(0.874) 314(0.874) 315(0.874) 316(0.800) 317(0.800) 318(0.800) 319(0.800) 327(0.499) 328(0.499) 329(0.499) 330(0.499) 331(0.499) 332(0.499) 333(0.499) 334(0.800) 335(0.800) 336(0.800) 337(0.800) 338(0.800) 339(0.800) 347(0.499) 348(0.499) 349(0.499) 350(0.499) 351(0.499) 352(0.499) 353(0.499) 354(0.800) 355(0.800) 356(0.800) 357(0.800) 358(0.800) 359(0.800) 367(0.499) 368(0.499) 369(0.499) 370(0.499) 371(0.499) 372(0.499) 373(0.499) 374(0.800) 375(0.800) 376(0.800) 377(0.800) 378(0.800) 379(0.800) 387(0.499) 388(0.499) 389(0.499) 390(0.499) 391(0.499) 392(0.499) 393(0.499) 394(0.800) 395(0.800) 396(0.800) 397(0.800) 398(0.800) 399(0.800) 

[EVENT] 2015.500 | event=SuspiciousConfidenceSnapshot | 76(0.874) 77(0.874) 78(0.874) 79(0.874) 94(0.874) 95(0.874) 96(0.874) 97(0.874) 98(0.874) 99(0.874) 114(0.874) 115(0.874) 116(0.874) 117(0.874) 118(0.874) 119(0.874) 134(0.874) 135(0.874) 136(0.874) 137(0.874) 138(0.874) 139(0.874) 154(0.874) 155(0.874) 156(0.874) 157(0.874) 158(0.874) 159(0.874) 174(0.874) 175(0.874) 176(0.874) 177(0.874) 178(0.874) 179(0.874) 193(0.874) 194(0.874) 195(0.900) 196(0.900) 197(0.900) 198(0.874) 199(0.874) 211(0.874) 212(0.874) 213(0.874) 214(0.874) 215(0.900) 216(0.900) 217(0.900) 218(0.900) 219(0.874) 231(0.874) 232(0.874) 233(0.874) 234(0.874) 235(0.900) 236(0.900) 237(0.900) 238(0.900) 239(0.900) 251(0.874) 252(0.874) 253(0.874) 254(0.874) 255(0.900) 256(0.900) 257(0.900) 258(0.900) 259(0.900) 271(0.874) 272(0.874) 273(0.874) 274(0.874) 275(0.874) 276(0.900) 277(0.900) 278(0.900) 279(0.900) 291(0.874) 292(0.874) 293(0.874) 294(0.874) 295(0.874) 296(0.874) 297(0.874) 298(0.900) 299(0.874) 309(0.499) 310(0.499) 311(0.499) 312(0.499) 313(0.874) 314(0.874) 315(0.874) 316(0.800) 317(0.800) 318(0.800) 319(0.800) 327(0.499) 328(0.499) 329(0.499) 330(0.499) 331(0.499) 332(0.499) 333(0.499) 334(0.800) 335(0.800) 336(0.800) 337(0.800) 338(0.800) 339(0.800) 347(0.499) 348(0.499) 349(0.499) 350(0.499) 351(0.499) 352(0.499) 353(0.499) 354(0.800) 355(0.800) 356(0.800) 357(0.800) 358(0.800) 359(0.800) 367(0.499) 368(0.499) 369(0.499) 370(0.499) 371(0.499) 372(0.499) 373(0.499) 374(0.800) 375(0.800) 376(0.800) 377(0.800) 378(0.800) 379(0.800) 387(0.499) 388(0.499) 389(0.499) 390(0.499) 391(0.499) 392(0.499) 393(0.499) 394(0.800) 395(0.800) 396(0.800) 397(0.800) 398(0.800) 399(0.800) 

[EVENT] 2016.435 | event=UAVWaypointArrival | nodeId=401 | cycle=1 | pos=(260.000,320.000,20.000)

[EVENT] 2025.500 | event=SuspiciousConfidenceSnapshot | 76(0.874) 77(0.874) 78(0.874) 79(0.874) 94(0.874) 95(0.874) 96(0.874) 97(0.874) 98(0.874) 99(0.874) 114(0.874) 115(0.874) 116(0.874) 117(0.874) 118(0.874) 119(0.874) 134(0.874) 135(0.874) 136(0.874) 137(0.874) 138(0.874) 139(0.874) 154(0.874) 155(0.874) 156(0.874) 157(0.874) 158(0.874) 159(0.874) 174(0.874) 175(0.874) 176(0.874) 177(0.874) 178(0.874) 179(0.874) 193(0.874) 194(0.874) 195(0.900) 196(0.900) 197(0.900) 198(0.874) 199(0.874) 211(0.874) 212(0.874) 213(0.874) 214(0.874) 215(0.900) 216(0.900) 217(0.900) 218(0.900) 219(0.874) 231(0.874) 232(0.874) 233(0.874) 234(0.874) 235(0.900) 236(0.900) 237(0.900) 238(0.900) 239(0.900) 251(0.874) 252(0.874) 253(0.874) 254(0.874) 255(0.900) 256(0.900) 257(0.900) 258(0.900) 259(0.900) 271(0.874) 272(0.874) 273(0.874) 274(0.874) 275(0.874) 276(0.900) 277(0.900) 278(0.900) 279(0.900) 291(0.874) 292(0.874) 293(0.874) 294(0.874) 295(0.874) 296(0.874) 297(0.874) 298(0.900) 299(0.874) 309(0.499) 310(0.499) 311(0.499) 312(0.499) 313(0.874) 314(0.874) 315(0.874) 316(0.800) 317(0.800) 318(0.800) 319(0.800) 327(0.499) 328(0.499) 329(0.499) 330(0.499) 331(0.499) 332(0.499) 333(0.499) 334(0.800) 335(0.800) 336(0.800) 337(0.800) 338(0.800) 339(0.800) 347(0.499) 348(0.499) 349(0.499) 350(0.499) 351(0.499) 352(0.499) 353(0.499) 354(0.800) 355(0.800) 356(0.800) 357(0.800) 358(0.800) 359(0.800) 367(0.499) 368(0.499) 369(0.499) 370(0.499) 371(0.499) 372(0.499) 373(0.499) 374(0.800) 375(0.800) 376(0.800) 377(0.800) 378(0.800) 379(0.800) 387(0.499) 388(0.499) 389(0.499) 390(0.499) 391(0.499) 392(0.499) 393(0.499) 394(0.800) 395(0.800) 396(0.800) 397(0.800) 398(0.800) 399(0.800) 

[EVENT] 2032.487 | event=UAVWaypointArrival | nodeId=402 | cycle=52 | pos=(270.000,340.000,20.000)

[EVENT] 2034.049 | event=UAVWaypointArrival | nodeId=401 | cycle=1 | pos=(260.000,340.000,20.000)

[EVENT] 2035.500 | event=SuspiciousConfidenceSnapshot | 76(0.874) 77(0.874) 78(0.874) 79(0.874) 94(0.874) 95(0.874) 96(0.874) 97(0.874) 98(0.874) 99(0.874) 114(0.874) 115(0.874) 116(0.874) 117(0.874) 118(0.874) 119(0.874) 134(0.874) 135(0.874) 136(0.874) 137(0.874) 138(0.874) 139(0.874) 154(0.874) 155(0.874) 156(0.874) 157(0.874) 158(0.874) 159(0.874) 174(0.874) 175(0.874) 176(0.874) 177(0.874) 178(0.874) 179(0.874) 193(0.874) 194(0.874) 195(0.900) 196(0.900) 197(0.900) 198(0.874) 199(0.874) 211(0.874) 212(0.874) 213(0.874) 214(0.874) 215(0.900) 216(0.900) 217(0.900) 218(0.900) 219(0.874) 231(0.874) 232(0.874) 233(0.874) 234(0.874) 235(0.900) 236(0.900) 237(0.900) 238(0.900) 239(0.900) 251(0.874) 252(0.874) 253(0.874) 254(0.874) 255(0.900) 256(0.900) 257(0.900) 258(0.900) 259(0.900) 271(0.874) 272(0.874) 273(0.874) 274(0.874) 275(0.874) 276(0.900) 277(0.900) 278(0.900) 279(0.900) 291(0.874) 292(0.874) 293(0.874) 294(0.874) 295(0.874) 296(0.874) 297(0.874) 298(0.900) 299(0.874) 309(0.499) 310(0.499) 311(0.499) 312(0.499) 313(0.874) 314(0.874) 315(0.874) 316(0.800) 317(0.800) 318(0.800) 319(0.800) 327(0.499) 328(0.499) 329(0.499) 330(0.499) 331(0.499) 332(0.499) 333(0.499) 334(0.800) 335(0.800) 336(0.800) 337(0.800) 338(0.800) 339(0.800) 347(0.499) 348(0.499) 349(0.499) 350(0.499) 351(0.499) 352(0.499) 353(0.499) 354(0.800) 355(0.800) 356(0.800) 357(0.800) 358(0.800) 359(0.800) 367(0.499) 368(0.499) 369(0.499) 370(0.499) 371(0.499) 372(0.499) 373(0.499) 374(0.800) 375(0.800) 376(0.800) 377(0.800) 378(0.800) 379(0.800) 387(0.499) 388(0.499) 389(0.499) 390(0.499) 391(0.499) 392(0.499) 393(0.499) 394(0.800) 395(0.800) 396(0.800) 397(0.800) 398(0.800) 399(0.800) 

[EVENT] 2035.529 | event=UAVWaypointArrival | nodeId=402 | cycle=52 | pos=(260.000,280.000,20.000)

[EVENT] 2041.932 | event=UAVWaypointArrival | nodeId=402 | cycle=52 | pos=(340.000,180.000,20.000)

[EVENT] 2042.932 | event=UAVWaypointArrival | nodeId=402 | cycle=52 | pos=(360.000,180.000,20.000)

[EVENT] 2045.500 | event=SuspiciousConfidenceSnapshot | 76(0.874) 77(0.874) 78(0.874) 79(0.874) 94(0.874) 95(0.874) 96(0.874) 97(0.874) 98(0.874) 99(0.874) 114(0.874) 115(0.874) 116(0.874) 117(0.874) 118(0.874) 119(0.874) 134(0.874) 135(0.874) 136(0.874) 137(0.874) 138(0.874) 139(0.874) 154(0.874) 155(0.874) 156(0.874) 157(0.874) 158(0.874) 159(0.874) 174(0.874) 175(0.874) 176(0.874) 177(0.874) 178(0.874) 179(0.874) 193(0.874) 194(0.874) 195(0.900) 196(0.900) 197(0.900) 198(0.874) 199(0.874) 211(0.874) 212(0.874) 213(0.874) 214(0.874) 215(0.900) 216(0.900) 217(0.900) 218(0.900) 219(0.874) 231(0.874) 232(0.874) 233(0.874) 234(0.874) 235(0.900) 236(0.900) 237(0.900) 238(0.900) 239(0.900) 251(0.874) 252(0.874) 253(0.874) 254(0.874) 255(0.900) 256(0.900) 257(0.900) 258(0.900) 259(0.900) 271(0.874) 272(0.874) 273(0.874) 274(0.874) 275(0.874) 276(0.900) 277(0.900) 278(0.900) 279(0.900) 291(0.874) 292(0.874) 293(0.874) 294(0.874) 295(0.874) 296(0.874) 297(0.874) 298(0.900) 299(0.874) 309(0.499) 310(0.499) 311(0.499) 312(0.499) 313(0.874) 314(0.874) 315(0.874) 316(0.800) 317(0.800) 318(0.800) 319(0.800) 327(0.499) 328(0.499) 329(0.499) 330(0.499) 331(0.499) 332(0.499) 333(0.499) 334(0.800) 335(0.800) 336(0.800) 337(0.800) 338(0.800) 339(0.800) 347(0.499) 348(0.499) 349(0.499) 350(0.499) 351(0.499) 352(0.499) 353(0.499) 354(0.800) 355(0.800) 356(0.800) 357(0.800) 358(0.800) 359(0.800) 367(0.499) 368(0.499) 369(0.499) 370(0.499) 371(0.499) 372(0.499) 373(0.499) 374(0.800) 375(0.800) 376(0.800) 377(0.800) 378(0.800) 379(0.800) 387(0.499) 388(0.499) 389(0.499) 390(0.499) 391(0.499) 392(0.499) 393(0.499) 394(0.800) 395(0.800) 396(0.800) 397(0.800) 398(0.800) 399(0.800) 

[EVENT] 2051.662 | event=UAVWaypointArrival | nodeId=401 | cycle=1 | pos=(240.000,340.000,20.000)

[EVENT] 2055.500 | event=SuspiciousConfidenceSnapshot | 76(0.874) 77(0.874) 78(0.874) 79(0.874) 94(0.874) 95(0.874) 96(0.874) 97(0.874) 98(0.874) 99(0.874) 114(0.874) 115(0.874) 116(0.874) 117(0.874) 118(0.874) 119(0.874) 134(0.874) 135(0.874) 136(0.874) 137(0.874) 138(0.874) 139(0.874) 154(0.874) 155(0.874) 156(0.874) 157(0.874) 158(0.874) 159(0.874) 174(0.874) 175(0.874) 176(0.874) 177(0.874) 178(0.874) 179(0.874) 193(0.874) 194(0.874) 195(0.900) 196(0.900) 197(0.900) 198(0.874) 199(0.874) 211(0.874) 212(0.874) 213(0.874) 214(0.874) 215(0.900) 216(0.900) 217(0.900) 218(0.900) 219(0.874) 231(0.874) 232(0.874) 233(0.874) 234(0.874) 235(0.900) 236(0.900) 237(0.900) 238(0.900) 239(0.900) 251(0.874) 252(0.874) 253(0.874) 254(0.874) 255(0.900) 256(0.900) 257(0.900) 258(0.900) 259(0.900) 271(0.874) 272(0.874) 273(0.874) 274(0.874) 275(0.874) 276(0.900) 277(0.900) 278(0.900) 279(0.900) 291(0.874) 292(0.874) 293(0.874) 294(0.874) 295(0.874) 296(0.874) 297(0.874) 298(0.900) 299(0.874) 309(0.499) 310(0.499) 311(0.499) 312(0.499) 313(0.874) 314(0.874) 315(0.874) 316(0.800) 317(0.800) 318(0.800) 319(0.800) 327(0.499) 328(0.499) 329(0.499) 330(0.499) 331(0.499) 332(0.499) 333(0.499) 334(0.800) 335(0.800) 336(0.800) 337(0.800) 338(0.800) 339(0.800) 347(0.499) 348(0.499) 349(0.499) 350(0.499) 351(0.499) 352(0.499) 353(0.499) 354(0.800) 355(0.800) 356(0.800) 357(0.800) 358(0.800) 359(0.800) 367(0.499) 368(0.499) 369(0.499) 370(0.499) 371(0.499) 372(0.499) 373(0.499) 374(0.800) 375(0.800) 376(0.800) 377(0.800) 378(0.800) 379(0.800) 387(0.499) 388(0.499) 389(0.499) 390(0.499) 391(0.499) 392(0.499) 393(0.499) 394(0.800) 395(0.800) 396(0.800) 397(0.800) 398(0.800) 399(0.800) 

[EVENT] 2065.500 | event=SuspiciousConfidenceSnapshot | 76(0.874) 77(0.874) 78(0.874) 79(0.874) 94(0.874) 95(0.874) 96(0.874) 97(0.874) 98(0.874) 99(0.874) 114(0.874) 115(0.874) 116(0.874) 117(0.874) 118(0.874) 119(0.874) 134(0.874) 135(0.874) 136(0.874) 137(0.874) 138(0.874) 139(0.874) 154(0.874) 155(0.874) 156(0.874) 157(0.874) 158(0.874) 159(0.874) 174(0.874) 175(0.874) 176(0.874) 177(0.874) 178(0.874) 179(0.874) 193(0.874) 194(0.874) 195(0.900) 196(0.900) 197(0.900) 198(0.874) 199(0.874) 211(0.874) 212(0.874) 213(0.874) 214(0.874) 215(0.900) 216(0.900) 217(0.900) 218(0.900) 219(0.874) 231(0.874) 232(0.874) 233(0.874) 234(0.874) 235(0.900) 236(0.900) 237(0.900) 238(0.900) 239(0.900) 251(0.874) 252(0.874) 253(0.874) 254(0.874) 255(0.900) 256(0.900) 257(0.900) 258(0.900) 259(0.900) 271(0.874) 272(0.874) 273(0.874) 274(0.874) 275(0.874) 276(0.900) 277(0.900) 278(0.900) 279(0.900) 291(0.874) 292(0.874) 293(0.874) 294(0.874) 295(0.874) 296(0.874) 297(0.874) 298(0.900) 299(0.874) 309(0.499) 310(0.499) 311(0.499) 312(0.499) 313(0.874) 314(0.874) 315(0.874) 316(0.800) 317(0.800) 318(0.800) 319(0.800) 327(0.499) 328(0.499) 329(0.499) 330(0.499) 331(0.499) 332(0.499) 333(0.499) 334(0.800) 335(0.800) 336(0.800) 337(0.800) 338(0.800) 339(0.800) 347(0.499) 348(0.499) 349(0.499) 350(0.499) 351(0.499) 352(0.499) 353(0.499) 354(0.800) 355(0.800) 356(0.800) 357(0.800) 358(0.800) 359(0.800) 367(0.499) 368(0.499) 369(0.499) 370(0.499) 371(0.499) 372(0.499) 373(0.499) 374(0.800) 375(0.800) 376(0.800) 377(0.800) 378(0.800) 379(0.800) 387(0.499) 388(0.499) 389(0.499) 390(0.499) 391(0.499) 392(0.499) 393(0.499) 394(0.800) 395(0.800) 396(0.800) 397(0.800) 398(0.800) 399(0.800) 

[EVENT] 2069.275 | event=UAVWaypointArrival | nodeId=401 | cycle=1 | pos=(220.000,340.000,20.000)

[EVENT] 2071.676 | event=UAVWaypointArrival | nodeId=402 | cycle=53 | pos=(270.000,340.000,20.000)

[EVENT] 2074.718 | event=UAVWaypointArrival | nodeId=402 | cycle=53 | pos=(260.000,280.000,20.000)

[EVENT] 2075.500 | event=SuspiciousConfidenceSnapshot | 76(0.874) 77(0.874) 78(0.874) 79(0.874) 94(0.874) 95(0.874) 96(0.874) 97(0.874) 98(0.874) 99(0.874) 114(0.874) 115(0.874) 116(0.874) 117(0.874) 118(0.874) 119(0.874) 134(0.874) 135(0.874) 136(0.874) 137(0.874) 138(0.874) 139(0.874) 154(0.874) 155(0.874) 156(0.874) 157(0.874) 158(0.874) 159(0.874) 174(0.874) 175(0.874) 176(0.874) 177(0.874) 178(0.874) 179(0.874) 193(0.874) 194(0.874) 195(0.900) 196(0.900) 197(0.900) 198(0.874) 199(0.874) 211(0.874) 212(0.874) 213(0.874) 214(0.874) 215(0.900) 216(0.900) 217(0.900) 218(0.900) 219(0.874) 231(0.874) 232(0.874) 233(0.874) 234(0.874) 235(0.900) 236(0.900) 237(0.900) 238(0.900) 239(0.900) 251(0.874) 252(0.874) 253(0.874) 254(0.874) 255(0.900) 256(0.900) 257(0.900) 258(0.900) 259(0.900) 271(0.874) 272(0.874) 273(0.874) 274(0.874) 275(0.874) 276(0.900) 277(0.900) 278(0.900) 279(0.900) 291(0.874) 292(0.874) 293(0.874) 294(0.874) 295(0.874) 296(0.874) 297(0.874) 298(0.900) 299(0.874) 309(0.499) 310(0.499) 311(0.499) 312(0.499) 313(0.874) 314(0.874) 315(0.874) 316(0.800) 317(0.800) 318(0.800) 319(0.800) 327(0.499) 328(0.499) 329(0.499) 330(0.499) 331(0.499) 332(0.499) 333(0.499) 334(0.800) 335(0.800) 336(0.800) 337(0.800) 338(0.800) 339(0.800) 347(0.499) 348(0.499) 349(0.499) 350(0.499) 351(0.499) 352(0.499) 353(0.499) 354(0.800) 355(0.800) 356(0.800) 357(0.800) 358(0.800) 359(0.800) 367(0.499) 368(0.499) 369(0.499) 370(0.499) 371(0.499) 372(0.499) 373(0.499) 374(0.800) 375(0.800) 376(0.800) 377(0.800) 378(0.800) 379(0.800) 387(0.499) 388(0.499) 389(0.499) 390(0.499) 391(0.499) 392(0.499) 393(0.499) 394(0.800) 395(0.800) 396(0.800) 397(0.800) 398(0.800) 399(0.800) 

[EVENT] 2081.121 | event=UAVWaypointArrival | nodeId=402 | cycle=53 | pos=(340.000,180.000,20.000)

[EVENT] 2082.121 | event=UAVWaypointArrival | nodeId=402 | cycle=53 | pos=(360.000,180.000,20.000)

[EVENT] 2085.500 | event=SuspiciousConfidenceSnapshot | 76(0.874) 77(0.874) 78(0.874) 79(0.874) 94(0.874) 95(0.874) 96(0.874) 97(0.874) 98(0.874) 99(0.874) 114(0.874) 115(0.874) 116(0.874) 117(0.874) 118(0.874) 119(0.874) 134(0.874) 135(0.874) 136(0.874) 137(0.874) 138(0.874) 139(0.874) 154(0.874) 155(0.874) 156(0.874) 157(0.874) 158(0.874) 159(0.874) 174(0.874) 175(0.874) 176(0.874) 177(0.874) 178(0.874) 179(0.874) 193(0.874) 194(0.874) 195(0.900) 196(0.900) 197(0.900) 198(0.874) 199(0.874) 211(0.874) 212(0.874) 213(0.874) 214(0.874) 215(0.900) 216(0.900) 217(0.900) 218(0.900) 219(0.874) 231(0.874) 232(0.874) 233(0.874) 234(0.874) 235(0.900) 236(0.900) 237(0.900) 238(0.900) 239(0.900) 251(0.874) 252(0.874) 253(0.874) 254(0.874) 255(0.900) 256(0.900) 257(0.900) 258(0.900) 259(0.900) 271(0.874) 272(0.874) 273(0.874) 274(0.874) 275(0.874) 276(0.900) 277(0.900) 278(0.900) 279(0.900) 291(0.874) 292(0.874) 293(0.874) 294(0.874) 295(0.874) 296(0.874) 297(0.874) 298(0.900) 299(0.874) 309(0.499) 310(0.499) 311(0.499) 312(0.499) 313(0.874) 314(0.874) 315(0.874) 316(0.800) 317(0.800) 318(0.800) 319(0.800) 327(0.499) 328(0.499) 329(0.499) 330(0.499) 331(0.499) 332(0.499) 333(0.499) 334(0.800) 335(0.800) 336(0.800) 337(0.800) 338(0.800) 339(0.800) 347(0.499) 348(0.499) 349(0.499) 350(0.499) 351(0.499) 352(0.499) 353(0.499) 354(0.800) 355(0.800) 356(0.800) 357(0.800) 358(0.800) 359(0.800) 367(0.499) 368(0.499) 369(0.499) 370(0.499) 371(0.499) 372(0.499) 373(0.499) 374(0.800) 375(0.800) 376(0.800) 377(0.800) 378(0.800) 379(0.800) 387(0.499) 388(0.499) 389(0.499) 390(0.499) 391(0.499) 392(0.499) 393(0.499) 394(0.800) 395(0.800) 396(0.800) 397(0.800) 398(0.800) 399(0.800) 

[EVENT] 2086.889 | event=UAVWaypointArrival | nodeId=401 | cycle=1 | pos=(220.000,360.000,20.000)

[EVENT] 2095.500 | event=SuspiciousConfidenceSnapshot | 76(0.874) 77(0.874) 78(0.874) 79(0.874) 94(0.874) 95(0.874) 96(0.874) 97(0.874) 98(0.874) 99(0.874) 114(0.874) 115(0.874) 116(0.874) 117(0.874) 118(0.874) 119(0.874) 134(0.874) 135(0.874) 136(0.874) 137(0.874) 138(0.874) 139(0.874) 154(0.874) 155(0.874) 156(0.874) 157(0.874) 158(0.874) 159(0.874) 174(0.874) 175(0.874) 176(0.874) 177(0.874) 178(0.874) 179(0.874) 193(0.874) 194(0.874) 195(0.900) 196(0.900) 197(0.900) 198(0.874) 199(0.874) 211(0.874) 212(0.874) 213(0.874) 214(0.874) 215(0.900) 216(0.900) 217(0.900) 218(0.900) 219(0.874) 231(0.874) 232(0.874) 233(0.874) 234(0.874) 235(0.900) 236(0.900) 237(0.900) 238(0.900) 239(0.900) 251(0.874) 252(0.874) 253(0.874) 254(0.874) 255(0.900) 256(0.900) 257(0.900) 258(0.900) 259(0.900) 271(0.874) 272(0.874) 273(0.874) 274(0.874) 275(0.874) 276(0.900) 277(0.900) 278(0.900) 279(0.900) 291(0.874) 292(0.874) 293(0.874) 294(0.874) 295(0.874) 296(0.874) 297(0.874) 298(0.900) 299(0.874) 309(0.499) 310(0.499) 311(0.499) 312(0.499) 313(0.874) 314(0.874) 315(0.874) 316(0.800) 317(0.800) 318(0.800) 319(0.800) 327(0.499) 328(0.499) 329(0.499) 330(0.499) 331(0.499) 332(0.499) 333(0.499) 334(0.800) 335(0.800) 336(0.800) 337(0.800) 338(0.800) 339(0.800) 347(0.499) 348(0.499) 349(0.499) 350(0.499) 351(0.499) 352(0.499) 353(0.499) 354(0.800) 355(0.800) 356(0.800) 357(0.800) 358(0.800) 359(0.800) 367(0.499) 368(0.499) 369(0.499) 370(0.499) 371(0.499) 372(0.499) 373(0.499) 374(0.800) 375(0.800) 376(0.800) 377(0.800) 378(0.800) 379(0.800) 387(0.499) 388(0.499) 389(0.499) 390(0.499) 391(0.499) 392(0.499) 393(0.499) 394(0.800) 395(0.800) 396(0.800) 397(0.800) 398(0.800) 399(0.800) 

[EVENT] 2104.502 | event=UAVWaypointArrival | nodeId=401 | cycle=1 | pos=(200.000,360.000,20.000)

[EVENT] 2105.500 | event=SuspiciousConfidenceSnapshot | 76(0.874) 77(0.874) 78(0.874) 79(0.874) 94(0.874) 95(0.874) 96(0.874) 97(0.874) 98(0.874) 99(0.874) 114(0.874) 115(0.874) 116(0.874) 117(0.874) 118(0.874) 119(0.874) 134(0.874) 135(0.874) 136(0.874) 137(0.874) 138(0.874) 139(0.874) 154(0.874) 155(0.874) 156(0.874) 157(0.874) 158(0.874) 159(0.874) 174(0.874) 175(0.874) 176(0.874) 177(0.874) 178(0.874) 179(0.874) 193(0.874) 194(0.874) 195(0.900) 196(0.900) 197(0.900) 198(0.874) 199(0.874) 211(0.874) 212(0.874) 213(0.874) 214(0.874) 215(0.900) 216(0.900) 217(0.900) 218(0.900) 219(0.874) 231(0.874) 232(0.874) 233(0.874) 234(0.874) 235(0.900) 236(0.900) 237(0.900) 238(0.900) 239(0.900) 251(0.874) 252(0.874) 253(0.874) 254(0.874) 255(0.900) 256(0.900) 257(0.900) 258(0.900) 259(0.900) 271(0.874) 272(0.874) 273(0.874) 274(0.874) 275(0.874) 276(0.900) 277(0.900) 278(0.900) 279(0.900) 291(0.874) 292(0.874) 293(0.874) 294(0.874) 295(0.874) 296(0.874) 297(0.874) 298(0.900) 299(0.874) 309(0.499) 310(0.499) 311(0.499) 312(0.499) 313(0.874) 314(0.874) 315(0.874) 316(0.800) 317(0.800) 318(0.800) 319(0.800) 327(0.499) 328(0.499) 329(0.499) 330(0.499) 331(0.499) 332(0.499) 333(0.499) 334(0.800) 335(0.800) 336(0.800) 337(0.800) 338(0.800) 339(0.800) 347(0.499) 348(0.499) 349(0.499) 350(0.499) 351(0.499) 352(0.499) 353(0.499) 354(0.800) 355(0.800) 356(0.800) 357(0.800) 358(0.800) 359(0.800) 367(0.499) 368(0.499) 369(0.499) 370(0.499) 371(0.499) 372(0.499) 373(0.499) 374(0.800) 375(0.800) 376(0.800) 377(0.800) 378(0.800) 379(0.800) 387(0.499) 388(0.499) 389(0.499) 390(0.499) 391(0.499) 392(0.499) 393(0.499) 394(0.800) 395(0.800) 396(0.800) 397(0.800) 398(0.800) 399(0.800) 

[EVENT] 2110.865 | event=UAVWaypointArrival | nodeId=402 | cycle=54 | pos=(270.000,340.000,20.000)

[EVENT] 2113.907 | event=UAVWaypointArrival | nodeId=402 | cycle=54 | pos=(260.000,280.000,20.000)

[EVENT] 2115.500 | event=SuspiciousConfidenceSnapshot | 76(0.874) 77(0.874) 78(0.874) 79(0.874) 94(0.874) 95(0.874) 96(0.874) 97(0.874) 98(0.874) 99(0.874) 114(0.874) 115(0.874) 116(0.874) 117(0.874) 118(0.874) 119(0.874) 134(0.874) 135(0.874) 136(0.874) 137(0.874) 138(0.874) 139(0.874) 154(0.874) 155(0.874) 156(0.874) 157(0.874) 158(0.874) 159(0.874) 174(0.874) 175(0.874) 176(0.874) 177(0.874) 178(0.874) 179(0.874) 193(0.874) 194(0.874) 195(0.900) 196(0.900) 197(0.900) 198(0.874) 199(0.874) 211(0.874) 212(0.874) 213(0.874) 214(0.874) 215(0.900) 216(0.900) 217(0.900) 218(0.900) 219(0.874) 231(0.874) 232(0.874) 233(0.874) 234(0.874) 235(0.900) 236(0.900) 237(0.900) 238(0.900) 239(0.900) 251(0.874) 252(0.874) 253(0.874) 254(0.874) 255(0.900) 256(0.900) 257(0.900) 258(0.900) 259(0.900) 271(0.874) 272(0.874) 273(0.874) 274(0.874) 275(0.874) 276(0.900) 277(0.900) 278(0.900) 279(0.900) 291(0.874) 292(0.874) 293(0.874) 294(0.874) 295(0.874) 296(0.874) 297(0.874) 298(0.900) 299(0.874) 309(0.499) 310(0.499) 311(0.499) 312(0.499) 313(0.874) 314(0.874) 315(0.874) 316(0.800) 317(0.800) 318(0.800) 319(0.800) 327(0.499) 328(0.499) 329(0.499) 330(0.499) 331(0.499) 332(0.499) 333(0.499) 334(0.800) 335(0.800) 336(0.800) 337(0.800) 338(0.800) 339(0.800) 347(0.499) 348(0.499) 349(0.499) 350(0.499) 351(0.499) 352(0.499) 353(0.499) 354(0.800) 355(0.800) 356(0.800) 357(0.800) 358(0.800) 359(0.800) 367(0.499) 368(0.499) 369(0.499) 370(0.499) 371(0.499) 372(0.499) 373(0.499) 374(0.800) 375(0.800) 376(0.800) 377(0.800) 378(0.800) 379(0.800) 387(0.499) 388(0.499) 389(0.499) 390(0.499) 391(0.499) 392(0.499) 393(0.499) 394(0.800) 395(0.800) 396(0.800) 397(0.800) 398(0.800) 399(0.800) 

[EVENT] 2120.310 | event=UAVWaypointArrival | nodeId=402 | cycle=54 | pos=(340.000,180.000,20.000)

[EVENT] 2121.310 | event=UAVWaypointArrival | nodeId=402 | cycle=54 | pos=(360.000,180.000,20.000)

[EVENT] 2122.116 | event=UAVWaypointArrival | nodeId=401 | cycle=1 | pos=(180.000,360.000,20.000)

[EVENT] 2125.500 | event=SuspiciousConfidenceSnapshot | 76(0.874) 77(0.874) 78(0.874) 79(0.874) 94(0.874) 95(0.874) 96(0.874) 97(0.874) 98(0.874) 99(0.874) 114(0.874) 115(0.874) 116(0.874) 117(0.874) 118(0.874) 119(0.874) 134(0.874) 135(0.874) 136(0.874) 137(0.874) 138(0.874) 139(0.874) 154(0.874) 155(0.874) 156(0.874) 157(0.874) 158(0.874) 159(0.874) 174(0.874) 175(0.874) 176(0.874) 177(0.874) 178(0.874) 179(0.874) 193(0.874) 194(0.874) 195(0.900) 196(0.900) 197(0.900) 198(0.874) 199(0.874) 211(0.874) 212(0.874) 213(0.874) 214(0.874) 215(0.900) 216(0.900) 217(0.900) 218(0.900) 219(0.874) 231(0.874) 232(0.874) 233(0.874) 234(0.874) 235(0.900) 236(0.900) 237(0.900) 238(0.900) 239(0.900) 251(0.874) 252(0.874) 253(0.874) 254(0.874) 255(0.900) 256(0.900) 257(0.900) 258(0.900) 259(0.900) 271(0.874) 272(0.874) 273(0.874) 274(0.874) 275(0.874) 276(0.900) 277(0.900) 278(0.900) 279(0.900) 291(0.874) 292(0.874) 293(0.874) 294(0.874) 295(0.874) 296(0.874) 297(0.874) 298(0.900) 299(0.874) 309(0.499) 310(0.499) 311(0.499) 312(0.499) 313(0.874) 314(0.874) 315(0.874) 316(0.800) 317(0.800) 318(0.800) 319(0.800) 327(0.499) 328(0.499) 329(0.499) 330(0.499) 331(0.499) 332(0.499) 333(0.499) 334(0.800) 335(0.800) 336(0.800) 337(0.800) 338(0.800) 339(0.800) 347(0.499) 348(0.499) 349(0.499) 350(0.499) 351(0.499) 352(0.499) 353(0.499) 354(0.800) 355(0.800) 356(0.800) 357(0.800) 358(0.800) 359(0.800) 367(0.499) 368(0.499) 369(0.499) 370(0.499) 371(0.499) 372(0.499) 373(0.499) 374(0.800) 375(0.800) 376(0.800) 377(0.800) 378(0.800) 379(0.800) 387(0.499) 388(0.499) 389(0.499) 390(0.499) 391(0.499) 392(0.499) 393(0.499) 394(0.800) 395(0.800) 396(0.800) 397(0.800) 398(0.800) 399(0.800) 

[EVENT] 2135.500 | event=SuspiciousConfidenceSnapshot | 76(0.874) 77(0.874) 78(0.874) 79(0.874) 94(0.874) 95(0.874) 96(0.874) 97(0.874) 98(0.874) 99(0.874) 114(0.874) 115(0.874) 116(0.874) 117(0.874) 118(0.874) 119(0.874) 134(0.874) 135(0.874) 136(0.874) 137(0.874) 138(0.874) 139(0.874) 154(0.874) 155(0.874) 156(0.874) 157(0.874) 158(0.874) 159(0.874) 174(0.874) 175(0.874) 176(0.874) 177(0.874) 178(0.874) 179(0.874) 193(0.874) 194(0.874) 195(0.900) 196(0.900) 197(0.900) 198(0.874) 199(0.874) 211(0.874) 212(0.874) 213(0.874) 214(0.874) 215(0.900) 216(0.900) 217(0.900) 218(0.900) 219(0.874) 231(0.874) 232(0.874) 233(0.874) 234(0.874) 235(0.900) 236(0.900) 237(0.900) 238(0.900) 239(0.900) 251(0.874) 252(0.874) 253(0.874) 254(0.874) 255(0.900) 256(0.900) 257(0.900) 258(0.900) 259(0.900) 271(0.874) 272(0.874) 273(0.874) 274(0.874) 275(0.874) 276(0.900) 277(0.900) 278(0.900) 279(0.900) 291(0.874) 292(0.874) 293(0.874) 294(0.874) 295(0.874) 296(0.874) 297(0.874) 298(0.900) 299(0.874) 309(0.499) 310(0.499) 311(0.499) 312(0.499) 313(0.874) 314(0.874) 315(0.874) 316(0.800) 317(0.800) 318(0.800) 319(0.800) 327(0.499) 328(0.499) 329(0.499) 330(0.499) 331(0.499) 332(0.499) 333(0.499) 334(0.800) 335(0.800) 336(0.800) 337(0.800) 338(0.800) 339(0.800) 347(0.499) 348(0.499) 349(0.499) 350(0.499) 351(0.499) 352(0.499) 353(0.499) 354(0.800) 355(0.800) 356(0.800) 357(0.800) 358(0.800) 359(0.800) 367(0.499) 368(0.499) 369(0.499) 370(0.499) 371(0.499) 372(0.499) 373(0.499) 374(0.800) 375(0.800) 376(0.800) 377(0.800) 378(0.800) 379(0.800) 387(0.499) 388(0.499) 389(0.499) 390(0.499) 391(0.499) 392(0.499) 393(0.499) 394(0.800) 395(0.800) 396(0.800) 397(0.800) 398(0.800) 399(0.800) 

[EVENT] 2139.729 | event=UAVWaypointArrival | nodeId=401 | cycle=1 | pos=(160.000,360.000,20.000)

[EVENT] 2145.500 | event=SuspiciousConfidenceSnapshot | 76(0.874) 77(0.874) 78(0.874) 79(0.874) 94(0.874) 95(0.874) 96(0.874) 97(0.874) 98(0.874) 99(0.874) 114(0.874) 115(0.874) 116(0.874) 117(0.874) 118(0.874) 119(0.874) 134(0.874) 135(0.874) 136(0.874) 137(0.874) 138(0.874) 139(0.874) 154(0.874) 155(0.874) 156(0.874) 157(0.874) 158(0.874) 159(0.874) 174(0.874) 175(0.874) 176(0.874) 177(0.874) 178(0.874) 179(0.874) 193(0.874) 194(0.874) 195(0.900) 196(0.900) 197(0.900) 198(0.874) 199(0.874) 211(0.874) 212(0.874) 213(0.874) 214(0.874) 215(0.900) 216(0.900) 217(0.900) 218(0.900) 219(0.874) 231(0.874) 232(0.874) 233(0.874) 234(0.874) 235(0.900) 236(0.900) 237(0.900) 238(0.900) 239(0.900) 251(0.874) 252(0.874) 253(0.874) 254(0.874) 255(0.900) 256(0.900) 257(0.900) 258(0.900) 259(0.900) 271(0.874) 272(0.874) 273(0.874) 274(0.874) 275(0.874) 276(0.900) 277(0.900) 278(0.900) 279(0.900) 291(0.874) 292(0.874) 293(0.874) 294(0.874) 295(0.874) 296(0.874) 297(0.874) 298(0.900) 299(0.874) 309(0.499) 310(0.499) 311(0.499) 312(0.499) 313(0.874) 314(0.874) 315(0.874) 316(0.800) 317(0.800) 318(0.800) 319(0.800) 327(0.499) 328(0.499) 329(0.499) 330(0.499) 331(0.499) 332(0.499) 333(0.499) 334(0.800) 335(0.800) 336(0.800) 337(0.800) 338(0.800) 339(0.800) 347(0.499) 348(0.499) 349(0.499) 350(0.499) 351(0.499) 352(0.499) 353(0.499) 354(0.800) 355(0.800) 356(0.800) 357(0.800) 358(0.800) 359(0.800) 367(0.499) 368(0.499) 369(0.499) 370(0.499) 371(0.499) 372(0.499) 373(0.499) 374(0.800) 375(0.800) 376(0.800) 377(0.800) 378(0.800) 379(0.800) 387(0.499) 388(0.499) 389(0.499) 390(0.499) 391(0.499) 392(0.499) 393(0.499) 394(0.800) 395(0.800) 396(0.800) 397(0.800) 398(0.800) 399(0.800) 

[EVENT] 2150.054 | event=UAVWaypointArrival | nodeId=402 | cycle=55 | pos=(270.000,340.000,20.000)

[EVENT] 2153.096 | event=UAVWaypointArrival | nodeId=402 | cycle=55 | pos=(260.000,280.000,20.000)

[EVENT] 2155.500 | event=SuspiciousConfidenceSnapshot | 76(0.874) 77(0.874) 78(0.874) 79(0.874) 94(0.874) 95(0.874) 96(0.874) 97(0.874) 98(0.874) 99(0.874) 114(0.874) 115(0.874) 116(0.874) 117(0.874) 118(0.874) 119(0.874) 134(0.874) 135(0.874) 136(0.874) 137(0.874) 138(0.874) 139(0.874) 154(0.874) 155(0.874) 156(0.874) 157(0.874) 158(0.874) 159(0.874) 174(0.874) 175(0.874) 176(0.874) 177(0.874) 178(0.874) 179(0.874) 193(0.874) 194(0.874) 195(0.900) 196(0.900) 197(0.900) 198(0.874) 199(0.874) 211(0.874) 212(0.874) 213(0.874) 214(0.874) 215(0.900) 216(0.900) 217(0.900) 218(0.900) 219(0.874) 231(0.874) 232(0.874) 233(0.874) 234(0.874) 235(0.900) 236(0.900) 237(0.900) 238(0.900) 239(0.900) 251(0.874) 252(0.874) 253(0.874) 254(0.874) 255(0.900) 256(0.900) 257(0.900) 258(0.900) 259(0.900) 271(0.874) 272(0.874) 273(0.874) 274(0.874) 275(0.874) 276(0.900) 277(0.900) 278(0.900) 279(0.900) 291(0.874) 292(0.874) 293(0.874) 294(0.874) 295(0.874) 296(0.874) 297(0.874) 298(0.900) 299(0.874) 309(0.499) 310(0.499) 311(0.499) 312(0.499) 313(0.874) 314(0.874) 315(0.874) 316(0.800) 317(0.800) 318(0.800) 319(0.800) 327(0.499) 328(0.499) 329(0.499) 330(0.499) 331(0.499) 332(0.499) 333(0.499) 334(0.800) 335(0.800) 336(0.800) 337(0.800) 338(0.800) 339(0.800) 347(0.499) 348(0.499) 349(0.499) 350(0.499) 351(0.499) 352(0.499) 353(0.499) 354(0.800) 355(0.800) 356(0.800) 357(0.800) 358(0.800) 359(0.800) 367(0.499) 368(0.499) 369(0.499) 370(0.499) 371(0.499) 372(0.499) 373(0.499) 374(0.800) 375(0.800) 376(0.800) 377(0.800) 378(0.800) 379(0.800) 387(0.499) 388(0.499) 389(0.499) 390(0.499) 391(0.499) 392(0.499) 393(0.499) 394(0.800) 395(0.800) 396(0.800) 397(0.800) 398(0.800) 399(0.800) 

[EVENT] 2157.342 | event=UAVWaypointArrival | nodeId=401 | cycle=1 | pos=(140.000,360.000,20.000)

[EVENT] 2159.499 | event=UAVWaypointArrival | nodeId=402 | cycle=55 | pos=(340.000,180.000,20.000)

[EVENT] 2160.499 | event=UAVWaypointArrival | nodeId=402 | cycle=55 | pos=(360.000,180.000,20.000)

[EVENT] 2165.500 | event=SuspiciousConfidenceSnapshot | 76(0.874) 77(0.874) 78(0.874) 79(0.874) 94(0.874) 95(0.874) 96(0.874) 97(0.874) 98(0.874) 99(0.874) 114(0.874) 115(0.874) 116(0.874) 117(0.874) 118(0.874) 119(0.874) 134(0.874) 135(0.874) 136(0.874) 137(0.874) 138(0.874) 139(0.874) 154(0.874) 155(0.874) 156(0.874) 157(0.874) 158(0.874) 159(0.874) 174(0.874) 175(0.874) 176(0.874) 177(0.874) 178(0.874) 179(0.874) 193(0.874) 194(0.874) 195(0.900) 196(0.900) 197(0.900) 198(0.874) 199(0.874) 211(0.874) 212(0.874) 213(0.874) 214(0.874) 215(0.900) 216(0.900) 217(0.900) 218(0.900) 219(0.874) 231(0.874) 232(0.874) 233(0.874) 234(0.874) 235(0.900) 236(0.900) 237(0.900) 238(0.900) 239(0.900) 251(0.874) 252(0.874) 253(0.874) 254(0.874) 255(0.900) 256(0.900) 257(0.900) 258(0.900) 259(0.900) 271(0.874) 272(0.874) 273(0.874) 274(0.874) 275(0.874) 276(0.900) 277(0.900) 278(0.900) 279(0.900) 291(0.874) 292(0.874) 293(0.874) 294(0.874) 295(0.874) 296(0.874) 297(0.874) 298(0.900) 299(0.874) 309(0.499) 310(0.499) 311(0.499) 312(0.499) 313(0.874) 314(0.874) 315(0.874) 316(0.800) 317(0.800) 318(0.800) 319(0.800) 327(0.499) 328(0.499) 329(0.499) 330(0.499) 331(0.499) 332(0.499) 333(0.499) 334(0.800) 335(0.800) 336(0.800) 337(0.800) 338(0.800) 339(0.800) 347(0.499) 348(0.499) 349(0.499) 350(0.499) 351(0.499) 352(0.499) 353(0.499) 354(0.800) 355(0.800) 356(0.800) 357(0.800) 358(0.800) 359(0.800) 367(0.499) 368(0.499) 369(0.499) 370(0.499) 371(0.499) 372(0.499) 373(0.499) 374(0.800) 375(0.800) 376(0.800) 377(0.800) 378(0.800) 379(0.800) 387(0.499) 388(0.499) 389(0.499) 390(0.499) 391(0.499) 392(0.499) 393(0.499) 394(0.800) 395(0.800) 396(0.800) 397(0.800) 398(0.800) 399(0.800) 

[EVENT] 2174.956 | event=UAVWaypointArrival | nodeId=401 | cycle=1 | pos=(140.000,380.000,20.000)

[EVENT] 2175.500 | event=SuspiciousConfidenceSnapshot | 76(0.874) 77(0.874) 78(0.874) 79(0.874) 94(0.874) 95(0.874) 96(0.874) 97(0.874) 98(0.874) 99(0.874) 114(0.874) 115(0.874) 116(0.874) 117(0.874) 118(0.874) 119(0.874) 134(0.874) 135(0.874) 136(0.874) 137(0.874) 138(0.874) 139(0.874) 154(0.874) 155(0.874) 156(0.874) 157(0.874) 158(0.874) 159(0.874) 174(0.874) 175(0.874) 176(0.874) 177(0.874) 178(0.874) 179(0.874) 193(0.874) 194(0.874) 195(0.900) 196(0.900) 197(0.900) 198(0.874) 199(0.874) 211(0.874) 212(0.874) 213(0.874) 214(0.874) 215(0.900) 216(0.900) 217(0.900) 218(0.900) 219(0.874) 231(0.874) 232(0.874) 233(0.874) 234(0.874) 235(0.900) 236(0.900) 237(0.900) 238(0.900) 239(0.900) 251(0.874) 252(0.874) 253(0.874) 254(0.874) 255(0.900) 256(0.900) 257(0.900) 258(0.900) 259(0.900) 271(0.874) 272(0.874) 273(0.874) 274(0.874) 275(0.874) 276(0.900) 277(0.900) 278(0.900) 279(0.900) 291(0.874) 292(0.874) 293(0.874) 294(0.874) 295(0.874) 296(0.874) 297(0.874) 298(0.900) 299(0.874) 309(0.499) 310(0.499) 311(0.499) 312(0.499) 313(0.874) 314(0.874) 315(0.874) 316(0.800) 317(0.800) 318(0.800) 319(0.800) 327(0.499) 328(0.499) 329(0.499) 330(0.499) 331(0.499) 332(0.499) 333(0.499) 334(0.800) 335(0.800) 336(0.800) 337(0.800) 338(0.800) 339(0.800) 347(0.499) 348(0.499) 349(0.499) 350(0.499) 351(0.499) 352(0.499) 353(0.499) 354(0.800) 355(0.800) 356(0.800) 357(0.800) 358(0.800) 359(0.800) 367(0.499) 368(0.499) 369(0.499) 370(0.499) 371(0.499) 372(0.499) 373(0.499) 374(0.800) 375(0.800) 376(0.800) 377(0.800) 378(0.800) 379(0.800) 387(0.499) 388(0.499) 389(0.499) 390(0.499) 391(0.499) 392(0.499) 393(0.499) 394(0.800) 395(0.800) 396(0.800) 397(0.800) 398(0.800) 399(0.800) 

[EVENT] 2185.500 | event=SuspiciousConfidenceSnapshot | 76(0.874) 77(0.874) 78(0.874) 79(0.874) 94(0.874) 95(0.874) 96(0.874) 97(0.874) 98(0.874) 99(0.874) 114(0.874) 115(0.874) 116(0.874) 117(0.874) 118(0.874) 119(0.874) 134(0.874) 135(0.874) 136(0.874) 137(0.874) 138(0.874) 139(0.874) 154(0.874) 155(0.874) 156(0.874) 157(0.874) 158(0.874) 159(0.874) 174(0.874) 175(0.874) 176(0.874) 177(0.874) 178(0.874) 179(0.874) 193(0.874) 194(0.874) 195(0.900) 196(0.900) 197(0.900) 198(0.874) 199(0.874) 211(0.874) 212(0.874) 213(0.874) 214(0.874) 215(0.900) 216(0.900) 217(0.900) 218(0.900) 219(0.874) 231(0.874) 232(0.874) 233(0.874) 234(0.874) 235(0.900) 236(0.900) 237(0.900) 238(0.900) 239(0.900) 251(0.874) 252(0.874) 253(0.874) 254(0.874) 255(0.900) 256(0.900) 257(0.900) 258(0.900) 259(0.900) 271(0.874) 272(0.874) 273(0.874) 274(0.874) 275(0.874) 276(0.900) 277(0.900) 278(0.900) 279(0.900) 291(0.874) 292(0.874) 293(0.874) 294(0.874) 295(0.874) 296(0.874) 297(0.874) 298(0.900) 299(0.874) 309(0.499) 310(0.499) 311(0.499) 312(0.499) 313(0.874) 314(0.874) 315(0.874) 316(0.800) 317(0.800) 318(0.800) 319(0.800) 327(0.499) 328(0.499) 329(0.499) 330(0.499) 331(0.499) 332(0.499) 333(0.499) 334(0.800) 335(0.800) 336(0.800) 337(0.800) 338(0.800) 339(0.800) 347(0.499) 348(0.499) 349(0.499) 350(0.499) 351(0.499) 352(0.499) 353(0.499) 354(0.800) 355(0.800) 356(0.800) 357(0.800) 358(0.800) 359(0.800) 367(0.499) 368(0.499) 369(0.499) 370(0.499) 371(0.499) 372(0.499) 373(0.499) 374(0.800) 375(0.800) 376(0.800) 377(0.800) 378(0.800) 379(0.800) 387(0.499) 388(0.499) 389(0.499) 390(0.499) 391(0.499) 392(0.499) 393(0.499) 394(0.800) 395(0.800) 396(0.800) 397(0.800) 398(0.800) 399(0.800) 

[EVENT] 2189.243 | event=UAVWaypointArrival | nodeId=402 | cycle=56 | pos=(270.000,340.000,20.000)

[EVENT] 2192.285 | event=UAVWaypointArrival | nodeId=402 | cycle=56 | pos=(260.000,280.000,20.000)

[EVENT] 2192.569 | event=UAVWaypointArrival | nodeId=401 | cycle=1 | pos=(160.000,380.000,20.000)

[EVENT] 2195.500 | event=SuspiciousConfidenceSnapshot | 76(0.874) 77(0.874) 78(0.874) 79(0.874) 94(0.874) 95(0.874) 96(0.874) 97(0.874) 98(0.874) 99(0.874) 114(0.874) 115(0.874) 116(0.874) 117(0.874) 118(0.874) 119(0.874) 134(0.874) 135(0.874) 136(0.874) 137(0.874) 138(0.874) 139(0.874) 154(0.874) 155(0.874) 156(0.874) 157(0.874) 158(0.874) 159(0.874) 174(0.874) 175(0.874) 176(0.874) 177(0.874) 178(0.874) 179(0.874) 193(0.874) 194(0.874) 195(0.900) 196(0.900) 197(0.900) 198(0.874) 199(0.874) 211(0.874) 212(0.874) 213(0.874) 214(0.874) 215(0.900) 216(0.900) 217(0.900) 218(0.900) 219(0.874) 231(0.874) 232(0.874) 233(0.874) 234(0.874) 235(0.900) 236(0.900) 237(0.900) 238(0.900) 239(0.900) 251(0.874) 252(0.874) 253(0.874) 254(0.874) 255(0.900) 256(0.900) 257(0.900) 258(0.900) 259(0.900) 271(0.874) 272(0.874) 273(0.874) 274(0.874) 275(0.874) 276(0.900) 277(0.900) 278(0.900) 279(0.900) 291(0.874) 292(0.874) 293(0.874) 294(0.874) 295(0.874) 296(0.874) 297(0.874) 298(0.900) 299(0.874) 309(0.499) 310(0.499) 311(0.499) 312(0.499) 313(0.874) 314(0.874) 315(0.874) 316(0.800) 317(0.800) 318(0.800) 319(0.800) 327(0.499) 328(0.499) 329(0.499) 330(0.499) 331(0.499) 332(0.499) 333(0.499) 334(0.800) 335(0.800) 336(0.800) 337(0.800) 338(0.800) 339(0.800) 347(0.499) 348(0.499) 349(0.499) 350(0.499) 351(0.499) 352(0.499) 353(0.499) 354(0.800) 355(0.800) 356(0.800) 357(0.800) 358(0.800) 359(0.800) 367(0.499) 368(0.499) 369(0.499) 370(0.499) 371(0.499) 372(0.499) 373(0.499) 374(0.800) 375(0.800) 376(0.800) 377(0.800) 378(0.800) 379(0.800) 387(0.499) 388(0.499) 389(0.499) 390(0.499) 391(0.499) 392(0.499) 393(0.499) 394(0.800) 395(0.800) 396(0.800) 397(0.800) 398(0.800) 399(0.800) 

[EVENT] 2198.688 | event=UAVWaypointArrival | nodeId=402 | cycle=56 | pos=(340.000,180.000,20.000)

[EVENT] 2199.688 | event=UAVWaypointArrival | nodeId=402 | cycle=56 | pos=(360.000,180.000,20.000)

[EVENT] 2205.500 | event=SuspiciousConfidenceSnapshot | 76(0.874) 77(0.874) 78(0.874) 79(0.874) 94(0.874) 95(0.874) 96(0.874) 97(0.874) 98(0.874) 99(0.874) 114(0.874) 115(0.874) 116(0.874) 117(0.874) 118(0.874) 119(0.874) 134(0.874) 135(0.874) 136(0.874) 137(0.874) 138(0.874) 139(0.874) 154(0.874) 155(0.874) 156(0.874) 157(0.874) 158(0.874) 159(0.874) 174(0.874) 175(0.874) 176(0.874) 177(0.874) 178(0.874) 179(0.874) 193(0.874) 194(0.874) 195(0.900) 196(0.900) 197(0.900) 198(0.874) 199(0.874) 211(0.874) 212(0.874) 213(0.874) 214(0.874) 215(0.900) 216(0.900) 217(0.900) 218(0.900) 219(0.874) 231(0.874) 232(0.874) 233(0.874) 234(0.874) 235(0.900) 236(0.900) 237(0.900) 238(0.900) 239(0.900) 251(0.874) 252(0.874) 253(0.874) 254(0.874) 255(0.900) 256(0.900) 257(0.900) 258(0.900) 259(0.900) 271(0.874) 272(0.874) 273(0.874) 274(0.874) 275(0.874) 276(0.900) 277(0.900) 278(0.900) 279(0.900) 291(0.874) 292(0.874) 293(0.874) 294(0.874) 295(0.874) 296(0.874) 297(0.874) 298(0.900) 299(0.874) 309(0.499) 310(0.499) 311(0.499) 312(0.499) 313(0.874) 314(0.874) 315(0.874) 316(0.800) 317(0.800) 318(0.800) 319(0.800) 327(0.499) 328(0.499) 329(0.499) 330(0.499) 331(0.499) 332(0.499) 333(0.499) 334(0.800) 335(0.800) 336(0.800) 337(0.800) 338(0.800) 339(0.800) 347(0.499) 348(0.499) 349(0.499) 350(0.499) 351(0.499) 352(0.499) 353(0.499) 354(0.800) 355(0.800) 356(0.800) 357(0.800) 358(0.800) 359(0.800) 367(0.499) 368(0.499) 369(0.499) 370(0.499) 371(0.499) 372(0.499) 373(0.499) 374(0.800) 375(0.800) 376(0.800) 377(0.800) 378(0.800) 379(0.800) 387(0.499) 388(0.499) 389(0.499) 390(0.499) 391(0.499) 392(0.499) 393(0.499) 394(0.800) 395(0.800) 396(0.800) 397(0.800) 398(0.800) 399(0.800) 

[EVENT] 2210.182 | event=UAVWaypointArrival | nodeId=401 | cycle=1 | pos=(180.000,380.000,20.000)

[EVENT] 2215.500 | event=SuspiciousConfidenceSnapshot | 76(0.874) 77(0.874) 78(0.874) 79(0.874) 94(0.874) 95(0.874) 96(0.874) 97(0.874) 98(0.874) 99(0.874) 114(0.874) 115(0.874) 116(0.874) 117(0.874) 118(0.874) 119(0.874) 134(0.874) 135(0.874) 136(0.874) 137(0.874) 138(0.874) 139(0.874) 154(0.874) 155(0.874) 156(0.874) 157(0.874) 158(0.874) 159(0.874) 174(0.874) 175(0.874) 176(0.874) 177(0.874) 178(0.874) 179(0.874) 193(0.874) 194(0.874) 195(0.900) 196(0.900) 197(0.900) 198(0.874) 199(0.874) 211(0.874) 212(0.874) 213(0.874) 214(0.874) 215(0.900) 216(0.900) 217(0.900) 218(0.900) 219(0.874) 231(0.874) 232(0.874) 233(0.874) 234(0.874) 235(0.900) 236(0.900) 237(0.900) 238(0.900) 239(0.900) 251(0.874) 252(0.874) 253(0.874) 254(0.874) 255(0.900) 256(0.900) 257(0.900) 258(0.900) 259(0.900) 271(0.874) 272(0.874) 273(0.874) 274(0.874) 275(0.874) 276(0.900) 277(0.900) 278(0.900) 279(0.900) 291(0.874) 292(0.874) 293(0.874) 294(0.874) 295(0.874) 296(0.874) 297(0.874) 298(0.900) 299(0.874) 309(0.499) 310(0.499) 311(0.499) 312(0.499) 313(0.874) 314(0.874) 315(0.874) 316(0.800) 317(0.800) 318(0.800) 319(0.800) 327(0.499) 328(0.499) 329(0.499) 330(0.499) 331(0.499) 332(0.499) 333(0.499) 334(0.800) 335(0.800) 336(0.800) 337(0.800) 338(0.800) 339(0.800) 347(0.499) 348(0.499) 349(0.499) 350(0.499) 351(0.499) 352(0.499) 353(0.499) 354(0.800) 355(0.800) 356(0.800) 357(0.800) 358(0.800) 359(0.800) 367(0.499) 368(0.499) 369(0.499) 370(0.499) 371(0.499) 372(0.499) 373(0.499) 374(0.800) 375(0.800) 376(0.800) 377(0.800) 378(0.800) 379(0.800) 387(0.499) 388(0.499) 389(0.499) 390(0.499) 391(0.499) 392(0.499) 393(0.499) 394(0.800) 395(0.800) 396(0.800) 397(0.800) 398(0.800) 399(0.800) 

[EVENT] 2225.500 | event=SuspiciousConfidenceSnapshot | 76(0.874) 77(0.874) 78(0.874) 79(0.874) 94(0.874) 95(0.874) 96(0.874) 97(0.874) 98(0.874) 99(0.874) 114(0.874) 115(0.874) 116(0.874) 117(0.874) 118(0.874) 119(0.874) 134(0.874) 135(0.874) 136(0.874) 137(0.874) 138(0.874) 139(0.874) 154(0.874) 155(0.874) 156(0.874) 157(0.874) 158(0.874) 159(0.874) 174(0.874) 175(0.874) 176(0.874) 177(0.874) 178(0.874) 179(0.874) 193(0.874) 194(0.874) 195(0.900) 196(0.900) 197(0.900) 198(0.874) 199(0.874) 211(0.874) 212(0.874) 213(0.874) 214(0.874) 215(0.900) 216(0.900) 217(0.900) 218(0.900) 219(0.874) 231(0.874) 232(0.874) 233(0.874) 234(0.874) 235(0.900) 236(0.900) 237(0.900) 238(0.900) 239(0.900) 251(0.874) 252(0.874) 253(0.874) 254(0.874) 255(0.900) 256(0.900) 257(0.900) 258(0.900) 259(0.900) 271(0.874) 272(0.874) 273(0.874) 274(0.874) 275(0.874) 276(0.900) 277(0.900) 278(0.900) 279(0.900) 291(0.874) 292(0.874) 293(0.874) 294(0.874) 295(0.874) 296(0.874) 297(0.874) 298(0.900) 299(0.874) 309(0.499) 310(0.499) 311(0.499) 312(0.499) 313(0.874) 314(0.874) 315(0.874) 316(0.800) 317(0.800) 318(0.800) 319(0.800) 327(0.499) 328(0.499) 329(0.499) 330(0.499) 331(0.499) 332(0.499) 333(0.499) 334(0.800) 335(0.800) 336(0.800) 337(0.800) 338(0.800) 339(0.800) 347(0.499) 348(0.499) 349(0.499) 350(0.499) 351(0.499) 352(0.499) 353(0.499) 354(0.800) 355(0.800) 356(0.800) 357(0.800) 358(0.800) 359(0.800) 367(0.499) 368(0.499) 369(0.499) 370(0.499) 371(0.499) 372(0.499) 373(0.499) 374(0.800) 375(0.800) 376(0.800) 377(0.800) 378(0.800) 379(0.800) 387(0.499) 388(0.499) 389(0.499) 390(0.499) 391(0.499) 392(0.499) 393(0.499) 394(0.800) 395(0.800) 396(0.800) 397(0.800) 398(0.800) 399(0.800) 

[EVENT] 2227.796 | event=UAVWaypointArrival | nodeId=401 | cycle=1 | pos=(200.000,380.000,20.000)

[EVENT] 2228.432 | event=UAVWaypointArrival | nodeId=402 | cycle=57 | pos=(270.000,340.000,20.000)

[EVENT] 2231.474 | event=UAVWaypointArrival | nodeId=402 | cycle=57 | pos=(260.000,280.000,20.000)

[EVENT] 2235.500 | event=SuspiciousConfidenceSnapshot | 76(0.874) 77(0.874) 78(0.874) 79(0.874) 94(0.874) 95(0.874) 96(0.874) 97(0.874) 98(0.874) 99(0.874) 114(0.874) 115(0.874) 116(0.874) 117(0.874) 118(0.874) 119(0.874) 134(0.874) 135(0.874) 136(0.874) 137(0.874) 138(0.874) 139(0.874) 154(0.874) 155(0.874) 156(0.874) 157(0.874) 158(0.874) 159(0.874) 174(0.874) 175(0.874) 176(0.874) 177(0.874) 178(0.874) 179(0.874) 193(0.874) 194(0.874) 195(0.900) 196(0.900) 197(0.900) 198(0.874) 199(0.874) 211(0.874) 212(0.874) 213(0.874) 214(0.874) 215(0.900) 216(0.900) 217(0.900) 218(0.900) 219(0.874) 231(0.874) 232(0.874) 233(0.874) 234(0.874) 235(0.900) 236(0.900) 237(0.900) 238(0.900) 239(0.900) 251(0.874) 252(0.874) 253(0.874) 254(0.874) 255(0.900) 256(0.900) 257(0.900) 258(0.900) 259(0.900) 271(0.874) 272(0.874) 273(0.874) 274(0.874) 275(0.874) 276(0.900) 277(0.900) 278(0.900) 279(0.900) 291(0.874) 292(0.874) 293(0.874) 294(0.874) 295(0.874) 296(0.874) 297(0.874) 298(0.900) 299(0.874) 309(0.499) 310(0.499) 311(0.499) 312(0.499) 313(0.874) 314(0.874) 315(0.874) 316(0.800) 317(0.800) 318(0.800) 319(0.800) 327(0.499) 328(0.499) 329(0.499) 330(0.499) 331(0.499) 332(0.499) 333(0.499) 334(0.800) 335(0.800) 336(0.800) 337(0.800) 338(0.800) 339(0.800) 347(0.499) 348(0.499) 349(0.499) 350(0.499) 351(0.499) 352(0.499) 353(0.499) 354(0.800) 355(0.800) 356(0.800) 357(0.800) 358(0.800) 359(0.800) 367(0.499) 368(0.499) 369(0.499) 370(0.499) 371(0.499) 372(0.499) 373(0.499) 374(0.800) 375(0.800) 376(0.800) 377(0.800) 378(0.800) 379(0.800) 387(0.499) 388(0.499) 389(0.499) 390(0.499) 391(0.499) 392(0.499) 393(0.499) 394(0.800) 395(0.800) 396(0.800) 397(0.800) 398(0.800) 399(0.800) 

[EVENT] 2237.877 | event=UAVWaypointArrival | nodeId=402 | cycle=57 | pos=(340.000,180.000,20.000)

[EVENT] 2238.877 | event=UAVWaypointArrival | nodeId=402 | cycle=57 | pos=(360.000,180.000,20.000)

[EVENT] 2245.409 | event=UAVWaypointArrival | nodeId=401 | cycle=1 | pos=(220.000,380.000,20.000)

[EVENT] 2245.500 | event=SuspiciousConfidenceSnapshot | 76(0.874) 77(0.874) 78(0.874) 79(0.874) 94(0.874) 95(0.874) 96(0.874) 97(0.874) 98(0.874) 99(0.874) 114(0.874) 115(0.874) 116(0.874) 117(0.874) 118(0.874) 119(0.874) 134(0.874) 135(0.874) 136(0.874) 137(0.874) 138(0.874) 139(0.874) 154(0.874) 155(0.874) 156(0.874) 157(0.874) 158(0.874) 159(0.874) 174(0.874) 175(0.874) 176(0.874) 177(0.874) 178(0.874) 179(0.874) 193(0.874) 194(0.874) 195(0.900) 196(0.900) 197(0.900) 198(0.874) 199(0.874) 211(0.874) 212(0.874) 213(0.874) 214(0.874) 215(0.900) 216(0.900) 217(0.900) 218(0.900) 219(0.874) 231(0.874) 232(0.874) 233(0.874) 234(0.874) 235(0.900) 236(0.900) 237(0.900) 238(0.900) 239(0.900) 251(0.874) 252(0.874) 253(0.874) 254(0.874) 255(0.900) 256(0.900) 257(0.900) 258(0.900) 259(0.900) 271(0.874) 272(0.874) 273(0.874) 274(0.874) 275(0.874) 276(0.900) 277(0.900) 278(0.900) 279(0.900) 291(0.874) 292(0.874) 293(0.874) 294(0.874) 295(0.874) 296(0.874) 297(0.874) 298(0.900) 299(0.874) 309(0.499) 310(0.499) 311(0.499) 312(0.499) 313(0.874) 314(0.874) 315(0.874) 316(0.800) 317(0.800) 318(0.800) 319(0.800) 327(0.499) 328(0.499) 329(0.499) 330(0.499) 331(0.499) 332(0.499) 333(0.499) 334(0.800) 335(0.800) 336(0.800) 337(0.800) 338(0.800) 339(0.800) 347(0.499) 348(0.499) 349(0.499) 350(0.499) 351(0.499) 352(0.499) 353(0.499) 354(0.800) 355(0.800) 356(0.800) 357(0.800) 358(0.800) 359(0.800) 367(0.499) 368(0.499) 369(0.499) 370(0.499) 371(0.499) 372(0.499) 373(0.499) 374(0.800) 375(0.800) 376(0.800) 377(0.800) 378(0.800) 379(0.800) 387(0.499) 388(0.499) 389(0.499) 390(0.499) 391(0.499) 392(0.499) 393(0.499) 394(0.800) 395(0.800) 396(0.800) 397(0.800) 398(0.800) 399(0.800) 

[EVENT] 2255.500 | event=SuspiciousConfidenceSnapshot | 76(0.874) 77(0.874) 78(0.874) 79(0.874) 94(0.874) 95(0.874) 96(0.874) 97(0.874) 98(0.874) 99(0.874) 114(0.874) 115(0.874) 116(0.874) 117(0.874) 118(0.874) 119(0.874) 134(0.874) 135(0.874) 136(0.874) 137(0.874) 138(0.874) 139(0.874) 154(0.874) 155(0.874) 156(0.874) 157(0.874) 158(0.874) 159(0.874) 174(0.874) 175(0.874) 176(0.874) 177(0.874) 178(0.874) 179(0.874) 193(0.874) 194(0.874) 195(0.900) 196(0.900) 197(0.900) 198(0.874) 199(0.874) 211(0.874) 212(0.874) 213(0.874) 214(0.874) 215(0.900) 216(0.900) 217(0.900) 218(0.900) 219(0.874) 231(0.874) 232(0.874) 233(0.874) 234(0.874) 235(0.900) 236(0.900) 237(0.900) 238(0.900) 239(0.900) 251(0.874) 252(0.874) 253(0.874) 254(0.874) 255(0.900) 256(0.900) 257(0.900) 258(0.900) 259(0.900) 271(0.874) 272(0.874) 273(0.874) 274(0.874) 275(0.874) 276(0.900) 277(0.900) 278(0.900) 279(0.900) 291(0.874) 292(0.874) 293(0.874) 294(0.874) 295(0.874) 296(0.874) 297(0.874) 298(0.900) 299(0.874) 309(0.499) 310(0.499) 311(0.499) 312(0.499) 313(0.874) 314(0.874) 315(0.874) 316(0.800) 317(0.800) 318(0.800) 319(0.800) 327(0.499) 328(0.499) 329(0.499) 330(0.499) 331(0.499) 332(0.499) 333(0.499) 334(0.800) 335(0.800) 336(0.800) 337(0.800) 338(0.800) 339(0.800) 347(0.499) 348(0.499) 349(0.499) 350(0.499) 351(0.499) 352(0.499) 353(0.499) 354(0.800) 355(0.800) 356(0.800) 357(0.800) 358(0.800) 359(0.800) 367(0.499) 368(0.499) 369(0.499) 370(0.499) 371(0.499) 372(0.499) 373(0.499) 374(0.800) 375(0.800) 376(0.800) 377(0.800) 378(0.800) 379(0.800) 387(0.499) 388(0.499) 389(0.499) 390(0.499) 391(0.499) 392(0.499) 393(0.499) 394(0.800) 395(0.800) 396(0.800) 397(0.800) 398(0.800) 399(0.800) 

[EVENT] 2263.023 | event=UAVWaypointArrival | nodeId=401 | cycle=1 | pos=(240.000,380.000,20.000)

[EVENT] 2265.500 | event=SuspiciousConfidenceSnapshot | 76(0.874) 77(0.874) 78(0.874) 79(0.874) 94(0.874) 95(0.874) 96(0.874) 97(0.874) 98(0.874) 99(0.874) 114(0.874) 115(0.874) 116(0.874) 117(0.874) 118(0.874) 119(0.874) 134(0.874) 135(0.874) 136(0.874) 137(0.874) 138(0.874) 139(0.874) 154(0.874) 155(0.874) 156(0.874) 157(0.874) 158(0.874) 159(0.874) 174(0.874) 175(0.874) 176(0.874) 177(0.874) 178(0.874) 179(0.874) 193(0.874) 194(0.874) 195(0.900) 196(0.900) 197(0.900) 198(0.874) 199(0.874) 211(0.874) 212(0.874) 213(0.874) 214(0.874) 215(0.900) 216(0.900) 217(0.900) 218(0.900) 219(0.874) 231(0.874) 232(0.874) 233(0.874) 234(0.874) 235(0.900) 236(0.900) 237(0.900) 238(0.900) 239(0.900) 251(0.874) 252(0.874) 253(0.874) 254(0.874) 255(0.900) 256(0.900) 257(0.900) 258(0.900) 259(0.900) 271(0.874) 272(0.874) 273(0.874) 274(0.874) 275(0.874) 276(0.900) 277(0.900) 278(0.900) 279(0.900) 291(0.874) 292(0.874) 293(0.874) 294(0.874) 295(0.874) 296(0.874) 297(0.874) 298(0.900) 299(0.874) 309(0.499) 310(0.499) 311(0.499) 312(0.499) 313(0.874) 314(0.874) 315(0.874) 316(0.800) 317(0.800) 318(0.800) 319(0.800) 327(0.499) 328(0.499) 329(0.499) 330(0.499) 331(0.499) 332(0.499) 333(0.499) 334(0.800) 335(0.800) 336(0.800) 337(0.800) 338(0.800) 339(0.800) 347(0.499) 348(0.499) 349(0.499) 350(0.499) 351(0.499) 352(0.499) 353(0.499) 354(0.800) 355(0.800) 356(0.800) 357(0.800) 358(0.800) 359(0.800) 367(0.499) 368(0.499) 369(0.499) 370(0.499) 371(0.499) 372(0.499) 373(0.499) 374(0.800) 375(0.800) 376(0.800) 377(0.800) 378(0.800) 379(0.800) 387(0.499) 388(0.499) 389(0.499) 390(0.499) 391(0.499) 392(0.499) 393(0.499) 394(0.800) 395(0.800) 396(0.800) 397(0.800) 398(0.800) 399(0.800) 

[EVENT] 2267.622 | event=UAVWaypointArrival | nodeId=402 | cycle=58 | pos=(270.000,340.000,20.000)

[EVENT] 2270.663 | event=UAVWaypointArrival | nodeId=402 | cycle=58 | pos=(260.000,280.000,20.000)

[EVENT] 2275.500 | event=SuspiciousConfidenceSnapshot | 76(0.874) 77(0.874) 78(0.874) 79(0.874) 94(0.874) 95(0.874) 96(0.874) 97(0.874) 98(0.874) 99(0.874) 114(0.874) 115(0.874) 116(0.874) 117(0.874) 118(0.874) 119(0.874) 134(0.874) 135(0.874) 136(0.874) 137(0.874) 138(0.874) 139(0.874) 154(0.874) 155(0.874) 156(0.874) 157(0.874) 158(0.874) 159(0.874) 174(0.874) 175(0.874) 176(0.874) 177(0.874) 178(0.874) 179(0.874) 193(0.874) 194(0.874) 195(0.900) 196(0.900) 197(0.900) 198(0.874) 199(0.874) 211(0.874) 212(0.874) 213(0.874) 214(0.874) 215(0.900) 216(0.900) 217(0.900) 218(0.900) 219(0.874) 231(0.874) 232(0.874) 233(0.874) 234(0.874) 235(0.900) 236(0.900) 237(0.900) 238(0.900) 239(0.900) 251(0.874) 252(0.874) 253(0.874) 254(0.874) 255(0.900) 256(0.900) 257(0.900) 258(0.900) 259(0.900) 271(0.874) 272(0.874) 273(0.874) 274(0.874) 275(0.874) 276(0.900) 277(0.900) 278(0.900) 279(0.900) 291(0.874) 292(0.874) 293(0.874) 294(0.874) 295(0.874) 296(0.874) 297(0.874) 298(0.900) 299(0.874) 309(0.499) 310(0.499) 311(0.499) 312(0.499) 313(0.874) 314(0.874) 315(0.874) 316(0.800) 317(0.800) 318(0.800) 319(0.800) 327(0.499) 328(0.499) 329(0.499) 330(0.499) 331(0.499) 332(0.499) 333(0.499) 334(0.800) 335(0.800) 336(0.800) 337(0.800) 338(0.800) 339(0.800) 347(0.499) 348(0.499) 349(0.499) 350(0.499) 351(0.499) 352(0.499) 353(0.499) 354(0.800) 355(0.800) 356(0.800) 357(0.800) 358(0.800) 359(0.800) 367(0.499) 368(0.499) 369(0.499) 370(0.499) 371(0.499) 372(0.499) 373(0.499) 374(0.800) 375(0.800) 376(0.800) 377(0.800) 378(0.800) 379(0.800) 387(0.499) 388(0.499) 389(0.499) 390(0.499) 391(0.499) 392(0.499) 393(0.499) 394(0.800) 395(0.800) 396(0.800) 397(0.800) 398(0.800) 399(0.800) 

[EVENT] 2277.066 | event=UAVWaypointArrival | nodeId=402 | cycle=58 | pos=(340.000,180.000,20.000)

[EVENT] 2278.066 | event=UAVWaypointArrival | nodeId=402 | cycle=58 | pos=(360.000,180.000,20.000)

[EVENT] 2280.636 | event=UAVWaypointArrival | nodeId=401 | cycle=1 | pos=(240.000,360.000,20.000)

[EVENT] 2285.500 | event=SuspiciousConfidenceSnapshot | 76(0.874) 77(0.874) 78(0.874) 79(0.874) 94(0.874) 95(0.874) 96(0.874) 97(0.874) 98(0.874) 99(0.874) 114(0.874) 115(0.874) 116(0.874) 117(0.874) 118(0.874) 119(0.874) 134(0.874) 135(0.874) 136(0.874) 137(0.874) 138(0.874) 139(0.874) 154(0.874) 155(0.874) 156(0.874) 157(0.874) 158(0.874) 159(0.874) 174(0.874) 175(0.874) 176(0.874) 177(0.874) 178(0.874) 179(0.874) 193(0.874) 194(0.874) 195(0.900) 196(0.900) 197(0.900) 198(0.874) 199(0.874) 211(0.874) 212(0.874) 213(0.874) 214(0.874) 215(0.900) 216(0.900) 217(0.900) 218(0.900) 219(0.874) 231(0.874) 232(0.874) 233(0.874) 234(0.874) 235(0.900) 236(0.900) 237(0.900) 238(0.900) 239(0.900) 251(0.874) 252(0.874) 253(0.874) 254(0.874) 255(0.900) 256(0.900) 257(0.900) 258(0.900) 259(0.900) 271(0.874) 272(0.874) 273(0.874) 274(0.874) 275(0.874) 276(0.900) 277(0.900) 278(0.900) 279(0.900) 291(0.874) 292(0.874) 293(0.874) 294(0.874) 295(0.874) 296(0.874) 297(0.874) 298(0.900) 299(0.874) 309(0.499) 310(0.499) 311(0.499) 312(0.499) 313(0.874) 314(0.874) 315(0.874) 316(0.800) 317(0.800) 318(0.800) 319(0.800) 327(0.499) 328(0.499) 329(0.499) 330(0.499) 331(0.499) 332(0.499) 333(0.499) 334(0.800) 335(0.800) 336(0.800) 337(0.800) 338(0.800) 339(0.800) 347(0.499) 348(0.499) 349(0.499) 350(0.499) 351(0.499) 352(0.499) 353(0.499) 354(0.800) 355(0.800) 356(0.800) 357(0.800) 358(0.800) 359(0.800) 367(0.499) 368(0.499) 369(0.499) 370(0.499) 371(0.499) 372(0.499) 373(0.499) 374(0.800) 375(0.800) 376(0.800) 377(0.800) 378(0.800) 379(0.800) 387(0.499) 388(0.499) 389(0.499) 390(0.499) 391(0.499) 392(0.499) 393(0.499) 394(0.800) 395(0.800) 396(0.800) 397(0.800) 398(0.800) 399(0.800) 

[EVENT] 2295.500 | event=SuspiciousConfidenceSnapshot | 76(0.874) 77(0.874) 78(0.874) 79(0.874) 94(0.874) 95(0.874) 96(0.874) 97(0.874) 98(0.874) 99(0.874) 114(0.874) 115(0.874) 116(0.874) 117(0.874) 118(0.874) 119(0.874) 134(0.874) 135(0.874) 136(0.874) 137(0.874) 138(0.874) 139(0.874) 154(0.874) 155(0.874) 156(0.874) 157(0.874) 158(0.874) 159(0.874) 174(0.874) 175(0.874) 176(0.874) 177(0.874) 178(0.874) 179(0.874) 193(0.874) 194(0.874) 195(0.900) 196(0.900) 197(0.900) 198(0.874) 199(0.874) 211(0.874) 212(0.874) 213(0.874) 214(0.874) 215(0.900) 216(0.900) 217(0.900) 218(0.900) 219(0.874) 231(0.874) 232(0.874) 233(0.874) 234(0.874) 235(0.900) 236(0.900) 237(0.900) 238(0.900) 239(0.900) 251(0.874) 252(0.874) 253(0.874) 254(0.874) 255(0.900) 256(0.900) 257(0.900) 258(0.900) 259(0.900) 271(0.874) 272(0.874) 273(0.874) 274(0.874) 275(0.874) 276(0.900) 277(0.900) 278(0.900) 279(0.900) 291(0.874) 292(0.874) 293(0.874) 294(0.874) 295(0.874) 296(0.874) 297(0.874) 298(0.900) 299(0.874) 309(0.499) 310(0.499) 311(0.499) 312(0.499) 313(0.874) 314(0.874) 315(0.874) 316(0.800) 317(0.800) 318(0.800) 319(0.800) 327(0.499) 328(0.499) 329(0.499) 330(0.499) 331(0.499) 332(0.499) 333(0.499) 334(0.800) 335(0.800) 336(0.800) 337(0.800) 338(0.800) 339(0.800) 347(0.499) 348(0.499) 349(0.499) 350(0.499) 351(0.499) 352(0.499) 353(0.499) 354(0.800) 355(0.800) 356(0.800) 357(0.800) 358(0.800) 359(0.800) 367(0.499) 368(0.499) 369(0.499) 370(0.499) 371(0.499) 372(0.499) 373(0.499) 374(0.800) 375(0.800) 376(0.800) 377(0.800) 378(0.800) 379(0.800) 387(0.499) 388(0.499) 389(0.499) 390(0.499) 391(0.499) 392(0.499) 393(0.499) 394(0.800) 395(0.800) 396(0.800) 397(0.800) 398(0.800) 399(0.800) 

[EVENT] 2298.249 | event=UAVWaypointArrival | nodeId=401 | cycle=1 | pos=(260.000,360.000,20.000)

[EVENT] 2305.500 | event=SuspiciousConfidenceSnapshot | 76(0.874) 77(0.874) 78(0.874) 79(0.874) 94(0.874) 95(0.874) 96(0.874) 97(0.874) 98(0.874) 99(0.874) 114(0.874) 115(0.874) 116(0.874) 117(0.874) 118(0.874) 119(0.874) 134(0.874) 135(0.874) 136(0.874) 137(0.874) 138(0.874) 139(0.874) 154(0.874) 155(0.874) 156(0.874) 157(0.874) 158(0.874) 159(0.874) 174(0.874) 175(0.874) 176(0.874) 177(0.874) 178(0.874) 179(0.874) 193(0.874) 194(0.874) 195(0.900) 196(0.900) 197(0.900) 198(0.874) 199(0.874) 211(0.874) 212(0.874) 213(0.874) 214(0.874) 215(0.900) 216(0.900) 217(0.900) 218(0.900) 219(0.874) 231(0.874) 232(0.874) 233(0.874) 234(0.874) 235(0.900) 236(0.900) 237(0.900) 238(0.900) 239(0.900) 251(0.874) 252(0.874) 253(0.874) 254(0.874) 255(0.900) 256(0.900) 257(0.900) 258(0.900) 259(0.900) 271(0.874) 272(0.874) 273(0.874) 274(0.874) 275(0.874) 276(0.900) 277(0.900) 278(0.900) 279(0.900) 291(0.874) 292(0.874) 293(0.874) 294(0.874) 295(0.874) 296(0.874) 297(0.874) 298(0.900) 299(0.874) 309(0.499) 310(0.499) 311(0.499) 312(0.499) 313(0.874) 314(0.874) 315(0.874) 316(0.800) 317(0.800) 318(0.800) 319(0.800) 327(0.499) 328(0.499) 329(0.499) 330(0.499) 331(0.499) 332(0.499) 333(0.499) 334(0.800) 335(0.800) 336(0.800) 337(0.800) 338(0.800) 339(0.800) 347(0.499) 348(0.499) 349(0.499) 350(0.499) 351(0.499) 352(0.499) 353(0.499) 354(0.800) 355(0.800) 356(0.800) 357(0.800) 358(0.800) 359(0.800) 367(0.499) 368(0.499) 369(0.499) 370(0.499) 371(0.499) 372(0.499) 373(0.499) 374(0.800) 375(0.800) 376(0.800) 377(0.800) 378(0.800) 379(0.800) 387(0.499) 388(0.499) 389(0.499) 390(0.499) 391(0.499) 392(0.499) 393(0.499) 394(0.800) 395(0.800) 396(0.800) 397(0.800) 398(0.800) 399(0.800) 

[EVENT] 2306.811 | event=UAVWaypointArrival | nodeId=402 | cycle=59 | pos=(270.000,340.000,20.000)

[EVENT] 2309.852 | event=UAVWaypointArrival | nodeId=402 | cycle=59 | pos=(260.000,280.000,20.000)

[EVENT] 2315.500 | event=SuspiciousConfidenceSnapshot | 76(0.874) 77(0.874) 78(0.874) 79(0.874) 94(0.874) 95(0.874) 96(0.874) 97(0.874) 98(0.874) 99(0.874) 114(0.874) 115(0.874) 116(0.874) 117(0.874) 118(0.874) 119(0.874) 134(0.874) 135(0.874) 136(0.874) 137(0.874) 138(0.874) 139(0.874) 154(0.874) 155(0.874) 156(0.874) 157(0.874) 158(0.874) 159(0.874) 174(0.874) 175(0.874) 176(0.874) 177(0.874) 178(0.874) 179(0.874) 193(0.874) 194(0.874) 195(0.900) 196(0.900) 197(0.900) 198(0.874) 199(0.874) 211(0.874) 212(0.874) 213(0.874) 214(0.874) 215(0.900) 216(0.900) 217(0.900) 218(0.900) 219(0.874) 231(0.874) 232(0.874) 233(0.874) 234(0.874) 235(0.900) 236(0.900) 237(0.900) 238(0.900) 239(0.900) 251(0.874) 252(0.874) 253(0.874) 254(0.874) 255(0.900) 256(0.900) 257(0.900) 258(0.900) 259(0.900) 271(0.874) 272(0.874) 273(0.874) 274(0.874) 275(0.874) 276(0.900) 277(0.900) 278(0.900) 279(0.900) 291(0.874) 292(0.874) 293(0.874) 294(0.874) 295(0.874) 296(0.874) 297(0.874) 298(0.900) 299(0.874) 309(0.499) 310(0.499) 311(0.499) 312(0.499) 313(0.874) 314(0.874) 315(0.874) 316(0.800) 317(0.800) 318(0.800) 319(0.800) 327(0.499) 328(0.499) 329(0.499) 330(0.499) 331(0.499) 332(0.499) 333(0.499) 334(0.800) 335(0.800) 336(0.800) 337(0.800) 338(0.800) 339(0.800) 347(0.499) 348(0.499) 349(0.499) 350(0.499) 351(0.499) 352(0.499) 353(0.499) 354(0.800) 355(0.800) 356(0.800) 357(0.800) 358(0.800) 359(0.800) 367(0.499) 368(0.499) 369(0.499) 370(0.499) 371(0.499) 372(0.499) 373(0.499) 374(0.800) 375(0.800) 376(0.800) 377(0.800) 378(0.800) 379(0.800) 387(0.499) 388(0.499) 389(0.499) 390(0.499) 391(0.499) 392(0.499) 393(0.499) 394(0.800) 395(0.800) 396(0.800) 397(0.800) 398(0.800) 399(0.800) 

[EVENT] 2315.863 | event=UAVWaypointArrival | nodeId=401 | cycle=1 | pos=(280.000,360.000,20.000)

[EVENT] 2316.255 | event=UAVWaypointArrival | nodeId=402 | cycle=59 | pos=(340.000,180.000,20.000)

[EVENT] 2317.255 | event=UAVWaypointArrival | nodeId=402 | cycle=59 | pos=(360.000,180.000,20.000)

[EVENT] 2325.500 | event=SuspiciousConfidenceSnapshot | 76(0.874) 77(0.874) 78(0.874) 79(0.874) 94(0.874) 95(0.874) 96(0.874) 97(0.874) 98(0.874) 99(0.874) 114(0.874) 115(0.874) 116(0.874) 117(0.874) 118(0.874) 119(0.874) 134(0.874) 135(0.874) 136(0.874) 137(0.874) 138(0.874) 139(0.874) 154(0.874) 155(0.874) 156(0.874) 157(0.874) 158(0.874) 159(0.874) 174(0.874) 175(0.874) 176(0.874) 177(0.874) 178(0.874) 179(0.874) 193(0.874) 194(0.874) 195(0.900) 196(0.900) 197(0.900) 198(0.874) 199(0.874) 211(0.874) 212(0.874) 213(0.874) 214(0.874) 215(0.900) 216(0.900) 217(0.900) 218(0.900) 219(0.874) 231(0.874) 232(0.874) 233(0.874) 234(0.874) 235(0.900) 236(0.900) 237(0.900) 238(0.900) 239(0.900) 251(0.874) 252(0.874) 253(0.874) 254(0.874) 255(0.900) 256(0.900) 257(0.900) 258(0.900) 259(0.900) 271(0.874) 272(0.874) 273(0.874) 274(0.874) 275(0.874) 276(0.900) 277(0.900) 278(0.900) 279(0.900) 291(0.874) 292(0.874) 293(0.874) 294(0.874) 295(0.874) 296(0.874) 297(0.874) 298(0.900) 299(0.874) 309(0.499) 310(0.499) 311(0.499) 312(0.499) 313(0.874) 314(0.874) 315(0.874) 316(0.800) 317(0.800) 318(0.800) 319(0.800) 327(0.499) 328(0.499) 329(0.499) 330(0.499) 331(0.499) 332(0.499) 333(0.499) 334(0.800) 335(0.800) 336(0.800) 337(0.800) 338(0.800) 339(0.800) 347(0.499) 348(0.499) 349(0.499) 350(0.499) 351(0.499) 352(0.499) 353(0.499) 354(0.800) 355(0.800) 356(0.800) 357(0.800) 358(0.800) 359(0.800) 367(0.499) 368(0.499) 369(0.499) 370(0.499) 371(0.499) 372(0.499) 373(0.499) 374(0.800) 375(0.800) 376(0.800) 377(0.800) 378(0.800) 379(0.800) 387(0.499) 388(0.499) 389(0.499) 390(0.499) 391(0.499) 392(0.499) 393(0.499) 394(0.800) 395(0.800) 396(0.800) 397(0.800) 398(0.800) 399(0.800) 

[EVENT] 2333.476 | event=UAVWaypointArrival | nodeId=401 | cycle=1 | pos=(280.000,340.000,20.000)

[EVENT] 2335.500 | event=SuspiciousConfidenceSnapshot | 76(0.874) 77(0.874) 78(0.874) 79(0.874) 94(0.874) 95(0.874) 96(0.874) 97(0.874) 98(0.874) 99(0.874) 114(0.874) 115(0.874) 116(0.874) 117(0.874) 118(0.874) 119(0.874) 134(0.874) 135(0.874) 136(0.874) 137(0.874) 138(0.874) 139(0.874) 154(0.874) 155(0.874) 156(0.874) 157(0.874) 158(0.874) 159(0.874) 174(0.874) 175(0.874) 176(0.874) 177(0.874) 178(0.874) 179(0.874) 193(0.874) 194(0.874) 195(0.900) 196(0.900) 197(0.900) 198(0.874) 199(0.874) 211(0.874) 212(0.874) 213(0.874) 214(0.874) 215(0.900) 216(0.900) 217(0.900) 218(0.900) 219(0.874) 231(0.874) 232(0.874) 233(0.874) 234(0.874) 235(0.900) 236(0.900) 237(0.900) 238(0.900) 239(0.900) 251(0.874) 252(0.874) 253(0.874) 254(0.874) 255(0.900) 256(0.900) 257(0.900) 258(0.900) 259(0.900) 271(0.874) 272(0.874) 273(0.874) 274(0.874) 275(0.874) 276(0.900) 277(0.900) 278(0.900) 279(0.900) 291(0.874) 292(0.874) 293(0.874) 294(0.874) 295(0.874) 296(0.874) 297(0.874) 298(0.900) 299(0.874) 309(0.499) 310(0.499) 311(0.499) 312(0.499) 313(0.874) 314(0.874) 315(0.874) 316(0.800) 317(0.800) 318(0.800) 319(0.800) 327(0.499) 328(0.499) 329(0.499) 330(0.499) 331(0.499) 332(0.499) 333(0.499) 334(0.800) 335(0.800) 336(0.800) 337(0.800) 338(0.800) 339(0.800) 347(0.499) 348(0.499) 349(0.499) 350(0.499) 351(0.499) 352(0.499) 353(0.499) 354(0.800) 355(0.800) 356(0.800) 357(0.800) 358(0.800) 359(0.800) 367(0.499) 368(0.499) 369(0.499) 370(0.499) 371(0.499) 372(0.499) 373(0.499) 374(0.800) 375(0.800) 376(0.800) 377(0.800) 378(0.800) 379(0.800) 387(0.499) 388(0.499) 389(0.499) 390(0.499) 391(0.499) 392(0.499) 393(0.499) 394(0.800) 395(0.800) 396(0.800) 397(0.800) 398(0.800) 399(0.800) 

[EVENT] 2345.500 | event=SuspiciousConfidenceSnapshot | 76(0.874) 77(0.874) 78(0.874) 79(0.874) 94(0.874) 95(0.874) 96(0.874) 97(0.874) 98(0.874) 99(0.874) 114(0.874) 115(0.874) 116(0.874) 117(0.874) 118(0.874) 119(0.874) 134(0.874) 135(0.874) 136(0.874) 137(0.874) 138(0.874) 139(0.874) 154(0.874) 155(0.874) 156(0.874) 157(0.874) 158(0.874) 159(0.874) 174(0.874) 175(0.874) 176(0.874) 177(0.874) 178(0.874) 179(0.874) 193(0.874) 194(0.874) 195(0.900) 196(0.900) 197(0.900) 198(0.874) 199(0.874) 211(0.874) 212(0.874) 213(0.874) 214(0.874) 215(0.900) 216(0.900) 217(0.900) 218(0.900) 219(0.874) 231(0.874) 232(0.874) 233(0.874) 234(0.874) 235(0.900) 236(0.900) 237(0.900) 238(0.900) 239(0.900) 251(0.874) 252(0.874) 253(0.874) 254(0.874) 255(0.900) 256(0.900) 257(0.900) 258(0.900) 259(0.900) 271(0.874) 272(0.874) 273(0.874) 274(0.874) 275(0.874) 276(0.900) 277(0.900) 278(0.900) 279(0.900) 291(0.874) 292(0.874) 293(0.874) 294(0.874) 295(0.874) 296(0.874) 297(0.874) 298(0.900) 299(0.874) 309(0.499) 310(0.499) 311(0.499) 312(0.499) 313(0.874) 314(0.874) 315(0.874) 316(0.800) 317(0.800) 318(0.800) 319(0.800) 327(0.499) 328(0.499) 329(0.499) 330(0.499) 331(0.499) 332(0.499) 333(0.499) 334(0.800) 335(0.800) 336(0.800) 337(0.800) 338(0.800) 339(0.800) 347(0.499) 348(0.499) 349(0.499) 350(0.499) 351(0.499) 352(0.499) 353(0.499) 354(0.800) 355(0.800) 356(0.800) 357(0.800) 358(0.800) 359(0.800) 367(0.499) 368(0.499) 369(0.499) 370(0.499) 371(0.499) 372(0.499) 373(0.499) 374(0.800) 375(0.800) 376(0.800) 377(0.800) 378(0.800) 379(0.800) 387(0.499) 388(0.499) 389(0.499) 390(0.499) 391(0.499) 392(0.499) 393(0.499) 394(0.800) 395(0.800) 396(0.800) 397(0.800) 398(0.800) 399(0.800) 

[EVENT] 2346.000 | event=UAVWaypointArrival | nodeId=402 | cycle=60 | pos=(270.000,340.000,20.000)

[EVENT] 2349.041 | event=UAVWaypointArrival | nodeId=402 | cycle=60 | pos=(260.000,280.000,20.000)

[EVENT] 2351.089 | event=UAVWaypointArrival | nodeId=401 | cycle=1 | pos=(300.000,340.000,20.000)

[EVENT] 2355.444 | event=UAVWaypointArrival | nodeId=402 | cycle=60 | pos=(340.000,180.000,20.000)

[EVENT] 2355.500 | event=SuspiciousConfidenceSnapshot | 76(0.874) 77(0.874) 78(0.874) 79(0.874) 94(0.874) 95(0.874) 96(0.874) 97(0.874) 98(0.874) 99(0.874) 114(0.874) 115(0.874) 116(0.874) 117(0.874) 118(0.874) 119(0.874) 134(0.874) 135(0.874) 136(0.874) 137(0.874) 138(0.874) 139(0.874) 154(0.874) 155(0.874) 156(0.874) 157(0.874) 158(0.874) 159(0.874) 174(0.874) 175(0.874) 176(0.874) 177(0.874) 178(0.874) 179(0.874) 193(0.874) 194(0.874) 195(0.900) 196(0.900) 197(0.900) 198(0.874) 199(0.874) 211(0.874) 212(0.874) 213(0.874) 214(0.874) 215(0.900) 216(0.900) 217(0.900) 218(0.900) 219(0.874) 231(0.874) 232(0.874) 233(0.874) 234(0.874) 235(0.900) 236(0.900) 237(0.900) 238(0.900) 239(0.900) 251(0.874) 252(0.874) 253(0.874) 254(0.874) 255(0.900) 256(0.900) 257(0.900) 258(0.900) 259(0.900) 271(0.874) 272(0.874) 273(0.874) 274(0.874) 275(0.874) 276(0.900) 277(0.900) 278(0.900) 279(0.900) 291(0.874) 292(0.874) 293(0.874) 294(0.874) 295(0.874) 296(0.874) 297(0.874) 298(0.900) 299(0.874) 309(0.499) 310(0.499) 311(0.499) 312(0.499) 313(0.874) 314(0.874) 315(0.874) 316(0.800) 317(0.800) 318(0.800) 319(0.800) 327(0.499) 328(0.499) 329(0.499) 330(0.499) 331(0.499) 332(0.499) 333(0.499) 334(0.800) 335(0.800) 336(0.800) 337(0.800) 338(0.800) 339(0.800) 347(0.499) 348(0.499) 349(0.499) 350(0.499) 351(0.499) 352(0.499) 353(0.499) 354(0.800) 355(0.800) 356(0.800) 357(0.800) 358(0.800) 359(0.800) 367(0.499) 368(0.499) 369(0.499) 370(0.499) 371(0.499) 372(0.499) 373(0.499) 374(0.800) 375(0.800) 376(0.800) 377(0.800) 378(0.800) 379(0.800) 387(0.499) 388(0.499) 389(0.499) 390(0.499) 391(0.499) 392(0.499) 393(0.499) 394(0.800) 395(0.800) 396(0.800) 397(0.800) 398(0.800) 399(0.800) 

[EVENT] 2356.444 | event=UAVWaypointArrival | nodeId=402 | cycle=60 | pos=(360.000,180.000,20.000)

[EVENT] 2365.500 | event=SuspiciousConfidenceSnapshot | 76(0.874) 77(0.874) 78(0.874) 79(0.874) 94(0.874) 95(0.874) 96(0.874) 97(0.874) 98(0.874) 99(0.874) 114(0.874) 115(0.874) 116(0.874) 117(0.874) 118(0.874) 119(0.874) 134(0.874) 135(0.874) 136(0.874) 137(0.874) 138(0.874) 139(0.874) 154(0.874) 155(0.874) 156(0.874) 157(0.874) 158(0.874) 159(0.874) 174(0.874) 175(0.874) 176(0.874) 177(0.874) 178(0.874) 179(0.874) 193(0.874) 194(0.874) 195(0.900) 196(0.900) 197(0.900) 198(0.874) 199(0.874) 211(0.874) 212(0.874) 213(0.874) 214(0.874) 215(0.900) 216(0.900) 217(0.900) 218(0.900) 219(0.874) 231(0.874) 232(0.874) 233(0.874) 234(0.874) 235(0.900) 236(0.900) 237(0.900) 238(0.900) 239(0.900) 251(0.874) 252(0.874) 253(0.874) 254(0.874) 255(0.900) 256(0.900) 257(0.900) 258(0.900) 259(0.900) 271(0.874) 272(0.874) 273(0.874) 274(0.874) 275(0.874) 276(0.900) 277(0.900) 278(0.900) 279(0.900) 291(0.874) 292(0.874) 293(0.874) 294(0.874) 295(0.874) 296(0.874) 297(0.874) 298(0.900) 299(0.874) 309(0.499) 310(0.499) 311(0.499) 312(0.499) 313(0.874) 314(0.874) 315(0.874) 316(0.800) 317(0.800) 318(0.800) 319(0.800) 327(0.499) 328(0.499) 329(0.499) 330(0.499) 331(0.499) 332(0.499) 333(0.499) 334(0.800) 335(0.800) 336(0.800) 337(0.800) 338(0.800) 339(0.800) 347(0.499) 348(0.499) 349(0.499) 350(0.499) 351(0.499) 352(0.499) 353(0.499) 354(0.800) 355(0.800) 356(0.800) 357(0.800) 358(0.800) 359(0.800) 367(0.499) 368(0.499) 369(0.499) 370(0.499) 371(0.499) 372(0.499) 373(0.499) 374(0.800) 375(0.800) 376(0.800) 377(0.800) 378(0.800) 379(0.800) 387(0.499) 388(0.499) 389(0.499) 390(0.499) 391(0.499) 392(0.499) 393(0.499) 394(0.800) 395(0.800) 396(0.800) 397(0.800) 398(0.800) 399(0.800) 

[EVENT] 2368.703 | event=UAVWaypointArrival | nodeId=401 | cycle=1 | pos=(320.000,340.000,20.000)

[EVENT] 2375.500 | event=SuspiciousConfidenceSnapshot | 76(0.874) 77(0.874) 78(0.874) 79(0.874) 94(0.874) 95(0.874) 96(0.874) 97(0.874) 98(0.874) 99(0.874) 114(0.874) 115(0.874) 116(0.874) 117(0.874) 118(0.874) 119(0.874) 134(0.874) 135(0.874) 136(0.874) 137(0.874) 138(0.874) 139(0.874) 154(0.874) 155(0.874) 156(0.874) 157(0.874) 158(0.874) 159(0.874) 174(0.874) 175(0.874) 176(0.874) 177(0.874) 178(0.874) 179(0.874) 193(0.874) 194(0.874) 195(0.900) 196(0.900) 197(0.900) 198(0.874) 199(0.874) 211(0.874) 212(0.874) 213(0.874) 214(0.874) 215(0.900) 216(0.900) 217(0.900) 218(0.900) 219(0.874) 231(0.874) 232(0.874) 233(0.874) 234(0.874) 235(0.900) 236(0.900) 237(0.900) 238(0.900) 239(0.900) 251(0.874) 252(0.874) 253(0.874) 254(0.874) 255(0.900) 256(0.900) 257(0.900) 258(0.900) 259(0.900) 271(0.874) 272(0.874) 273(0.874) 274(0.874) 275(0.874) 276(0.900) 277(0.900) 278(0.900) 279(0.900) 291(0.874) 292(0.874) 293(0.874) 294(0.874) 295(0.874) 296(0.874) 297(0.874) 298(0.900) 299(0.874) 309(0.499) 310(0.499) 311(0.499) 312(0.499) 313(0.874) 314(0.874) 315(0.874) 316(0.800) 317(0.800) 318(0.800) 319(0.800) 327(0.499) 328(0.499) 329(0.499) 330(0.499) 331(0.499) 332(0.499) 333(0.499) 334(0.800) 335(0.800) 336(0.800) 337(0.800) 338(0.800) 339(0.800) 347(0.499) 348(0.499) 349(0.499) 350(0.499) 351(0.499) 352(0.499) 353(0.499) 354(0.800) 355(0.800) 356(0.800) 357(0.800) 358(0.800) 359(0.800) 367(0.499) 368(0.499) 369(0.499) 370(0.499) 371(0.499) 372(0.499) 373(0.499) 374(0.800) 375(0.800) 376(0.800) 377(0.800) 378(0.800) 379(0.800) 387(0.499) 388(0.499) 389(0.499) 390(0.499) 391(0.499) 392(0.499) 393(0.499) 394(0.800) 395(0.800) 396(0.800) 397(0.800) 398(0.800) 399(0.800) 

[EVENT] 2385.189 | event=UAVWaypointArrival | nodeId=402 | cycle=61 | pos=(270.000,340.000,20.000)

[EVENT] 2385.500 | event=SuspiciousConfidenceSnapshot | 76(0.874) 77(0.874) 78(0.874) 79(0.874) 94(0.874) 95(0.874) 96(0.874) 97(0.874) 98(0.874) 99(0.874) 114(0.874) 115(0.874) 116(0.874) 117(0.874) 118(0.874) 119(0.874) 134(0.874) 135(0.874) 136(0.874) 137(0.874) 138(0.874) 139(0.874) 154(0.874) 155(0.874) 156(0.874) 157(0.874) 158(0.874) 159(0.874) 174(0.874) 175(0.874) 176(0.874) 177(0.874) 178(0.874) 179(0.874) 193(0.874) 194(0.874) 195(0.900) 196(0.900) 197(0.900) 198(0.874) 199(0.874) 211(0.874) 212(0.874) 213(0.874) 214(0.874) 215(0.900) 216(0.900) 217(0.900) 218(0.900) 219(0.874) 231(0.874) 232(0.874) 233(0.874) 234(0.874) 235(0.900) 236(0.900) 237(0.900) 238(0.900) 239(0.900) 251(0.874) 252(0.874) 253(0.874) 254(0.874) 255(0.900) 256(0.900) 257(0.900) 258(0.900) 259(0.900) 271(0.874) 272(0.874) 273(0.874) 274(0.874) 275(0.874) 276(0.900) 277(0.900) 278(0.900) 279(0.900) 291(0.874) 292(0.874) 293(0.874) 294(0.874) 295(0.874) 296(0.874) 297(0.874) 298(0.900) 299(0.874) 309(0.499) 310(0.499) 311(0.499) 312(0.499) 313(0.874) 314(0.874) 315(0.874) 316(0.800) 317(0.800) 318(0.800) 319(0.800) 327(0.499) 328(0.499) 329(0.499) 330(0.499) 331(0.499) 332(0.499) 333(0.499) 334(0.800) 335(0.800) 336(0.800) 337(0.800) 338(0.800) 339(0.800) 347(0.499) 348(0.499) 349(0.499) 350(0.499) 351(0.499) 352(0.499) 353(0.499) 354(0.800) 355(0.800) 356(0.800) 357(0.800) 358(0.800) 359(0.800) 367(0.499) 368(0.499) 369(0.499) 370(0.499) 371(0.499) 372(0.499) 373(0.499) 374(0.800) 375(0.800) 376(0.800) 377(0.800) 378(0.800) 379(0.800) 387(0.499) 388(0.499) 389(0.499) 390(0.499) 391(0.499) 392(0.499) 393(0.499) 394(0.800) 395(0.800) 396(0.800) 397(0.800) 398(0.800) 399(0.800) 

[EVENT] 2386.316 | event=UAVWaypointArrival | nodeId=401 | cycle=1 | pos=(340.000,340.000,20.000)

[EVENT] 2388.230 | event=UAVWaypointArrival | nodeId=402 | cycle=61 | pos=(260.000,280.000,20.000)

[EVENT] 2394.633 | event=UAVWaypointArrival | nodeId=402 | cycle=61 | pos=(340.000,180.000,20.000)

[EVENT] 2395.500 | event=SuspiciousConfidenceSnapshot | 76(0.874) 77(0.874) 78(0.874) 79(0.874) 94(0.874) 95(0.874) 96(0.874) 97(0.874) 98(0.874) 99(0.874) 114(0.874) 115(0.874) 116(0.874) 117(0.874) 118(0.874) 119(0.874) 134(0.874) 135(0.874) 136(0.874) 137(0.874) 138(0.874) 139(0.874) 154(0.874) 155(0.874) 156(0.874) 157(0.874) 158(0.874) 159(0.874) 174(0.874) 175(0.874) 176(0.874) 177(0.874) 178(0.874) 179(0.874) 193(0.874) 194(0.874) 195(0.900) 196(0.900) 197(0.900) 198(0.874) 199(0.874) 211(0.874) 212(0.874) 213(0.874) 214(0.874) 215(0.900) 216(0.900) 217(0.900) 218(0.900) 219(0.874) 231(0.874) 232(0.874) 233(0.874) 234(0.874) 235(0.900) 236(0.900) 237(0.900) 238(0.900) 239(0.900) 251(0.874) 252(0.874) 253(0.874) 254(0.874) 255(0.900) 256(0.900) 257(0.900) 258(0.900) 259(0.900) 271(0.874) 272(0.874) 273(0.874) 274(0.874) 275(0.874) 276(0.900) 277(0.900) 278(0.900) 279(0.900) 291(0.874) 292(0.874) 293(0.874) 294(0.874) 295(0.874) 296(0.874) 297(0.874) 298(0.900) 299(0.874) 309(0.499) 310(0.499) 311(0.499) 312(0.499) 313(0.874) 314(0.874) 315(0.874) 316(0.800) 317(0.800) 318(0.800) 319(0.800) 327(0.499) 328(0.499) 329(0.499) 330(0.499) 331(0.499) 332(0.499) 333(0.499) 334(0.800) 335(0.800) 336(0.800) 337(0.800) 338(0.800) 339(0.800) 347(0.499) 348(0.499) 349(0.499) 350(0.499) 351(0.499) 352(0.499) 353(0.499) 354(0.800) 355(0.800) 356(0.800) 357(0.800) 358(0.800) 359(0.800) 367(0.499) 368(0.499) 369(0.499) 370(0.499) 371(0.499) 372(0.499) 373(0.499) 374(0.800) 375(0.800) 376(0.800) 377(0.800) 378(0.800) 379(0.800) 387(0.499) 388(0.499) 389(0.499) 390(0.499) 391(0.499) 392(0.499) 393(0.499) 394(0.800) 395(0.800) 396(0.800) 397(0.800) 398(0.800) 399(0.800) 

[EVENT] 2395.633 | event=UAVWaypointArrival | nodeId=402 | cycle=61 | pos=(360.000,180.000,20.000)

[EVENT] 2403.930 | event=UAVWaypointArrival | nodeId=401 | cycle=1 | pos=(360.000,340.000,20.000)

[EVENT] 2405.500 | event=SuspiciousConfidenceSnapshot | 76(0.874) 77(0.874) 78(0.874) 79(0.874) 94(0.874) 95(0.874) 96(0.874) 97(0.874) 98(0.874) 99(0.874) 114(0.874) 115(0.874) 116(0.874) 117(0.874) 118(0.874) 119(0.874) 134(0.874) 135(0.874) 136(0.874) 137(0.874) 138(0.874) 139(0.874) 154(0.874) 155(0.874) 156(0.874) 157(0.874) 158(0.874) 159(0.874) 174(0.874) 175(0.874) 176(0.874) 177(0.874) 178(0.874) 179(0.874) 193(0.874) 194(0.874) 195(0.900) 196(0.900) 197(0.900) 198(0.874) 199(0.874) 211(0.874) 212(0.874) 213(0.874) 214(0.874) 215(0.900) 216(0.900) 217(0.900) 218(0.900) 219(0.874) 231(0.874) 232(0.874) 233(0.874) 234(0.874) 235(0.900) 236(0.900) 237(0.900) 238(0.900) 239(0.900) 251(0.874) 252(0.874) 253(0.874) 254(0.874) 255(0.900) 256(0.900) 257(0.900) 258(0.900) 259(0.900) 271(0.874) 272(0.874) 273(0.874) 274(0.874) 275(0.874) 276(0.900) 277(0.900) 278(0.900) 279(0.900) 291(0.874) 292(0.874) 293(0.874) 294(0.874) 295(0.874) 296(0.874) 297(0.874) 298(0.900) 299(0.874) 309(0.499) 310(0.499) 311(0.499) 312(0.499) 313(0.874) 314(0.874) 315(0.874) 316(0.800) 317(0.800) 318(0.800) 319(0.800) 327(0.499) 328(0.499) 329(0.499) 330(0.499) 331(0.499) 332(0.499) 333(0.499) 334(0.800) 335(0.800) 336(0.800) 337(0.800) 338(0.800) 339(0.800) 347(0.499) 348(0.499) 349(0.499) 350(0.499) 351(0.499) 352(0.499) 353(0.499) 354(0.800) 355(0.800) 356(0.800) 357(0.800) 358(0.800) 359(0.800) 367(0.499) 368(0.499) 369(0.499) 370(0.499) 371(0.499) 372(0.499) 373(0.499) 374(0.800) 375(0.800) 376(0.800) 377(0.800) 378(0.800) 379(0.800) 387(0.499) 388(0.499) 389(0.499) 390(0.499) 391(0.499) 392(0.499) 393(0.499) 394(0.800) 395(0.800) 396(0.800) 397(0.800) 398(0.800) 399(0.800) 

[EVENT] 2415.500 | event=SuspiciousConfidenceSnapshot | 76(0.874) 77(0.874) 78(0.874) 79(0.874) 94(0.874) 95(0.874) 96(0.874) 97(0.874) 98(0.874) 99(0.874) 114(0.874) 115(0.874) 116(0.874) 117(0.874) 118(0.874) 119(0.874) 134(0.874) 135(0.874) 136(0.874) 137(0.874) 138(0.874) 139(0.874) 154(0.874) 155(0.874) 156(0.874) 157(0.874) 158(0.874) 159(0.874) 174(0.874) 175(0.874) 176(0.874) 177(0.874) 178(0.874) 179(0.874) 193(0.874) 194(0.874) 195(0.900) 196(0.900) 197(0.900) 198(0.874) 199(0.874) 211(0.874) 212(0.874) 213(0.874) 214(0.874) 215(0.900) 216(0.900) 217(0.900) 218(0.900) 219(0.874) 231(0.874) 232(0.874) 233(0.874) 234(0.874) 235(0.900) 236(0.900) 237(0.900) 238(0.900) 239(0.900) 251(0.874) 252(0.874) 253(0.874) 254(0.874) 255(0.900) 256(0.900) 257(0.900) 258(0.900) 259(0.900) 271(0.874) 272(0.874) 273(0.874) 274(0.874) 275(0.874) 276(0.900) 277(0.900) 278(0.900) 279(0.900) 291(0.874) 292(0.874) 293(0.874) 294(0.874) 295(0.874) 296(0.874) 297(0.874) 298(0.900) 299(0.874) 309(0.499) 310(0.499) 311(0.499) 312(0.499) 313(0.874) 314(0.874) 315(0.874) 316(0.800) 317(0.800) 318(0.800) 319(0.800) 327(0.499) 328(0.499) 329(0.499) 330(0.499) 331(0.499) 332(0.499) 333(0.499) 334(0.800) 335(0.800) 336(0.800) 337(0.800) 338(0.800) 339(0.800) 347(0.499) 348(0.499) 349(0.499) 350(0.499) 351(0.499) 352(0.499) 353(0.499) 354(0.800) 355(0.800) 356(0.800) 357(0.800) 358(0.800) 359(0.800) 367(0.499) 368(0.499) 369(0.499) 370(0.499) 371(0.499) 372(0.499) 373(0.499) 374(0.800) 375(0.800) 376(0.800) 377(0.800) 378(0.800) 379(0.800) 387(0.499) 388(0.499) 389(0.499) 390(0.499) 391(0.499) 392(0.499) 393(0.499) 394(0.800) 395(0.800) 396(0.800) 397(0.800) 398(0.800) 399(0.800) 

[EVENT] 2421.543 | event=UAVWaypointArrival | nodeId=401 | cycle=1 | pos=(380.000,340.000,20.000)

[EVENT] 2424.378 | event=UAVWaypointArrival | nodeId=402 | cycle=62 | pos=(270.000,340.000,20.000)

[EVENT] 2425.500 | event=SuspiciousConfidenceSnapshot | 76(0.874) 77(0.874) 78(0.874) 79(0.874) 94(0.874) 95(0.874) 96(0.874) 97(0.874) 98(0.874) 99(0.874) 114(0.874) 115(0.874) 116(0.874) 117(0.874) 118(0.874) 119(0.874) 134(0.874) 135(0.874) 136(0.874) 137(0.874) 138(0.874) 139(0.874) 154(0.874) 155(0.874) 156(0.874) 157(0.874) 158(0.874) 159(0.874) 174(0.874) 175(0.874) 176(0.874) 177(0.874) 178(0.874) 179(0.874) 193(0.874) 194(0.874) 195(0.900) 196(0.900) 197(0.900) 198(0.874) 199(0.874) 211(0.874) 212(0.874) 213(0.874) 214(0.874) 215(0.900) 216(0.900) 217(0.900) 218(0.900) 219(0.874) 231(0.874) 232(0.874) 233(0.874) 234(0.874) 235(0.900) 236(0.900) 237(0.900) 238(0.900) 239(0.900) 251(0.874) 252(0.874) 253(0.874) 254(0.874) 255(0.900) 256(0.900) 257(0.900) 258(0.900) 259(0.900) 271(0.874) 272(0.874) 273(0.874) 274(0.874) 275(0.874) 276(0.900) 277(0.900) 278(0.900) 279(0.900) 291(0.874) 292(0.874) 293(0.874) 294(0.874) 295(0.874) 296(0.874) 297(0.874) 298(0.900) 299(0.874) 309(0.499) 310(0.499) 311(0.499) 312(0.499) 313(0.874) 314(0.874) 315(0.874) 316(0.800) 317(0.800) 318(0.800) 319(0.800) 327(0.499) 328(0.499) 329(0.499) 330(0.499) 331(0.499) 332(0.499) 333(0.499) 334(0.800) 335(0.800) 336(0.800) 337(0.800) 338(0.800) 339(0.800) 347(0.499) 348(0.499) 349(0.499) 350(0.499) 351(0.499) 352(0.499) 353(0.499) 354(0.800) 355(0.800) 356(0.800) 357(0.800) 358(0.800) 359(0.800) 367(0.499) 368(0.499) 369(0.499) 370(0.499) 371(0.499) 372(0.499) 373(0.499) 374(0.800) 375(0.800) 376(0.800) 377(0.800) 378(0.800) 379(0.800) 387(0.499) 388(0.499) 389(0.499) 390(0.499) 391(0.499) 392(0.499) 393(0.499) 394(0.800) 395(0.800) 396(0.800) 397(0.800) 398(0.800) 399(0.800) 

[EVENT] 2427.419 | event=UAVWaypointArrival | nodeId=402 | cycle=62 | pos=(260.000,280.000,20.000)

[EVENT] 2433.822 | event=UAVWaypointArrival | nodeId=402 | cycle=62 | pos=(340.000,180.000,20.000)

[EVENT] 2434.822 | event=UAVWaypointArrival | nodeId=402 | cycle=62 | pos=(360.000,180.000,20.000)

[EVENT] 2435.500 | event=SuspiciousConfidenceSnapshot | 76(0.874) 77(0.874) 78(0.874) 79(0.874) 94(0.874) 95(0.874) 96(0.874) 97(0.874) 98(0.874) 99(0.874) 114(0.874) 115(0.874) 116(0.874) 117(0.874) 118(0.874) 119(0.874) 134(0.874) 135(0.874) 136(0.874) 137(0.874) 138(0.874) 139(0.874) 154(0.874) 155(0.874) 156(0.874) 157(0.874) 158(0.874) 159(0.874) 174(0.874) 175(0.874) 176(0.874) 177(0.874) 178(0.874) 179(0.874) 193(0.874) 194(0.874) 195(0.900) 196(0.900) 197(0.900) 198(0.874) 199(0.874) 211(0.874) 212(0.874) 213(0.874) 214(0.874) 215(0.900) 216(0.900) 217(0.900) 218(0.900) 219(0.874) 231(0.874) 232(0.874) 233(0.874) 234(0.874) 235(0.900) 236(0.900) 237(0.900) 238(0.900) 239(0.900) 251(0.874) 252(0.874) 253(0.874) 254(0.874) 255(0.900) 256(0.900) 257(0.900) 258(0.900) 259(0.900) 271(0.874) 272(0.874) 273(0.874) 274(0.874) 275(0.874) 276(0.900) 277(0.900) 278(0.900) 279(0.900) 291(0.874) 292(0.874) 293(0.874) 294(0.874) 295(0.874) 296(0.874) 297(0.874) 298(0.900) 299(0.874) 309(0.499) 310(0.499) 311(0.499) 312(0.499) 313(0.874) 314(0.874) 315(0.874) 316(0.800) 317(0.800) 318(0.800) 319(0.800) 327(0.499) 328(0.499) 329(0.499) 330(0.499) 331(0.499) 332(0.499) 333(0.499) 334(0.800) 335(0.800) 336(0.800) 337(0.800) 338(0.800) 339(0.800) 347(0.499) 348(0.499) 349(0.499) 350(0.499) 351(0.499) 352(0.499) 353(0.499) 354(0.800) 355(0.800) 356(0.800) 357(0.800) 358(0.800) 359(0.800) 367(0.499) 368(0.499) 369(0.499) 370(0.499) 371(0.499) 372(0.499) 373(0.499) 374(0.800) 375(0.800) 376(0.800) 377(0.800) 378(0.800) 379(0.800) 387(0.499) 388(0.499) 389(0.499) 390(0.499) 391(0.499) 392(0.499) 393(0.499) 394(0.800) 395(0.800) 396(0.800) 397(0.800) 398(0.800) 399(0.800) 

[EVENT] 2439.156 | event=UAVWaypointArrival | nodeId=401 | cycle=1 | pos=(380.000,360.000,20.000)

[EVENT] 2445.500 | event=SuspiciousConfidenceSnapshot | 76(0.874) 77(0.874) 78(0.874) 79(0.874) 94(0.874) 95(0.874) 96(0.874) 97(0.874) 98(0.874) 99(0.874) 114(0.874) 115(0.874) 116(0.874) 117(0.874) 118(0.874) 119(0.874) 134(0.874) 135(0.874) 136(0.874) 137(0.874) 138(0.874) 139(0.874) 154(0.874) 155(0.874) 156(0.874) 157(0.874) 158(0.874) 159(0.874) 174(0.874) 175(0.874) 176(0.874) 177(0.874) 178(0.874) 179(0.874) 193(0.874) 194(0.874) 195(0.900) 196(0.900) 197(0.900) 198(0.874) 199(0.874) 211(0.874) 212(0.874) 213(0.874) 214(0.874) 215(0.900) 216(0.900) 217(0.900) 218(0.900) 219(0.874) 231(0.874) 232(0.874) 233(0.874) 234(0.874) 235(0.900) 236(0.900) 237(0.900) 238(0.900) 239(0.900) 251(0.874) 252(0.874) 253(0.874) 254(0.874) 255(0.900) 256(0.900) 257(0.900) 258(0.900) 259(0.900) 271(0.874) 272(0.874) 273(0.874) 274(0.874) 275(0.874) 276(0.900) 277(0.900) 278(0.900) 279(0.900) 291(0.874) 292(0.874) 293(0.874) 294(0.874) 295(0.874) 296(0.874) 297(0.874) 298(0.900) 299(0.874) 309(0.499) 310(0.499) 311(0.499) 312(0.499) 313(0.874) 314(0.874) 315(0.874) 316(0.800) 317(0.800) 318(0.800) 319(0.800) 327(0.499) 328(0.499) 329(0.499) 330(0.499) 331(0.499) 332(0.499) 333(0.499) 334(0.800) 335(0.800) 336(0.800) 337(0.800) 338(0.800) 339(0.800) 347(0.499) 348(0.499) 349(0.499) 350(0.499) 351(0.499) 352(0.499) 353(0.499) 354(0.800) 355(0.800) 356(0.800) 357(0.800) 358(0.800) 359(0.800) 367(0.499) 368(0.499) 369(0.499) 370(0.499) 371(0.499) 372(0.499) 373(0.499) 374(0.800) 375(0.800) 376(0.800) 377(0.800) 378(0.800) 379(0.800) 387(0.499) 388(0.499) 389(0.499) 390(0.499) 391(0.499) 392(0.499) 393(0.499) 394(0.800) 395(0.800) 396(0.800) 397(0.800) 398(0.800) 399(0.800) 

[EVENT] 2455.500 | event=SuspiciousConfidenceSnapshot | 76(0.874) 77(0.874) 78(0.874) 79(0.874) 94(0.874) 95(0.874) 96(0.874) 97(0.874) 98(0.874) 99(0.874) 114(0.874) 115(0.874) 116(0.874) 117(0.874) 118(0.874) 119(0.874) 134(0.874) 135(0.874) 136(0.874) 137(0.874) 138(0.874) 139(0.874) 154(0.874) 155(0.874) 156(0.874) 157(0.874) 158(0.874) 159(0.874) 174(0.874) 175(0.874) 176(0.874) 177(0.874) 178(0.874) 179(0.874) 193(0.874) 194(0.874) 195(0.900) 196(0.900) 197(0.900) 198(0.874) 199(0.874) 211(0.874) 212(0.874) 213(0.874) 214(0.874) 215(0.900) 216(0.900) 217(0.900) 218(0.900) 219(0.874) 231(0.874) 232(0.874) 233(0.874) 234(0.874) 235(0.900) 236(0.900) 237(0.900) 238(0.900) 239(0.900) 251(0.874) 252(0.874) 253(0.874) 254(0.874) 255(0.900) 256(0.900) 257(0.900) 258(0.900) 259(0.900) 271(0.874) 272(0.874) 273(0.874) 274(0.874) 275(0.874) 276(0.900) 277(0.900) 278(0.900) 279(0.900) 291(0.874) 292(0.874) 293(0.874) 294(0.874) 295(0.874) 296(0.874) 297(0.874) 298(0.900) 299(0.874) 309(0.499) 310(0.499) 311(0.499) 312(0.499) 313(0.874) 314(0.874) 315(0.874) 316(0.800) 317(0.800) 318(0.800) 319(0.800) 327(0.499) 328(0.499) 329(0.499) 330(0.499) 331(0.499) 332(0.499) 333(0.499) 334(0.800) 335(0.800) 336(0.800) 337(0.800) 338(0.800) 339(0.800) 347(0.499) 348(0.499) 349(0.499) 350(0.499) 351(0.499) 352(0.499) 353(0.499) 354(0.800) 355(0.800) 356(0.800) 357(0.800) 358(0.800) 359(0.800) 367(0.499) 368(0.499) 369(0.499) 370(0.499) 371(0.499) 372(0.499) 373(0.499) 374(0.800) 375(0.800) 376(0.800) 377(0.800) 378(0.800) 379(0.800) 387(0.499) 388(0.499) 389(0.499) 390(0.499) 391(0.499) 392(0.499) 393(0.499) 394(0.800) 395(0.800) 396(0.800) 397(0.800) 398(0.800) 399(0.800) 

[EVENT] 2456.770 | event=UAVWaypointArrival | nodeId=401 | cycle=1 | pos=(360.000,360.000,20.000)

[EVENT] 2463.567 | event=UAVWaypointArrival | nodeId=402 | cycle=63 | pos=(270.000,340.000,20.000)

[EVENT] 2465.500 | event=SuspiciousConfidenceSnapshot | 76(0.874) 77(0.874) 78(0.874) 79(0.874) 94(0.874) 95(0.874) 96(0.874) 97(0.874) 98(0.874) 99(0.874) 114(0.874) 115(0.874) 116(0.874) 117(0.874) 118(0.874) 119(0.874) 134(0.874) 135(0.874) 136(0.874) 137(0.874) 138(0.874) 139(0.874) 154(0.874) 155(0.874) 156(0.874) 157(0.874) 158(0.874) 159(0.874) 174(0.874) 175(0.874) 176(0.874) 177(0.874) 178(0.874) 179(0.874) 193(0.874) 194(0.874) 195(0.900) 196(0.900) 197(0.900) 198(0.874) 199(0.874) 211(0.874) 212(0.874) 213(0.874) 214(0.874) 215(0.900) 216(0.900) 217(0.900) 218(0.900) 219(0.874) 231(0.874) 232(0.874) 233(0.874) 234(0.874) 235(0.900) 236(0.900) 237(0.900) 238(0.900) 239(0.900) 251(0.874) 252(0.874) 253(0.874) 254(0.874) 255(0.900) 256(0.900) 257(0.900) 258(0.900) 259(0.900) 271(0.874) 272(0.874) 273(0.874) 274(0.874) 275(0.874) 276(0.900) 277(0.900) 278(0.900) 279(0.900) 291(0.874) 292(0.874) 293(0.874) 294(0.874) 295(0.874) 296(0.874) 297(0.874) 298(0.900) 299(0.874) 309(0.499) 310(0.499) 311(0.499) 312(0.499) 313(0.874) 314(0.874) 315(0.874) 316(0.800) 317(0.800) 318(0.800) 319(0.800) 327(0.499) 328(0.499) 329(0.499) 330(0.499) 331(0.499) 332(0.499) 333(0.499) 334(0.800) 335(0.800) 336(0.800) 337(0.800) 338(0.800) 339(0.800) 347(0.499) 348(0.499) 349(0.499) 350(0.499) 351(0.499) 352(0.499) 353(0.499) 354(0.800) 355(0.800) 356(0.800) 357(0.800) 358(0.800) 359(0.800) 367(0.499) 368(0.499) 369(0.499) 370(0.499) 371(0.499) 372(0.499) 373(0.499) 374(0.800) 375(0.800) 376(0.800) 377(0.800) 378(0.800) 379(0.800) 387(0.499) 388(0.499) 389(0.499) 390(0.499) 391(0.499) 392(0.499) 393(0.499) 394(0.800) 395(0.800) 396(0.800) 397(0.800) 398(0.800) 399(0.800) 

[EVENT] 2466.608 | event=UAVWaypointArrival | nodeId=402 | cycle=63 | pos=(260.000,280.000,20.000)

[EVENT] 2473.011 | event=UAVWaypointArrival | nodeId=402 | cycle=63 | pos=(340.000,180.000,20.000)

[EVENT] 2474.011 | event=UAVWaypointArrival | nodeId=402 | cycle=63 | pos=(360.000,180.000,20.000)

[EVENT] 2474.383 | event=UAVWaypointArrival | nodeId=401 | cycle=1 | pos=(340.000,360.000,20.000)

[EVENT] 2475.500 | event=SuspiciousConfidenceSnapshot | 76(0.874) 77(0.874) 78(0.874) 79(0.874) 94(0.874) 95(0.874) 96(0.874) 97(0.874) 98(0.874) 99(0.874) 114(0.874) 115(0.874) 116(0.874) 117(0.874) 118(0.874) 119(0.874) 134(0.874) 135(0.874) 136(0.874) 137(0.874) 138(0.874) 139(0.874) 154(0.874) 155(0.874) 156(0.874) 157(0.874) 158(0.874) 159(0.874) 174(0.874) 175(0.874) 176(0.874) 177(0.874) 178(0.874) 179(0.874) 193(0.874) 194(0.874) 195(0.900) 196(0.900) 197(0.900) 198(0.874) 199(0.874) 211(0.874) 212(0.874) 213(0.874) 214(0.874) 215(0.900) 216(0.900) 217(0.900) 218(0.900) 219(0.874) 231(0.874) 232(0.874) 233(0.874) 234(0.874) 235(0.900) 236(0.900) 237(0.900) 238(0.900) 239(0.900) 251(0.874) 252(0.874) 253(0.874) 254(0.874) 255(0.900) 256(0.900) 257(0.900) 258(0.900) 259(0.900) 271(0.874) 272(0.874) 273(0.874) 274(0.874) 275(0.874) 276(0.900) 277(0.900) 278(0.900) 279(0.900) 291(0.874) 292(0.874) 293(0.874) 294(0.874) 295(0.874) 296(0.874) 297(0.874) 298(0.900) 299(0.874) 309(0.499) 310(0.499) 311(0.499) 312(0.499) 313(0.874) 314(0.874) 315(0.874) 316(0.800) 317(0.800) 318(0.800) 319(0.800) 327(0.499) 328(0.499) 329(0.499) 330(0.499) 331(0.499) 332(0.499) 333(0.499) 334(0.800) 335(0.800) 336(0.800) 337(0.800) 338(0.800) 339(0.800) 347(0.499) 348(0.499) 349(0.499) 350(0.499) 351(0.499) 352(0.499) 353(0.499) 354(0.800) 355(0.800) 356(0.800) 357(0.800) 358(0.800) 359(0.800) 367(0.499) 368(0.499) 369(0.499) 370(0.499) 371(0.499) 372(0.499) 373(0.499) 374(0.800) 375(0.800) 376(0.800) 377(0.800) 378(0.800) 379(0.800) 387(0.499) 388(0.499) 389(0.499) 390(0.499) 391(0.499) 392(0.499) 393(0.499) 394(0.800) 395(0.800) 396(0.800) 397(0.800) 398(0.800) 399(0.800) 

[EVENT] 2485.500 | event=SuspiciousConfidenceSnapshot | 76(0.874) 77(0.874) 78(0.874) 79(0.874) 94(0.874) 95(0.874) 96(0.874) 97(0.874) 98(0.874) 99(0.874) 114(0.874) 115(0.874) 116(0.874) 117(0.874) 118(0.874) 119(0.874) 134(0.874) 135(0.874) 136(0.874) 137(0.874) 138(0.874) 139(0.874) 154(0.874) 155(0.874) 156(0.874) 157(0.874) 158(0.874) 159(0.874) 174(0.874) 175(0.874) 176(0.874) 177(0.874) 178(0.874) 179(0.874) 193(0.874) 194(0.874) 195(0.900) 196(0.900) 197(0.900) 198(0.874) 199(0.874) 211(0.874) 212(0.874) 213(0.874) 214(0.874) 215(0.900) 216(0.900) 217(0.900) 218(0.900) 219(0.874) 231(0.874) 232(0.874) 233(0.874) 234(0.874) 235(0.900) 236(0.900) 237(0.900) 238(0.900) 239(0.900) 251(0.874) 252(0.874) 253(0.874) 254(0.874) 255(0.900) 256(0.900) 257(0.900) 258(0.900) 259(0.900) 271(0.874) 272(0.874) 273(0.874) 274(0.874) 275(0.874) 276(0.900) 277(0.900) 278(0.900) 279(0.900) 291(0.874) 292(0.874) 293(0.874) 294(0.874) 295(0.874) 296(0.874) 297(0.874) 298(0.900) 299(0.874) 309(0.499) 310(0.499) 311(0.499) 312(0.499) 313(0.874) 314(0.874) 315(0.874) 316(0.800) 317(0.800) 318(0.800) 319(0.800) 327(0.499) 328(0.499) 329(0.499) 330(0.499) 331(0.499) 332(0.499) 333(0.499) 334(0.800) 335(0.800) 336(0.800) 337(0.800) 338(0.800) 339(0.800) 347(0.499) 348(0.499) 349(0.499) 350(0.499) 351(0.499) 352(0.499) 353(0.499) 354(0.800) 355(0.800) 356(0.800) 357(0.800) 358(0.800) 359(0.800) 367(0.499) 368(0.499) 369(0.499) 370(0.499) 371(0.499) 372(0.499) 373(0.499) 374(0.800) 375(0.800) 376(0.800) 377(0.800) 378(0.800) 379(0.800) 387(0.499) 388(0.499) 389(0.499) 390(0.499) 391(0.499) 392(0.499) 393(0.499) 394(0.800) 395(0.800) 396(0.800) 397(0.800) 398(0.800) 399(0.800) 

[EVENT] 2491.996 | event=UAVWaypointArrival | nodeId=401 | cycle=1 | pos=(320.000,360.000,20.000)

[EVENT] 2491.996 | event=UAV1MissionComplete | reason=LeftSuspiciousPoint


=== SCENARIO4 SUMMARY ===
SCENARIO scenario4
RUN seed=200 runId=1

[CONFIG]
gridSize=20
gridSpacing=20.000
simTime=36000.000
startupPhaseDuration=5.000
fragmentBroadcastInterval=0.200
numFragments=10
numUavs=2
bsPosition=(-100.000,-100.000,0.000)
uavAltitude=20.000
uavSpeed=20.000
cooperationThreshold=0.300
alertThreshold=0.750
suspiciousPercent=0.300

[PARAMS]
cellRadius=80.000
neighborDiscoveryRadius=80.000
broadcastRadius=50.000
uav1Speed=20.000
uav1HoverTime=2.000
uav2Speed=20.000
uav2HoverTime=0.000
masterFileConfidence=0.900

[NETWORK]
groundNodes=400
suspiciousNodes=149
uavPaths=2
generatedFragments=10

[MISSION]
uav1CompletedTime=2491.996
uav2CompletedTime=61.399
