
=== Base Station Initialization ===
BS Node ID: 400
Start Time: 0s

[NODE-INFO] nodeId cellId cellColor posX posY
[NODE-INFO] 0 0 0 0 0
[NODE-INFO] 1 0 0 20 0
[NODE-INFO] 2 0 0 40 0
[NODE-INFO] 3 0 0 60 0
[NODE-INFO] 4 1 1 80 0
[NODE-INFO] 5 1 1 100 0
[NODE-INFO] 6 1 1 120 0
[NODE-INFO] 7 1 1 140 0
[NODE-INFO] 8 1 1 160 0
[NODE-INFO] 9 1 1 180 0
[NODE-INFO] 10 1 1 200 0
[NODE-INFO] 11 2 2 220 0
[NODE-INFO] 12 2 2 240 0
[NODE-INFO] 13 2 2 260 0
[NODE-INFO] 14 2 2 280 0
[NODE-INFO] 15 2 2 300 0
[NODE-INFO] 16 2 2 320 0
[NODE-INFO] 17 2 2 340 0
[NODE-INFO] 18 3 0 360 0
[NODE-INFO] 19 3 0 380 0
[NODE-INFO] 20 0 0 0 20
[NODE-INFO] 21 0 0 20 20
[NODE-INFO] 22 0 0 40 20
[NODE-INFO] 23 0 0 60 20
[NODE-INFO] 24 1 1 80 20
[NODE-INFO] 25 1 1 100 20
[NODE-INFO] 26 1 1 120 20
[NODE-INFO] 27 1 1 140 20
[NODE-INFO] 28 1 1 160 20
[NODE-INFO] 29 1 1 180 20
[NODE-INFO] 30 1 1 200 20
[NODE-INFO] 31 2 2 220 20
[NODE-INFO] 32 2 2 240 20
[NODE-INFO] 33 2 2 260 20
[NODE-INFO] 34 2 2 280 20
[NODE-INFO] 35 2 2 300 20
[NODE-INFO] 36 2 2 320 20
[NODE-INFO] 37 2 2 340 20
[NODE-INFO] 38 3 0 360 20
[NODE-INFO] 39 3 0 380 20
[NODE-INFO] 40 0 0 0 40
[NODE-INFO] 41 0 0 20 40
[NODE-INFO] 42 0 0 40 40
[NODE-INFO] 43 0 0 60 40
[NODE-INFO] 44 1 1 80 40
[NODE-INFO] 45 1 1 100 40
[NODE-INFO] 46 1 1 120 40
[NODE-INFO] 47 1 1 140 40
[NODE-INFO] 48 1 1 160 40
[NODE-INFO] 49 1 1 180 40
[NODE-INFO] 50 1 1 200 40
[NODE-INFO] 51 2 2 220 40
[NODE-INFO] 52 2 2 240 40
[NODE-INFO] 53 2 2 260 40
[NODE-INFO] 54 2 2 280 40
[NODE-INFO] 55 2 2 300 40
[NODE-INFO] 56 2 2 320 40
[NODE-INFO] 57 2 2 340 40
[NODE-INFO] 58 3 0 360 40
[NODE-INFO] 59 3 0 380 40
[NODE-INFO] 60 0 0 0 60
[NODE-INFO] 61 0 0 20 60
[NODE-INFO] 62 10000 2 40 60
[NODE-INFO] 63 10000 2 60 60
[NODE-INFO] 64 10000 2 80 60
[NODE-INFO] 65 10000 2 100 60
[NODE-INFO] 66 1 1 120 60
[NODE-INFO] 67 1 1 140 60
[NODE-INFO] 68 1 1 160 60
[NODE-INFO] 69 10001 0 180 60
[NODE-INFO] 70 10001 0 200 60
[NODE-INFO] 71 10001 0 220 60
[NODE-INFO] 72 10001 0 240 60
[NODE-INFO] 73 2 2 260 60
[NODE-INFO] 74 2 2 280 60
[NODE-INFO] 75 2 2 300 60
[NODE-INFO] 76 10002 1 320 60
[NODE-INFO] 77 10002 1 340 60
[NODE-INFO] 78 10002 1 360 60
[NODE-INFO] 79 10002 1 380 60
[NODE-INFO] 80 0 0 0 80
[NODE-INFO] 81 10000 2 20 80
[NODE-INFO] 82 10000 2 40 80
[NODE-INFO] 83 10000 2 60 80
[NODE-INFO] 84 10000 2 80 80
[NODE-INFO] 85 10000 2 100 80
[NODE-INFO] 86 10000 2 120 80
[NODE-INFO] 87 10001 0 140 80
[NODE-INFO] 88 10001 0 160 80
[NODE-INFO] 89 10001 0 180 80
[NODE-INFO] 90 10001 0 200 80
[NODE-INFO] 91 10001 0 220 80
[NODE-INFO] 92 10001 0 240 80
[NODE-INFO] 93 10001 0 260 80
[NODE-INFO] 94 10002 1 280 80
[NODE-INFO] 95 10002 1 300 80
[NODE-INFO] 96 10002 1 320 80
[NODE-INFO] 97 10002 1 340 80
[NODE-INFO] 98 10002 1 360 80
[NODE-INFO] 99 10002 1 380 80
[NODE-INFO] 100 10000 2 0 100
[NODE-INFO] 101 10000 2 20 100
[NODE-INFO] 102 10000 2 40 100
[NODE-INFO] 103 10000 2 60 100
[NODE-INFO] 104 10000 2 80 100
[NODE-INFO] 105 10000 2 100 100
[NODE-INFO] 106 10000 2 120 100
[NODE-INFO] 107 10001 0 140 100
[NODE-INFO] 108 10001 0 160 100
[NODE-INFO] 109 10001 0 180 100
[NODE-INFO] 110 10001 0 200 100
[NODE-INFO] 111 10001 0 220 100
[NODE-INFO] 112 10001 0 240 100
[NODE-INFO] 113 10001 0 260 100
[NODE-INFO] 114 10002 1 280 100
[NODE-INFO] 115 10002 1 300 100
[NODE-INFO] 116 10002 1 320 100
[NODE-INFO] 117 10002 1 340 100
[NODE-INFO] 118 10002 1 360 100
[NODE-INFO] 119 10002 1 380 100
[NODE-INFO] 120 9999 1 0 120
[NODE-INFO] 121 10000 2 20 120
[NODE-INFO] 122 10000 2 40 120
[NODE-INFO] 123 10000 2 60 120
[NODE-INFO] 124 10000 2 80 120
[NODE-INFO] 125 10000 2 100 120
[NODE-INFO] 126 10000 2 120 120
[NODE-INFO] 127 10001 0 140 120
[NODE-INFO] 128 10001 0 160 120
[NODE-INFO] 129 10001 0 180 120
[NODE-INFO] 130 10001 0 200 120
[NODE-INFO] 131 10001 0 220 120
[NODE-INFO] 132 10001 0 240 120
[NODE-INFO] 133 10001 0 260 120
[NODE-INFO] 134 10002 1 280 120
[NODE-INFO] 135 10002 1 300 120
[NODE-INFO] 136 10002 1 320 120
[NODE-INFO] 137 10002 1 340 120
[NODE-INFO] 138 10002 1 360 120
[NODE-INFO] 139 10002 1 380 120
[NODE-INFO] 140 9999 1 0 140
[NODE-INFO] 141 10000 2 20 140
[NODE-INFO] 142 10000 2 40 140
[NODE-INFO] 143 10000 2 60 140
[NODE-INFO] 144 10000 2 80 140
[NODE-INFO] 145 10000 2 100 140
[NODE-INFO] 146 10000 2 120 140
[NODE-INFO] 147 10001 0 140 140
[NODE-INFO] 148 10001 0 160 140
[NODE-INFO] 149 10001 0 180 140
[NODE-INFO] 150 10001 0 200 140
[NODE-INFO] 151 10001 0 220 140
[NODE-INFO] 152 10001 0 240 140
[NODE-INFO] 153 10001 0 260 140
[NODE-INFO] 154 10002 1 280 140
[NODE-INFO] 155 10002 1 300 140
[NODE-INFO] 156 10002 1 320 140
[NODE-INFO] 157 10002 1 340 140
[NODE-INFO] 158 10002 1 360 140
[NODE-INFO] 159 10002 1 380 140
[NODE-INFO] 160 9999 1 0 160
[NODE-INFO] 161 10000 2 20 160
[NODE-INFO] 162 10000 2 40 160
[NODE-INFO] 163 10000 2 60 160
[NODE-INFO] 164 10000 2 80 160
[NODE-INFO] 165 10000 2 100 160
[NODE-INFO] 166 10000 2 120 160
[NODE-INFO] 167 10001 0 140 160
[NODE-INFO] 168 10001 0 160 160
[NODE-INFO] 169 10001 0 180 160
[NODE-INFO] 170 10001 0 200 160
[NODE-INFO] 171 10001 0 220 160
[NODE-INFO] 172 10001 0 240 160
[NODE-INFO] 173 10001 0 260 160
[NODE-INFO] 174 10002 1 280 160
[NODE-INFO] 175 10002 1 300 160
[NODE-INFO] 176 10002 1 320 160
[NODE-INFO] 177 10002 1 340 160
[NODE-INFO] 178 10002 1 360 160
[NODE-INFO] 179 10002 1 380 160
[NODE-INFO] 180 19999 0 0 180
[NODE-INFO] 181 19999 0 20 180
[NODE-INFO] 182 10000 2 40 180
[NODE-INFO] 183 10000 2 60 180
[NODE-INFO] 184 10000 2 80 180
[NODE-INFO] 185 10000 2 100 180
[NODE-INFO] 186 20000 1 120 180
[NODE-INFO] 187 20000 1 140 180
[NODE-INFO] 188 20000 1 160 180
[NODE-INFO] 189 10001 0 180 180
[NODE-INFO] 190 10001 0 200 180
[NODE-INFO] 191 10001 0 220 180
[NODE-INFO] 192 10001 0 240 180
[NODE-INFO] 193 20001 2 260 180
[NODE-INFO] 194 20001 2 280 180
[NODE-INFO] 195 20001 2 300 180
[NODE-INFO] 196 10002 1 320 180
[NODE-INFO] 197 10002 1 340 180
[NODE-INFO] 198 10002 1 360 180
[NODE-INFO] 199 10002 1 380 180
[NODE-INFO] 200 19999 0 0 200
[NODE-INFO] 201 19999 0 20 200
[NODE-INFO] 202 19999 0 40 200
[NODE-INFO] 203 19999 0 60 200
[NODE-INFO] 204 20000 1 80 200
[NODE-INFO] 205 20000 1 100 200
[NODE-INFO] 206 20000 1 120 200
[NODE-INFO] 207 20000 1 140 200
[NODE-INFO] 208 20000 1 160 200
[NODE-INFO] 209 20000 1 180 200
[NODE-INFO] 210 20000 1 200 200
[NODE-INFO] 211 20001 2 220 200
[NODE-INFO] 212 20001 2 240 200
[NODE-INFO] 213 20001 2 260 200
[NODE-INFO] 214 20001 2 280 200
[NODE-INFO] 215 20001 2 300 200
[NODE-INFO] 216 20001 2 320 200
[NODE-INFO] 217 20001 2 340 200
[NODE-INFO] 218 20002 0 360 200
[NODE-INFO] 219 20002 0 380 200
[NODE-INFO] 220 19999 0 0 220
[NODE-INFO] 221 19999 0 20 220
[NODE-INFO] 222 19999 0 40 220
[NODE-INFO] 223 19999 0 60 220
[NODE-INFO] 224 20000 1 80 220
[NODE-INFO] 225 20000 1 100 220
[NODE-INFO] 226 20000 1 120 220
[NODE-INFO] 227 20000 1 140 220
[NODE-INFO] 228 20000 1 160 220
[NODE-INFO] 229 20000 1 180 220
[NODE-INFO] 230 20000 1 200 220
[NODE-INFO] 231 20001 2 220 220
[NODE-INFO] 232 20001 2 240 220
[NODE-INFO] 233 20001 2 260 220
[NODE-INFO] 234 20001 2 280 220
[NODE-INFO] 235 20001 2 300 220
[NODE-INFO] 236 20001 2 320 220
[NODE-INFO] 237 20001 2 340 220
[NODE-INFO] 238 20002 0 360 220
[NODE-INFO] 239 20002 0 380 220
[NODE-INFO] 240 19999 0 0 240
[NODE-INFO] 241 19999 0 20 240
[NODE-INFO] 242 19999 0 40 240
[NODE-INFO] 243 19999 0 60 240
[NODE-INFO] 244 20000 1 80 240
[NODE-INFO] 245 20000 1 100 240
[NODE-INFO] 246 20000 1 120 240
[NODE-INFO] 247 20000 1 140 240
[NODE-INFO] 248 20000 1 160 240
[NODE-INFO] 249 20000 1 180 240
[NODE-INFO] 250 20000 1 200 240
[NODE-INFO] 251 20001 2 220 240
[NODE-INFO] 252 20001 2 240 240
[NODE-INFO] 253 20001 2 260 240
[NODE-INFO] 254 20001 2 280 240
[NODE-INFO] 255 20001 2 300 240
[NODE-INFO] 256 20001 2 320 240
[NODE-INFO] 257 20001 2 340 240
[NODE-INFO] 258 20002 0 360 240
[NODE-INFO] 259 20002 0 380 240
[NODE-INFO] 260 19999 0 0 260
[NODE-INFO] 261 19999 0 20 260
[NODE-INFO] 262 19999 0 40 260
[NODE-INFO] 263 19999 0 60 260
[NODE-INFO] 264 20000 1 80 260
[NODE-INFO] 265 20000 1 100 260
[NODE-INFO] 266 20000 1 120 260
[NODE-INFO] 267 20000 1 140 260
[NODE-INFO] 268 20000 1 160 260
[NODE-INFO] 269 20000 1 180 260
[NODE-INFO] 270 20000 1 200 260
[NODE-INFO] 271 20001 2 220 260
[NODE-INFO] 272 20001 2 240 260
[NODE-INFO] 273 20001 2 260 260
[NODE-INFO] 274 20001 2 280 260
[NODE-INFO] 275 20001 2 300 260
[NODE-INFO] 276 20001 2 320 260
[NODE-INFO] 277 20001 2 340 260
[NODE-INFO] 278 20002 0 360 260
[NODE-INFO] 279 20002 0 380 260
[NODE-INFO] 280 19999 0 0 280
[NODE-INFO] 281 19999 0 20 280
[NODE-INFO] 282 19999 0 40 280
[NODE-INFO] 283 19999 0 60 280
[NODE-INFO] 284 20000 1 80 280
[NODE-INFO] 285 20000 1 100 280
[NODE-INFO] 286 20000 1 120 280
[NODE-INFO] 287 20000 1 140 280
[NODE-INFO] 288 20000 1 160 280
[NODE-INFO] 289 20000 1 180 280
[NODE-INFO] 290 20000 1 200 280
[NODE-INFO] 291 20001 2 220 280
[NODE-INFO] 292 20001 2 240 280
[NODE-INFO] 293 20001 2 260 280
[NODE-INFO] 294 20001 2 280 280
[NODE-INFO] 295 20001 2 300 280
[NODE-INFO] 296 20001 2 320 280
[NODE-INFO] 297 20001 2 340 280
[NODE-INFO] 298 20002 0 360 280
[NODE-INFO] 299 20002 0 380 280
[NODE-INFO] 300 19999 0 0 300
[NODE-INFO] 301 19999 0 20 300
[NODE-INFO] 302 29999 2 40 300
[NODE-INFO] 303 29999 2 60 300
[NODE-INFO] 304 29999 2 80 300
[NODE-INFO] 305 29999 2 100 300
[NODE-INFO] 306 20000 1 120 300
[NODE-INFO] 307 20000 1 140 300
[NODE-INFO] 308 20000 1 160 300
[NODE-INFO] 309 30000 0 180 300
[NODE-INFO] 310 30000 0 200 300
[NODE-INFO] 311 30000 0 220 300
[NODE-INFO] 312 30000 0 240 300
[NODE-INFO] 313 20001 2 260 300
[NODE-INFO] 314 20001 2 280 300
[NODE-INFO] 315 20001 2 300 300
[NODE-INFO] 316 30001 1 320 300
[NODE-INFO] 317 30001 1 340 300
[NODE-INFO] 318 30001 1 360 300
[NODE-INFO] 319 30001 1 380 300
[NODE-INFO] 320 19999 0 0 320
[NODE-INFO] 321 29999 2 20 320
[NODE-INFO] 322 29999 2 40 320
[NODE-INFO] 323 29999 2 60 320
[NODE-INFO] 324 29999 2 80 320
[NODE-INFO] 325 29999 2 100 320
[NODE-INFO] 326 29999 2 120 320
[NODE-INFO] 327 30000 0 140 320
[NODE-INFO] 328 30000 0 160 320
[NODE-INFO] 329 30000 0 180 320
[NODE-INFO] 330 30000 0 200 320
[NODE-INFO] 331 30000 0 220 320
[NODE-INFO] 332 30000 0 240 320
[NODE-INFO] 333 30000 0 260 320
[NODE-INFO] 334 30001 1 280 320
[NODE-INFO] 335 30001 1 300 320
[NODE-INFO] 336 30001 1 320 320
[NODE-INFO] 337 30001 1 340 320
[NODE-INFO] 338 30001 1 360 320
[NODE-INFO] 339 30001 1 380 320
[NODE-INFO] 340 29999 2 0 340
[NODE-INFO] 341 29999 2 20 340
[NODE-INFO] 342 29999 2 40 340
[NODE-INFO] 343 29999 2 60 340
[NODE-INFO] 344 29999 2 80 340
[NODE-INFO] 345 29999 2 100 340
[NODE-INFO] 346 29999 2 120 340
[NODE-INFO] 347 30000 0 140 340
[NODE-INFO] 348 30000 0 160 340
[NODE-INFO] 349 30000 0 180 340
[NODE-INFO] 350 30000 0 200 340
[NODE-INFO] 351 30000 0 220 340
[NODE-INFO] 352 30000 0 240 340
[NODE-INFO] 353 30000 0 260 340
[NODE-INFO] 354 30001 1 280 340
[NODE-INFO] 355 30001 1 300 340
[NODE-INFO] 356 30001 1 320 340
[NODE-INFO] 357 30001 1 340 340
[NODE-INFO] 358 30001 1 360 340
[NODE-INFO] 359 30001 1 380 340
[NODE-INFO] 360 29998 1 0 360
[NODE-INFO] 361 29999 2 20 360
[NODE-INFO] 362 29999 2 40 360
[NODE-INFO] 363 29999 2 60 360
[NODE-INFO] 364 29999 2 80 360
[NODE-INFO] 365 29999 2 100 360
[NODE-INFO] 366 29999 2 120 360
[NODE-INFO] 367 30000 0 140 360
[NODE-INFO] 368 30000 0 160 360
[NODE-INFO] 369 30000 0 180 360
[NODE-INFO] 370 30000 0 200 360
[NODE-INFO] 371 30000 0 220 360
[NODE-INFO] 372 30000 0 240 360
[NODE-INFO] 373 30000 0 260 360
[NODE-INFO] 374 30001 1 280 360
[NODE-INFO] 375 30001 1 300 360
[NODE-INFO] 376 30001 1 320 360
[NODE-INFO] 377 30001 1 340 360
[NODE-INFO] 378 30001 1 360 360
[NODE-INFO] 379 30001 1 380 360
[NODE-INFO] 380 29998 1 0 380
[NODE-INFO] 381 29999 2 20 380
[NODE-INFO] 382 29999 2 40 380
[NODE-INFO] 383 29999 2 60 380
[NODE-INFO] 384 29999 2 80 380
[NODE-INFO] 385 29999 2 100 380
[NODE-INFO] 386 29999 2 120 380
[NODE-INFO] 387 30000 0 140 380
[NODE-INFO] 388 30000 0 160 380
[NODE-INFO] 389 30000 0 180 380
[NODE-INFO] 390 30000 0 200 380
[NODE-INFO] 391 30000 0 220 380
[NODE-INFO] 392 30000 0 240 380
[NODE-INFO] 393 30000 0 260 380
[NODE-INFO] 394 30001 1 280 380
[NODE-INFO] 395 30001 1 300 380
[NODE-INFO] 396 30001 1 320 380
[NODE-INFO] 397 30001 1 340 380
[NODE-INFO] 398 30001 1 360 380
[NODE-INFO] 399 30001 1 380 380
Step 1: Assign Cell ID and Color
  Total ground nodes: 400
  Cell radius: 80m

[NEIGHBOR-DISCOVERY] [0] 1 2 3 4 20 21 22 23 40 41 42 43 60 61 62 80
[NEIGHBOR-DISCOVERY] [1] 0 2 3 4 5 20 21 22 23 24 40 41 42 43 44 60 61 62 63 81
[NEIGHBOR-DISCOVERY] [2] 0 1 3 4 5 6 20 21 22 23 24 25 40 41 42 43 44 45 60 61 62 63 64 82
[NEIGHBOR-DISCOVERY] [3] 0 1 2 4 5 6 7 20 21 22 23 24 25 26 40 41 42 43 44 45 46 61 62 63 64 65 83
[NEIGHBOR-DISCOVERY] [4] 0 1 2 3 5 6 7 8 21 22 23 24 25 26 27 41 42 43 44 45 46 47 62 63 64 65 66 84
[NEIGHBOR-DISCOVERY] [5] 1 2 3 4 6 7 8 9 22 23 24 25 26 27 28 42 43 44 45 46 47 48 63 64 65 66 67 85
[NEIGHBOR-DISCOVERY] [6] 2 3 4 5 7 8 9 10 23 24 25 26 27 28 29 43 44 45 46 47 48 49 64 65 66 67 68 86
[NEIGHBOR-DISCOVERY] [7] 3 4 5 6 8 9 10 11 24 25 26 27 28 29 30 44 45 46 47 48 49 50 65 66 67 68 69 87
[NEIGHBOR-DISCOVERY] [8] 4 5 6 7 9 10 11 12 25 26 27 28 29 30 31 45 46 47 48 49 50 51 66 67 68 69 70 88
[NEIGHBOR-DISCOVERY] [9] 5 6 7 8 10 11 12 13 26 27 28 29 30 31 32 46 47 48 49 50 51 52 67 68 69 70 71 89
[NEIGHBOR-DISCOVERY] [10] 6 7 8 9 11 12 13 14 27 28 29 30 31 32 33 47 48 49 50 51 52 53 68 69 70 71 72 90
[NEIGHBOR-DISCOVERY] [11] 7 8 9 10 12 13 14 15 28 29 30 31 32 33 34 48 49 50 51 52 53 54 69 70 71 72 73 91
[NEIGHBOR-DISCOVERY] [12] 8 9 10 11 13 14 15 16 29 30 31 32 33 34 35 49 50 51 52 53 54 55 70 71 72 73 74 92
[NEIGHBOR-DISCOVERY] [13] 9 10 11 12 14 15 16 17 30 31 32 33 34 35 36 50 51 52 53 54 55 56 71 72 73 74 75 93
[NEIGHBOR-DISCOVERY] [14] 10 11 12 13 15 16 17 18 31 32 33 34 35 36 37 51 52 53 54 55 56 57 72 73 74 75 76 94
[NEIGHBOR-DISCOVERY] [15] 11 12 13 14 16 17 18 19 32 33 34 35 36 37 38 52 53 54 55 56 57 58 73 74 75 76 77 95
[NEIGHBOR-DISCOVERY] [16] 12 13 14 15 17 18 19 33 34 35 36 37 38 39 53 54 55 56 57 58 59 74 75 76 77 78 96
[NEIGHBOR-DISCOVERY] [17] 13 14 15 16 18 19 34 35 36 37 38 39 54 55 56 57 58 59 75 76 77 78 79 97
[NEIGHBOR-DISCOVERY] [18] 14 15 16 17 19 35 36 37 38 39 55 56 57 58 59 76 77 78 79 98
[NEIGHBOR-DISCOVERY] [19] 15 16 17 18 36 37 38 39 56 57 58 59 77 78 79 99
[NEIGHBOR-DISCOVERY] [20] 0 1 2 3 21 22 23 24 40 41 42 43 60 61 62 63 80 81 82 100
[NEIGHBOR-DISCOVERY] [21] 0 1 2 3 4 20 22 23 24 25 40 41 42 43 44 60 61 62 63 64 80 81 82 83 101
[NEIGHBOR-DISCOVERY] [22] 0 1 2 3 4 5 20 21 23 24 25 26 40 41 42 43 44 45 60 61 62 63 64 65 80 81 82 83 84 102
[NEIGHBOR-DISCOVERY] [23] 0 1 2 3 4 5 6 20 21 22 24 25 26 27 40 41 42 43 44 45 46 60 61 62 63 64 65 66 81 82 83 84 85 103
[NEIGHBOR-DISCOVERY] [24] 1 2 3 4 5 6 7 20 21 22 23 25 26 27 28 41 42 43 44 45 46 47 61 62 63 64 65 66 67 82 83 84 85 86 104
[NEIGHBOR-DISCOVERY] [25] 2 3 4 5 6 7 8 21 22 23 24 26 27 28 29 42 43 44 45 46 47 48 62 63 64 65 66 67 68 83 84 85 86 87 105
[NEIGHBOR-DISCOVERY] [26] 3 4 5 6 7 8 9 22 23 24 25 27 28 29 30 43 44 45 46 47 48 49 63 64 65 66 67 68 69 84 85 86 87 88 106
[NEIGHBOR-DISCOVERY] [27] 4 5 6 7 8 9 10 23 24 25 26 28 29 30 31 44 45 46 47 48 49 50 64 65 66 67 68 69 70 85 86 87 88 89 107
[NEIGHBOR-DISCOVERY] [28] 5 6 7 8 9 10 11 24 25 26 27 29 30 31 32 45 46 47 48 49 50 51 65 66 67 68 69 70 71 86 87 88 89 90 108
[NEIGHBOR-DISCOVERY] [29] 6 7 8 9 10 11 12 25 26 27 28 30 31 32 33 46 47 48 49 50 51 52 66 67 68 69 70 71 72 87 88 89 90 91 109
[NEIGHBOR-DISCOVERY] [30] 7 8 9 10 11 12 13 26 27 28 29 31 32 33 34 47 48 49 50 51 52 53 67 68 69 70 71 72 73 88 89 90 91 92 110
[NEIGHBOR-DISCOVERY] [31] 8 9 10 11 12 13 14 27 28 29 30 32 33 34 35 48 49 50 51 52 53 54 68 69 70 71 72 73 74 89 90 91 92 93 111
[NEIGHBOR-DISCOVERY] [32] 9 10 11 12 13 14 15 28 29 30 31 33 34 35 36 49 50 51 52 53 54 55 69 70 71 72 73 74 75 90 91 92 93 94 112
[NEIGHBOR-DISCOVERY] [33] 10 11 12 13 14 15 16 29 30 31 32 34 35 36 37 50 51 52 53 54 55 56 70 71 72 73 74 75 76 91 92 93 94 95 113
[NEIGHBOR-DISCOVERY] [34] 11 12 13 14 15 16 17 30 31 32 33 35 36 37 38 51 52 53 54 55 56 57 71 72 73 74 75 76 77 92 93 94 95 96 114
[NEIGHBOR-DISCOVERY] [35] 12 13 14 15 16 17 18 31 32 33 34 36 37 38 39 52 53 54 55 56 57 58 72 73 74 75 76 77 78 93 94 95 96 97 115
[NEIGHBOR-DISCOVERY] [36] 13 14 15 16 17 18 19 32 33 34 35 37 38 39 53 54 55 56 57 58 59 73 74 75 76 77 78 79 94 95 96 97 98 116
[NEIGHBOR-DISCOVERY] [37] 14 15 16 17 18 19 33 34 35 36 38 39 54 55 56 57 58 59 74 75 76 77 78 79 95 96 97 98 99 117
[NEIGHBOR-DISCOVERY] [38] 15 16 17 18 19 34 35 36 37 39 55 56 57 58 59 75 76 77 78 79 96 97 98 99 118
[NEIGHBOR-DISCOVERY] [39] 16 17 18 19 35 36 37 38 56 57 58 59 76 77 78 79 97 98 99 119
[NEIGHBOR-DISCOVERY] [40] 0 1 2 3 20 21 22 23 41 42 43 44 60 61 62 63 80 81 82 83 100 101 102 120
[NEIGHBOR-DISCOVERY] [41] 0 1 2 3 4 20 21 22 23 24 40 42 43 44 45 60 61 62 63 64 80 81 82 83 84 100 101 102 103 121
[NEIGHBOR-DISCOVERY] [42] 0 1 2 3 4 5 20 21 22 23 24 25 40 41 43 44 45 46 60 61 62 63 64 65 80 81 82 83 84 85 100 101 102 103 104 122
[NEIGHBOR-DISCOVERY] [43] 0 1 2 3 4 5 6 20 21 22 23 24 25 26 40 41 42 44 45 46 47 60 61 62 63 64 65 66 80 81 82 83 84 85 86 101 102 103 104 105 123
[NEIGHBOR-DISCOVERY] [44] 1 2 3 4 5 6 7 21 22 23 24 25 26 27 40 41 42 43 45 46 47 48 61 62 63 64 65 66 67 81 82 83 84 85 86 87 102 103 104 105 106 124
[NEIGHBOR-DISCOVERY] [45] 2 3 4 5 6 7 8 22 23 24 25 26 27 28 41 42 43 44 46 47 48 49 62 63 64 65 66 67 68 82 83 84 85 86 87 88 103 104 105 106 107 125
[NEIGHBOR-DISCOVERY] [46] 3 4 5 6 7 8 9 23 24 25 26 27 28 29 42 43 44 45 47 48 49 50 63 64 65 66 67 68 69 83 84 85 86 87 88 89 104 105 106 107 108 126
[NEIGHBOR-DISCOVERY] [47] 4 5 6 7 8 9 10 24 25 26 27 28 29 30 43 44 45 46 48 49 50 51 64 65 66 67 68 69 70 84 85 86 87 88 89 90 105 106 107 108 109 127
[NEIGHBOR-DISCOVERY] [48] 5 6 7 8 9 10 11 25 26 27 28 29 30 31 44 45 46 47 49 50 51 52 65 66 67 68 69 70 71 85 86 87 88 89 90 91 106 107 108 109 110 128
[NEIGHBOR-DISCOVERY] [49] 6 7 8 9 10 11 12 26 27 28 29 30 31 32 45 46 47 48 50 51 52 53 66 67 68 69 70 71 72 86 87 88 89 90 91 92 107 108 109 110 111 129
[NEIGHBOR-DISCOVERY] [50] 7 8 9 10 11 12 13 27 28 29 30 31 32 33 46 47 48 49 51 52 53 54 67 68 69 70 71 72 73 87 88 89 90 91 92 93 108 109 110 111 112 130
[NEIGHBOR-DISCOVERY] [51] 8 9 10 11 12 13 14 28 29 30 31 32 33 34 47 48 49 50 52 53 54 55 68 69 70 71 72 73 74 88 89 90 91 92 93 94 109 110 111 112 113 131
[NEIGHBOR-DISCOVERY] [52] 9 10 11 12 13 14 15 29 30 31 32 33 34 35 48 49 50 51 53 54 55 56 69 70 71 72 73 74 75 89 90 91 92 93 94 95 110 111 112 113 114 132
[NEIGHBOR-DISCOVERY] [53] 10 11 12 13 14 15 16 30 31 32 33 34 35 36 49 50 51 52 54 55 56 57 70 71 72 73 74 75 76 90 91 92 93 94 95 96 111 112 113 114 115 133
[NEIGHBOR-DISCOVERY] [54] 11 12 13 14 15 16 17 31 32 33 34 35 36 37 50 51 52 53 55 56 57 58 71 72 73 74 75 76 77 91 92 93 94 95 96 97 112 113 114 115 116 134
[NEIGHBOR-DISCOVERY] [55] 12 13 14 15 16 17 18 32 33 34 35 36 37 38 51 52 53 54 56 57 58 59 72 73 74 75 76 77 78 92 93 94 95 96 97 98 113 114 115 116 117 135
[NEIGHBOR-DISCOVERY] [56] 13 14 15 16 17 18 19 33 34 35 36 37 38 39 52 53 54 55 57 58 59 73 74 75 76 77 78 79 93 94 95 96 97 98 99 114 115 116 117 118 136
[NEIGHBOR-DISCOVERY] [57] 14 15 16 17 18 19 34 35 36 37 38 39 53 54 55 56 58 59 74 75 76 77 78 79 94 95 96 97 98 99 115 116 117 118 119 137
[NEIGHBOR-DISCOVERY] [58] 15 16 17 18 19 35 36 37 38 39 54 55 56 57 59 75 76 77 78 79 95 96 97 98 99 116 117 118 119 138
[NEIGHBOR-DISCOVERY] [59] 16 17 18 19 36 37 38 39 55 56 57 58 76 77 78 79 96 97 98 99 117 118 119 139
[NEIGHBOR-DISCOVERY] [60] 0 1 2 20 21 22 23 40 41 42 43 61 62 63 64 80 81 82 83 100 101 102 103 120 121 122 140
[NEIGHBOR-DISCOVERY] [61] 0 1 2 3 20 21 22 23 24 40 41 42 43 44 60 62 63 64 65 80 81 82 83 84 100 101 102 103 104 120 121 122 123 141
[NEIGHBOR-DISCOVERY] [62] 0 1 2 3 4 20 21 22 23 24 25 40 41 42 43 44 45 60 61 63 64 65 66 80 81 82 83 84 85 100 101 102 103 104 105 120 121 122 123 124 142
[NEIGHBOR-DISCOVERY] [63] 1 2 3 4 5 20 21 22 23 24 25 26 40 41 42 43 44 45 46 60 61 62 64 65 66 67 80 81 82 83 84 85 86 100 101 102 103 104 105 106 121 122 123 124 125 143
[NEIGHBOR-DISCOVERY] [64] 2 3 4 5 6 21 22 23 24 25 26 27 41 42 43 44 45 46 47 60 61 62 63 65 66 67 68 81 82 83 84 85 86 87 101 102 103 104 105 106 107 122 123 124 125 126 144
[NEIGHBOR-DISCOVERY] [65] 3 4 5 6 7 22 23 24 25 26 27 28 42 43 44 45 46 47 48 61 62 63 64 66 67 68 69 82 83 84 85 86 87 88 102 103 104 105 106 107 108 123 124 125 126 127 145
[NEIGHBOR-DISCOVERY] [66] 4 5 6 7 8 23 24 25 26 27 28 29 43 44 45 46 47 48 49 62 63 64 65 67 68 69 70 83 84 85 86 87 88 89 103 104 105 106 107 108 109 124 125 126 127 128 146
[NEIGHBOR-DISCOVERY] [67] 5 6 7 8 9 24 25 26 27 28 29 30 44 45 46 47 48 49 50 63 64 65 66 68 69 70 71 84 85 86 87 88 89 90 104 105 106 107 108 109 110 125 126 127 128 129 147
[NEIGHBOR-DISCOVERY] [68] 6 7 8 9 10 25 26 27 28 29 30 31 45 46 47 48 49 50 51 64 65 66 67 69 70 71 72 85 86 87 88 89 90 91 105 106 107 108 109 110 111 126 127 128 129 130 148
[NEIGHBOR-DISCOVERY] [69] 7 8 9 10 11 26 27 28 29 30 31 32 46 47 48 49 50 51 52 65 66 67 68 70 71 72 73 86 87 88 89 90 91 92 106 107 108 109 110 111 112 127 128 129 130 131 149
[NEIGHBOR-DISCOVERY] [70] 8 9 10 11 12 27 28 29 30 31 32 33 47 48 49 50 51 52 53 66 67 68 69 71 72 73 74 87 88 89 90 91 92 93 107 108 109 110 111 112 113 128 129 130 131 132 150
[NEIGHBOR-DISCOVERY] [71] 9 10 11 12 13 28 29 30 31 32 33 34 48 49 50 51 52 53 54 67 68 69 70 72 73 74 75 88 89 90 91 92 93 94 108 109 110 111 112 113 114 129 130 131 132 133 151
[NEIGHBOR-DISCOVERY] [72] 10 11 12 13 14 29 30 31 32 33 34 35 49 50 51 52 53 54 55 68 69 70 71 73 74 75 76 89 90 91 92 93 94 95 109 110 111 112 113 114 115 130 131 132 133 134 152
[NEIGHBOR-DISCOVERY] [73] 11 12 13 14 15 30 31 32 33 34 35 36 50 51 52 53 54 55 56 69 70 71 72 74 75 76 77 90 91 92 93 94 95 96 110 111 112 113 114 115 116 131 132 133 134 135 153
[NEIGHBOR-DISCOVERY] [74] 12 13 14 15 16 31 32 33 34 35 36 37 51 52 53 54 55 56 57 70 71 72 73 75 76 77 78 91 92 93 94 95 96 97 111 112 113 114 115 116 117 132 133 134 135 136 154
[NEIGHBOR-DISCOVERY] [75] 13 14 15 16 17 32 33 34 35 36 37 38 52 53 54 55 56 57 58 71 72 73 74 76 77 78 79 92 93 94 95 96 97 98 112 113 114 115 116 117 118 133 134 135 136 137 155
[NEIGHBOR-DISCOVERY] [76] 14 15 16 17 18 33 34 35 36 37 38 39 53 54 55 56 57 58 59 72 73 74 75 77 78 79 93 94 95 96 97 98 99 113 114 115 116 117 118 119 134 135 136 137 138 156
[NEIGHBOR-DISCOVERY] [77] 15 16 17 18 19 34 35 36 37 38 39 54 55 56 57 58 59 73 74 75 76 78 79 94 95 96 97 98 99 114 115 116 117 118 119 135 136 137 138 139 157
[NEIGHBOR-DISCOVERY] [78] 16 17 18 19 35 36 37 38 39 55 56 57 58 59 74 75 76 77 79 95 96 97 98 99 115 116 117 118 119 136 137 138 139 158
[NEIGHBOR-DISCOVERY] [79] 17 18 19 36 37 38 39 56 57 58 59 75 76 77 78 96 97 98 99 116 117 118 119 137 138 139 159
[NEIGHBOR-DISCOVERY] [80] 0 20 21 22 40 41 42 43 60 61 62 63 81 82 83 84 100 101 102 103 120 121 122 123 140 141 142 160
[NEIGHBOR-DISCOVERY] [81] 1 20 21 22 23 40 41 42 43 44 60 61 62 63 64 80 82 83 84 85 100 101 102 103 104 120 121 122 123 124 140 141 142 143 161
[NEIGHBOR-DISCOVERY] [82] 2 20 21 22 23 24 40 41 42 43 44 45 60 61 62 63 64 65 80 81 83 84 85 86 100 101 102 103 104 105 120 121 122 123 124 125 140 141 142 143 144 162
[NEIGHBOR-DISCOVERY] [83] 3 21 22 23 24 25 40 41 42 43 44 45 46 60 61 62 63 64 65 66 80 81 82 84 85 86 87 100 101 102 103 104 105 106 120 121 122 123 124 125 126 141 142 143 144 145 163
[NEIGHBOR-DISCOVERY] [84] 4 22 23 24 25 26 41 42 43 44 45 46 47 61 62 63 64 65 66 67 80 81 82 83 85 86 87 88 101 102 103 104 105 106 107 121 122 123 124 125 126 127 142 143 144 145 146 164
[NEIGHBOR-DISCOVERY] [85] 5 23 24 25 26 27 42 43 44 45 46 47 48 62 63 64 65 66 67 68 81 82 83 84 86 87 88 89 102 103 104 105 106 107 108 122 123 124 125 126 127 128 143 144 145 146 147 165
[NEIGHBOR-DISCOVERY] [86] 6 24 25 26 27 28 43 44 45 46 47 48 49 63 64 65 66 67 68 69 82 83 84 85 87 88 89 90 103 104 105 106 107 108 109 123 124 125 126 127 128 129 144 145 146 147 148 166
[NEIGHBOR-DISCOVERY] [87] 7 25 26 27 28 29 44 45 46 47 48 49 50 64 65 66 67 68 69 70 83 84 85 86 88 89 90 91 104 105 106 107 108 109 110 124 125 126 127 128 129 130 145 146 147 148 149 167
[NEIGHBOR-DISCOVERY] [88] 8 26 27 28 29 30 45 46 47 48 49 50 51 65 66 67 68 69 70 71 84 85 86 87 89 90 91 92 105 106 107 108 109 110 111 125 126 127 128 129 130 131 146 147 148 149 150 168
[NEIGHBOR-DISCOVERY] [89] 9 27 28 29 30 31 46 47 48 49 50 51 52 66 67 68 69 70 71 72 85 86 87 88 90 91 92 93 106 107 108 109 110 111 112 126 127 128 129 130 131 132 147 148 149 150 151 169
[NEIGHBOR-DISCOVERY] [90] 10 28 29 30 31 32 47 48 49 50 51 52 53 67 68 69 70 71 72 73 86 87 88 89 91 92 93 94 107 108 109 110 111 112 113 127 128 129 130 131 132 133 148 149 150 151 152 170
[NEIGHBOR-DISCOVERY] [91] 11 29 30 31 32 33 48 49 50 51 52 53 54 68 69 70 71 72 73 74 87 88 89 90 92 93 94 95 108 109 110 111 112 113 114 128 129 130 131 132 133 134 149 150 151 152 153 171
[NEIGHBOR-DISCOVERY] [92] 12 30 31 32 33 34 49 50 51 52 53 54 55 69 70 71 72 73 74 75 88 89 90 91 93 94 95 96 109 110 111 112 113 114 115 129 130 131 132 133 134 135 150 151 152 153 154 172
[NEIGHBOR-DISCOVERY] [93] 13 31 32 33 34 35 50 51 52 53 54 55 56 70 71 72 73 74 75 76 89 90 91 92 94 95 96 97 110 111 112 113 114 115 116 130 131 132 133 134 135 136 151 152 153 154 155 173
[NEIGHBOR-DISCOVERY] [94] 14 32 33 34 35 36 51 52 53 54 55 56 57 71 72 73 74 75 76 77 90 91 92 93 95 96 97 98 111 112 113 114 115 116 117 131 132 133 134 135 136 137 152 153 154 155 156 174
[NEIGHBOR-DISCOVERY] [95] 15 33 34 35 36 37 52 53 54 55 56 57 58 72 73 74 75 76 77 78 91 92 93 94 96 97 98 99 112 113 114 115 116 117 118 132 133 134 135 136 137 138 153 154 155 156 157 175
[NEIGHBOR-DISCOVERY] [96] 16 34 35 36 37 38 53 54 55 56 57 58 59 73 74 75 76 77 78 79 92 93 94 95 97 98 99 113 114 115 116 117 118 119 133 134 135 136 137 138 139 154 155 156 157 158 176
[NEIGHBOR-DISCOVERY] [97] 17 35 36 37 38 39 54 55 56 57 58 59 74 75 76 77 78 79 93 94 95 96 98 99 114 115 116 117 118 119 134 135 136 137 138 139 155 156 157 158 159 177
[NEIGHBOR-DISCOVERY] [98] 18 36 37 38 39 55 56 57 58 59 75 76 77 78 79 94 95 96 97 99 115 116 117 118 119 135 136 137 138 139 156 157 158 159 178
[NEIGHBOR-DISCOVERY] [99] 19 37 38 39 56 57 58 59 76 77 78 79 95 96 97 98 116 117 118 119 136 137 138 139 157 158 159 179
[NEIGHBOR-DISCOVERY] [100] 20 40 41 42 60 61 62 63 80 81 82 83 101 102 103 104 120 121 122 123 140 141 142 143 160 161 162 180
[NEIGHBOR-DISCOVERY] [101] 21 40 41 42 43 60 61 62 63 64 80 81 82 83 84 100 102 103 104 105 120 121 122 123 124 140 141 142 143 144 160 161 162 163 181
[NEIGHBOR-DISCOVERY] [102] 22 40 41 42 43 44 60 61 62 63 64 65 80 81 82 83 84 85 100 101 103 104 105 106 120 121 122 123 124 125 140 141 142 143 144 145 160 161 162 163 164 182
[NEIGHBOR-DISCOVERY] [103] 23 41 42 43 44 45 60 61 62 63 64 65 66 80 81 82 83 84 85 86 100 101 102 104 105 106 107 120 121 122 123 124 125 126 140 141 142 143 144 145 146 161 162 163 164 165 183
[NEIGHBOR-DISCOVERY] [104] 24 42 43 44 45 46 61 62 63 64 65 66 67 81 82 83 84 85 86 87 100 101 102 103 105 106 107 108 121 122 123 124 125 126 127 141 142 143 144 145 146 147 162 163 164 165 166 184
[NEIGHBOR-DISCOVERY] [105] 25 43 44 45 46 47 62 63 64 65 66 67 68 82 83 84 85 86 87 88 101 102 103 104 106 107 108 109 122 123 124 125 126 127 128 142 143 144 145 146 147 148 163 164 165 166 167 185
[NEIGHBOR-DISCOVERY] [106] 26 44 45 46 47 48 63 64 65 66 67 68 69 83 84 85 86 87 88 89 102 103 104 105 107 108 109 110 123 124 125 126 127 128 129 143 144 145 146 147 148 149 164 165 166 167 168 186
[NEIGHBOR-DISCOVERY] [107] 27 45 46 47 48 49 64 65 66 67 68 69 70 84 85 86 87 88 89 90 103 104 105 106 108 109 110 111 124 125 126 127 128 129 130 144 145 146 147 148 149 150 165 166 167 168 169 187
[NEIGHBOR-DISCOVERY] [108] 28 46 47 48 49 50 65 66 67 68 69 70 71 85 86 87 88 89 90 91 104 105 106 107 109 110 111 112 125 126 127 128 129 130 131 145 146 147 148 149 150 151 166 167 168 169 170 188
[NEIGHBOR-DISCOVERY] [109] 29 47 48 49 50 51 66 67 68 69 70 71 72 86 87 88 89 90 91 92 105 106 107 108 110 111 112 113 126 127 128 129 130 131 132 146 147 148 149 150 151 152 167 168 169 170 171 189
[NEIGHBOR-DISCOVERY] [110] 30 48 49 50 51 52 67 68 69 70 71 72 73 87 88 89 90 91 92 93 106 107 108 109 111 112 113 114 127 128 129 130 131 132 133 147 148 149 150 151 152 153 168 169 170 171 172 190
[NEIGHBOR-DISCOVERY] [111] 31 49 50 51 52 53 68 69 70 71 72 73 74 88 89 90 91 92 93 94 107 108 109 110 112 113 114 115 128 129 130 131 132 133 134 148 149 150 151 152 153 154 169 170 171 172 173 191
[NEIGHBOR-DISCOVERY] [112] 32 50 51 52 53 54 69 70 71 72 73 74 75 89 90 91 92 93 94 95 108 109 110 111 113 114 115 116 129 130 131 132 133 134 135 149 150 151 152 153 154 155 170 171 172 173 174 192
[NEIGHBOR-DISCOVERY] [113] 33 51 52 53 54 55 70 71 72 73 74 75 76 90 91 92 93 94 95 96 109 110 111 112 114 115 116 117 130 131 132 133 134 135 136 150 151 152 153 154 155 156 171 172 173 174 175 193
[NEIGHBOR-DISCOVERY] [114] 34 52 53 54 55 56 71 72 73 74 75 76 77 91 92 93 94 95 96 97 110 111 112 113 115 116 117 118 131 132 133 134 135 136 137 151 152 153 154 155 156 157 172 173 174 175 176 194
[NEIGHBOR-DISCOVERY] [115] 35 53 54 55 56 57 72 73 74 75 76 77 78 92 93 94 95 96 97 98 111 112 113 114 116 117 118 119 132 133 134 135 136 137 138 152 153 154 155 156 157 158 173 174 175 176 177 195
[NEIGHBOR-DISCOVERY] [116] 36 54 55 56 57 58 73 74 75 76 77 78 79 93 94 95 96 97 98 99 112 113 114 115 117 118 119 133 134 135 136 137 138 139 153 154 155 156 157 158 159 174 175 176 177 178 196
[NEIGHBOR-DISCOVERY] [117] 37 55 56 57 58 59 74 75 76 77 78 79 94 95 96 97 98 99 113 114 115 116 118 119 134 135 136 137 138 139 154 155 156 157 158 159 175 176 177 178 179 197
[NEIGHBOR-DISCOVERY] [118] 38 56 57 58 59 75 76 77 78 79 95 96 97 98 99 114 115 116 117 119 135 136 137 138 139 155 156 157 158 159 176 177 178 179 198
[NEIGHBOR-DISCOVERY] [119] 39 57 58 59 76 77 78 79 96 97 98 99 115 116 117 118 136 137 138 139 156 157 158 159 177 178 179 199
[NEIGHBOR-DISCOVERY] [120] 40 60 61 62 80 81 82 83 100 101 102 103 121 122 123 124 140 141 142 143 160 161 162 163 180 181 182 200
[NEIGHBOR-DISCOVERY] [121] 41 60 61 62 63 80 81 82 83 84 100 101 102 103 104 120 122 123 124 125 140 141 142 143 144 160 161 162 163 164 180 181 182 183 201
[NEIGHBOR-DISCOVERY] [122] 42 60 61 62 63 64 80 81 82 83 84 85 100 101 102 103 104 105 120 121 123 124 125 126 140 141 142 143 144 145 160 161 162 163 164 165 180 181 182 183 184 202
[NEIGHBOR-DISCOVERY] [123] 43 61 62 63 64 65 80 81 82 83 84 85 86 100 101 102 103 104 105 106 120 121 122 124 125 126 127 140 141 142 143 144 145 146 160 161 162 163 164 165 166 181 182 183 184 185 203
[NEIGHBOR-DISCOVERY] [124] 44 62 63 64 65 66 81 82 83 84 85 86 87 101 102 103 104 105 106 107 120 121 122 123 125 126 127 128 141 142 143 144 145 146 147 161 162 163 164 165 166 167 182 183 184 185 186 204
[NEIGHBOR-DISCOVERY] [125] 45 63 64 65 66 67 82 83 84 85 86 87 88 102 103 104 105 106 107 108 121 122 123 124 126 127 128 129 142 143 144 145 146 147 148 162 163 164 165 166 167 168 183 184 185 186 187 205
[NEIGHBOR-DISCOVERY] [126] 46 64 65 66 67 68 83 84 85 86 87 88 89 103 104 105 106 107 108 109 122 123 124 125 127 128 129 130 143 144 145 146 147 148 149 163 164 165 166 167 168 169 184 185 186 187 188 206
[NEIGHBOR-DISCOVERY] [127] 47 65 66 67 68 69 84 85 86 87 88 89 90 104 105 106 107 108 109 110 123 124 125 126 128 129 130 131 144 145 146 147 148 149 150 164 165 166 167 168 169 170 185 186 187 188 189 207
[NEIGHBOR-DISCOVERY] [128] 48 66 67 68 69 70 85 86 87 88 89 90 91 105 106 107 108 109 110 111 124 125 126 127 129 130 131 132 145 146 147 148 149 150 151 165 166 167 168 169 170 171 186 187 188 189 190 208
[NEIGHBOR-DISCOVERY] [129] 49 67 68 69 70 71 86 87 88 89 90 91 92 106 107 108 109 110 111 112 125 126 127 128 130 131 132 133 146 147 148 149 150 151 152 166 167 168 169 170 171 172 187 188 189 190 191 209
[NEIGHBOR-DISCOVERY] [130] 50 68 69 70 71 72 87 88 89 90 91 92 93 107 108 109 110 111 112 113 126 127 128 129 131 132 133 134 147 148 149 150 151 152 153 167 168 169 170 171 172 173 188 189 190 191 192 210
[NEIGHBOR-DISCOVERY] [131] 51 69 70 71 72 73 88 89 90 91 92 93 94 108 109 110 111 112 113 114 127 128 129 130 132 133 134 135 148 149 150 151 152 153 154 168 169 170 171 172 173 174 189 190 191 192 193 211
[NEIGHBOR-DISCOVERY] [132] 52 70 71 72 73 74 89 90 91 92 93 94 95 109 110 111 112 113 114 115 128 129 130 131 133 134 135 136 149 150 151 152 153 154 155 169 170 171 172 173 174 175 190 191 192 193 194 212
[NEIGHBOR-DISCOVERY] [133] 53 71 72 73 74 75 90 91 92 93 94 95 96 110 111 112 113 114 115 116 129 130 131 132 134 135 136 137 150 151 152 153 154 155 156 170 171 172 173 174 175 176 191 192 193 194 195 213
[NEIGHBOR-DISCOVERY] [134] 54 72 73 74 75 76 91 92 93 94 95 96 97 111 112 113 114 115 116 117 130 131 132 133 135 136 137 138 151 152 153 154 155 156 157 171 172 173 174 175 176 177 192 193 194 195 196 214
[NEIGHBOR-DISCOVERY] [135] 55 73 74 75 76 77 92 93 94 95 96 97 98 112 113 114 115 116 117 118 131 132 133 134 136 137 138 139 152 153 154 155 156 157 158 172 173 174 175 176 177 178 193 194 195 196 197 215
[NEIGHBOR-DISCOVERY] [136] 56 74 75 76 77 78 93 94 95 96 97 98 99 113 114 115 116 117 118 119 132 133 134 135 137 138 139 153 154 155 156 157 158 159 173 174 175 176 177 178 179 194 195 196 197 198 216
[NEIGHBOR-DISCOVERY] [137] 57 75 76 77 78 79 94 95 96 97 98 99 114 115 116 117 118 119 133 134 135 136 138 139 154 155 156 157 158 159 174 175 176 177 178 179 195 196 197 198 199 217
[NEIGHBOR-DISCOVERY] [138] 58 76 77 78 79 95 96 97 98 99 115 116 117 118 119 134 135 136 137 139 155 156 157 158 159 175 176 177 178 179 196 197 198 199 218
[NEIGHBOR-DISCOVERY] [139] 59 77 78 79 96 97 98 99 116 117 118 119 135 136 137 138 156 157 158 159 176 177 178 179 197 198 199 219
[NEIGHBOR-DISCOVERY] [140] 60 80 81 82 100 101 102 103 120 121 122 123 141 142 143 144 160 161 162 163 180 181 182 183 200 201 202 220
[NEIGHBOR-DISCOVERY] [141] 61 80 81 82 83 100 101 102 103 104 120 121 122 123 124 140 142 143 144 145 160 161 162 163 164 180 181 182 183 184 200 201 202 203 221
[NEIGHBOR-DISCOVERY] [142] 62 80 81 82 83 84 100 101 102 103 104 105 120 121 122 123 124 125 140 141 143 144 145 146 160 161 162 163 164 165 180 181 182 183 184 185 200 201 202 203 204 222
[NEIGHBOR-DISCOVERY] [143] 63 81 82 83 84 85 100 101 102 103 104 105 106 120 121 122 123 124 125 126 140 141 142 144 145 146 147 160 161 162 163 164 165 166 180 181 182 183 184 185 186 201 202 203 204 205 223
[NEIGHBOR-DISCOVERY] [144] 64 82 83 84 85 86 101 102 103 104 105 106 107 121 122 123 124 125 126 127 140 141 142 143 145 146 147 148 161 162 163 164 165 166 167 181 182 183 184 185 186 187 202 203 204 205 206 224
[NEIGHBOR-DISCOVERY] [145] 65 83 84 85 86 87 102 103 104 105 106 107 108 122 123 124 125 126 127 128 141 142 143 144 146 147 148 149 162 163 164 165 166 167 168 182 183 184 185 186 187 188 203 204 205 206 207 225
[NEIGHBOR-DISCOVERY] [146] 66 84 85 86 87 88 103 104 105 106 107 108 109 123 124 125 126 127 128 129 142 143 144 145 147 148 149 150 163 164 165 166 167 168 169 183 184 185 186 187 188 189 204 205 206 207 208 226
[NEIGHBOR-DISCOVERY] [147] 67 85 86 87 88 89 104 105 106 107 108 109 110 124 125 126 127 128 129 130 143 144 145 146 148 149 150 151 164 165 166 167 168 169 170 184 185 186 187 188 189 190 205 206 207 208 209 227
[NEIGHBOR-DISCOVERY] [148] 68 86 87 88 89 90 105 106 107 108 109 110 111 125 126 127 128 129 130 131 144 145 146 147 149 150 151 152 165 166 167 168 169 170 171 185 186 187 188 189 190 191 206 207 208 209 210 228
[NEIGHBOR-DISCOVERY] [149] 69 87 88 89 90 91 106 107 108 109 110 111 112 126 127 128 129 130 131 132 145 146 147 148 150 151 152 153 166 167 168 169 170 171 172 186 187 188 189 190 191 192 207 208 209 210 211 229
[NEIGHBOR-DISCOVERY] [150] 70 88 89 90 91 92 107 108 109 110 111 112 113 127 128 129 130 131 132 133 146 147 148 149 151 152 153 154 167 168 169 170 171 172 173 187 188 189 190 191 192 193 208 209 210 211 212 230
[NEIGHBOR-DISCOVERY] [151] 71 89 90 91 92 93 108 109 110 111 112 113 114 128 129 130 131 132 133 134 147 148 149 150 152 153 154 155 168 169 170 171 172 173 174 188 189 190 191 192 193 194 209 210 211 212 213 231
[NEIGHBOR-DISCOVERY] [152] 72 90 91 92 93 94 109 110 111 112 113 114 115 129 130 131 132 133 134 135 148 149 150 151 153 154 155 156 169 170 171 172 173 174 175 189 190 191 192 193 194 195 210 211 212 213 214 232
[NEIGHBOR-DISCOVERY] [153] 73 91 92 93 94 95 110 111 112 113 114 115 116 130 131 132 133 134 135 136 149 150 151 152 154 155 156 157 170 171 172 173 174 175 176 190 191 192 193 194 195 196 211 212 213 214 215 233
[NEIGHBOR-DISCOVERY] [154] 74 92 93 94 95 96 111 112 113 114 115 116 117 131 132 133 134 135 136 137 150 151 152 153 155 156 157 158 171 172 173 174 175 176 177 191 192 193 194 195 196 197 212 213 214 215 216 234
[NEIGHBOR-DISCOVERY] [155] 75 93 94 95 96 97 112 113 114 115 116 117 118 132 133 134 135 136 137 138 151 152 153 154 156 157 158 159 172 173 174 175 176 177 178 192 193 194 195 196 197 198 213 214 215 216 217 235
[NEIGHBOR-DISCOVERY] [156] 76 94 95 96 97 98 113 114 115 116 117 118 119 133 134 135 136 137 138 139 152 153 154 155 157 158 159 173 174 175 176 177 178 179 193 194 195 196 197 198 199 214 215 216 217 218 236
[NEIGHBOR-DISCOVERY] [157] 77 95 96 97 98 99 114 115 116 117 118 119 134 135 136 137 138 139 153 154 155 156 158 159 174 175 176 177 178 179 194 195 196 197 198 199 215 216 217 218 219 237
[NEIGHBOR-DISCOVERY] [158] 78 96 97 98 99 115 116 117 118 119 135 136 137 138 139 154 155 156 157 159 175 176 177 178 179 195 196 197 198 199 216 217 218 219 238
[NEIGHBOR-DISCOVERY] [159] 79 97 98 99 116 117 118 119 136 137 138 139 155 156 157 158 176 177 178 179 196 197 198 199 217 218 219 239
[NEIGHBOR-DISCOVERY] [160] 80 100 101 102 120 121 122 123 140 141 142 143 161 162 163 164 180 181 182 183 200 201 202 203 220 221 222 240
[NEIGHBOR-DISCOVERY] [161] 81 100 101 102 103 120 121 122 123 124 140 141 142 143 144 160 162 163 164 165 180 181 182 183 184 200 201 202 203 204 220 221 222 223 241
[NEIGHBOR-DISCOVERY] [162] 82 100 101 102 103 104 120 121 122 123 124 125 140 141 142 143 144 145 160 161 163 164 165 166 180 181 182 183 184 185 200 201 202 203 204 205 220 221 222 223 224 242
[NEIGHBOR-DISCOVERY] [163] 83 101 102 103 104 105 120 121 122 123 124 125 126 140 141 142 143 144 145 146 160 161 162 164 165 166 167 180 181 182 183 184 185 186 200 201 202 203 204 205 206 221 222 223 224 225 243
[NEIGHBOR-DISCOVERY] [164] 84 102 103 104 105 106 121 122 123 124 125 126 127 141 142 143 144 145 146 147 160 161 162 163 165 166 167 168 181 182 183 184 185 186 187 201 202 203 204 205 206 207 222 223 224 225 226 244
[NEIGHBOR-DISCOVERY] [165] 85 103 104 105 106 107 122 123 124 125 126 127 128 142 143 144 145 146 147 148 161 162 163 164 166 167 168 169 182 183 184 185 186 187 188 202 203 204 205 206 207 208 223 224 225 226 227 245
[NEIGHBOR-DISCOVERY] [166] 86 104 105 106 107 108 123 124 125 126 127 128 129 143 144 145 146 147 148 149 162 163 164 165 167 168 169 170 183 184 185 186 187 188 189 203 204 205 206 207 208 209 224 225 226 227 228 246
[NEIGHBOR-DISCOVERY] [167] 87 105 106 107 108 109 124 125 126 127 128 129 130 144 145 146 147 148 149 150 163 164 165 166 168 169 170 171 184 185 186 187 188 189 190 204 205 206 207 208 209 210 225 226 227 228 229 247
[NEIGHBOR-DISCOVERY] [168] 88 106 107 108 109 110 125 126 127 128 129 130 131 145 146 147 148 149 150 151 164 165 166 167 169 170 171 172 185 186 187 188 189 190 191 205 206 207 208 209 210 211 226 227 228 229 230 248
[NEIGHBOR-DISCOVERY] [169] 89 107 108 109 110 111 126 127 128 129 130 131 132 146 147 148 149 150 151 152 165 166 167 168 170 171 172 173 186 187 188 189 190 191 192 206 207 208 209 210 211 212 227 228 229 230 231 249
[NEIGHBOR-DISCOVERY] [170] 90 108 109 110 111 112 127 128 129 130 131 132 133 147 148 149 150 151 152 153 166 167 168 169 171 172 173 174 187 188 189 190 191 192 193 207 208 209 210 211 212 213 228 229 230 231 232 250
[NEIGHBOR-DISCOVERY] [171] 91 109 110 111 112 113 128 129 130 131 132 133 134 148 149 150 151 152 153 154 167 168 169 170 172 173 174 175 188 189 190 191 192 193 194 208 209 210 211 212 213 214 229 230 231 232 233 251
[NEIGHBOR-DISCOVERY] [172] 92 110 111 112 113 114 129 130 131 132 133 134 135 149 150 151 152 153 154 155 168 169 170 171 173 174 175 176 189 190 191 192 193 194 195 209 210 211 212 213 214 215 230 231 232 233 234 252
[NEIGHBOR-DISCOVERY] [173] 93 111 112 113 114 115 130 131 132 133 134 135 136 150 151 152 153 154 155 156 169 170 171 172 174 175 176 177 190 191 192 193 194 195 196 210 211 212 213 214 215 216 231 232 233 234 235 253
[NEIGHBOR-DISCOVERY] [174] 94 112 113 114 115 116 131 132 133 134 135 136 137 151 152 153 154 155 156 157 170 171 172 173 175 176 177 178 191 192 193 194 195 196 197 211 212 213 214 215 216 217 232 233 234 235 236 254
[NEIGHBOR-DISCOVERY] [175] 95 113 114 115 116 117 132 133 134 135 136 137 138 152 153 154 155 156 157 158 171 172 173 174 176 177 178 179 192 193 194 195 196 197 198 212 213 214 215 216 217 218 233 234 235 236 237 255
[NEIGHBOR-DISCOVERY] [176] 96 114 115 116 117 118 133 134 135 136 137 138 139 153 154 155 156 157 158 159 172 173 174 175 177 178 179 193 194 195 196 197 198 199 213 214 215 216 217 218 219 234 235 236 237 238 256
[NEIGHBOR-DISCOVERY] [177] 97 115 116 117 118 119 134 135 136 137 138 139 154 155 156 157 158 159 173 174 175 176 178 179 194 195 196 197 198 199 214 215 216 217 218 219 235 236 237 238 239 257
[NEIGHBOR-DISCOVERY] [178] 98 116 117 118 119 135 136 137 138 139 155 156 157 158 159 174 175 176 177 179 195 196 197 198 199 215 216 217 218 219 236 237 238 239 258
[NEIGHBOR-DISCOVERY] [179] 99 117 118 119 136 137 138 139 156 157 158 159 175 176 177 178 196 197 198 199 216 217 218 219 237 238 239 259
[NEIGHBOR-DISCOVERY] [180] 100 120 121 122 140 141 142 143 160 161 162 163 181 182 183 184 200 201 202 203 220 221 222 223 240 241 242 260
[NEIGHBOR-DISCOVERY] [181] 101 120 121 122 123 140 141 142 143 144 160 161 162 163 164 180 182 183 184 185 200 201 202 203 204 220 221 222 223 224 240 241 242 243 261
[NEIGHBOR-DISCOVERY] [182] 102 120 121 122 123 124 140 141 142 143 144 145 160 161 162 163 164 165 180 181 183 184 185 186 200 201 202 203 204 205 220 221 222 223 224 225 240 241 242 243 244 262
[NEIGHBOR-DISCOVERY] [183] 103 121 122 123 124 125 140 141 142 143 144 145 146 160 161 162 163 164 165 166 180 181 182 184 185 186 187 200 201 202 203 204 205 206 220 221 222 223 224 225 226 241 242 243 244 245 263
[NEIGHBOR-DISCOVERY] [184] 104 122 123 124 125 126 141 142 143 144 145 146 147 161 162 163 164 165 166 167 180 181 182 183 185 186 187 188 201 202 203 204 205 206 207 221 222 223 224 225 226 227 242 243 244 245 246 264
[NEIGHBOR-DISCOVERY] [185] 105 123 124 125 126 127 142 143 144 145 146 147 148 162 163 164 165 166 167 168 181 182 183 184 186 187 188 189 202 203 204 205 206 207 208 222 223 224 225 226 227 228 243 244 245 246 247 265
[NEIGHBOR-DISCOVERY] [186] 106 124 125 126 127 128 143 144 145 146 147 148 149 163 164 165 166 167 168 169 182 183 184 185 187 188 189 190 203 204 205 206 207 208 209 223 224 225 226 227 228 229 244 245 246 247 248 266
[NEIGHBOR-DISCOVERY] [187] 107 125 126 127 128 129 144 145 146 147 148 149 150 164 165 166 167 168 169 170 183 184 185 186 188 189 190 191 204 205 206 207 208 209 210 224 225 226 227 228 229 230 245 246 247 248 249 267
[NEIGHBOR-DISCOVERY] [188] 108 126 127 128 129 130 145 146 147 148 149 150 151 165 166 167 168 169 170 171 184 185 186 187 189 190 191 192 205 206 207 208 209 210 211 225 226 227 228 229 230 231 246 247 248 249 250 268
[NEIGHBOR-DISCOVERY] [189] 109 127 128 129 130 131 146 147 148 149 150 151 152 166 167 168 169 170 171 172 185 186 187 188 190 191 192 193 206 207 208 209 210 211 212 226 227 228 229 230 231 232 247 248 249 250 251 269
[NEIGHBOR-DISCOVERY] [190] 110 128 129 130 131 132 147 148 149 150 151 152 153 167 168 169 170 171 172 173 186 187 188 189 191 192 193 194 207 208 209 210 211 212 213 227 228 229 230 231 232 233 248 249 250 251 252 270
[NEIGHBOR-DISCOVERY] [191] 111 129 130 131 132 133 148 149 150 151 152 153 154 168 169 170 171 172 173 174 187 188 189 190 192 193 194 195 208 209 210 211 212 213 214 228 229 230 231 232 233 234 249 250 251 252 253 271
[NEIGHBOR-DISCOVERY] [192] 112 130 131 132 133 134 149 150 151 152 153 154 155 169 170 171 172 173 174 175 188 189 190 191 193 194 195 196 209 210 211 212 213 214 215 229 230 231 232 233 234 235 250 251 252 253 254 272
[NEIGHBOR-DISCOVERY] [193] 113 131 132 133 134 135 150 151 152 153 154 155 156 170 171 172 173 174 175 176 189 190 191 192 194 195 196 197 210 211 212 213 214 215 216 230 231 232 233 234 235 236 251 252 253 254 255 273
[NEIGHBOR-DISCOVERY] [194] 114 132 133 134 135 136 151 152 153 154 155 156 157 171 172 173 174 175 176 177 190 191 192 193 195 196 197 198 211 212 213 214 215 216 217 231 232 233 234 235 236 237 252 253 254 255 256 274
[NEIGHBOR-DISCOVERY] [195] 115 133 134 135 136 137 152 153 154 155 156 157 158 172 173 174 175 176 177 178 191 192 193 194 196 197 198 199 212 213 214 215 216 217 218 232 233 234 235 236 237 238 253 254 255 256 257 275
[NEIGHBOR-DISCOVERY] [196] 116 134 135 136 137 138 153 154 155 156 157 158 159 173 174 175 176 177 178 179 192 193 194 195 197 198 199 213 214 215 216 217 218 219 233 234 235 236 237 238 239 254 255 256 257 258 276
[NEIGHBOR-DISCOVERY] [197] 117 135 136 137 138 139 154 155 156 157 158 159 174 175 176 177 178 179 193 194 195 196 198 199 214 215 216 217 218 219 234 235 236 237 238 239 255 256 257 258 259 277
[NEIGHBOR-DISCOVERY] [198] 118 136 137 138 139 155 156 157 158 159 175 176 177 178 179 194 195 196 197 199 215 216 217 218 219 235 236 237 238 239 256 257 258 259 278
[NEIGHBOR-DISCOVERY] [199] 119 137 138 139 156 157 158 159 176 177 178 179 195 196 197 198 216 217 218 219 236 237 238 239 257 258 259 279
[NEIGHBOR-DISCOVERY] [200] 120 140 141 142 160 161 162 163 180 181 182 183 201 202 203 204 220 221 222 223 240 241 242 243 260 261 262 280
[NEIGHBOR-DISCOVERY] [201] 121 140 141 142 143 160 161 162 163 164 180 181 182 183 184 200 202 203 204 205 220 221 222 223 224 240 241 242 243 244 260 261 262 263 281
[NEIGHBOR-DISCOVERY] [202] 122 140 141 142 143 144 160 161 162 163 164 165 180 181 182 183 184 185 200 201 203 204 205 206 220 221 222 223 224 225 240 241 242 243 244 245 260 261 262 263 264 282
[NEIGHBOR-DISCOVERY] [203] 123 141 142 143 144 145 160 161 162 163 164 165 166 180 181 182 183 184 185 186 200 201 202 204 205 206 207 220 221 222 223 224 225 226 240 241 242 243 244 245 246 261 262 263 264 265 283
[NEIGHBOR-DISCOVERY] [204] 124 142 143 144 145 146 161 162 163 164 165 166 167 181 182 183 184 185 186 187 200 201 202 203 205 206 207 208 221 222 223 224 225 226 227 241 242 243 244 245 246 247 262 263 264 265 266 284
[NEIGHBOR-DISCOVERY] [205] 125 143 144 145 146 147 162 163 164 165 166 167 168 182 183 184 185 186 187 188 201 202 203 204 206 207 208 209 222 223 224 225 226 227 228 242 243 244 245 246 247 248 263 264 265 266 267 285
[NEIGHBOR-DISCOVERY] [206] 126 144 145 146 147 148 163 164 165 166 167 168 169 183 184 185 186 187 188 189 202 203 204 205 207 208 209 210 223 224 225 226 227 228 229 243 244 245 246 247 248 249 264 265 266 267 268 286
[NEIGHBOR-DISCOVERY] [207] 127 145 146 147 148 149 164 165 166 167 168 169 170 184 185 186 187 188 189 190 203 204 205 206 208 209 210 211 224 225 226 227 228 229 230 244 245 246 247 248 249 250 265 266 267 268 269 287
[NEIGHBOR-DISCOVERY] [208] 128 146 147 148 149 150 165 166 167 168 169 170 171 185 186 187 188 189 190 191 204 205 206 207 209 210 211 212 225 226 227 228 229 230 231 245 246 247 248 249 250 251 266 267 268 269 270 288
[NEIGHBOR-DISCOVERY] [209] 129 147 148 149 150 151 166 167 168 169 170 171 172 186 187 188 189 190 191 192 205 206 207 208 210 211 212 213 226 227 228 229 230 231 232 246 247 248 249 250 251 252 267 268 269 270 271 289
[NEIGHBOR-DISCOVERY] [210] 130 148 149 150 151 152 167 168 169 170 171 172 173 187 188 189 190 191 192 193 206 207 208 209 211 212 213 214 227 228 229 230 231 232 233 247 248 249 250 251 252 253 268 269 270 271 272 290
[NEIGHBOR-DISCOVERY] [211] 131 149 150 151 152 153 168 169 170 171 172 173 174 188 189 190 191 192 193 194 207 208 209 210 212 213 214 215 228 229 230 231 232 233 234 248 249 250 251 252 253 254 269 270 271 272 273 291
[NEIGHBOR-DISCOVERY] [212] 132 150 151 152 153 154 169 170 171 172 173 174 175 189 190 191 192 193 194 195 208 209 210 211 213 214 215 216 229 230 231 232 233 234 235 249 250 251 252 253 254 255 270 271 272 273 274 292
[NEIGHBOR-DISCOVERY] [213] 133 151 152 153 154 155 170 171 172 173 174 175 176 190 191 192 193 194 195 196 209 210 211 212 214 215 216 217 230 231 232 233 234 235 236 250 251 252 253 254 255 256 271 272 273 274 275 293
[NEIGHBOR-DISCOVERY] [214] 134 152 153 154 155 156 171 172 173 174 175 176 177 191 192 193 194 195 196 197 210 211 212 213 215 216 217 218 231 232 233 234 235 236 237 251 252 253 254 255 256 257 272 273 274 275 276 294
[NEIGHBOR-DISCOVERY] [215] 135 153 154 155 156 157 172 173 174 175 176 177 178 192 193 194 195 196 197 198 211 212 213 214 216 217 218 219 232 233 234 235 236 237 238 252 253 254 255 256 257 258 273 274 275 276 277 295
[NEIGHBOR-DISCOVERY] [216] 136 154 155 156 157 158 173 174 175 176 177 178 179 193 194 195 196 197 198 199 212 213 214 215 217 218 219 233 234 235 236 237 238 239 253 254 255 256 257 258 259 274 275 276 277 278 296
[NEIGHBOR-DISCOVERY] [217] 137 155 156 157 158 159 174 175 176 177 178 179 194 195 196 197 198 199 213 214 215 216 218 219 234 235 236 237 238 239 254 255 256 257 258 259 275 276 277 278 279 297
[NEIGHBOR-DISCOVERY] [218] 138 156 157 158 159 175 176 177 178 179 195 196 197 198 199 214 215 216 217 219 235 236 237 238 239 255 256 257 258 259 276 277 278 279 298
[NEIGHBOR-DISCOVERY] [219] 139 157 158 159 176 177 178 179 196 197 198 199 215 216 217 218 236 237 238 239 256 257 258 259 277 278 279 299
[NEIGHBOR-DISCOVERY] [220] 140 160 161 162 180 181 182 183 200 201 202 203 221 222 223 224 240 241 242 243 260 261 262 263 280 281 282 300
[NEIGHBOR-DISCOVERY] [221] 141 160 161 162 163 180 181 182 183 184 200 201 202 203 204 220 222 223 224 225 240 241 242 243 244 260 261 262 263 264 280 281 282 283 301
[NEIGHBOR-DISCOVERY] [222] 142 160 161 162 163 164 180 181 182 183 184 185 200 201 202 203 204 205 220 221 223 224 225 226 240 241 242 243 244 245 260 261 262 263 264 265 280 281 282 283 284 302
[NEIGHBOR-DISCOVERY] [223] 143 161 162 163 164 165 180 181 182 183 184 185 186 200 201 202 203 204 205 206 220 221 222 224 225 226 227 240 241 242 243 244 245 246 260 261 262 263 264 265 266 281 282 283 284 285 303
[NEIGHBOR-DISCOVERY] [224] 144 162 163 164 165 166 181 182 183 184 185 186 187 201 202 203 204 205 206 207 220 221 222 223 225 226 227 228 241 242 243 244 245 246 247 261 262 263 264 265 266 267 282 283 284 285 286 304
[NEIGHBOR-DISCOVERY] [225] 145 163 164 165 166 167 182 183 184 185 186 187 188 202 203 204 205 206 207 208 221 222 223 224 226 227 228 229 242 243 244 245 246 247 248 262 263 264 265 266 267 268 283 284 285 286 287 305
[NEIGHBOR-DISCOVERY] [226] 146 164 165 166 167 168 183 184 185 186 187 188 189 203 204 205 206 207 208 209 222 223 224 225 227 228 229 230 243 244 245 246 247 248 249 263 264 265 266 267 268 269 284 285 286 287 288 306
[NEIGHBOR-DISCOVERY] [227] 147 165 166 167 168 169 184 185 186 187 188 189 190 204 205 206 207 208 209 210 223 224 225 226 228 229 230 231 244 245 246 247 248 249 250 264 265 266 267 268 269 270 285 286 287 288 289 307
[NEIGHBOR-DISCOVERY] [228] 148 166 167 168 169 170 185 186 187 188 189 190 191 205 206 207 208 209 210 211 224 225 226 227 229 230 231 232 245 246 247 248 249 250 251 265 266 267 268 269 270 271 286 287 288 289 290 308
[NEIGHBOR-DISCOVERY] [229] 149 167 168 169 170 171 186 187 188 189 190 191 192 206 207 208 209 210 211 212 225 226 227 228 230 231 232 233 246 247 248 249 250 251 252 266 267 268 269 270 271 272 287 288 289 290 291 309
[NEIGHBOR-DISCOVERY] [230] 150 168 169 170 171 172 187 188 189 190 191 192 193 207 208 209 210 211 212 213 226 227 228 229 231 232 233 234 247 248 249 250 251 252 253 267 268 269 270 271 272 273 288 289 290 291 292 310
[NEIGHBOR-DISCOVERY] [231] 151 169 170 171 172 173 188 189 190 191 192 193 194 208 209 210 211 212 213 214 227 228 229 230 232 233 234 235 248 249 250 251 252 253 254 268 269 270 271 272 273 274 289 290 291 292 293 311
[NEIGHBOR-DISCOVERY] [232] 152 170 171 172 173 174 189 190 191 192 193 194 195 209 210 211 212 213 214 215 228 229 230 231 233 234 235 236 249 250 251 252 253 254 255 269 270 271 272 273 274 275 290 291 292 293 294 312
[NEIGHBOR-DISCOVERY] [233] 153 171 172 173 174 175 190 191 192 193 194 195 196 210 211 212 213 214 215 216 229 230 231 232 234 235 236 237 250 251 252 253 254 255 256 270 271 272 273 274 275 276 291 292 293 294 295 313
[NEIGHBOR-DISCOVERY] [234] 154 172 173 174 175 176 191 192 193 194 195 196 197 211 212 213 214 215 216 217 230 231 232 233 235 236 237 238 251 252 253 254 255 256 257 271 272 273 274 275 276 277 292 293 294 295 296 314
[NEIGHBOR-DISCOVERY] [235] 155 173 174 175 176 177 192 193 194 195 196 197 198 212 213 214 215 216 217 218 231 232 233 234 236 237 238 239 252 253 254 255 256 257 258 272 273 274 275 276 277 278 293 294 295 296 297 315
[NEIGHBOR-DISCOVERY] [236] 156 174 175 176 177 178 193 194 195 196 197 198 199 213 214 215 216 217 218 219 232 233 234 235 237 238 239 253 254 255 256 257 258 259 273 274 275 276 277 278 279 294 295 296 297 298 316
[NEIGHBOR-DISCOVERY] [237] 157 175 176 177 178 179 194 195 196 197 198 199 214 215 216 217 218 219 233 234 235 236 238 239 254 255 256 257 258 259 274 275 276 277 278 279 295 296 297 298 299 317
[NEIGHBOR-DISCOVERY] [238] 158 176 177 178 179 195 196 197 198 199 215 216 217 218 219 234 235 236 237 239 255 256 257 258 259 275 276 277 278 279 296 297 298 299 318
[NEIGHBOR-DISCOVERY] [239] 159 177 178 179 196 197 198 199 216 217 218 219 235 236 237 238 256 257 258 259 276 277 278 279 297 298 299 319
[NEIGHBOR-DISCOVERY] [240] 160 180 181 182 200 201 202 203 220 221 222 223 241 242 243 244 260 261 262 263 280 281 282 283 300 301 302 320
[NEIGHBOR-DISCOVERY] [241] 161 180 181 182 183 200 201 202 203 204 220 221 222 223 224 240 242 243 244 245 260 261 262 263 264 280 281 282 283 284 300 301 302 303 321
[NEIGHBOR-DISCOVERY] [242] 162 180 181 182 183 184 200 201 202 203 204 205 220 221 222 223 224 225 240 241 243 244 245 246 260 261 262 263 264 265 280 281 282 283 284 285 300 301 302 303 304 322
[NEIGHBOR-DISCOVERY] [243] 163 181 182 183 184 185 200 201 202 203 204 205 206 220 221 222 223 224 225 226 240 241 242 244 245 246 247 260 261 262 263 264 265 266 280 281 282 283 284 285 286 301 302 303 304 305 323
[NEIGHBOR-DISCOVERY] [244] 164 182 183 184 185 186 201 202 203 204 205 206 207 221 222 223 224 225 226 227 240 241 242 243 245 246 247 248 261 262 263 264 265 266 267 281 282 283 284 285 286 287 302 303 304 305 306 324
[NEIGHBOR-DISCOVERY] [245] 165 183 184 185 186 187 202 203 204 205 206 207 208 222 223 224 225 226 227 228 241 242 243 244 246 247 248 249 262 263 264 265 266 267 268 282 283 284 285 286 287 288 303 304 305 306 307 325
[NEIGHBOR-DISCOVERY] [246] 166 184 185 186 187 188 203 204 205 206 207 208 209 223 224 225 226 227 228 229 242 243 244 245 247 248 249 250 263 264 265 266 267 268 269 283 284 285 286 287 288 289 304 305 306 307 308 326
[NEIGHBOR-DISCOVERY] [247] 167 185 186 187 188 189 204 205 206 207 208 209 210 224 225 226 227 228 229 230 243 244 245 246 248 249 250 251 264 265 266 267 268 269 270 284 285 286 287 288 289 290 305 306 307 308 309 327
[NEIGHBOR-DISCOVERY] [248] 168 186 187 188 189 190 205 206 207 208 209 210 211 225 226 227 228 229 230 231 244 245 246 247 249 250 251 252 265 266 267 268 269 270 271 285 286 287 288 289 290 291 306 307 308 309 310 328
[NEIGHBOR-DISCOVERY] [249] 169 187 188 189 190 191 206 207 208 209 210 211 212 226 227 228 229 230 231 232 245 246 247 248 250 251 252 253 266 267 268 269 270 271 272 286 287 288 289 290 291 292 307 308 309 310 311 329
[NEIGHBOR-DISCOVERY] [250] 170 188 189 190 191 192 207 208 209 210 211 212 213 227 228 229 230 231 232 233 246 247 248 249 251 252 253 254 267 268 269 270 271 272 273 287 288 289 290 291 292 293 308 309 310 311 312 330
[NEIGHBOR-DISCOVERY] [251] 171 189 190 191 192 193 208 209 210 211 212 213 214 228 229 230 231 232 233 234 247 248 249 250 252 253 254 255 268 269 270 271 272 273 274 288 289 290 291 292 293 294 309 310 311 312 313 331
[NEIGHBOR-DISCOVERY] [252] 172 190 191 192 193 194 209 210 211 212 213 214 215 229 230 231 232 233 234 235 248 249 250 251 253 254 255 256 269 270 271 272 273 274 275 289 290 291 292 293 294 295 310 311 312 313 314 332
[NEIGHBOR-DISCOVERY] [253] 173 191 192 193 194 195 210 211 212 213 214 215 216 230 231 232 233 234 235 236 249 250 251 252 254 255 256 257 270 271 272 273 274 275 276 290 291 292 293 294 295 296 311 312 313 314 315 333
[NEIGHBOR-DISCOVERY] [254] 174 192 193 194 195 196 211 212 213 214 215 216 217 231 232 233 234 235 236 237 250 251 252 253 255 256 257 258 271 272 273 274 275 276 277 291 292 293 294 295 296 297 312 313 314 315 316 334
[NEIGHBOR-DISCOVERY] [255] 175 193 194 195 196 197 212 213 214 215 216 217 218 232 233 234 235 236 237 238 251 252 253 254 256 257 258 259 272 273 274 275 276 277 278 292 293 294 295 296 297 298 313 314 315 316 317 335
[NEIGHBOR-DISCOVERY] [256] 176 194 195 196 197 198 213 214 215 216 217 218 219 233 234 235 236 237 238 239 252 253 254 255 257 258 259 273 274 275 276 277 278 279 293 294 295 296 297 298 299 314 315 316 317 318 336
[NEIGHBOR-DISCOVERY] [257] 177 195 196 197 198 199 214 215 216 217 218 219 234 235 236 237 238 239 253 254 255 256 258 259 274 275 276 277 278 279 294 295 296 297 298 299 315 316 317 318 319 337
[NEIGHBOR-DISCOVERY] [258] 178 196 197 198 199 215 216 217 218 219 235 236 237 238 239 254 255 256 257 259 275 276 277 278 279 295 296 297 298 299 316 317 318 319 338
[NEIGHBOR-DISCOVERY] [259] 179 197 198 199 216 217 218 219 236 237 238 239 255 256 257 258 276 277 278 279 296 297 298 299 317 318 319 339
[NEIGHBOR-DISCOVERY] [260] 180 200 201 202 220 221 222 223 240 241 242 243 261 262 263 264 280 281 282 283 300 301 302 303 320 321 322 340
[NEIGHBOR-DISCOVERY] [261] 181 200 201 202 203 220 221 222 223 224 240 241 242 243 244 260 262 263 264 265 280 281 282 283 284 300 301 302 303 304 320 321 322 323 341
[NEIGHBOR-DISCOVERY] [262] 182 200 201 202 203 204 220 221 222 223 224 225 240 241 242 243 244 245 260 261 263 264 265 266 280 281 282 283 284 285 300 301 302 303 304 305 320 321 322 323 324 342
[NEIGHBOR-DISCOVERY] [263] 183 201 202 203 204 205 220 221 222 223 224 225 226 240 241 242 243 244 245 246 260 261 262 264 265 266 267 280 281 282 283 284 285 286 300 301 302 303 304 305 306 321 322 323 324 325 343
[NEIGHBOR-DISCOVERY] [264] 184 202 203 204 205 206 221 222 223 224 225 226 227 241 242 243 244 245 246 247 260 261 262 263 265 266 267 268 281 282 283 284 285 286 287 301 302 303 304 305 306 307 322 323 324 325 326 344
[NEIGHBOR-DISCOVERY] [265] 185 203 204 205 206 207 222 223 224 225 226 227 228 242 243 244 245 246 247 248 261 262 263 264 266 267 268 269 282 283 284 285 286 287 288 302 303 304 305 306 307 308 323 324 325 326 327 345
[NEIGHBOR-DISCOVERY] [266] 186 204 205 206 207 208 223 224 225 226 227 228 229 243 244 245 246 247 248 249 262 263 264 265 267 268 269 270 283 284 285 286 287 288 289 303 304 305 306 307 308 309 324 325 326 327 328 346
[NEIGHBOR-DISCOVERY] [267] 187 205 206 207 208 209 224 225 226 227 228 229 230 244 245 246 247 248 249 250 263 264 265 266 268 269 270 271 284 285 286 287 288 289 290 304 305 306 307 308 309 310 325 326 327 328 329 347
[NEIGHBOR-DISCOVERY] [268] 188 206 207 208 209 210 225 226 227 228 229 230 231 245 246 247 248 249 250 251 264 265 266 267 269 270 271 272 285 286 287 288 289 290 291 305 306 307 308 309 310 311 326 327 328 329 330 348
[NEIGHBOR-DISCOVERY] [269] 189 207 208 209 210 211 226 227 228 229 230 231 232 246 247 248 249 250 251 252 265 266 267 268 270 271 272 273 286 287 288 289 290 291 292 306 307 308 309 310 311 312 327 328 329 330 331 349
[NEIGHBOR-DISCOVERY] [270] 190 208 209 210 211 212 227 228 229 230 231 232 233 247 248 249 250 251 252 253 266 267 268 269 271 272 273 274 287 288 289 290 291 292 293 307 308 309 310 311 312 313 328 329 330 331 332 350
[NEIGHBOR-DISCOVERY] [271] 191 209 210 211 212 213 228 229 230 231 232 233 234 248 249 250 251 252 253 254 267 268 269 270 272 273 274 275 288 289 290 291 292 293 294 308 309 310 311 312 313 314 329 330 331 332 333 351
[NEIGHBOR-DISCOVERY] [272] 192 210 211 212 213 214 229 230 231 232 233 234 235 249 250 251 252 253 254 255 268 269 270 271 273 274 275 276 289 290 291 292 293 294 295 309 310 311 312 313 314 315 330 331 332 333 334 352
[NEIGHBOR-DISCOVERY] [273] 193 211 212 213 214 215 230 231 232 233 234 235 236 250 251 252 253 254 255 256 269 270 271 272 274 275 276 277 290 291 292 293 294 295 296 310 311 312 313 314 315 316 331 332 333 334 335 353
[NEIGHBOR-DISCOVERY] [274] 194 212 213 214 215 216 231 232 233 234 235 236 237 251 252 253 254 255 256 257 270 271 272 273 275 276 277 278 291 292 293 294 295 296 297 311 312 313 314 315 316 317 332 333 334 335 336 354
[NEIGHBOR-DISCOVERY] [275] 195 213 214 215 216 217 232 233 234 235 236 237 238 252 253 254 255 256 257 258 271 272 273 274 276 277 278 279 292 293 294 295 296 297 298 312 313 314 315 316 317 318 333 334 335 336 337 355
[NEIGHBOR-DISCOVERY] [276] 196 214 215 216 217 218 233 234 235 236 237 238 239 253 254 255 256 257 258 259 272 273 274 275 277 278 279 293 294 295 296 297 298 299 313 314 315 316 317 318 319 334 335 336 337 338 356
[NEIGHBOR-DISCOVERY] [277] 197 215 216 217 218 219 234 235 236 237 238 239 254 255 256 257 258 259 273 274 275 276 278 279 294 295 296 297 298 299 314 315 316 317 318 319 335 336 337 338 339 357
[NEIGHBOR-DISCOVERY] [278] 198 216 217 218 219 235 236 237 238 239 255 256 257 258 259 274 275 276 277 279 295 296 297 298 299 315 316 317 318 319 336 337 338 339 358
[NEIGHBOR-DISCOVERY] [279] 199 217 218 219 236 237 238 239 256 257 258 259 275 276 277 278 296 297 298 299 316 317 318 319 337 338 339 359
[NEIGHBOR-DISCOVERY] [280] 200 220 221 222 240 241 242 243 260 261 262 263 281 282 283 284 300 301 302 303 320 321 322 323 340 341 342 360
[NEIGHBOR-DISCOVERY] [281] 201 220 221 222 223 240 241 242 243 244 260 261 262 263 264 280 282 283 284 285 300 301 302 303 304 320 321 322 323 324 340 341 342 343 361
[NEIGHBOR-DISCOVERY] [282] 202 220 221 222 223 224 240 241 242 243 244 245 260 261 262 263 264 265 280 281 283 284 285 286 300 301 302 303 304 305 320 321 322 323 324 325 340 341 342 343 344 362
[NEIGHBOR-DISCOVERY] [283] 203 221 222 223 224 225 240 241 242 243 244 245 246 260 261 262 263 264 265 266 280 281 282 284 285 286 287 300 301 302 303 304 305 306 320 321 322 323 324 325 326 341 342 343 344 345 363
[NEIGHBOR-DISCOVERY] [284] 204 222 223 224 225 226 241 242 243 244 245 246 247 261 262 263 264 265 266 267 280 281 282 283 285 286 287 288 301 302 303 304 305 306 307 321 322 323 324 325 326 327 342 343 344 345 346 364
[NEIGHBOR-DISCOVERY] [285] 205 223 224 225 226 227 242 243 244 245 246 247 248 262 263 264 265 266 267 268 281 282 283 284 286 287 288 289 302 303 304 305 306 307 308 322 323 324 325 326 327 328 343 344 345 346 347 365
[NEIGHBOR-DISCOVERY] [286] 206 224 225 226 227 228 243 244 245 246 247 248 249 263 264 265 266 267 268 269 282 283 284 285 287 288 289 290 303 304 305 306 307 308 309 323 324 325 326 327 328 329 344 345 346 347 348 366
[NEIGHBOR-DISCOVERY] [287] 207 225 226 227 228 229 244 245 246 247 248 249 250 264 265 266 267 268 269 270 283 284 285 286 288 289 290 291 304 305 306 307 308 309 310 324 325 326 327 328 329 330 345 346 347 348 349 367
[NEIGHBOR-DISCOVERY] [288] 208 226 227 228 229 230 245 246 247 248 249 250 251 265 266 267 268 269 270 271 284 285 286 287 289 290 291 292 305 306 307 308 309 310 311 325 326 327 328 329 330 331 346 347 348 349 350 368
[NEIGHBOR-DISCOVERY] [289] 209 227 228 229 230 231 246 247 248 249 250 251 252 266 267 268 269 270 271 272 285 286 287 288 290 291 292 293 306 307 308 309 310 311 312 326 327 328 329 330 331 332 347 348 349 350 351 369
[NEIGHBOR-DISCOVERY] [290] 210 228 229 230 231 232 247 248 249 250 251 252 253 267 268 269 270 271 272 273 286 287 288 289 291 292 293 294 307 308 309 310 311 312 313 327 328 329 330 331 332 333 348 349 350 351 352 370
[NEIGHBOR-DISCOVERY] [291] 211 229 230 231 232 233 248 249 250 251 252 253 254 268 269 270 271 272 273 274 287 288 289 290 292 293 294 295 308 309 310 311 312 313 314 328 329 330 331 332 333 334 349 350 351 352 353 371
[NEIGHBOR-DISCOVERY] [292] 212 230 231 232 233 234 249 250 251 252 253 254 255 269 270 271 272 273 274 275 288 289 290 291 293 294 295 296 309 310 311 312 313 314 315 329 330 331 332 333 334 335 350 351 352 353 354 372
[NEIGHBOR-DISCOVERY] [293] 213 231 232 233 234 235 250 251 252 253 254 255 256 270 271 272 273 274 275 276 289 290 291 292 294 295 296 297 310 311 312 313 314 315 316 330 331 332 333 334 335 336 351 352 353 354 355 373
[NEIGHBOR-DISCOVERY] [294] 214 232 233 234 235 236 251 252 253 254 255 256 257 271 272 273 274 275 276 277 290 291 292 293 295 296 297 298 311 312 313 314 315 316 317 331 332 333 334 335 336 337 352 353 354 355 356 374
[NEIGHBOR-DISCOVERY] [295] 215 233 234 235 236 237 252 253 254 255 256 257 258 272 273 274 275 276 277 278 291 292 293 294 296 297 298 299 312 313 314 315 316 317 318 332 333 334 335 336 337 338 353 354 355 356 357 375
[NEIGHBOR-DISCOVERY] [296] 216 234 235 236 237 238 253 254 255 256 257 258 259 273 274 275 276 277 278 279 292 293 294 295 297 298 299 313 314 315 316 317 318 319 333 334 335 336 337 338 339 354 355 356 357 358 376
[NEIGHBOR-DISCOVERY] [297] 217 235 236 237 238 239 254 255 256 257 258 259 274 275 276 277 278 279 293 294 295 296 298 299 314 315 316 317 318 319 334 335 336 337 338 339 355 356 357 358 359 377
[NEIGHBOR-DISCOVERY] [298] 218 236 237 238 239 255 256 257 258 259 275 276 277 278 279 294 295 296 297 299 315 316 317 318 319 335 336 337 338 339 356 357 358 359 378
[NEIGHBOR-DISCOVERY] [299] 219 237 238 239 256 257 258 259 276 277 278 279 295 296 297 298 316 317 318 319 336 337 338 339 357 358 359 379
[NEIGHBOR-DISCOVERY] [300] 220 240 241 242 260 261 262 263 280 281 282 283 301 302 303 304 320 321 322 323 340 341 342 343 360 361 362 380
[NEIGHBOR-DISCOVERY] [301] 221 240 241 242 243 260 261 262 263 264 280 281 282 283 284 300 302 303 304 305 320 321 322 323 324 340 341 342 343 344 360 361 362 363 381
[NEIGHBOR-DISCOVERY] [302] 222 240 241 242 243 244 260 261 262 263 264 265 280 281 282 283 284 285 300 301 303 304 305 306 320 321 322 323 324 325 340 341 342 343 344 345 360 361 362 363 364 382
[NEIGHBOR-DISCOVERY] [303] 223 241 242 243 244 245 260 261 262 263 264 265 266 280 281 282 283 284 285 286 300 301 302 304 305 306 307 320 321 322 323 324 325 326 340 341 342 343 344 345 346 361 362 363 364 365 383
[NEIGHBOR-DISCOVERY] [304] 224 242 243 244 245 246 261 262 263 264 265 266 267 281 282 283 284 285 286 287 300 301 302 303 305 306 307 308 321 322 323 324 325 326 327 341 342 343 344 345 346 347 362 363 364 365 366 384
[NEIGHBOR-DISCOVERY] [305] 225 243 244 245 246 247 262 263 264 265 266 267 268 282 283 284 285 286 287 288 301 302 303 304 306 307 308 309 322 323 324 325 326 327 328 342 343 344 345 346 347 348 363 364 365 366 367 385
[NEIGHBOR-DISCOVERY] [306] 226 244 245 246 247 248 263 264 265 266 267 268 269 283 284 285 286 287 288 289 302 303 304 305 307 308 309 310 323 324 325 326 327 328 329 343 344 345 346 347 348 349 364 365 366 367 368 386
[NEIGHBOR-DISCOVERY] [307] 227 245 246 247 248 249 264 265 266 267 268 269 270 284 285 286 287 288 289 290 303 304 305 306 308 309 310 311 324 325 326 327 328 329 330 344 345 346 347 348 349 350 365 366 367 368 369 387
[NEIGHBOR-DISCOVERY] [308] 228 246 247 248 249 250 265 266 267 268 269 270 271 285 286 287 288 289 290 291 304 305 306 307 309 310 311 312 325 326 327 328 329 330 331 345 346 347 348 349 350 351 366 367 368 369 370 388
[NEIGHBOR-DISCOVERY] [309] 229 247 248 249 250 251 266 267 268 269 270 271 272 286 287 288 289 290 291 292 305 306 307 308 310 311 312 313 326 327 328 329 330 331 332 346 347 348 349 350 351 352 367 368 369 370 371 389
[NEIGHBOR-DISCOVERY] [310] 230 248 249 250 251 252 267 268 269 270 271 272 273 287 288 289 290 291 292 293 306 307 308 309 311 312 313 314 327 328 329 330 331 332 333 347 348 349 350 351 352 353 368 369 370 371 372 390
[NEIGHBOR-DISCOVERY] [311] 231 249 250 251 252 253 268 269 270 271 272 273 274 288 289 290 291 292 293 294 307 308 309 310 312 313 314 315 328 329 330 331 332 333 334 348 349 350 351 352 353 354 369 370 371 372 373 391
[NEIGHBOR-DISCOVERY] [312] 232 250 251 252 253 254 269 270 271 272 273 274 275 289 290 291 292 293 294 295 308 309 310 311 313 314 315 316 329 330 331 332 333 334 335 349 350 351 352 353 354 355 370 371 372 373 374 392
[NEIGHBOR-DISCOVERY] [313] 233 251 252 253 254 255 270 271 272 273 274 275 276 290 291 292 293 294 295 296 309 310 311 312 314 315 316 317 330 331 332 333 334 335 336 350 351 352 353 354 355 356 371 372 373 374 375 393
[NEIGHBOR-DISCOVERY] [314] 234 252 253 254 255 256 271 272 273 274 275 276 277 291 292 293 294 295 296 297 310 311 312 313 315 316 317 318 331 332 333 334 335 336 337 351 352 353 354 355 356 357 372 373 374 375 376 394
[NEIGHBOR-DISCOVERY] [315] 235 253 254 255 256 257 272 273 274 275 276 277 278 292 293 294 295 296 297 298 311 312 313 314 316 317 318 319 332 333 334 335 336 337 338 352 353 354 355 356 357 358 373 374 375 376 377 395
[NEIGHBOR-DISCOVERY] [316] 236 254 255 256 257 258 273 274 275 276 277 278 279 293 294 295 296 297 298 299 312 313 314 315 317 318 319 333 334 335 336 337 338 339 353 354 355 356 357 358 359 374 375 376 377 378 396
[NEIGHBOR-DISCOVERY] [317] 237 255 256 257 258 259 274 275 276 277 278 279 294 295 296 297 298 299 313 314 315 316 318 319 334 335 336 337 338 339 354 355 356 357 358 359 375 376 377 378 379 397
[NEIGHBOR-DISCOVERY] [318] 238 256 257 258 259 275 276 277 278 279 295 296 297 298 299 314 315 316 317 319 335 336 337 338 339 355 356 357 358 359 376 377 378 379 398
[NEIGHBOR-DISCOVERY] [319] 239 257 258 259 276 277 278 279 296 297 298 299 315 316 317 318 336 337 338 339 356 357 358 359 377 378 379 399
[NEIGHBOR-DISCOVERY] [320] 240 260 261 262 280 281 282 283 300 301 302 303 321 322 323 324 340 341 342 343 360 361 362 363 380 381 382
[NEIGHBOR-DISCOVERY] [321] 241 260 261 262 263 280 281 282 283 284 300 301 302 303 304 320 322 323 324 325 340 341 342 343 344 360 361 362 363 364 380 381 382 383
[NEIGHBOR-DISCOVERY] [322] 242 260 261 262 263 264 280 281 282 283 284 285 300 301 302 303 304 305 320 321 323 324 325 326 340 341 342 343 344 345 360 361 362 363 364 365 380 381 382 383 384
[NEIGHBOR-DISCOVERY] [323] 243 261 262 263 264 265 280 281 282 283 284 285 286 300 301 302 303 304 305 306 320 321 322 324 325 326 327 340 341 342 343 344 345 346 360 361 362 363 364 365 366 381 382 383 384 385
[NEIGHBOR-DISCOVERY] [324] 244 262 263 264 265 266 281 282 283 284 285 286 287 301 302 303 304 305 306 307 320 321 322 323 325 326 327 328 341 342 343 344 345 346 347 361 362 363 364 365 366 367 382 383 384 385 386
[NEIGHBOR-DISCOVERY] [325] 245 263 264 265 266 267 282 283 284 285 286 287 288 302 303 304 305 306 307 308 321 322 323 324 326 327 328 329 342 343 344 345 346 347 348 362 363 364 365 366 367 368 383 384 385 386 387
[NEIGHBOR-DISCOVERY] [326] 246 264 265 266 267 268 283 284 285 286 287 288 289 303 304 305 306 307 308 309 322 323 324 325 327 328 329 330 343 344 345 346 347 348 349 363 364 365 366 367 368 369 384 385 386 387 388
[NEIGHBOR-DISCOVERY] [327] 247 265 266 267 268 269 284 285 286 287 288 289 290 304 305 306 307 308 309 310 323 324 325 326 328 329 330 331 344 345 346 347 348 349 350 364 365 366 367 368 369 370 385 386 387 388 389
[NEIGHBOR-DISCOVERY] [328] 248 266 267 268 269 270 285 286 287 288 289 290 291 305 306 307 308 309 310 311 324 325 326 327 329 330 331 332 345 346 347 348 349 350 351 365 366 367 368 369 370 371 386 387 388 389 390
[NEIGHBOR-DISCOVERY] [329] 249 267 268 269 270 271 286 287 288 289 290 291 292 306 307 308 309 310 311 312 325 326 327 328 330 331 332 333 346 347 348 349 350 351 352 366 367 368 369 370 371 372 387 388 389 390 391
[NEIGHBOR-DISCOVERY] [330] 250 268 269 270 271 272 287 288 289 290 291 292 293 307 308 309 310 311 312 313 326 327 328 329 331 332 333 334 347 348 349 350 351 352 353 367 368 369 370 371 372 373 388 389 390 391 392
[NEIGHBOR-DISCOVERY] [331] 251 269 270 271 272 273 288 289 290 291 292 293 294 308 309 310 311 312 313 314 327 328 329 330 332 333 334 335 348 349 350 351 352 353 354 368 369 370 371 372 373 374 389 390 391 392 393
[NEIGHBOR-DISCOVERY] [332] 252 270 271 272 273 274 289 290 291 292 293 294 295 309 310 311 312 313 314 315 328 329 330 331 333 334 335 336 349 350 351 352 353 354 355 369 370 371 372 373 374 375 390 391 392 393 394
[NEIGHBOR-DISCOVERY] [333] 253 271 272 273 274 275 290 291 292 293 294 295 296 310 311 312 313 314 315 316 329 330 331 332 334 335 336 337 350 351 352 353 354 355 356 370 371 372 373 374 375 376 391 392 393 394 395
[NEIGHBOR-DISCOVERY] [334] 254 272 273 274 275 276 291 292 293 294 295 296 297 311 312 313 314 315 316 317 330 331 332 333 335 336 337 338 351 352 353 354 355 356 357 371 372 373 374 375 376 377 392 393 394 395 396
[NEIGHBOR-DISCOVERY] [335] 255 273 274 275 276 277 292 293 294 295 296 297 298 312 313 314 315 316 317 318 331 332 333 334 336 337 338 339 352 353 354 355 356 357 358 372 373 374 375 376 377 378 393 394 395 396 397
[NEIGHBOR-DISCOVERY] [336] 256 274 275 276 277 278 293 294 295 296 297 298 299 313 314 315 316 317 318 319 332 333 334 335 337 338 339 353 354 355 356 357 358 359 373 374 375 376 377 378 379 394 395 396 397 398
[NEIGHBOR-DISCOVERY] [337] 257 275 276 277 278 279 294 295 296 297 298 299 314 315 316 317 318 319 333 334 335 336 338 339 354 355 356 357 358 359 374 375 376 377 378 379 395 396 397 398 399
[NEIGHBOR-DISCOVERY] [338] 258 276 277 278 279 295 296 297 298 299 315 316 317 318 319 334 335 336 337 339 355 356 357 358 359 375 376 377 378 379 396 397 398 399
[NEIGHBOR-DISCOVERY] [339] 259 277 278 279 296 297 298 299 316 317 318 319 335 336 337 338 356 357 358 359 376 377 378 379 397 398 399
[NEIGHBOR-DISCOVERY] [340] 260 280 281 282 300 301 302 303 320 321 322 323 341 342 343 344 360 361 362 363 380 381 382 383
[NEIGHBOR-DISCOVERY] [341] 261 280 281 282 283 300 301 302 303 304 320 321 322 323 324 340 342 343 344 345 360 361 362 363 364 380 381 382 383 384
[NEIGHBOR-DISCOVERY] [342] 262 280 281 282 283 284 300 301 302 303 304 305 320 321 322 323 324 325 340 341 343 344 345 346 360 361 362 363 364 365 380 381 382 383 384 385
[NEIGHBOR-DISCOVERY] [343] 263 281 282 283 284 285 300 301 302 303 304 305 306 320 321 322 323 324 325 326 340 341 342 344 345 346 347 360 361 362 363 364 365 366 380 381 382 383 384 385 386
[NEIGHBOR-DISCOVERY] [344] 264 282 283 284 285 286 301 302 303 304 305 306 307 321 322 323 324 325 326 327 340 341 342 343 345 346 347 348 361 362 363 364 365 366 367 381 382 383 384 385 386 387
[NEIGHBOR-DISCOVERY] [345] 265 283 284 285 286 287 302 303 304 305 306 307 308 322 323 324 325 326 327 328 341 342 343 344 346 347 348 349 362 363 364 365 366 367 368 382 383 384 385 386 387 388
[NEIGHBOR-DISCOVERY] [346] 266 284 285 286 287 288 303 304 305 306 307 308 309 323 324 325 326 327 328 329 342 343 344 345 347 348 349 350 363 364 365 366 367 368 369 383 384 385 386 387 388 389
[NEIGHBOR-DISCOVERY] [347] 267 285 286 287 288 289 304 305 306 307 308 309 310 324 325 326 327 328 329 330 343 344 345 346 348 349 350 351 364 365 366 367 368 369 370 384 385 386 387 388 389 390
[NEIGHBOR-DISCOVERY] [348] 268 286 287 288 289 290 305 306 307 308 309 310 311 325 326 327 328 329 330 331 344 345 346 347 349 350 351 352 365 366 367 368 369 370 371 385 386 387 388 389 390 391
[NEIGHBOR-DISCOVERY] [349] 269 287 288 289 290 291 306 307 308 309 310 311 312 326 327 328 329 330 331 332 345 346 347 348 350 351 352 353 366 367 368 369 370 371 372 386 387 388 389 390 391 392
[NEIGHBOR-DISCOVERY] [350] 270 288 289 290 291 292 307 308 309 310 311 312 313 327 328 329 330 331 332 333 346 347 348 349 351 352 353 354 367 368 369 370 371 372 373 387 388 389 390 391 392 393
[NEIGHBOR-DISCOVERY] [351] 271 289 290 291 292 293 308 309 310 311 312 313 314 328 329 330 331 332 333 334 347 348 349 350 352 353 354 355 368 369 370 371 372 373 374 388 389 390 391 392 393 394
[NEIGHBOR-DISCOVERY] [352] 272 290 291 292 293 294 309 310 311 312 313 314 315 329 330 331 332 333 334 335 348 349 350 351 353 354 355 356 369 370 371 372 373 374 375 389 390 391 392 393 394 395
[NEIGHBOR-DISCOVERY] [353] 273 291 292 293 294 295 310 311 312 313 314 315 316 330 331 332 333 334 335 336 349 350 351 352 354 355 356 357 370 371 372 373 374 375 376 390 391 392 393 394 395 396
[NEIGHBOR-DISCOVERY] [354] 274 292 293 294 295 296 311 312 313 314 315 316 317 331 332 333 334 335 336 337 350 351 352 353 355 356 357 358 371 372 373 374 375 376 377 391 392 393 394 395 396 397
[NEIGHBOR-DISCOVERY] [355] 275 293 294 295 296 297 312 313 314 315 316 317 318 332 333 334 335 336 337 338 351 352 353 354 356 357 358 359 372 373 374 375 376 377 378 392 393 394 395 396 397 398
[NEIGHBOR-DISCOVERY] [356] 276 294 295 296 297 298 313 314 315 316 317 318 319 333 334 335 336 337 338 339 352 353 354 355 357 358 359 373 374 375 376 377 378 379 393 394 395 396 397 398 399
[NEIGHBOR-DISCOVERY] [357] 277 295 296 297 298 299 314 315 316 317 318 319 334 335 336 337 338 339 353 354 355 356 358 359 374 375 376 377 378 379 394 395 396 397 398 399
[NEIGHBOR-DISCOVERY] [358] 278 296 297 298 299 315 316 317 318 319 335 336 337 338 339 354 355 356 357 359 375 376 377 378 379 395 396 397 398 399
[NEIGHBOR-DISCOVERY] [359] 279 297 298 299 316 317 318 319 336 337 338 339 355 356 357 358 376 377 378 379 396 397 398 399
[NEIGHBOR-DISCOVERY] [360] 280 300 301 302 320 321 322 323 340 341 342 343 361 362 363 364 380 381 382 383
[NEIGHBOR-DISCOVERY] [361] 281 300 301 302 303 320 321 322 323 324 340 341 342 343 344 360 362 363 364 365 380 381 382 383 384
[NEIGHBOR-DISCOVERY] [362] 282 300 301 302 303 304 320 321 322 323 324 325 340 341 342 343 344 345 360 361 363 364 365 366 380 381 382 383 384 385
[NEIGHBOR-DISCOVERY] [363] 283 301 302 303 304 305 320 321 322 323 324 325 326 340 341 342 343 344 345 346 360 361 362 364 365 366 367 380 381 382 383 384 385 386
[NEIGHBOR-DISCOVERY] [364] 284 302 303 304 305 306 321 322 323 324 325 326 327 341 342 343 344 345 346 347 360 361 362 363 365 366 367 368 381 382 383 384 385 386 387
[NEIGHBOR-DISCOVERY] [365] 285 303 304 305 306 307 322 323 324 325 326 327 328 342 343 344 345 346 347 348 361 362 363 364 366 367 368 369 382 383 384 385 386 387 388
[NEIGHBOR-DISCOVERY] [366] 286 304 305 306 307 308 323 324 325 326 327 328 329 343 344 345 346 347 348 349 362 363 364 365 367 368 369 370 383 384 385 386 387 388 389
[NEIGHBOR-DISCOVERY] [367] 287 305 306 307 308 309 324 325 326 327 328 329 330 344 345 346 347 348 349 350 363 364 365 366 368 369 370 371 384 385 386 387 388 389 390
[NEIGHBOR-DISCOVERY] [368] 288 306 307 308 309 310 325 326 327 328 329 330 331 345 346 347 348 349 350 351 364 365 366 367 369 370 371 372 385 386 387 388 389 390 391
[NEIGHBOR-DISCOVERY] [369] 289 307 308 309 310 311 326 327 328 329 330 331 332 346 347 348 349 350 351 352 365 366 367 368 370 371 372 373 386 387 388 389 390 391 392
[NEIGHBOR-DISCOVERY] [370] 290 308 309 310 311 312 327 328 329 330 331 332 333 347 348 349 350 351 352 353 366 367 368 369 371 372 373 374 387 388 389 390 391 392 393
[NEIGHBOR-DISCOVERY] [371] 291 309 310 311 312 313 328 329 330 331 332 333 334 348 349 350 351 352 353 354 367 368 369 370 372 373 374 375 388 389 390 391 392 393 394
[NEIGHBOR-DISCOVERY] [372] 292 310 311 312 313 314 329 330 331 332 333 334 335 349 350 351 352 353 354 355 368 369 370 371 373 374 375 376 389 390 391 392 393 394 395
[NEIGHBOR-DISCOVERY] [373] 293 311 312 313 314 315 330 331 332 333 334 335 336 350 351 352 353 354 355 356 369 370 371 372 374 375 376 377 390 391 392 393 394 395 396
[NEIGHBOR-DISCOVERY] [374] 294 312 313 314 315 316 331 332 333 334 335 336 337 351 352 353 354 355 356 357 370 371 372 373 375 376 377 378 391 392 393 394 395 396 397
[NEIGHBOR-DISCOVERY] [375] 295 313 314 315 316 317 332 333 334 335 336 337 338 352 353 354 355 356 357 358 371 372 373 374 376 377 378 379 392 393 394 395 396 397 398
[NEIGHBOR-DISCOVERY] [376] 296 314 315 316 317 318 333 334 335 336 337 338 339 353 354 355 356 357 358 359 372 373 374 375 377 378 379 393 394 395 396 397 398 399
[NEIGHBOR-DISCOVERY] [377] 297 315 316 317 318 319 334 335 336 337 338 339 354 355 356 357 358 359 373 374 375 376 378 379 394 395 396 397 398 399
[NEIGHBOR-DISCOVERY] [378] 298 316 317 318 319 335 336 337 338 339 355 356 357 358 359 374 375 376 377 379 395 396 397 398 399
[NEIGHBOR-DISCOVERY] [379] 299 317 318 319 336 337 338 339 356 357 358 359 375 376 377 378 396 397 398 399
[NEIGHBOR-DISCOVERY] [380] 300 320 321 322 340 341 342 343 360 361 362 363 381 382 383 384
[NEIGHBOR-DISCOVERY] [381] 301 320 321 322 323 340 341 342 343 344 360 361 362 363 364 380 382 383 384 385
[NEIGHBOR-DISCOVERY] [382] 302 320 321 322 323 324 340 341 342 343 344 345 360 361 362 363 364 365 380 381 383 384 385 386
[NEIGHBOR-DISCOVERY] [383] 303 321 322 323 324 325 340 341 342 343 344 345 346 360 361 362 363 364 365 366 380 381 382 384 385 386 387
[NEIGHBOR-DISCOVERY] [384] 304 322 323 324 325 326 341 342 343 344 345 346 347 361 362 363 364 365 366 367 380 381 382 383 385 386 387 388
[NEIGHBOR-DISCOVERY] [385] 305 323 324 325 326 327 342 343 344 345 346 347 348 362 363 364 365 366 367 368 381 382 383 384 386 387 388 389
[NEIGHBOR-DISCOVERY] [386] 306 324 325 326 327 328 343 344 345 346 347 348 349 363 364 365 366 367 368 369 382 383 384 385 387 388 389 390
[NEIGHBOR-DISCOVERY] [387] 307 325 326 327 328 329 344 345 346 347 348 349 350 364 365 366 367 368 369 370 383 384 385 386 388 389 390 391
[NEIGHBOR-DISCOVERY] [388] 308 326 327 328 329 330 345 346 347 348 349 350 351 365 366 367 368 369 370 371 384 385 386 387 389 390 391 392
[NEIGHBOR-DISCOVERY] [389] 309 327 328 329 330 331 346 347 348 349 350 351 352 366 367 368 369 370 371 372 385 386 387 388 390 391 392 393
[NEIGHBOR-DISCOVERY] [390] 310 328 329 330 331 332 347 348 349 350 351 352 353 367 368 369 370 371 372 373 386 387 388 389 391 392 393 394
[NEIGHBOR-DISCOVERY] [391] 311 329 330 331 332 333 348 349 350 351 352 353 354 368 369 370 371 372 373 374 387 388 389 390 392 393 394 395
[NEIGHBOR-DISCOVERY] [392] 312 330 331 332 333 334 349 350 351 352 353 354 355 369 370 371 372 373 374 375 388 389 390 391 393 394 395 396
[NEIGHBOR-DISCOVERY] [393] 313 331 332 333 334 335 350 351 352 353 354 355 356 370 371 372 373 374 375 376 389 390 391 392 394 395 396 397
[NEIGHBOR-DISCOVERY] [394] 314 332 333 334 335 336 351 352 353 354 355 356 357 371 372 373 374 375 376 377 390 391 392 393 395 396 397 398
[NEIGHBOR-DISCOVERY] [395] 315 333 334 335 336 337 352 353 354 355 356 357 358 372 373 374 375 376 377 378 391 392 393 394 396 397 398 399
[NEIGHBOR-DISCOVERY] [396] 316 334 335 336 337 338 353 354 355 356 357 358 359 373 374 375 376 377 378 379 392 393 394 395 397 398 399
[NEIGHBOR-DISCOVERY] [397] 317 335 336 337 338 339 354 355 356 357 358 359 374 375 376 377 378 379 393 394 395 396 398 399
[NEIGHBOR-DISCOVERY] [398] 318 336 337 338 339 355 356 357 358 359 375 376 377 378 379 394 395 396 397 399
[NEIGHBOR-DISCOVERY] [399] 319 337 338 339 356 357 358 359 376 377 378 379 395 396 397 398
Step 2: Neighbor Discovery
  Discovery radius: 80m
  Total neighbor links: 8054

[CELL-LEADER] cellId leaderNodeId distanceToCenter
[CELL-LEADER] [0] 0 (0)
[CELL-LEADER] [1] 7 (1.43594)
[CELL-LEADER] [2] 14 (2.87187)
[CELL-LEADER] [3] 19 (35.6922)
[CELL-LEADER] [9999] 120 (69.282)
[CELL-LEADER] [10000] 123 (9.28203)
[CELL-LEADER] [10001] 130 (7.8461)
[CELL-LEADER] [10002] 137 (6.41016)
[CELL-LEADER] [19999] 240 (0)
[CELL-LEADER] [20000] 247 (1.43594)
[CELL-LEADER] [20001] 254 (2.87187)
[CELL-LEADER] [20002] 259 (35.6922)
[CELL-LEADER] [29998] 360 (69.282)
[CELL-LEADER] [29999] 363 (9.28203)
[CELL-LEADER] [30000] 370 (7.8461)
[CELL-LEADER] [30001] 377 (6.41016)
Step 3: Select Cell Leaders
  Total cells: 16
    Cell 0: Leader 0
    Cell 1: Leader 7
    Cell 2: Leader 14
    Cell 3: Leader 19
    Cell 9999: Leader 120
    Cell 10000: Leader 123
    Cell 10001: Leader 130
    Cell 10002: Leader 137
    Cell 19999: Leader 240
    Cell 20000: Leader 247
    Cell 20001: Leader 254
    Cell 20002: Leader 259
    Cell 29998: Leader 360
    Cell 29999: Leader 363
    Cell 30000: Leader 370
    Cell 30001: Leader 377

Step 4: Select Gateway Pairs
  Total gateway pairs: 33

[INTRA-CELL-TREE] nodeId [cellId] parentId1 (destCellId1) parentId2 (destCellId2) ...
[INTRA-CELL-TREE] [0] 0 (0) 3 (1) 80 (9999) 42 (10000)
[INTRA-CELL-TREE] [1] 0 (0) 3 (1) 0 (9999) 42 (10000)
[INTRA-CELL-TREE] [2] 0 (0) 3 (1) 0 (9999) 42 (10000)
[INTRA-CELL-TREE] [3] 0 (0) 3 (1) 0 (9999) 42 (10000)
[INTRA-CELL-TREE] [4] 4 (0) 7 (1) 6 (2) 44 (10000) 6 (10001)
[INTRA-CELL-TREE] [5] 4 (0) 7 (1) 6 (2) 44 (10000) 6 (10001)
[INTRA-CELL-TREE] [6] 4 (0) 7 (1) 10 (2) 44 (10000) 49 (10001)
[INTRA-CELL-TREE] [7] 4 (0) 7 (1) 10 (2) 44 (10000) 49 (10001)
[INTRA-CELL-TREE] [8] 4 (0) 7 (1) 10 (2) 4 (10000) 49 (10001)
[INTRA-CELL-TREE] [9] 5 (0) 7 (1) 10 (2) 5 (10000) 49 (10001)
[INTRA-CELL-TREE] [10] 6 (0) 7 (1) 10 (2) 6 (10000) 49 (10001)
[INTRA-CELL-TREE] [11] 11 (1) 14 (2) 13 (3) 51 (10001) 13 (10002)
[INTRA-CELL-TREE] [12] 11 (1) 14 (2) 13 (3) 51 (10001) 13 (10002)
[INTRA-CELL-TREE] [13] 11 (1) 14 (2) 17 (3) 51 (10001) 56 (10002)
[INTRA-CELL-TREE] [14] 11 (1) 14 (2) 17 (3) 51 (10001) 56 (10002)
[INTRA-CELL-TREE] [15] 11 (1) 14 (2) 17 (3) 11 (10001) 56 (10002)
[INTRA-CELL-TREE] [16] 12 (1) 14 (2) 17 (3) 12 (10001) 56 (10002)
[INTRA-CELL-TREE] [17] 13 (1) 14 (2) 17 (3) 13 (10001) 56 (10002)
[INTRA-CELL-TREE] [18] 18 (2) 19 (3) 58 (10002)
[INTRA-CELL-TREE] [19] 18 (2) 19 (3) 58 (10002)
[INTRA-CELL-TREE] [20] 0 (0) 3 (1) 80 (9999) 42 (10000)
[INTRA-CELL-TREE] [21] 0 (0) 3 (1) 80 (9999) 42 (10000)
[INTRA-CELL-TREE] [22] 0 (0) 3 (1) 80 (9999) 42 (10000)
[INTRA-CELL-TREE] [23] 0 (0) 3 (1) 0 (9999) 42 (10000)
[INTRA-CELL-TREE] [24] 4 (0) 7 (1) 6 (2) 44 (10000) 6 (10001)
[INTRA-CELL-TREE] [25] 4 (0) 7 (1) 6 (2) 44 (10000) 6 (10001)
[INTRA-CELL-TREE] [26] 4 (0) 7 (1) 6 (2) 44 (10000) 49 (10001)
[INTRA-CELL-TREE] [27] 4 (0) 7 (1) 10 (2) 44 (10000) 49 (10001)
[INTRA-CELL-TREE] [28] 5 (0) 7 (1) 10 (2) 5 (10000) 49 (10001)
[INTRA-CELL-TREE] [29] 6 (0) 7 (1) 10 (2) 6 (10000) 49 (10001)
[INTRA-CELL-TREE] [30] 7 (0) 7 (1) 10 (2) 7 (10000) 49 (10001)
[INTRA-CELL-TREE] [31] 11 (1) 14 (2) 13 (3) 51 (10001) 13 (10002)
[INTRA-CELL-TREE] [32] 11 (1) 14 (2) 13 (3) 51 (10001) 13 (10002)
[INTRA-CELL-TREE] [33] 11 (1) 14 (2) 13 (3) 51 (10001) 56 (10002)
[INTRA-CELL-TREE] [34] 11 (1) 14 (2) 17 (3) 51 (10001) 56 (10002)
[INTRA-CELL-TREE] [35] 12 (1) 14 (2) 17 (3) 12 (10001) 56 (10002)
[INTRA-CELL-TREE] [36] 13 (1) 14 (2) 17 (3) 13 (10001) 56 (10002)
[INTRA-CELL-TREE] [37] 14 (1) 14 (2) 17 (3) 14 (10001) 56 (10002)
[INTRA-CELL-TREE] [38] 18 (2) 19 (3) 58 (10002)
[INTRA-CELL-TREE] [39] 18 (2) 19 (3) 58 (10002)
[INTRA-CELL-TREE] [40] 0 (0) 3 (1) 80 (9999) 42 (10000)
[INTRA-CELL-TREE] [41] 0 (0) 3 (1) 80 (9999) 42 (10000)
[INTRA-CELL-TREE] [42] 0 (0) 3 (1) 80 (9999) 42 (10000)
[INTRA-CELL-TREE] [43] 0 (0) 3 (1) 80 (9999) 42 (10000)
[INTRA-CELL-TREE] [44] 4 (0) 7 (1) 6 (2) 44 (10000) 6 (10001)
[INTRA-CELL-TREE] [45] 4 (0) 7 (1) 6 (2) 44 (10000) 49 (10001)
[INTRA-CELL-TREE] [46] 4 (0) 7 (1) 6 (2) 44 (10000) 49 (10001)
[INTRA-CELL-TREE] [47] 4 (0) 7 (1) 10 (2) 44 (10000) 49 (10001)
[INTRA-CELL-TREE] [48] 5 (0) 7 (1) 10 (2) 44 (10000) 49 (10001)
[INTRA-CELL-TREE] [49] 6 (0) 7 (1) 10 (2) 6 (10000) 49 (10001)
[INTRA-CELL-TREE] [50] 7 (0) 7 (1) 10 (2) 7 (10000) 49 (10001)
[INTRA-CELL-TREE] [51] 11 (1) 14 (2) 13 (3) 51 (10001) 13 (10002)
[INTRA-CELL-TREE] [52] 11 (1) 14 (2) 13 (3) 51 (10001) 56 (10002)
[INTRA-CELL-TREE] [53] 11 (1) 14 (2) 13 (3) 51 (10001) 56 (10002)
[INTRA-CELL-TREE] [54] 11 (1) 14 (2) 17 (3) 51 (10001) 56 (10002)
[INTRA-CELL-TREE] [55] 12 (1) 14 (2) 17 (3) 51 (10001) 56 (10002)
[INTRA-CELL-TREE] [56] 13 (1) 14 (2) 17 (3) 13 (10001) 56 (10002)
[INTRA-CELL-TREE] [57] 14 (1) 14 (2) 17 (3) 14 (10001) 56 (10002)
[INTRA-CELL-TREE] [58] 18 (2) 19 (3) 58 (10002)
[INTRA-CELL-TREE] [59] 18 (2) 19 (3) 58 (10002)
[INTRA-CELL-TREE] [60] 0 (0) 0 (1) 80 (9999) 42 (10000)
[INTRA-CELL-TREE] [61] 0 (0) 3 (1) 80 (9999) 42 (10000)
[INTRA-CELL-TREE] [62] 62 (0) 64 (1) 100 (9999) 123 (10000) 63 (10001) 81 (19999) 104 (20000)
[INTRA-CELL-TREE] [63] 62 (0) 64 (1) 100 (9999) 123 (10000) 86 (10001) 81 (19999) 86 (20000)
[INTRA-CELL-TREE] [64] 62 (0) 64 (1) 62 (9999) 123 (10000) 86 (10001) 81 (19999) 86 (20000)
[INTRA-CELL-TREE] [65] 62 (0) 64 (1) 62 (9999) 123 (10000) 86 (10001) 102 (19999) 86 (20000)
[INTRA-CELL-TREE] [66] 4 (0) 7 (1) 6 (2) 44 (10000) 49 (10001)
[INTRA-CELL-TREE] [67] 5 (0) 7 (1) 6 (2) 44 (10000) 49 (10001)
[INTRA-CELL-TREE] [68] 6 (0) 7 (1) 10 (2) 6 (10000) 49 (10001)
[INTRA-CELL-TREE] [69] 69 (1) 71 (2) 87 (10000) 130 (10001) 70 (10002) 87 (20000) 111 (20001)
[INTRA-CELL-TREE] [70] 69 (1) 71 (2) 87 (10000) 130 (10001) 93 (10002) 87 (20000) 93 (20001)
[INTRA-CELL-TREE] [71] 69 (1) 71 (2) 69 (10000) 130 (10001) 93 (10002) 108 (20000) 93 (20001)
[INTRA-CELL-TREE] [72] 69 (1) 71 (2) 69 (10000) 130 (10001) 93 (10002) 109 (20000) 93 (20001)
[INTRA-CELL-TREE] [73] 11 (1) 14 (2) 13 (3) 51 (10001) 56 (10002)
[INTRA-CELL-TREE] [74] 12 (1) 14 (2) 13 (3) 51 (10001) 56 (10002)
[INTRA-CELL-TREE] [75] 13 (1) 14 (2) 17 (3) 13 (10001) 56 (10002)
[INTRA-CELL-TREE] [76] 76 (2) 78 (3) 94 (10001) 137 (10002) 94 (20001) 118 (20002)
[INTRA-CELL-TREE] [77] 76 (2) 78 (3) 94 (10001) 137 (10002) 94 (20001) 118 (20002)
[INTRA-CELL-TREE] [78] 76 (2) 78 (3) 76 (10001) 137 (10002) 115 (20001) 118 (20002)
[INTRA-CELL-TREE] [79] 76 (2) 78 (3) 76 (10001) 137 (10002) 116 (20001) 118 (20002)
[INTRA-CELL-TREE] [80] 0 (0) 0 (1) 80 (9999) 42 (10000)
[INTRA-CELL-TREE] [81] 62 (0) 64 (1) 100 (9999) 123 (10000) 63 (10001) 161 (19999) 104 (20000)
[INTRA-CELL-TREE] [82] 62 (0) 64 (1) 100 (9999) 123 (10000) 86 (10001) 81 (19999) 86 (20000)
[INTRA-CELL-TREE] [83] 62 (0) 64 (1) 100 (9999) 123 (10000) 86 (10001) 81 (19999) 86 (20000)
[INTRA-CELL-TREE] [84] 62 (0) 64 (1) 62 (9999) 123 (10000) 86 (10001) 81 (19999) 86 (20000)
[INTRA-CELL-TREE] [85] 62 (0) 64 (1) 62 (9999) 123 (10000) 86 (10001) 81 (19999) 86 (20000)
[INTRA-CELL-TREE] [86] 63 (0) 64 (1) 63 (9999) 123 (10000) 86 (10001) 103 (19999) 166 (20000)
[INTRA-CELL-TREE] [87] 69 (1) 69 (2) 87 (10000) 130 (10001) 70 (10002) 167 (20000) 130 (20001)
[INTRA-CELL-TREE] [88] 69 (1) 71 (2) 87 (10000) 130 (10001) 70 (10002) 87 (20000) 111 (20001)
[INTRA-CELL-TREE] [89] 69 (1) 71 (2) 87 (10000) 130 (10001) 93 (10002) 87 (20000) 93 (20001)
[INTRA-CELL-TREE] [90] 69 (1) 71 (2) 87 (10000) 130 (10001) 93 (10002) 87 (20000) 93 (20001)
[INTRA-CELL-TREE] [91] 69 (1) 71 (2) 87 (10000) 130 (10001) 93 (10002) 87 (20000) 93 (20001)
[INTRA-CELL-TREE] [92] 69 (1) 71 (2) 69 (10000) 130 (10001) 93 (10002) 109 (20000) 93 (20001)
[INTRA-CELL-TREE] [93] 70 (1) 71 (2) 70 (10000) 130 (10001) 93 (10002) 130 (20000) 173 (20001)
[INTRA-CELL-TREE] [94] 76 (2) 76 (3) 94 (10001) 137 (10002) 174 (20001) 136 (20002)
[INTRA-CELL-TREE] [95] 76 (2) 78 (3) 94 (10001) 137 (10002) 94 (20001) 118 (20002)
[INTRA-CELL-TREE] [96] 76 (2) 78 (3) 94 (10001) 137 (10002) 94 (20001) 118 (20002)
[INTRA-CELL-TREE] [97] 76 (2) 78 (3) 94 (10001) 137 (10002) 94 (20001) 118 (20002)
[INTRA-CELL-TREE] [98] 76 (2) 78 (3) 94 (10001) 137 (10002) 94 (20001) 118 (20002)
[INTRA-CELL-TREE] [99] 76 (2) 78 (3) 76 (10001) 137 (10002) 116 (20001) 118 (20002)
[INTRA-CELL-TREE] [100] 62 (0) 62 (1) 100 (9999) 123 (10000) 63 (10001) 161 (19999) 104 (20000)
[INTRA-CELL-TREE] [101] 62 (0) 64 (1) 100 (9999) 123 (10000) 63 (10001) 161 (19999) 104 (20000)
[INTRA-CELL-TREE] [102] 62 (0) 64 (1) 100 (9999) 123 (10000) 63 (10001) 161 (19999) 104 (20000)
[INTRA-CELL-TREE] [103] 62 (0) 64 (1) 100 (9999) 123 (10000) 86 (10001) 161 (19999) 86 (20000)
[INTRA-CELL-TREE] [104] 62 (0) 64 (1) 100 (9999) 123 (10000) 86 (10001) 81 (19999) 166 (20000)
[INTRA-CELL-TREE] [105] 62 (0) 64 (1) 62 (9999) 123 (10000) 86 (10001) 101 (19999) 166 (20000)
[INTRA-CELL-TREE] [106] 63 (0) 64 (1) 63 (9999) 123 (10000) 86 (10001) 102 (19999) 166 (20000)
[INTRA-CELL-TREE] [107] 69 (1) 69 (2) 87 (10000) 130 (10001) 70 (10002) 167 (20000) 111 (20001)
[INTRA-CELL-TREE] [108] 69 (1) 71 (2) 87 (10000) 130 (10001) 70 (10002) 167 (20000) 111 (20001)
[INTRA-CELL-TREE] [109] 69 (1) 71 (2) 87 (10000) 130 (10001) 70 (10002) 167 (20000) 111 (20001)
[INTRA-CELL-TREE] [110] 69 (1) 71 (2) 87 (10000) 130 (10001) 93 (10002) 87 (20000) 93 (20001)
[INTRA-CELL-TREE] [111] 69 (1) 71 (2) 69 (10000) 130 (10001) 93 (10002) 107 (20000) 173 (20001)
[INTRA-CELL-TREE] [112] 69 (1) 71 (2) 69 (10000) 130 (10001) 93 (10002) 108 (20000) 173 (20001)
[INTRA-CELL-TREE] [113] 70 (1) 71 (2) 70 (10000) 130 (10001) 93 (10002) 109 (20000) 173 (20001)
[INTRA-CELL-TREE] [114] 76 (2) 76 (3) 94 (10001) 137 (10002) 174 (20001) 118 (20002)
[INTRA-CELL-TREE] [115] 76 (2) 78 (3) 94 (10001) 137 (10002) 174 (20001) 118 (20002)
[INTRA-CELL-TREE] [116] 76 (2) 78 (3) 94 (10001) 137 (10002) 174 (20001) 118 (20002)
[INTRA-CELL-TREE] [117] 76 (2) 78 (3) 94 (10001) 137 (10002) 94 (20001) 118 (20002)
[INTRA-CELL-TREE] [118] 76 (2) 78 (3) 76 (10001) 137 (10002) 114 (20001) 198 (20002)
[INTRA-CELL-TREE] [119] 76 (2) 78 (3) 76 (10001) 137 (10002) 115 (20001) 118 (20002)
[INTRA-CELL-TREE] [120] 120 (0) 120 (9999) 120 (10000) 160 (19999)
[INTRA-CELL-TREE] [121] 62 (0) 62 (1) 100 (9999) 123 (10000) 63 (10001) 161 (19999) 104 (20000)
[INTRA-CELL-TREE] [122] 62 (0) 64 (1) 100 (9999) 123 (10000) 63 (10001) 161 (19999) 104 (20000)
[INTRA-CELL-TREE] [123] 62 (0) 64 (1) 100 (9999) 123 (10000) 86 (10001) 161 (19999) 166 (20000)
[INTRA-CELL-TREE] [124] 62 (0) 64 (1) 62 (9999) 123 (10000) 86 (10001) 161 (19999) 166 (20000)
[INTRA-CELL-TREE] [125] 63 (0) 64 (1) 63 (9999) 123 (10000) 86 (10001) 102 (19999) 166 (20000)
[INTRA-CELL-TREE] [126] 64 (0) 64 (1) 83 (9999) 123 (10000) 86 (10001) 103 (19999) 166 (20000)
[INTRA-CELL-TREE] [127] 69 (1) 69 (2) 87 (10000) 130 (10001) 89 (10002) 167 (20000) 130 (20001)
[INTRA-CELL-TREE] [128] 69 (1) 69 (2) 87 (10000) 130 (10001) 70 (10002) 167 (20000) 111 (20001)
[INTRA-CELL-TREE] [129] 69 (1) 71 (2) 87 (10000) 130 (10001) 70 (10002) 167 (20000) 111 (20001)
[INTRA-CELL-TREE] [130] 69 (1) 71 (2) 87 (10000) 130 (10001) 93 (10002) 167 (20000) 173 (20001)
[INTRA-CELL-TREE] [131] 69 (1) 71 (2) 69 (10000) 130 (10001) 93 (10002) 108 (20000) 173 (20001)
[INTRA-CELL-TREE] [132] 70 (1) 71 (2) 70 (10000) 130 (10001) 93 (10002) 109 (20000) 173 (20001)
[INTRA-CELL-TREE] [133] 71 (1) 71 (2) 90 (10000) 130 (10001) 93 (10002) 129 (20000) 173 (20001)
[INTRA-CELL-TREE] [134] 76 (2) 76 (3) 94 (10001) 137 (10002) 174 (20001) 136 (20002)
[INTRA-CELL-TREE] [135] 76 (2) 76 (3) 94 (10001) 137 (10002) 174 (20001) 118 (20002)
[INTRA-CELL-TREE] [136] 76 (2) 78 (3) 94 (10001) 137 (10002) 174 (20001) 198 (20002)
[INTRA-CELL-TREE] [137] 76 (2) 78 (3) 94 (10001) 137 (10002) 174 (20001) 198 (20002)
[INTRA-CELL-TREE] [138] 76 (2) 78 (3) 76 (10001) 137 (10002) 115 (20001) 198 (20002)
[INTRA-CELL-TREE] [139] 77 (2) 78 (3) 77 (10001) 137 (10002) 116 (20001) 198 (20002)
[INTRA-CELL-TREE] [140] 120 (0) 120 (9999) 120 (10000) 160 (19999)
[INTRA-CELL-TREE] [141] 81 (0) 81 (1) 100 (9999) 123 (10000) 82 (10001) 161 (19999) 104 (20000)
[INTRA-CELL-TREE] [142] 62 (0) 62 (1) 100 (9999) 123 (10000) 82 (10001) 161 (19999) 104 (20000)
[INTRA-CELL-TREE] [143] 63 (0) 63 (1) 100 (9999) 123 (10000) 63 (10001) 161 (19999) 166 (20000)
[INTRA-CELL-TREE] [144] 64 (0) 64 (1) 82 (9999) 123 (10000) 86 (10001) 161 (19999) 166 (20000)
[INTRA-CELL-TREE] [145] 65 (0) 65 (1) 83 (9999) 123 (10000) 86 (10001) 102 (19999) 166 (20000)
[INTRA-CELL-TREE] [146] 84 (0) 84 (1) 103 (9999) 123 (10000) 86 (10001) 103 (19999) 166 (20000)
[INTRA-CELL-TREE] [147] 87 (1) 88 (2) 87 (10000) 130 (10001) 89 (10002) 167 (20000) 130 (20001)
[INTRA-CELL-TREE] [148] 87 (1) 88 (2) 87 (10000) 130 (10001) 89 (10002) 167 (20000) 111 (20001)
[INTRA-CELL-TREE] [149] 69 (1) 69 (2) 87 (10000) 130 (10001) 89 (10002) 167 (20000) 111 (20001)
[INTRA-CELL-TREE] [150] 70 (1) 70 (2) 70 (10000) 130 (10001) 70 (10002) 167 (20000) 173 (20001)
[INTRA-CELL-TREE] [151] 71 (1) 71 (2) 89 (10000) 130 (10001) 93 (10002) 108 (20000) 173 (20001)
[INTRA-CELL-TREE] [152] 72 (1) 72 (2) 90 (10000) 130 (10001) 93 (10002) 109 (20000) 173 (20001)
[INTRA-CELL-TREE] [153] 91 (1) 91 (2) 91 (10000) 130 (10001) 93 (10002) 130 (20000) 173 (20001)
[INTRA-CELL-TREE] [154] 94 (2) 95 (3) 94 (10001) 137 (10002) 174 (20001) 136 (20002)
[INTRA-CELL-TREE] [155] 94 (2) 95 (3) 94 (10001) 137 (10002) 174 (20001) 198 (20002)
[INTRA-CELL-TREE] [156] 76 (2) 76 (3) 94 (10001) 137 (10002) 174 (20001) 198 (20002)
[INTRA-CELL-TREE] [157] 77 (2) 77 (3) 77 (10001) 137 (10002) 174 (20001) 198 (20002)
[INTRA-CELL-TREE] [158] 78 (2) 78 (3) 96 (10001) 137 (10002) 115 (20001) 198 (20002)
[INTRA-CELL-TREE] [159] 79 (2) 79 (3) 97 (10001) 137 (10002) 116 (20001) 198 (20002)
[INTRA-CELL-TREE] [160] 120 (0) 120 (9999) 120 (10000) 160 (19999)
[INTRA-CELL-TREE] [161] 81 (0) 81 (1) 100 (9999) 123 (10000) 103 (10001) 161 (19999) 123 (20000)
[INTRA-CELL-TREE] [162] 82 (0) 82 (1) 100 (9999) 123 (10000) 82 (10001) 161 (19999) 166 (20000)
[INTRA-CELL-TREE] [163] 83 (0) 83 (1) 83 (9999) 123 (10000) 83 (10001) 161 (19999) 166 (20000)
[INTRA-CELL-TREE] [164] 84 (0) 84 (1) 102 (9999) 123 (10000) 84 (10001) 161 (19999) 166 (20000)
[INTRA-CELL-TREE] [165] 85 (0) 85 (1) 103 (9999) 123 (10000) 85 (10001) 161 (19999) 166 (20000)
[INTRA-CELL-TREE] [166] 104 (0) 86 (1) 104 (9999) 123 (10000) 86 (10001) 123 (19999) 166 (20000)
[INTRA-CELL-TREE] [167] 87 (1) 108 (2) 87 (10000) 130 (10001) 130 (10002) 167 (20000) 130 (20001)
[INTRA-CELL-TREE] [168] 88 (1) 88 (2) 88 (10000) 130 (10001) 110 (10002) 167 (20000) 130 (20001)
[INTRA-CELL-TREE] [169] 89 (1) 89 (2) 89 (10000) 130 (10001) 89 (10002) 167 (20000) 173 (20001)
[INTRA-CELL-TREE] [170] 90 (1) 90 (2) 90 (10000) 130 (10001) 90 (10002) 167 (20000) 173 (20001)
[INTRA-CELL-TREE] [171] 91 (1) 91 (2) 91 (10000) 130 (10001) 91 (10002) 167 (20000) 173 (20001)
[INTRA-CELL-TREE] [172] 92 (1) 92 (2) 110 (10000) 130 (10001) 92 (10002) 129 (20000) 173 (20001)
[INTRA-CELL-TREE] [173] 111 (1) 93 (2) 130 (10000) 130 (10001) 93 (10002) 130 (20000) 173 (20001)
[INTRA-CELL-TREE] [174] 94 (2) 115 (3) 94 (10001) 137 (10002) 174 (20001) 136 (20002)
[INTRA-CELL-TREE] [175] 95 (2) 95 (3) 95 (10001) 137 (10002) 174 (20001) 198 (20002)
[INTRA-CELL-TREE] [176] 96 (2) 96 (3) 96 (10001) 137 (10002) 174 (20001) 198 (20002)
[INTRA-CELL-TREE] [177] 97 (2) 97 (3) 97 (10001) 137 (10002) 174 (20001) 198 (20002)
[INTRA-CELL-TREE] [178] 98 (2) 98 (3) 98 (10001) 137 (10002) 174 (20001) 198 (20002)
[INTRA-CELL-TREE] [179] 99 (2) 99 (3) 117 (10001) 137 (10002) 136 (20001) 198 (20002)
[INTRA-CELL-TREE] [180] 180 (9999) 181 (10000) 240 (19999) 203 (20000) 240 (29998) 202 (29999)
[INTRA-CELL-TREE] [181] 180 (9999) 181 (10000) 240 (19999) 203 (20000) 240 (29998) 202 (29999)
[INTRA-CELL-TREE] [182] 102 (0) 102 (1) 102 (9999) 123 (10000) 123 (10001) 161 (19999) 123 (20000)
[INTRA-CELL-TREE] [183] 103 (0) 103 (1) 103 (9999) 123 (10000) 103 (10001) 161 (19999) 166 (20000)
[INTRA-CELL-TREE] [184] 104 (0) 104 (1) 104 (9999) 123 (10000) 104 (10001) 161 (19999) 166 (20000)
[INTRA-CELL-TREE] [185] 105 (0) 105 (1) 123 (9999) 123 (10000) 105 (10001) 123 (19999) 166 (20000)
[INTRA-CELL-TREE] [186] 186 (10000) 187 (10001) 204 (19999) 247 (20000) 187 (20001) 204 (29999) 209 (30000)
[INTRA-CELL-TREE] [187] 186 (10000) 187 (10001) 204 (19999) 247 (20000) 210 (20001) 204 (29999) 209 (30000)
[INTRA-CELL-TREE] [188] 186 (10000) 187 (10001) 186 (19999) 247 (20000) 210 (20001) 225 (29999) 209 (30000)
[INTRA-CELL-TREE] [189] 109 (1) 109 (2) 109 (10000) 130 (10001) 130 (10002) 167 (20000) 130 (20001)
[INTRA-CELL-TREE] [190] 110 (1) 110 (2) 110 (10000) 130 (10001) 110 (10002) 167 (20000) 173 (20001)
[INTRA-CELL-TREE] [191] 111 (1) 111 (2) 129 (10000) 130 (10001) 111 (10002) 129 (20000) 173 (20001)
[INTRA-CELL-TREE] [192] 112 (1) 112 (2) 130 (10000) 130 (10001) 112 (10002) 130 (20000) 173 (20001)
[INTRA-CELL-TREE] [193] 193 (10001) 194 (10002) 211 (20000) 254 (20001) 194 (20002) 211 (30000) 216 (30001)
[INTRA-CELL-TREE] [194] 193 (10001) 194 (10002) 211 (20000) 254 (20001) 217 (20002) 211 (30000) 216 (30001)
[INTRA-CELL-TREE] [195] 193 (10001) 194 (10002) 193 (20000) 254 (20001) 217 (20002) 232 (30000) 216 (30001)
[INTRA-CELL-TREE] [196] 116 (2) 116 (3) 116 (10001) 137 (10002) 174 (20001) 198 (20002)
[INTRA-CELL-TREE] [197] 117 (2) 117 (3) 117 (10001) 137 (10002) 174 (20001) 198 (20002)
[INTRA-CELL-TREE] [198] 118 (2) 118 (3) 136 (10001) 137 (10002) 136 (20001) 198 (20002)
[INTRA-CELL-TREE] [199] 119 (2) 119 (3) 137 (10001) 137 (10002) 137 (20001) 198 (20002)
[INTRA-CELL-TREE] [200] 180 (9999) 181 (10000) 240 (19999) 203 (20000) 240 (29998) 202 (29999)
[INTRA-CELL-TREE] [201] 180 (9999) 181 (10000) 240 (19999) 203 (20000) 240 (29998) 202 (29999)
[INTRA-CELL-TREE] [202] 180 (9999) 181 (10000) 240 (19999) 203 (20000) 240 (29998) 282 (29999)
[INTRA-CELL-TREE] [203] 180 (9999) 181 (10000) 240 (19999) 203 (20000) 240 (29998) 202 (29999)
[INTRA-CELL-TREE] [204] 186 (10000) 187 (10001) 204 (19999) 247 (20000) 187 (20001) 284 (29999) 227 (30000)
[INTRA-CELL-TREE] [205] 186 (10000) 187 (10001) 204 (19999) 247 (20000) 187 (20001) 204 (29999) 209 (30000)
[INTRA-CELL-TREE] [206] 186 (10000) 187 (10001) 204 (19999) 247 (20000) 210 (20001) 204 (29999) 209 (30000)
[INTRA-CELL-TREE] [207] 186 (10000) 187 (10001) 204 (19999) 247 (20000) 210 (20001) 204 (29999) 209 (30000)
[INTRA-CELL-TREE] [208] 186 (10000) 187 (10001) 204 (19999) 247 (20000) 210 (20001) 204 (29999) 209 (30000)
[INTRA-CELL-TREE] [209] 186 (10000) 187 (10001) 186 (19999) 247 (20000) 210 (20001) 226 (29999) 289 (30000)
[INTRA-CELL-TREE] [210] 187 (10000) 187 (10001) 187 (19999) 247 (20000) 210 (20001) 247 (29999) 209 (30000)
[INTRA-CELL-TREE] [211] 193 (10001) 194 (10002) 211 (20000) 254 (20001) 194 (20002) 291 (30000) 234 (30001)
[INTRA-CELL-TREE] [212] 193 (10001) 194 (10002) 211 (20000) 254 (20001) 194 (20002) 211 (30000) 216 (30001)
[INTRA-CELL-TREE] [213] 193 (10001) 194 (10002) 211 (20000) 254 (20001) 217 (20002) 211 (30000) 216 (30001)
[INTRA-CELL-TREE] [214] 193 (10001) 194 (10002) 211 (20000) 254 (20001) 217 (20002) 211 (30000) 216 (30001)
[INTRA-CELL-TREE] [215] 193 (10001) 194 (10002) 211 (20000) 254 (20001) 217 (20002) 211 (30000) 216 (30001)
[INTRA-CELL-TREE] [216] 193 (10001) 194 (10002) 193 (20000) 254 (20001) 217 (20002) 233 (30000) 296 (30001)
[INTRA-CELL-TREE] [217] 194 (10001) 194 (10002) 194 (20000) 254 (20001) 217 (20002) 254 (30000) 216 (30001)
[INTRA-CELL-TREE] [218] 218 (10002) 218 (20001) 259 (20002) 298 (30001)
[INTRA-CELL-TREE] [219] 218 (10002) 218 (20001) 259 (20002) 218 (30001)
[INTRA-CELL-TREE] [220] 180 (9999) 181 (10000) 240 (19999) 203 (20000) 240 (29998) 282 (29999)
[INTRA-CELL-TREE] [221] 180 (9999) 181 (10000) 240 (19999) 203 (20000) 240 (29998) 282 (29999)
[INTRA-CELL-TREE] [222] 180 (9999) 181 (10000) 240 (19999) 203 (20000) 240 (29998) 282 (29999)
[INTRA-CELL-TREE] [223] 180 (9999) 181 (10000) 240 (19999) 203 (20000) 240 (29998) 282 (29999)
[INTRA-CELL-TREE] [224] 186 (10000) 187 (10001) 204 (19999) 247 (20000) 187 (20001) 284 (29999) 227 (30000)
[INTRA-CELL-TREE] [225] 186 (10000) 187 (10001) 204 (19999) 247 (20000) 187 (20001) 284 (29999) 227 (30000)
[INTRA-CELL-TREE] [226] 186 (10000) 187 (10001) 204 (19999) 247 (20000) 187 (20001) 284 (29999) 209 (30000)
[INTRA-CELL-TREE] [227] 186 (10000) 187 (10001) 204 (19999) 247 (20000) 210 (20001) 204 (29999) 289 (30000)
[INTRA-CELL-TREE] [228] 186 (10000) 187 (10001) 186 (19999) 247 (20000) 210 (20001) 224 (29999) 289 (30000)
[INTRA-CELL-TREE] [229] 186 (10000) 187 (10001) 186 (19999) 247 (20000) 210 (20001) 225 (29999) 289 (30000)
[INTRA-CELL-TREE] [230] 187 (10000) 187 (10001) 187 (19999) 247 (20000) 210 (20001) 226 (29999) 289 (30000)
[INTRA-CELL-TREE] [231] 193 (10001) 194 (10002) 211 (20000) 254 (20001) 194 (20002) 291 (30000) 234 (30001)
[INTRA-CELL-TREE] [232] 193 (10001) 194 (10002) 211 (20000) 254 (20001) 194 (20002) 291 (30000) 234 (30001)
[INTRA-CELL-TREE] [233] 193 (10001) 194 (10002) 211 (20000) 254 (20001) 194 (20002) 291 (30000) 216 (30001)
[INTRA-CELL-TREE] [234] 193 (10001) 194 (10002) 211 (20000) 254 (20001) 217 (20002) 211 (30000) 296 (30001)
[INTRA-CELL-TREE] [235] 193 (10001) 194 (10002) 193 (20000) 254 (20001) 217 (20002) 231 (30000) 296 (30001)
[INTRA-CELL-TREE] [236] 193 (10001) 194 (10002) 193 (20000) 254 (20001) 217 (20002) 232 (30000) 296 (30001)
[INTRA-CELL-TREE] [237] 194 (10001) 194 (10002) 194 (20000) 254 (20001) 217 (20002) 233 (30000) 296 (30001)
[INTRA-CELL-TREE] [238] 218 (10002) 218 (20001) 259 (20002) 298 (30001)
[INTRA-CELL-TREE] [239] 218 (10002) 218 (20001) 259 (20002) 298 (30001)
[INTRA-CELL-TREE] [240] 180 (9999) 181 (10000) 240 (19999) 203 (20000) 320 (29998) 282 (29999)
[INTRA-CELL-TREE] [241] 180 (9999) 181 (10000) 240 (19999) 203 (20000) 240 (29998) 282 (29999)
[INTRA-CELL-TREE] [242] 180 (9999) 181 (10000) 240 (19999) 203 (20000) 240 (29998) 282 (29999)
[INTRA-CELL-TREE] [243] 181 (9999) 181 (10000) 240 (19999) 203 (20000) 240 (29998) 282 (29999)
[INTRA-CELL-TREE] [244] 186 (10000) 186 (10001) 204 (19999) 247 (20000) 206 (20001) 284 (29999) 227 (30000)
[INTRA-CELL-TREE] [245] 186 (10000) 187 (10001) 204 (19999) 247 (20000) 187 (20001) 284 (29999) 227 (30000)
[INTRA-CELL-TREE] [246] 186 (10000) 187 (10001) 204 (19999) 247 (20000) 187 (20001) 284 (29999) 289 (30000)
[INTRA-CELL-TREE] [247] 186 (10000) 187 (10001) 204 (19999) 247 (20000) 210 (20001) 284 (29999) 289 (30000)
[INTRA-CELL-TREE] [248] 186 (10000) 187 (10001) 186 (19999) 247 (20000) 210 (20001) 225 (29999) 289 (30000)
[INTRA-CELL-TREE] [249] 187 (10000) 187 (10001) 187 (19999) 247 (20000) 210 (20001) 226 (29999) 289 (30000)
[INTRA-CELL-TREE] [250] 188 (10000) 188 (10001) 207 (19999) 247 (20000) 210 (20001) 246 (29999) 289 (30000)
[INTRA-CELL-TREE] [251] 193 (10001) 193 (10002) 211 (20000) 254 (20001) 213 (20002) 291 (30000) 234 (30001)
[INTRA-CELL-TREE] [252] 193 (10001) 194 (10002) 211 (20000) 254 (20001) 194 (20002) 291 (30000) 234 (30001)
[INTRA-CELL-TREE] [253] 193 (10001) 194 (10002) 211 (20000) 254 (20001) 194 (20002) 291 (30000) 296 (30001)
[INTRA-CELL-TREE] [254] 193 (10001) 194 (10002) 211 (20000) 254 (20001) 217 (20002) 291 (30000) 296 (30001)
[INTRA-CELL-TREE] [255] 193 (10001) 194 (10002) 193 (20000) 254 (20001) 217 (20002) 232 (30000) 296 (30001)
[INTRA-CELL-TREE] [256] 194 (10001) 194 (10002) 194 (20000) 254 (20001) 217 (20002) 233 (30000) 296 (30001)
[INTRA-CELL-TREE] [257] 195 (10001) 195 (10002) 214 (20000) 254 (20001) 217 (20002) 253 (30000) 296 (30001)
[INTRA-CELL-TREE] [258] 218 (10002) 218 (20001) 259 (20002) 298 (30001)
[INTRA-CELL-TREE] [259] 218 (10002) 218 (20001) 259 (20002) 298 (30001)
[INTRA-CELL-TREE] [260] 180 (9999) 180 (10000) 240 (19999) 180 (20000) 320 (29998) 282 (29999)
[INTRA-CELL-TREE] [261] 181 (9999) 181 (10000) 240 (19999) 203 (20000) 320 (29998) 282 (29999)
[INTRA-CELL-TREE] [262] 200 (9999) 200 (10000) 240 (19999) 203 (20000) 320 (29998) 282 (29999)
[INTRA-CELL-TREE] [263] 201 (9999) 201 (10000) 240 (19999) 203 (20000) 240 (29998) 282 (29999)
[INTRA-CELL-TREE] [264] 204 (10000) 204 (10001) 204 (19999) 247 (20000) 206 (20001) 284 (29999) 227 (30000)
[INTRA-CELL-TREE] [265] 204 (10000) 204 (10001) 204 (19999) 247 (20000) 206 (20001) 284 (29999) 227 (30000)
[INTRA-CELL-TREE] [266] 186 (10000) 186 (10001) 204 (19999) 247 (20000) 206 (20001) 284 (29999) 289 (30000)
[INTRA-CELL-TREE] [267] 187 (10000) 187 (10001) 187 (19999) 247 (20000) 187 (20001) 284 (29999) 289 (30000)
[INTRA-CELL-TREE] [268] 188 (10000) 188 (10001) 206 (19999) 247 (20000) 210 (20001) 225 (29999) 289 (30000)
[INTRA-CELL-TREE] [269] 207 (10000) 207 (10001) 207 (19999) 247 (20000) 210 (20001) 226 (29999) 289 (30000)
[INTRA-CELL-TREE] [270] 208 (10000) 208 (10001) 208 (19999) 247 (20000) 210 (20001) 247 (29999) 289 (30000)
[INTRA-CELL-TREE] [271] 211 (10001) 211 (10002) 211 (20000) 254 (20001) 213 (20002) 291 (30000) 234 (30001)
[INTRA-CELL-TREE] [272] 211 (10001) 211 (10002) 211 (20000) 254 (20001) 213 (20002) 291 (30000) 234 (30001)
[INTRA-CELL-TREE] [273] 193 (10001) 193 (10002) 211 (20000) 254 (20001) 213 (20002) 291 (30000) 296 (30001)
[INTRA-CELL-TREE] [274] 194 (10001) 194 (10002) 194 (20000) 254 (20001) 194 (20002) 291 (30000) 296 (30001)
[INTRA-CELL-TREE] [275] 195 (10001) 195 (10002) 213 (20000) 254 (20001) 217 (20002) 232 (30000) 296 (30001)
[INTRA-CELL-TREE] [276] 214 (10001) 214 (10002) 214 (20000) 254 (20001) 217 (20002) 233 (30000) 296 (30001)
[INTRA-CELL-TREE] [277] 215 (10001) 215 (10002) 215 (20000) 254 (20001) 217 (20002) 254 (30000) 296 (30001)
[INTRA-CELL-TREE] [278] 218 (10002) 218 (20001) 259 (20002) 298 (30001)
[INTRA-CELL-TREE] [279] 218 (10002) 218 (20001) 259 (20002) 298 (30001)
[INTRA-CELL-TREE] [280] 200 (9999) 200 (10000) 240 (19999) 200 (20000) 320 (29998) 282 (29999)
[INTRA-CELL-TREE] [281] 201 (9999) 201 (10000) 240 (19999) 201 (20000) 320 (29998) 282 (29999)
[INTRA-CELL-TREE] [282] 202 (9999) 202 (10000) 240 (19999) 202 (20000) 320 (29998) 282 (29999)
[INTRA-CELL-TREE] [283] 203 (9999) 203 (10000) 240 (19999) 203 (20000) 320 (29998) 282 (29999)
[INTRA-CELL-TREE] [284] 204 (10000) 204 (10001) 204 (19999) 247 (20000) 247 (20001) 284 (29999) 246 (30000)
[INTRA-CELL-TREE] [285] 205 (10000) 205 (10001) 205 (19999) 247 (20000) 227 (20001) 284 (29999) 289 (30000)
[INTRA-CELL-TREE] [286] 206 (10000) 206 (10001) 206 (19999) 247 (20000) 206 (20001) 284 (29999) 289 (30000)
[INTRA-CELL-TREE] [287] 207 (10000) 207 (10001) 207 (19999) 247 (20000) 207 (20001) 284 (29999) 289 (30000)
[INTRA-CELL-TREE] [288] 208 (10000) 208 (10001) 208 (19999) 247 (20000) 208 (20001) 284 (29999) 289 (30000)
[INTRA-CELL-TREE] [289] 209 (10000) 209 (10001) 227 (19999) 247 (20000) 209 (20001) 246 (29999) 289 (30000)
[INTRA-CELL-TREE] [290] 228 (10000) 210 (10001) 247 (19999) 247 (20000) 210 (20001) 247 (29999) 289 (30000)
[INTRA-CELL-TREE] [291] 211 (10001) 211 (10002) 211 (20000) 254 (20001) 254 (20002) 291 (30000) 253 (30001)
[INTRA-CELL-TREE] [292] 212 (10001) 212 (10002) 212 (20000) 254 (20001) 234 (20002) 291 (30000) 296 (30001)
[INTRA-CELL-TREE] [293] 213 (10001) 213 (10002) 213 (20000) 254 (20001) 213 (20002) 291 (30000) 296 (30001)
[INTRA-CELL-TREE] [294] 214 (10001) 214 (10002) 214 (20000) 254 (20001) 214 (20002) 291 (30000) 296 (30001)
[INTRA-CELL-TREE] [295] 215 (10001) 215 (10002) 215 (20000) 254 (20001) 215 (20002) 291 (30000) 296 (30001)
[INTRA-CELL-TREE] [296] 216 (10001) 216 (10002) 234 (20000) 254 (20001) 216 (20002) 253 (30000) 296 (30001)
[INTRA-CELL-TREE] [297] 235 (10001) 217 (10002) 254 (20000) 254 (20001) 217 (20002) 254 (30000) 296 (30001)
[INTRA-CELL-TREE] [298] 218 (10002) 218 (20001) 259 (20002) 298 (30001)
[INTRA-CELL-TREE] [299] 219 (10002) 219 (20001) 259 (20002) 298 (30001)
[INTRA-CELL-TREE] [300] 220 (9999) 220 (10000) 240 (19999) 220 (20000) 320 (29998) 282 (29999)
[INTRA-CELL-TREE] [301] 221 (9999) 221 (10000) 240 (19999) 221 (20000) 320 (29998) 282 (29999)
[INTRA-CELL-TREE] [302] 302 (19999) 304 (20000) 340 (29998) 363 (29999) 303 (30000)
[INTRA-CELL-TREE] [303] 302 (19999) 304 (20000) 340 (29998) 363 (29999) 326 (30000)
[INTRA-CELL-TREE] [304] 302 (19999) 304 (20000) 302 (29998) 363 (29999) 326 (30000)
[INTRA-CELL-TREE] [305] 302 (19999) 304 (20000) 302 (29998) 363 (29999) 326 (30000)
[INTRA-CELL-TREE] [306] 226 (10000) 226 (10001) 226 (19999) 247 (20000) 247 (20001) 284 (29999) 289 (30000)
[INTRA-CELL-TREE] [307] 227 (10000) 227 (10001) 227 (19999) 247 (20000) 227 (20001) 284 (29999) 289 (30000)
[INTRA-CELL-TREE] [308] 228 (10000) 228 (10001) 246 (19999) 247 (20000) 228 (20001) 246 (29999) 289 (30000)
[INTRA-CELL-TREE] [309] 309 (20000) 311 (20001) 327 (29999) 370 (30000) 310 (30001)
[INTRA-CELL-TREE] [310] 309 (20000) 311 (20001) 327 (29999) 370 (30000) 333 (30001)
[INTRA-CELL-TREE] [311] 309 (20000) 311 (20001) 309 (29999) 370 (30000) 333 (30001)
[INTRA-CELL-TREE] [312] 309 (20000) 311 (20001) 309 (29999) 370 (30000) 333 (30001)
[INTRA-CELL-TREE] [313] 233 (10001) 233 (10002) 233 (20000) 254 (20001) 254 (20002) 291 (30000) 296 (30001)
[INTRA-CELL-TREE] [314] 234 (10001) 234 (10002) 234 (20000) 254 (20001) 234 (20002) 291 (30000) 296 (30001)
[INTRA-CELL-TREE] [315] 235 (10001) 235 (10002) 253 (20000) 254 (20001) 235 (20002) 253 (30000) 296 (30001)
[INTRA-CELL-TREE] [316] 316 (20001) 318 (20002) 334 (30000) 377 (30001)
[INTRA-CELL-TREE] [317] 316 (20001) 318 (20002) 334 (30000) 377 (30001)
[INTRA-CELL-TREE] [318] 316 (20001) 318 (20002) 316 (30000) 377 (30001)
[INTRA-CELL-TREE] [319] 316 (20001) 318 (20002) 316 (30000) 377 (30001)
[INTRA-CELL-TREE] [320] 240 (9999) 240 (10000) 240 (19999) 240 (20000) 320 (29998) 282 (29999)
[INTRA-CELL-TREE] [321] 302 (19999) 304 (20000) 340 (29998) 363 (29999) 303 (30000)
[INTRA-CELL-TREE] [322] 302 (19999) 304 (20000) 340 (29998) 363 (29999) 326 (30000)
[INTRA-CELL-TREE] [323] 302 (19999) 304 (20000) 340 (29998) 363 (29999) 326 (30000)
[INTRA-CELL-TREE] [324] 302 (19999) 304 (20000) 302 (29998) 363 (29999) 326 (30000)
[INTRA-CELL-TREE] [325] 302 (19999) 304 (20000) 302 (29998) 363 (29999) 326 (30000)
[INTRA-CELL-TREE] [326] 303 (19999) 304 (20000) 303 (29998) 363 (29999) 326 (30000)
[INTRA-CELL-TREE] [327] 309 (20000) 309 (20001) 327 (29999) 370 (30000) 310 (30001)
[INTRA-CELL-TREE] [328] 309 (20000) 311 (20001) 327 (29999) 370 (30000) 310 (30001)
[INTRA-CELL-TREE] [329] 309 (20000) 311 (20001) 327 (29999) 370 (30000) 333 (30001)
[INTRA-CELL-TREE] [330] 309 (20000) 311 (20001) 327 (29999) 370 (30000) 333 (30001)
[INTRA-CELL-TREE] [331] 309 (20000) 311 (20001) 327 (29999) 370 (30000) 333 (30001)
[INTRA-CELL-TREE] [332] 309 (20000) 311 (20001) 309 (29999) 370 (30000) 333 (30001)
[INTRA-CELL-TREE] [333] 310 (20000) 311 (20001) 310 (29999) 370 (30000) 333 (30001)
[INTRA-CELL-TREE] [334] 316 (20001) 316 (20002) 334 (30000) 377 (30001)
[INTRA-CELL-TREE] [335] 316 (20001) 318 (20002) 334 (30000) 377 (30001)
[INTRA-CELL-TREE] [336] 316 (20001) 318 (20002) 334 (30000) 377 (30001)
[INTRA-CELL-TREE] [337] 316 (20001) 318 (20002) 334 (30000) 377 (30001)
[INTRA-CELL-TREE] [338] 316 (20001) 318 (20002) 334 (30000) 377 (30001)
[INTRA-CELL-TREE] [339] 316 (20001) 318 (20002) 316 (30000) 377 (30001)
[INTRA-CELL-TREE] [340] 302 (19999) 302 (20000) 340 (29998) 363 (29999) 303 (30000)
[INTRA-CELL-TREE] [341] 302 (19999) 304 (20000) 340 (29998) 363 (29999) 303 (30000)
[INTRA-CELL-TREE] [342] 302 (19999) 304 (20000) 340 (29998) 363 (29999) 303 (30000)
[INTRA-CELL-TREE] [343] 302 (19999) 304 (20000) 340 (29998) 363 (29999) 326 (30000)
[INTRA-CELL-TREE] [344] 302 (19999) 304 (20000) 340 (29998) 363 (29999) 326 (30000)
[INTRA-CELL-TREE] [345] 302 (19999) 304 (20000) 302 (29998) 363 (29999) 326 (30000)
[INTRA-CELL-TREE] [346] 303 (19999) 304 (20000) 303 (29998) 363 (29999) 326 (30000)
[INTRA-CELL-TREE] [347] 309 (20000) 309 (20001) 327 (29999) 370 (30000) 310 (30001)
[INTRA-CELL-TREE] [348] 309 (20000) 311 (20001) 327 (29999) 370 (30000) 310 (30001)
[INTRA-CELL-TREE] [349] 309 (20000) 311 (20001) 327 (29999) 370 (30000) 310 (30001)
[INTRA-CELL-TREE] [350] 309 (20000) 311 (20001) 327 (29999) 370 (30000) 333 (30001)
[INTRA-CELL-TREE] [351] 309 (20000) 311 (20001) 309 (29999) 370 (30000) 333 (30001)
[INTRA-CELL-TREE] [352] 309 (20000) 311 (20001) 309 (29999) 370 (30000) 333 (30001)
[INTRA-CELL-TREE] [353] 310 (20000) 311 (20001) 310 (29999) 370 (30000) 333 (30001)
[INTRA-CELL-TREE] [354] 316 (20001) 316 (20002) 334 (30000) 377 (30001)
[INTRA-CELL-TREE] [355] 316 (20001) 318 (20002) 334 (30000) 377 (30001)
[INTRA-CELL-TREE] [356] 316 (20001) 318 (20002) 334 (30000) 377 (30001)
[INTRA-CELL-TREE] [357] 316 (20001) 318 (20002) 334 (30000) 377 (30001)
[INTRA-CELL-TREE] [358] 316 (20001) 318 (20002) 316 (30000) 377 (30001)
[INTRA-CELL-TREE] [359] 316 (20001) 318 (20002) 316 (30000) 377 (30001)
[INTRA-CELL-TREE] [360] 360 (19999) 360 (29998) 360 (29999)
[INTRA-CELL-TREE] [361] 302 (19999) 302 (20000) 340 (29998) 363 (29999) 303 (30000)
[INTRA-CELL-TREE] [362] 302 (19999) 304 (20000) 340 (29998) 363 (29999) 303 (30000)
[INTRA-CELL-TREE] [363] 302 (19999) 304 (20000) 340 (29998) 363 (29999) 326 (30000)
[INTRA-CELL-TREE] [364] 302 (19999) 304 (20000) 302 (29998) 363 (29999) 326 (30000)
[INTRA-CELL-TREE] [365] 303 (19999) 304 (20000) 303 (29998) 363 (29999) 326 (30000)
[INTRA-CELL-TREE] [366] 304 (19999) 304 (20000) 323 (29998) 363 (29999) 326 (30000)
[INTRA-CELL-TREE] [367] 309 (20000) 309 (20001) 327 (29999) 370 (30000) 329 (30001)
[INTRA-CELL-TREE] [368] 309 (20000) 309 (20001) 327 (29999) 370 (30000) 310 (30001)
[INTRA-CELL-TREE] [369] 309 (20000) 311 (20001) 327 (29999) 370 (30000) 310 (30001)
[INTRA-CELL-TREE] [370] 309 (20000) 311 (20001) 327 (29999) 370 (30000) 333 (30001)
[INTRA-CELL-TREE] [371] 309 (20000) 311 (20001) 309 (29999) 370 (30000) 333 (30001)
[INTRA-CELL-TREE] [372] 310 (20000) 311 (20001) 310 (29999) 370 (30000) 333 (30001)
[INTRA-CELL-TREE] [373] 311 (20000) 311 (20001) 330 (29999) 370 (30000) 333 (30001)
[INTRA-CELL-TREE] [374] 316 (20001) 316 (20002) 334 (30000) 377 (30001)
[INTRA-CELL-TREE] [375] 316 (20001) 316 (20002) 334 (30000) 377 (30001)
[INTRA-CELL-TREE] [376] 316 (20001) 318 (20002) 334 (30000) 377 (30001)
[INTRA-CELL-TREE] [377] 316 (20001) 318 (20002) 334 (30000) 377 (30001)
[INTRA-CELL-TREE] [378] 316 (20001) 318 (20002) 316 (30000) 377 (30001)
[INTRA-CELL-TREE] [379] 317 (20001) 318 (20002) 317 (30000) 377 (30001)
[INTRA-CELL-TREE] [380] 360 (19999) 360 (29998) 360 (29999)
[INTRA-CELL-TREE] [381] 321 (19999) 321 (20000) 340 (29998) 363 (29999) 322 (30000)
[INTRA-CELL-TREE] [382] 302 (19999) 302 (20000) 340 (29998) 363 (29999) 322 (30000)
[INTRA-CELL-TREE] [383] 303 (19999) 303 (20000) 340 (29998) 363 (29999) 303 (30000)
[INTRA-CELL-TREE] [384] 304 (19999) 304 (20000) 322 (29998) 363 (29999) 326 (30000)
[INTRA-CELL-TREE] [385] 305 (19999) 305 (20000) 323 (29998) 363 (29999) 326 (30000)
[INTRA-CELL-TREE] [386] 324 (19999) 324 (20000) 343 (29998) 363 (29999) 326 (30000)
[INTRA-CELL-TREE] [387] 327 (20000) 328 (20001) 327 (29999) 370 (30000) 329 (30001)
[INTRA-CELL-TREE] [388] 327 (20000) 328 (20001) 327 (29999) 370 (30000) 329 (30001)
[INTRA-CELL-TREE] [389] 309 (20000) 309 (20001) 327 (29999) 370 (30000) 329 (30001)
[INTRA-CELL-TREE] [390] 310 (20000) 310 (20001) 310 (29999) 370 (30000) 310 (30001)
[INTRA-CELL-TREE] [391] 311 (20000) 311 (20001) 329 (29999) 370 (30000) 333 (30001)
[INTRA-CELL-TREE] [392] 312 (20000) 312 (20001) 330 (29999) 370 (30000) 333 (30001)
[INTRA-CELL-TREE] [393] 331 (20000) 331 (20001) 331 (29999) 370 (30000) 333 (30001)
[INTRA-CELL-TREE] [394] 334 (20001) 335 (20002) 334 (30000) 377 (30001)
[INTRA-CELL-TREE] [395] 334 (20001) 335 (20002) 334 (30000) 377 (30001)
[INTRA-CELL-TREE] [396] 316 (20001) 316 (20002) 334 (30000) 377 (30001)
[INTRA-CELL-TREE] [397] 317 (20001) 317 (20002) 317 (30000) 377 (30001)
[INTRA-CELL-TREE] [398] 318 (20001) 318 (20002) 336 (30000) 377 (30001)
[INTRA-CELL-TREE] [399] 319 (20001) 319 (20002) 337 (30000) 377 (30001)
Step 5: Build Intra-Cell Routing Trees
  Total routing entries: 400

Step 6: Enhance Routing for Gateway Access
  Routing tree enhanced for cross-cell communication

Step 7: Validate Routing Trees
  Routing tree validation completed

Step 8: Finalize Ground Node States
  All node states finalized

[SUSPICIOUS-POINT] seedPos.x seedPos.y
[SUSPICIOUS-POINT] 380 180
[SUSPICIOUS-REGION] nodeId1 nodeId2 ... (Cell: cell1 cell2 ...)
[SUSPICIOUS-REGION]  11 12 13 14 15 16 17 31 32 33 34 35 36 37 51 52 53 54 55 56 57 73 74 75 76 77 78 79 94 95 96 97 98 99 114 115 116 117 118 119 134 135 136 137 138 139 154 155 156 157 158 159 174 175 176 177 178 179 193 194 195 196 197 198 199 211 212 213 214 215 216 217 231 232 233 234 235 236 237 251 252 253 254 255 256 257 271 272 273 274 275 276 277 291 292 293 294 295 296 297 313 314 315 316 317 318 319 334 335 336 337 338 339 354 355 356 357 358 359 374 375 376 377 378 379 394 395 396 397 398 399 (Cells:  2 10002 20001 30001)
Step 9: Select Suspicious Region
  Suspicious nodes: 131
  Coverage: 32.8%
  Node IDs: 11 12 13 14 15 16 17 31 32 33 34 35 36 37 51 52 53 54 55 56 57 73 74 75 76 77 78 79 94 95 96 97 98 99 114 115 116 117 118 119 134 135 136 137 138 139 154 155 156 157 158 159 174 175 176 177 178 179 193 194 195 196 197 198 199 211 212 213 214 215 216 217 231 232 233 234 235 236 237 251 252 253 254 255 256 257 271 272 273 274 275 276 277 291 292 293 294 295 296 297 313 314 315 316 317 318 319 334 335 336 337 338 339 354 355 356 357 358 359 374 375 376 377 378 379 394 395 396 397 398 399 

[FRAGMENTS] 17306px(0.206) 17306px(0.206) 17306px(0.206) 17306px(0.206) 17306px(0.206) 17306px(0.206) 17305px(0.206) 17305px(0.206) 17305px(0.206) 17305px(0.206)
Step 10: Generate Fragments
  Total fragments: 10
  Total confidence: 0.900

[UAV2-SELECT] step=1 pos=(300.0,80.0) gain=44 covered=44/131 travelDistance=438.6 score=2.0
[UAV2-SELECT] step=2 pos=(300.0,60.0) gain=18 covered=62/131 travelDistance=20.0 score=18.0
[UAV2-SELECT] step=3 pos=(300.0,200.0) gain=41 covered=103/131 travelDistance=140.0 score=5.9
[UAV2-SELECT] step=4 pos=(300.0,300.0) gain=28 covered=131/131 travelDistance=100.0 score=5.6
[UAV-PATH] uav2NodeId strategy totalDistance totalTime flightSpeed hoverTime avgSpeed broadcastRadius coverage waypoints: (x1, y1) (x2, y2) ...
[UAV-PATH] 402 strategy=GreedyMaxCoverageCost totalDistance=698.6m totalTime=34.9s flightSpeed=20.0m/s hoverTime=0.0s avgSpeed=20.0m/s broadcastRadius=50.0m coverage=131/131 waypoints: (300.0,80.0) (300.0,60.0) (300.0,200.0) (300.0,300.0)
[UAV-PATH] 401 strategy=GreedyNearestNeighbor totalDistance=2968.3m totalTime=2324.8s flightSpeed=20.0m/s hoverTime=16.6s avgSpeed=20.0m/s waypoints: (220.0,0.0) (240.0,0.0) (260.0,0.0) (280.0,0.0) (300.0,0.0) (320.0,0.0) (340.0,0.0) (340.0,20.0) (320.0,20.0) (300.0,20.0) (280.0,20.0) (260.0,20.0) (240.0,20.0) (220.0,20.0) (220.0,40.0) (240.0,40.0) (260.0,40.0) (280.0,40.0) (300.0,40.0) (320.0,40.0) (340.0,40.0) (340.0,60.0) (320.0,60.0) (300.0,60.0) (280.0,60.0) (260.0,60.0) (280.0,80.0) (300.0,80.0) (320.0,80.0) (340.0,80.0) (360.0,80.0) (360.0,60.0) (380.0,60.0) (380.0,80.0) (380.0,100.0) (360.0,100.0) (340.0,100.0) (320.0,100.0) (300.0,100.0) (280.0,100.0) (280.0,120.0) (300.0,120.0) (320.0,120.0) (340.0,120.0) (360.0,120.0) (380.0,120.0) (380.0,140.0) (360.0,140.0) (340.0,140.0) (320.0,140.0) (300.0,140.0) (280.0,140.0) (280.0,160.0) (300.0,160.0) (320.0,160.0) (340.0,160.0) (360.0,160.0) (380.0,160.0) (380.0,180.0) (360.0,180.0) (340.0,180.0) (320.0,180.0) (300.0,180.0) (280.0,180.0) (260.0,180.0) (260.0,200.0) (240.0,200.0) (220.0,200.0) (220.0,220.0) (240.0,220.0) (260.0,220.0) (280.0,220.0) (280.0,200.0) (300.0,200.0) (320.0,200.0) (340.0,200.0) (340.0,220.0) (320.0,220.0) (300.0,220.0) (300.0,240.0) (280.0,240.0) (260.0,240.0) (240.0,240.0) (220.0,240.0) (220.0,260.0) (240.0,260.0) (260.0,260.0) (280.0,260.0) (300.0,260.0) (320.0,260.0) (320.0,240.0) (340.0,240.0) (340.0,260.0) (340.0,280.0) (320.0,280.0) (300.0,280.0) (280.0,280.0) (260.0,280.0) (240.0,280.0) (220.0,280.0) (260.0,300.0) (280.0,300.0) (300.0,300.0) (320.0,300.0) (340.0,300.0) (360.0,300.0) (380.0,300.0) (380.0,320.0) (360.0,320.0) (340.0,320.0) (320.0,320.0) (300.0,320.0) (280.0,320.0) (280.0,340.0) (300.0,340.0) (320.0,340.0) (340.0,340.0) (360.0,340.0) (380.0,340.0) (380.0,360.0) (360.0,360.0) (340.0,360.0) (320.0,360.0) (300.0,360.0) (280.0,360.0) (280.0,380.0) (300.0,380.0) (320.0,380.0) (340.0,380.0) (360.0,380.0) (380.0,380.0)
Step 11: Plan UAV Flight Paths
  Total UAVs: 2
  UAV 401:
    Waypoints: 131
    Total time: 2324.8s
    Total distance: 2968.3m
  UAV 402:
    Waypoints: 4
    Total time: 34.9s
    Total distance: 698.6m


[EVENT] 15.500 | event=SuspiciousConfidenceSnapshot | 11(0.000) 12(0.000) 13(0.000) 14(0.000) 15(0.000) 16(0.000) 17(0.000) 31(0.000) 32(0.000) 33(0.000) 34(0.000) 35(0.000) 36(0.000) 37(0.000) 51(0.000) 52(0.000) 53(0.000) 54(0.000) 55(0.000) 56(0.000) 57(0.000) 73(0.000) 74(0.000) 75(0.000) 76(0.000) 77(0.000) 78(0.000) 79(0.000) 94(0.000) 95(0.000) 96(0.000) 97(0.000) 98(0.000) 99(0.000) 114(0.000) 115(0.000) 116(0.000) 117(0.000) 118(0.000) 119(0.000) 134(0.000) 135(0.000) 136(0.000) 137(0.000) 138(0.000) 139(0.000) 154(0.000) 155(0.000) 156(0.000) 157(0.000) 158(0.000) 159(0.000) 174(0.000) 175(0.000) 176(0.000) 177(0.000) 178(0.000) 179(0.000) 193(0.000) 194(0.000) 195(0.000) 196(0.000) 197(0.000) 198(0.000) 199(0.000) 211(0.000) 212(0.000) 213(0.000) 214(0.000) 215(0.000) 216(0.000) 217(0.000) 231(0.000) 232(0.000) 233(0.000) 234(0.000) 235(0.000) 236(0.000) 237(0.000) 251(0.000) 252(0.000) 253(0.000) 254(0.000) 255(0.000) 256(0.000) 257(0.000) 271(0.000) 272(0.000) 273(0.000) 274(0.000) 275(0.000) 276(0.000) 277(0.000) 291(0.000) 292(0.000) 293(0.000) 294(0.000) 295(0.000) 296(0.000) 297(0.000) 313(0.000) 314(0.000) 315(0.000) 316(0.000) 317(0.000) 318(0.000) 319(0.000) 334(0.000) 335(0.000) 336(0.000) 337(0.000) 338(0.000) 339(0.000) 354(0.000) 355(0.000) 356(0.000) 357(0.000) 358(0.000) 359(0.000) 374(0.000) 375(0.000) 376(0.000) 377(0.000) 378(0.000) 379(0.000) 394(0.000) 395(0.000) 396(0.000) 397(0.000) 398(0.000) 399(0.000) 

[EVENT] 21.863 | event=UAVWaypointArrival | nodeId=401 | cycle=1 | pos=(220.000,0.000,20.000)

[EVENT] 25.500 | event=SuspiciousConfidenceSnapshot | 11(0.000) 12(0.000) 13(0.000) 14(0.000) 15(0.000) 16(0.000) 17(0.000) 31(0.000) 32(0.000) 33(0.000) 34(0.000) 35(0.000) 36(0.000) 37(0.000) 51(0.000) 52(0.000) 53(0.000) 54(0.000) 55(0.000) 56(0.000) 57(0.000) 73(0.000) 74(0.000) 75(0.000) 76(0.000) 77(0.000) 78(0.000) 79(0.000) 94(0.000) 95(0.000) 96(0.000) 97(0.000) 98(0.000) 99(0.000) 114(0.000) 115(0.000) 116(0.000) 117(0.000) 118(0.000) 119(0.000) 134(0.000) 135(0.000) 136(0.000) 137(0.000) 138(0.000) 139(0.000) 154(0.000) 155(0.000) 156(0.000) 157(0.000) 158(0.000) 159(0.000) 174(0.000) 175(0.000) 176(0.000) 177(0.000) 178(0.000) 179(0.000) 193(0.000) 194(0.000) 195(0.000) 196(0.000) 197(0.000) 198(0.000) 199(0.000) 211(0.000) 212(0.000) 213(0.000) 214(0.000) 215(0.000) 216(0.000) 217(0.000) 231(0.000) 232(0.000) 233(0.000) 234(0.000) 235(0.000) 236(0.000) 237(0.000) 251(0.000) 252(0.000) 253(0.000) 254(0.000) 255(0.000) 256(0.000) 257(0.000) 271(0.000) 272(0.000) 273(0.000) 274(0.000) 275(0.000) 276(0.000) 277(0.000) 291(0.000) 292(0.000) 293(0.000) 294(0.000) 295(0.000) 296(0.000) 297(0.000) 313(0.000) 314(0.000) 315(0.000) 316(0.000) 317(0.000) 318(0.000) 319(0.000) 334(0.000) 335(0.000) 336(0.000) 337(0.000) 338(0.000) 339(0.000) 354(0.000) 355(0.000) 356(0.000) 357(0.000) 358(0.000) 359(0.000) 374(0.000) 375(0.000) 376(0.000) 377(0.000) 378(0.000) 379(0.000) 394(0.000) 395(0.000) 396(0.000) 397(0.000) 398(0.000) 399(0.000) 

[EVENT] 27.032 | event=UAVWaypointArrival | nodeId=402 | cycle=1 | pos=(300.000,80.000,20.000)

[EVENT] 27.132 | event=UAVFragmentBroadcast | nodeId=402 | fragmentId=0 | cycle=1 | confidence=0.206 | pixels=17306

[EVENT] 27.132 | event=ContactDropGoodRssi | srcNodeId=402 | fragmentId=0 | packetSize=51935 | srcAddr=01:93|dropCount=12|dsts=92,98,112,113,117,118,133,134,135,136,137,155
402-D-92(0) 402-D-98(0) 402-D-112(0) 402-D-113(0) 402-D-117(0) 402-D-118(0) 402-D-133(0) 402-D-134(0) 402-D-135(0) 402-D-136(0) 402-D-137(0) 402-D-155(0) 
402-R-34(0) 402-R-36(0) 402-R-54(0) 402-R-55(0) 402-R-56(0) 402-R-73(0) 402-R-74(0) 402-R-75(0) 402-R-76(0) 402-R-77(0) 402-R-93(0) 402-R-94(0) 402-R-95(0) 402-R-96(0) 402-R-97(0) 402-R-114(0) 402-R-115(0) 402-R-116(0) 
[EVENT] 28.032 | event=UAVWaypointArrival | nodeId=402 | cycle=1 | pos=(300.000,60.000,20.000)

[EVENT] 28.793 | event=UAVFragmentBroadcast | nodeId=402 | fragmentId=1 | cycle=1 | confidence=0.206 | pixels=17306

[EVENT] 28.793 | event=ContactDropGoodRssi | srcNodeId=402 | fragmentId=1 | packetSize=51935 | srcAddr=01:93|dropCount=12|dsts=34,35,36,53,54,55,56,57,72,78,92,98
402-D-34(1) 402-D-35(1) 402-D-36(1) 402-D-53(1) 402-D-54(1) 402-D-55(1) 402-D-56(1) 402-D-57(1) 402-D-72(1) 402-D-78(1) 402-D-92(1) 402-D-98(1) 
402-R-73(1) 402-R-74(1) 402-R-75(1) 402-R-76(1) 402-R-77(1) 402-R-93(1) 402-R-94(1) 402-R-95(1) 402-R-96(1) 402-R-97(1) 402-R-113(1) 402-R-114(1) 402-R-115(1) 402-R-116(1) 402-R-117(1) 402-R-133(1) 402-R-134(1) 402-R-135(1) 402-R-136(1) 402-R-137(1) 97-S-78(0) 97-S-78(1) 97-S-79(0) 97-S-79(1) 97-S-98(0) 97-S-98(1) 97-S-99(0) 97-S-99(1) 97-S-117(0) 97-S-118(0) 97-S-118(1) 97-S-119(0) 97-S-119(1) 97-S-134(0) 97-S-135(0) 97-S-136(0) 97-S-137(0) 97-S-138(0) 97-S-138(1) 97-S-139(0) 97-S-139(1) 97-S-154(0) 97-S-154(1) 97-S-155(0) 97-S-155(1) 97-S-156(0) 97-S-156(1) 97-S-157(0) 97-S-157(1) 97-S-158(0) 97-S-158(1) 97-S-159(0) 97-S-159(1) 97-S-174(0) 97-S-174(1) 97-S-175(0) 97-S-175(1) 97-S-176(0) 97-S-176(1) 97-S-177(0) 97-S-177(1) 97-S-178(0) 97-S-178(1) 97-S-179(0) 97-S-179(1) 97-S-196(0) 97-S-196(1) 97-S-197(0) 97-S-197(1) 97-S-198(0) 97-S-198(1) 97-S-199(0) 97-S-199(1) 
[EVENT] 29.652 | event=RequestFragmentSharing | nodeId=97 | cellId=10002 | confidence=0.369 | fragments=0 1 

[EVENT] 29.652 | event=RequestFragmentSharing | nodeId=94 | cellId=10002 | confidence=0.369 | fragments=0 1 

[EVENT] 29.653 | event=RequestFragmentSharing | nodeId=115 | cellId=10002 | confidence=0.369 | fragments=0 1 
36-S-11(0) 36-S-12(0) 36-S-13(0) 36-S-14(0) 36-S-15(0) 36-S-16(0) 36-S-17(0) 36-S-31(0) 36-S-32(0) 36-S-33(0) 36-S-35(0) 36-S-37(0) 36-S-51(0) 36-S-52(0) 36-S-53(0) 36-S-57(0) 73-S-36(1) 
[EVENT] 29.654 | event=RequestFragmentSharing | nodeId=36 | cellId=2 | confidence=0.369 | fragments=0 1 

[EVENT] 29.655 | event=RequestFragmentSharing | nodeId=95 | cellId=10002 | confidence=0.369 | fragments=0 1 

[EVENT] 29.655 | event=RequestFragmentSharing | nodeId=77 | cellId=10002 | confidence=0.369 | fragments=0 1 

[EVENT] 29.656 | event=RequestFragmentSharing | nodeId=116 | cellId=10002 | confidence=0.369 | fragments=0 1 
36-S-56(1) 56-S-37(1) 56-S-51(1) 56-S-52(1) 56-S-53(1) 56-S-54(1) 56-S-55(1) 56-S-57(1) 
[EVENT] 29.656 | event=RequestFragmentSharing | nodeId=56 | cellId=2 | confidence=0.369 | fragments=0 1 

[EVENT] 29.657 | event=RequestFragmentSharing | nodeId=114 | cellId=10002 | confidence=0.369 | fragments=0 1 
73-S-11(1) 73-S-12(1) 73-S-13(1) 73-S-14(1) 73-S-15(1) 73-S-16(1) 73-S-17(1) 73-S-31(1) 73-S-32(1) 73-S-33(1) 73-S-34(1) 73-S-35(1) 
[EVENT] 29.659 | event=RequestFragmentSharing | nodeId=73 | cellId=2 | confidence=0.369 | fragments=0 1 

[EVENT] 29.660 | event=RequestFragmentSharing | nodeId=55 | cellId=2 | confidence=0.369 | fragments=0 1 

[EVENT] 29.660 | event=RequestFragmentSharing | nodeId=96 | cellId=10002 | confidence=0.369 | fragments=0 1 

[EVENT] 29.660 | event=RequestFragmentSharing | nodeId=34 | cellId=2 | confidence=0.369 | fragments=0 1 

[EVENT] 29.662 | event=RequestFragmentSharing | nodeId=54 | cellId=2 | confidence=0.369 | fragments=0 1 

[EVENT] 29.662 | event=RequestFragmentSharing | nodeId=14 | cellId=2 | confidence=0.369 | fragments=0 1 

[EVENT] 29.662 | event=RequestFragmentSharing | nodeId=74 | cellId=2 | confidence=0.369 | fragments=0 1 

[EVENT] 29.663 | event=RequestFragmentSharing | nodeId=137 | cellId=10002 | confidence=0.369 | fragments=0 1 
93-S-69(0) 93-S-69(1) 93-S-70(0) 93-S-70(1) 93-S-71(0) 93-S-71(1) 93-S-72(0) 93-S-72(1) 93-S-87(0) 93-S-87(1) 93-S-88(0) 93-S-88(1) 93-S-89(0) 93-S-89(1) 93-S-90(0) 93-S-90(1) 93-S-91(0) 93-S-91(1) 93-S-92(0) 93-S-92(1) 93-S-107(0) 93-S-107(1) 93-S-108(0) 93-S-108(1) 93-S-109(0) 93-S-109(1) 93-S-110(0) 93-S-110(1) 93-S-111(0) 93-S-111(1) 93-S-112(0) 93-S-112(1) 93-S-113(0) 93-S-127(0) 93-S-127(1) 93-S-128(0) 93-S-128(1) 93-S-129(0) 93-S-129(1) 93-S-130(0) 93-S-130(1) 93-S-131(0) 93-S-131(1) 93-S-132(0) 93-S-132(1) 93-S-133(0) 93-S-147(0) 93-S-147(1) 93-S-148(0) 93-S-148(1) 93-S-149(0) 93-S-149(1) 93-S-150(0) 93-S-150(1) 93-S-151(0) 93-S-151(1) 93-S-152(0) 93-S-152(1) 93-S-153(0) 93-S-153(1) 93-S-167(0) 93-S-167(1) 93-S-168(0) 93-S-168(1) 93-S-169(0) 93-S-169(1) 93-S-170(0) 93-S-170(1) 93-S-171(0) 93-S-171(1) 93-S-172(0) 93-S-172(1) 93-S-173(0) 93-S-173(1) 93-S-189(0) 93-S-189(1) 93-S-190(0) 93-S-190(1) 93-S-191(0) 93-S-191(1) 93-S-192(0) 93-S-192(1) 
[EVENT] 29.663 | event=RequestFragmentSharing | nodeId=93 | cellId=10001 | confidence=0.369 | fragments=0 1 

[EVENT] 29.664 | event=RequestFragmentSharing | nodeId=75 | cellId=2 | confidence=0.369 | fragments=0 1 

[EVENT] 29.666 | event=RequestFragmentSharing | nodeId=76 | cellId=10002 | confidence=0.369 | fragments=0 1 

[EVENT] 29.666 | event=RequestFragmentSharing | nodeId=14 | cellId=2 | confidence=0.369 | fragments=0 1 

[EVENT] 29.673 | event=RequestFragmentSharing | nodeId=155 | cellId=10002 | confidence=0.369 | fragments=0 1 

[EVENT] 29.674 | event=RequestFragmentSharing | nodeId=174 | cellId=10002 | confidence=0.369 | fragments=0 1 

[EVENT] 29.674 | event=RequestFragmentSharing | nodeId=175 | cellId=10002 | confidence=0.369 | fragments=0 1 

[EVENT] 29.674 | event=RequestFragmentSharing | nodeId=33 | cellId=2 | confidence=0.369 | fragments=0 1 

[EVENT] 29.674 | event=RequestFragmentSharing | nodeId=159 | cellId=10002 | confidence=0.369 | fragments=0 1 

[EVENT] 29.674 | event=RequestFragmentSharing | nodeId=52 | cellId=2 | confidence=0.369 | fragments=0 1 

[EVENT] 29.674 | event=RequestFragmentSharing | nodeId=53 | cellId=2 | confidence=0.369 | fragments=0 1 

[EVENT] 29.674 | event=RequestFragmentSharing | nodeId=130 | cellId=10001 | confidence=0.369 | fragments=0 1 

[EVENT] 29.674 | event=RequestFragmentSharing | nodeId=78 | cellId=10002 | confidence=0.369 | fragments=0 1 

[EVENT] 29.675 | event=RequestFragmentSharing | nodeId=31 | cellId=2 | confidence=0.369 | fragments=0 1 

[EVENT] 29.675 | event=RequestFragmentSharing | nodeId=117 | cellId=10002 | confidence=0.369 | fragments=0 1 

[EVENT] 29.676 | event=RequestFragmentSharing | nodeId=179 | cellId=10002 | confidence=0.369 | fragments=0 1 

[EVENT] 29.676 | event=RequestFragmentSharing | nodeId=196 | cellId=10002 | confidence=0.369 | fragments=0 1 

[EVENT] 29.676 | event=RequestFragmentSharing | nodeId=158 | cellId=10002 | confidence=0.369 | fragments=0 1 

[EVENT] 29.676 | event=RequestFragmentSharing | nodeId=37 | cellId=2 | confidence=0.369 | fragments=0 1 

[EVENT] 29.677 | event=RequestFragmentSharing | nodeId=35 | cellId=2 | confidence=0.369 | fragments=0 1 

[EVENT] 29.677 | event=RequestFragmentSharing | nodeId=199 | cellId=10002 | confidence=0.369 | fragments=0 1 

[EVENT] 29.678 | event=RequestFragmentSharing | nodeId=57 | cellId=2 | confidence=0.369 | fragments=0 1 

[EVENT] 29.678 | event=RequestFragmentSharing | nodeId=197 | cellId=10002 | confidence=0.369 | fragments=0 1 

[EVENT] 29.678 | event=RequestFragmentSharing | nodeId=51 | cellId=2 | confidence=0.369 | fragments=0 1 

[EVENT] 29.678 | event=RequestFragmentSharing | nodeId=32 | cellId=2 | confidence=0.369 | fragments=0 1 

[EVENT] 29.678 | event=RequestFragmentSharing | nodeId=17 | cellId=2 | confidence=0.369 | fragments=0 1 

[EVENT] 29.679 | event=RequestFragmentSharing | nodeId=13 | cellId=2 | confidence=0.369 | fragments=0 1 

[EVENT] 29.679 | event=RequestFragmentSharing | nodeId=119 | cellId=10002 | confidence=0.369 | fragments=0 1 

[EVENT] 29.679 | event=RequestFragmentSharing | nodeId=53 | cellId=2 | confidence=0.369 | fragments=0 1 

[EVENT] 29.679 | event=RequestFragmentSharing | nodeId=31 | cellId=2 | confidence=0.369 | fragments=0 1 

[EVENT] 29.680 | event=RequestFragmentSharing | nodeId=16 | cellId=2 | confidence=0.369 | fragments=0 1 

[EVENT] 29.680 | event=RequestFragmentSharing | nodeId=15 | cellId=2 | confidence=0.369 | fragments=0 1 

[EVENT] 29.681 | event=RequestFragmentSharing | nodeId=154 | cellId=10002 | confidence=0.369 | fragments=0 1 

[EVENT] 29.681 | event=RequestFragmentSharing | nodeId=99 | cellId=10002 | confidence=0.369 | fragments=0 1 

[EVENT] 29.682 | event=RequestFragmentSharing | nodeId=136 | cellId=10002 | confidence=0.369 | fragments=0 1 

[EVENT] 29.682 | event=RequestFragmentSharing | nodeId=51 | cellId=2 | confidence=0.369 | fragments=0 1 

[EVENT] 29.682 | event=RequestFragmentSharing | nodeId=135 | cellId=10002 | confidence=0.369 | fragments=0 1 

[EVENT] 29.683 | event=RequestFragmentSharing | nodeId=12 | cellId=2 | confidence=0.369 | fragments=0 1 

[EVENT] 29.683 | event=RequestFragmentSharing | nodeId=156 | cellId=10002 | confidence=0.369 | fragments=0 1 

[EVENT] 29.683 | event=RequestFragmentSharing | nodeId=157 | cellId=10002 | confidence=0.369 | fragments=0 1 

[EVENT] 29.683 | event=RequestFragmentSharing | nodeId=177 | cellId=10002 | confidence=0.369 | fragments=0 1 

[EVENT] 29.683 | event=RequestFragmentSharing | nodeId=198 | cellId=10002 | confidence=0.369 | fragments=0 1 

[EVENT] 29.684 | event=RequestFragmentSharing | nodeId=13 | cellId=2 | confidence=0.369 | fragments=0 1 

[EVENT] 29.684 | event=RequestFragmentSharing | nodeId=139 | cellId=10002 | confidence=0.369 | fragments=0 1 

[EVENT] 29.684 | event=RequestFragmentSharing | nodeId=111 | cellId=10001 | confidence=0.369 | fragments=0 1 

[EVENT] 29.684 | event=RequestFragmentSharing | nodeId=172 | cellId=10001 | confidence=0.369 | fragments=0 1 

[EVENT] 29.684 | event=RequestFragmentSharing | nodeId=190 | cellId=10001 | confidence=0.369 | fragments=0 1 

[EVENT] 29.684 | event=RequestFragmentSharing | nodeId=17 | cellId=2 | confidence=0.369 | fragments=0 1 

[EVENT] 29.684 | event=RequestFragmentSharing | nodeId=87 | cellId=10001 | confidence=0.369 | fragments=0 1 

[EVENT] 29.684 | event=RequestFragmentSharing | nodeId=33 | cellId=2 | confidence=0.369 | fragments=0 1 

[EVENT] 29.684 | event=RequestFragmentSharing | nodeId=35 | cellId=2 | confidence=0.369 | fragments=0 1 

[EVENT] 29.685 | event=RequestFragmentSharing | nodeId=138 | cellId=10002 | confidence=0.369 | fragments=0 1 

[EVENT] 29.685 | event=RequestFragmentSharing | nodeId=15 | cellId=2 | confidence=0.369 | fragments=0 1 

[EVENT] 29.685 | event=RequestFragmentSharing | nodeId=153 | cellId=10001 | confidence=0.369 | fragments=0 1 

[EVENT] 29.685 | event=RequestFragmentSharing | nodeId=54 | cellId=2 | confidence=0.369 | fragments=0 1 

[EVENT] 29.685 | event=RequestFragmentSharing | nodeId=107 | cellId=10001 | confidence=0.369 | fragments=0 1 

[EVENT] 29.685 | event=RequestFragmentSharing | nodeId=11 | cellId=2 | confidence=0.369 | fragments=0 1 

[EVENT] 29.686 | event=RequestFragmentSharing | nodeId=16 | cellId=2 | confidence=0.369 | fragments=0 1 

[EVENT] 29.686 | event=RequestFragmentSharing | nodeId=112 | cellId=10001 | confidence=0.369 | fragments=0 1 

[EVENT] 29.686 | event=RequestFragmentSharing | nodeId=52 | cellId=2 | confidence=0.369 | fragments=0 1 

[EVENT] 29.686 | event=RequestFragmentSharing | nodeId=79 | cellId=10002 | confidence=0.369 | fragments=0 1 

[EVENT] 29.686 | event=RequestFragmentSharing | nodeId=57 | cellId=2 | confidence=0.369 | fragments=0 1 

[EVENT] 29.686 | event=RequestFragmentSharing | nodeId=178 | cellId=10002 | confidence=0.369 | fragments=0 1 

[EVENT] 29.686 | event=RequestFragmentSharing | nodeId=176 | cellId=10002 | confidence=0.369 | fragments=0 1 

[EVENT] 29.687 | event=RequestFragmentSharing | nodeId=118 | cellId=10002 | confidence=0.369 | fragments=0 1 

[EVENT] 29.687 | event=RequestFragmentSharing | nodeId=134 | cellId=10002 | confidence=0.369 | fragments=0 1 

[EVENT] 29.687 | event=RequestFragmentSharing | nodeId=98 | cellId=10002 | confidence=0.369 | fragments=0 1 

[EVENT] 29.687 | event=RequestFragmentSharing | nodeId=92 | cellId=10001 | confidence=0.369 | fragments=0 1 

[EVENT] 29.687 | event=RequestFragmentSharing | nodeId=69 | cellId=10001 | confidence=0.369 | fragments=0 1 

[EVENT] 29.688 | event=RequestFragmentSharing | nodeId=167 | cellId=10001 | confidence=0.369 | fragments=0 1 

[EVENT] 29.688 | event=RequestFragmentSharing | nodeId=37 | cellId=2 | confidence=0.369 | fragments=0 1 

[EVENT] 29.688 | event=RequestFragmentSharing | nodeId=11 | cellId=2 | confidence=0.369 | fragments=0 1 

[EVENT] 29.689 | event=RequestFragmentSharing | nodeId=91 | cellId=10001 | confidence=0.369 | fragments=0 1 

[EVENT] 29.689 | event=RequestFragmentSharing | nodeId=147 | cellId=10001 | confidence=0.369 | fragments=0 1 

[EVENT] 29.689 | event=RequestFragmentSharing | nodeId=12 | cellId=2 | confidence=0.369 | fragments=0 1 

[EVENT] 29.689 | event=RequestFragmentSharing | nodeId=168 | cellId=10001 | confidence=0.369 | fragments=0 1 

[EVENT] 29.689 | event=RequestFragmentSharing | nodeId=133 | cellId=10001 | confidence=0.369 | fragments=0 1 

[EVENT] 29.690 | event=RequestFragmentSharing | nodeId=192 | cellId=10001 | confidence=0.369 | fragments=0 1 

[EVENT] 29.690 | event=RequestFragmentSharing | nodeId=88 | cellId=10001 | confidence=0.369 | fragments=0 1 

[EVENT] 29.690 | event=RequestFragmentSharing | nodeId=131 | cellId=10001 | confidence=0.369 | fragments=0 1 

[EVENT] 29.690 | event=RequestFragmentSharing | nodeId=55 | cellId=2 | confidence=0.369 | fragments=0 1 

[EVENT] 29.690 | event=RequestFragmentSharing | nodeId=89 | cellId=10001 | confidence=0.369 | fragments=0 1 

[EVENT] 29.690 | event=RequestFragmentSharing | nodeId=129 | cellId=10001 | confidence=0.369 | fragments=0 1 

[EVENT] 29.690 | event=RequestFragmentSharing | nodeId=32 | cellId=2 | confidence=0.369 | fragments=0 1 

[EVENT] 29.691 | event=RequestFragmentSharing | nodeId=191 | cellId=10001 | confidence=0.369 | fragments=0 1 

[EVENT] 29.691 | event=RequestFragmentSharing | nodeId=152 | cellId=10001 | confidence=0.369 | fragments=0 1 

[EVENT] 29.691 | event=RequestFragmentSharing | nodeId=150 | cellId=10001 | confidence=0.369 | fragments=0 1 

[EVENT] 29.691 | event=RequestFragmentSharing | nodeId=189 | cellId=10001 | confidence=0.369 | fragments=0 1 

[EVENT] 29.692 | event=RequestFragmentSharing | nodeId=108 | cellId=10001 | confidence=0.369 | fragments=0 1 

[EVENT] 29.692 | event=RequestFragmentSharing | nodeId=113 | cellId=10001 | confidence=0.369 | fragments=0 1 

[EVENT] 29.693 | event=RequestFragmentSharing | nodeId=90 | cellId=10001 | confidence=0.369 | fragments=0 1 

[EVENT] 29.693 | event=RequestFragmentSharing | nodeId=109 | cellId=10001 | confidence=0.369 | fragments=0 1 

[EVENT] 29.693 | event=RequestFragmentSharing | nodeId=34 | cellId=2 | confidence=0.369 | fragments=0 1 

[EVENT] 29.693 | event=RequestFragmentSharing | nodeId=127 | cellId=10001 | confidence=0.369 | fragments=0 1 

[EVENT] 29.693 | event=RequestFragmentSharing | nodeId=72 | cellId=10001 | confidence=0.369 | fragments=0 1 

[EVENT] 29.694 | event=RequestFragmentSharing | nodeId=70 | cellId=10001 | confidence=0.369 | fragments=0 1 

[EVENT] 29.694 | event=RequestFragmentSharing | nodeId=149 | cellId=10001 | confidence=0.369 | fragments=0 1 

[EVENT] 29.694 | event=RequestFragmentSharing | nodeId=169 | cellId=10001 | confidence=0.369 | fragments=0 1 

[EVENT] 29.695 | event=RequestFragmentSharing | nodeId=132 | cellId=10001 | confidence=0.369 | fragments=0 1 

[EVENT] 29.695 | event=RequestFragmentSharing | nodeId=171 | cellId=10001 | confidence=0.369 | fragments=0 1 

[EVENT] 29.695 | event=RequestFragmentSharing | nodeId=148 | cellId=10001 | confidence=0.369 | fragments=0 1 

[EVENT] 29.695 | event=RequestFragmentSharing | nodeId=128 | cellId=10001 | confidence=0.369 | fragments=0 1 

[EVENT] 29.696 | event=RequestFragmentSharing | nodeId=170 | cellId=10001 | confidence=0.369 | fragments=0 1 

[EVENT] 29.696 | event=RequestFragmentSharing | nodeId=173 | cellId=10001 | confidence=0.369 | fragments=0 1 

[EVENT] 29.698 | event=RequestFragmentSharing | nodeId=71 | cellId=10001 | confidence=0.369 | fragments=0 1 

[EVENT] 29.698 | event=RequestFragmentSharing | nodeId=110 | cellId=10001 | confidence=0.369 | fragments=0 1 

[EVENT] 29.698 | event=RequestFragmentSharing | nodeId=151 | cellId=10001 | confidence=0.369 | fragments=0 1 

[EVENT] 30.454 | event=UAVFragmentBroadcast | nodeId=402 | fragmentId=2 | cycle=1 | confidence=0.206 | pixels=17306

[EVENT] 30.454 | event=ContactDropGoodRssi | srcNodeId=402 | fragmentId=2 | packetSize=51935 | srcAddr=01:93|dropCount=11|dsts=73,74,75,76,77,93,94,96,97,112,118
402-D-73(2) 402-D-74(2) 402-D-75(2) 402-D-76(2) 402-D-77(2) 402-D-93(2) 402-D-94(2) 402-D-96(2) 402-D-97(2) 402-D-112(2) 402-D-118(2) 
402-R-95(2) 402-R-113(2) 402-R-114(2) 402-R-115(2) 402-R-116(2) 402-R-117(2) 402-R-133(2) 402-R-134(2) 402-R-135(2) 402-R-136(2) 402-R-137(2) 402-R-138(2) 402-R-153(2) 402-R-154(2) 402-R-155(2) 402-R-156(2) 402-R-157(2) 402-R-175(2) 137-S-76(2) 137-S-77(2) 137-S-78(2) 137-S-79(2) 137-S-94(2) 137-S-96(2) 137-S-97(2) 137-S-98(2) 137-S-99(2) 137-S-118(2) 137-S-119(2) 137-S-139(2) 137-S-158(2) 137-S-159(2) 137-S-174(2) 137-S-176(2) 137-S-177(2) 137-S-178(2) 137-S-179(2) 137-S-196(2) 137-S-197(2) 137-S-198(2) 137-S-199(2) 
[EVENT] 31.300 | event=RequestFragmentSharing | nodeId=137 | cellId=10002 | confidence=0.499 | fragments=0 1 2 
133-S-69(2) 133-S-70(2) 133-S-71(2) 133-S-72(2) 133-S-87(2) 133-S-88(2) 133-S-89(2) 133-S-90(2) 133-S-91(2) 133-S-92(2) 133-S-93(2) 133-S-107(2) 133-S-108(2) 133-S-109(2) 133-S-110(2) 133-S-111(2) 133-S-112(2) 133-S-127(2) 133-S-128(2) 133-S-129(2) 133-S-130(2) 133-S-131(2) 133-S-132(2) 133-S-147(2) 133-S-148(2) 133-S-149(2) 133-S-150(2) 133-S-151(2) 133-S-152(2) 133-S-167(2) 133-S-168(2) 133-S-169(2) 133-S-170(2) 133-S-171(2) 133-S-172(2) 133-S-173(2) 133-S-189(2) 133-S-190(2) 133-S-191(2) 133-S-192(2) 
[EVENT] 31.318 | event=RequestFragmentSharing | nodeId=133 | cellId=10001 | confidence=0.499 | fragments=0 1 2 

[EVENT] 31.319 | event=RequestFragmentSharing | nodeId=134 | cellId=10002 | confidence=0.499 | fragments=0 1 2 

[EVENT] 31.320 | event=RequestFragmentSharing | nodeId=113 | cellId=10001 | confidence=0.499 | fragments=0 1 2 

[EVENT] 31.320 | event=RequestFragmentSharing | nodeId=130 | cellId=10001 | confidence=0.499 | fragments=0 1 2 

[EVENT] 31.320 | event=RequestFragmentSharing | nodeId=178 | cellId=10002 | confidence=0.499 | fragments=0 1 2 

[EVENT] 31.321 | event=RequestFragmentSharing | nodeId=99 | cellId=10002 | confidence=0.499 | fragments=0 1 2 

[EVENT] 31.321 | event=RequestFragmentSharing | nodeId=117 | cellId=10002 | confidence=0.499 | fragments=0 1 2 

[EVENT] 31.322 | event=RequestFragmentSharing | nodeId=174 | cellId=10002 | confidence=0.499 | fragments=0 1 2 

[EVENT] 31.322 | event=RequestFragmentSharing | nodeId=96 | cellId=10002 | confidence=0.499 | fragments=0 1 2 

[EVENT] 31.322 | event=RequestFragmentSharing | nodeId=159 | cellId=10002 | confidence=0.499 | fragments=0 1 2 

[EVENT] 31.322 | event=RequestFragmentSharing | nodeId=139 | cellId=10002 | confidence=0.499 | fragments=0 1 2 

[EVENT] 31.322 | event=RequestFragmentSharing | nodeId=79 | cellId=10002 | confidence=0.499 | fragments=0 1 2 

[EVENT] 31.323 | event=RequestFragmentSharing | nodeId=136 | cellId=10002 | confidence=0.499 | fragments=0 1 2 

[EVENT] 31.323 | event=RequestFragmentSharing | nodeId=135 | cellId=10002 | confidence=0.499 | fragments=0 1 2 

[EVENT] 31.325 | event=RequestFragmentSharing | nodeId=197 | cellId=10002 | confidence=0.499 | fragments=0 1 2 

[EVENT] 31.326 | event=RequestFragmentSharing | nodeId=118 | cellId=10002 | confidence=0.499 | fragments=0 1 2 

[EVENT] 31.326 | event=RequestFragmentSharing | nodeId=98 | cellId=10002 | confidence=0.499 | fragments=0 1 2 

[EVENT] 31.326 | event=RequestFragmentSharing | nodeId=198 | cellId=10002 | confidence=0.499 | fragments=0 1 2 

[EVENT] 31.326 | event=RequestFragmentSharing | nodeId=177 | cellId=10002 | confidence=0.499 | fragments=0 1 2 

[EVENT] 31.326 | event=RequestFragmentSharing | nodeId=176 | cellId=10002 | confidence=0.499 | fragments=0 1 2 

[EVENT] 31.327 | event=RequestFragmentSharing | nodeId=158 | cellId=10002 | confidence=0.499 | fragments=0 1 2 

[EVENT] 31.327 | event=RequestFragmentSharing | nodeId=196 | cellId=10002 | confidence=0.499 | fragments=0 1 2 

[EVENT] 31.328 | event=RequestFragmentSharing | nodeId=77 | cellId=10002 | confidence=0.499 | fragments=0 1 2 

[EVENT] 31.330 | event=RequestFragmentSharing | nodeId=94 | cellId=10002 | confidence=0.499 | fragments=0 1 2 

[EVENT] 31.331 | event=RequestFragmentSharing | nodeId=97 | cellId=10002 | confidence=0.499 | fragments=0 1 2 

[EVENT] 31.331 | event=RequestFragmentSharing | nodeId=179 | cellId=10002 | confidence=0.499 | fragments=0 1 2 

[EVENT] 31.332 | event=RequestFragmentSharing | nodeId=78 | cellId=10002 | confidence=0.499 | fragments=0 1 2 

[EVENT] 31.334 | event=RequestFragmentSharing | nodeId=76 | cellId=10002 | confidence=0.499 | fragments=0 1 2 

[EVENT] 31.335 | event=RequestFragmentSharing | nodeId=119 | cellId=10002 | confidence=0.499 | fragments=0 1 2 

[EVENT] 31.335 | event=RequestFragmentSharing | nodeId=199 | cellId=10002 | confidence=0.499 | fragments=0 1 2 

[EVENT] 31.338 | event=RequestFragmentSharing | nodeId=132 | cellId=10001 | confidence=0.499 | fragments=0 1 2 

[EVENT] 31.339 | event=RequestFragmentSharing | nodeId=91 | cellId=10001 | confidence=0.499 | fragments=0 1 2 

[EVENT] 31.339 | event=RequestFragmentSharing | nodeId=93 | cellId=10001 | confidence=0.499 | fragments=0 1 2 

[EVENT] 31.340 | event=RequestFragmentSharing | nodeId=92 | cellId=10001 | confidence=0.499 | fragments=0 1 2 

[EVENT] 31.340 | event=RequestFragmentSharing | nodeId=149 | cellId=10001 | confidence=0.499 | fragments=0 1 2 

[EVENT] 31.340 | event=RequestFragmentSharing | nodeId=72 | cellId=10001 | confidence=0.499 | fragments=0 1 2 

[EVENT] 31.341 | event=RequestFragmentSharing | nodeId=131 | cellId=10001 | confidence=0.499 | fragments=0 1 2 

[EVENT] 31.341 | event=RequestFragmentSharing | nodeId=192 | cellId=10001 | confidence=0.499 | fragments=0 1 2 

[EVENT] 31.343 | event=RequestFragmentSharing | nodeId=89 | cellId=10001 | confidence=0.499 | fragments=0 1 2 

[EVENT] 31.343 | event=RequestFragmentSharing | nodeId=171 | cellId=10001 | confidence=0.499 | fragments=0 1 2 

[EVENT] 31.344 | event=RequestFragmentSharing | nodeId=90 | cellId=10001 | confidence=0.499 | fragments=0 1 2 

[EVENT] 31.344 | event=RequestFragmentSharing | nodeId=167 | cellId=10001 | confidence=0.499 | fragments=0 1 2 

[EVENT] 31.344 | event=RequestFragmentSharing | nodeId=108 | cellId=10001 | confidence=0.499 | fragments=0 1 2 

[EVENT] 31.345 | event=RequestFragmentSharing | nodeId=109 | cellId=10001 | confidence=0.499 | fragments=0 1 2 

[EVENT] 31.345 | event=RequestFragmentSharing | nodeId=189 | cellId=10001 | confidence=0.499 | fragments=0 1 2 

[EVENT] 31.346 | event=RequestFragmentSharing | nodeId=71 | cellId=10001 | confidence=0.499 | fragments=0 1 2 

[EVENT] 31.346 | event=RequestFragmentSharing | nodeId=112 | cellId=10001 | confidence=0.499 | fragments=0 1 2 

[EVENT] 31.346 | event=RequestFragmentSharing | nodeId=127 | cellId=10001 | confidence=0.499 | fragments=0 1 2 

[EVENT] 31.346 | event=RequestFragmentSharing | nodeId=151 | cellId=10001 | confidence=0.499 | fragments=0 1 2 

[EVENT] 31.346 | event=RequestFragmentSharing | nodeId=168 | cellId=10001 | confidence=0.499 | fragments=0 1 2 

[EVENT] 31.347 | event=RequestFragmentSharing | nodeId=87 | cellId=10001 | confidence=0.499 | fragments=0 1 2 

[EVENT] 31.347 | event=RequestFragmentSharing | nodeId=70 | cellId=10001 | confidence=0.499 | fragments=0 1 2 

[EVENT] 31.347 | event=RequestFragmentSharing | nodeId=107 | cellId=10001 | confidence=0.499 | fragments=0 1 2 

[EVENT] 31.347 | event=RequestFragmentSharing | nodeId=172 | cellId=10001 | confidence=0.499 | fragments=0 1 2 

[EVENT] 31.347 | event=RequestFragmentSharing | nodeId=173 | cellId=10001 | confidence=0.499 | fragments=0 1 2 

[EVENT] 31.348 | event=RequestFragmentSharing | nodeId=128 | cellId=10001 | confidence=0.499 | fragments=0 1 2 

[EVENT] 31.348 | event=RequestFragmentSharing | nodeId=190 | cellId=10001 | confidence=0.499 | fragments=0 1 2 

[EVENT] 31.349 | event=RequestFragmentSharing | nodeId=152 | cellId=10001 | confidence=0.499 | fragments=0 1 2 

[EVENT] 31.350 | event=RequestFragmentSharing | nodeId=148 | cellId=10001 | confidence=0.499 | fragments=0 1 2 

[EVENT] 31.350 | event=RequestFragmentSharing | nodeId=150 | cellId=10001 | confidence=0.499 | fragments=0 1 2 

[EVENT] 31.351 | event=RequestFragmentSharing | nodeId=170 | cellId=10001 | confidence=0.499 | fragments=0 1 2 

[EVENT] 31.351 | event=RequestFragmentSharing | nodeId=129 | cellId=10001 | confidence=0.499 | fragments=0 1 2 

[EVENT] 31.351 | event=RequestFragmentSharing | nodeId=110 | cellId=10001 | confidence=0.499 | fragments=0 1 2 

[EVENT] 31.352 | event=RequestFragmentSharing | nodeId=169 | cellId=10001 | confidence=0.499 | fragments=0 1 2 

[EVENT] 31.352 | event=RequestFragmentSharing | nodeId=191 | cellId=10001 | confidence=0.499 | fragments=0 1 2 

[EVENT] 31.352 | event=RequestFragmentSharing | nodeId=147 | cellId=10001 | confidence=0.499 | fragments=0 1 2 

[EVENT] 31.352 | event=RequestFragmentSharing | nodeId=69 | cellId=10001 | confidence=0.499 | fragments=0 1 2 

[EVENT] 31.352 | event=RequestFragmentSharing | nodeId=111 | cellId=10001 | confidence=0.499 | fragments=0 1 2 

[EVENT] 31.353 | event=RequestFragmentSharing | nodeId=88 | cellId=10001 | confidence=0.499 | fragments=0 1 2 

[EVENT] 32.116 | event=UAVFragmentBroadcast | nodeId=402 | fragmentId=3 | cycle=1 | confidence=0.206 | pixels=17306

[EVENT] 32.116 | event=ContactDropGoodRssi | srcNodeId=402 | fragmentId=3 | packetSize=51935 | srcAddr=01:93|dropCount=14|dsts=94,95,96,113,114,115,116,117,132,133,137,138,152,158
402-D-94(3) 402-D-95(3) 402-D-96(3) 402-D-113(3) 402-D-114(3) 402-D-115(3) 402-D-116(3) 402-D-117(3) 402-D-132(3) 402-D-133(3) 402-D-137(3) 402-D-138(3) 402-D-152(3) 402-D-158(3) 
402-R-134(3) 402-R-135(3) 402-R-136(3) 402-R-153(3) 402-R-154(3) 402-R-155(3) 402-R-156(3) 402-R-157(3) 402-R-173(3) 402-R-174(3) 402-R-175(3) 402-R-176(3) 402-R-177(3) 402-R-193(3) 402-R-194(3) 402-R-195(3) 402-R-196(3) 402-R-214(3) 402-R-215(3) 402-R-216(3) 156-S-76(3) 156-S-77(3) 156-S-78(3) 156-S-79(3) 156-S-94(3) 156-S-95(3) 156-S-96(3) 156-S-97(3) 156-S-98(3) 156-S-99(3) 156-S-114(3) 156-S-115(3) 156-S-116(3) 156-S-117(3) 156-S-118(3) 156-S-119(3) 156-S-137(3) 156-S-138(3) 156-S-139(3) 156-S-158(3) 156-S-159(3) 156-S-178(3) 156-S-179(3) 156-S-197(3) 156-S-198(3) 156-S-199(3) 
[EVENT] 32.977 | event=RequestFragmentSharing | nodeId=156 | cellId=10002 | confidence=0.602 | fragments=0 1 2 3 

[EVENT] 32.978 | event=RequestFragmentSharing | nodeId=116 | cellId=10002 | confidence=0.602 | fragments=0 1 2 3 

[EVENT] 32.980 | event=RequestFragmentSharing | nodeId=138 | cellId=10002 | confidence=0.602 | fragments=0 1 2 3 
153-S-69(3) 153-S-70(3) 153-S-71(3) 153-S-72(3) 153-S-87(3) 153-S-88(3) 153-S-89(3) 153-S-90(3) 153-S-91(3) 153-S-92(3) 153-S-93(3) 153-S-107(3) 153-S-108(3) 153-S-109(3) 153-S-110(3) 153-S-111(3) 153-S-112(3) 153-S-113(3) 153-S-127(3) 153-S-128(3) 153-S-129(3) 153-S-130(3) 153-S-131(3) 153-S-132(3) 153-S-133(3) 153-S-147(3) 153-S-148(3) 153-S-149(3) 153-S-150(3) 153-S-151(3) 153-S-152(3) 153-S-167(3) 153-S-168(3) 153-S-169(3) 153-S-170(3) 153-S-171(3) 153-S-172(3) 153-S-189(3) 153-S-190(3) 153-S-191(3) 153-S-192(3) 
[EVENT] 32.980 | event=RequestFragmentSharing | nodeId=153 | cellId=10001 | confidence=0.602 | fragments=0 1 2 3 

[EVENT] 32.981 | event=RequestFragmentSharing | nodeId=157 | cellId=10002 | confidence=0.602 | fragments=0 1 2 3 

[EVENT] 32.981 | event=RequestFragmentSharing | nodeId=137 | cellId=10002 | confidence=0.602 | fragments=0 1 2 3 

[EVENT] 32.982 | event=RequestFragmentSharing | nodeId=155 | cellId=10002 | confidence=0.602 | fragments=0 1 2 3 

[EVENT] 32.985 | event=RequestFragmentSharing | nodeId=114 | cellId=10002 | confidence=0.602 | fragments=0 1 2 3 

[EVENT] 32.985 | event=RequestFragmentSharing | nodeId=175 | cellId=10002 | confidence=0.602 | fragments=0 1 2 3 

[EVENT] 32.986 | event=RequestFragmentSharing | nodeId=115 | cellId=10002 | confidence=0.602 | fragments=0 1 2 3 

[EVENT] 32.986 | event=RequestFragmentSharing | nodeId=95 | cellId=10002 | confidence=0.602 | fragments=0 1 2 3 

[EVENT] 32.988 | event=RequestFragmentSharing | nodeId=154 | cellId=10002 | confidence=0.602 | fragments=0 1 2 3 

[EVENT] 32.988 | event=RequestFragmentSharing | nodeId=130 | cellId=10001 | confidence=0.602 | fragments=0 1 2 3 

[EVENT] 32.998 | event=RequestFragmentSharing | nodeId=76 | cellId=10002 | confidence=0.602 | fragments=0 1 2 3 

[EVENT] 32.999 | event=RequestFragmentSharing | nodeId=117 | cellId=10002 | confidence=0.602 | fragments=0 1 2 3 

[EVENT] 32.999 | event=RequestFragmentSharing | nodeId=159 | cellId=10002 | confidence=0.602 | fragments=0 1 2 3 

[EVENT] 32.999 | event=RequestFragmentSharing | nodeId=114 | cellId=10002 | confidence=0.602 | fragments=0 1 2 3 

[EVENT] 32.999 | event=RequestFragmentSharing | nodeId=98 | cellId=10002 | confidence=0.602 | fragments=0 1 2 3 

[EVENT] 33.000 | event=RequestFragmentSharing | nodeId=179 | cellId=10002 | confidence=0.602 | fragments=0 1 2 3 

[EVENT] 33.001 | event=RequestFragmentSharing | nodeId=72 | cellId=10001 | confidence=0.602 | fragments=0 1 2 3 

[EVENT] 33.001 | event=RequestFragmentSharing | nodeId=78 | cellId=10002 | confidence=0.602 | fragments=0 1 2 3 

[EVENT] 33.001 | event=RequestFragmentSharing | nodeId=112 | cellId=10001 | confidence=0.602 | fragments=0 1 2 3 

[EVENT] 33.002 | event=RequestFragmentSharing | nodeId=170 | cellId=10001 | confidence=0.602 | fragments=0 1 2 3 

[EVENT] 33.002 | event=RequestFragmentSharing | nodeId=97 | cellId=10002 | confidence=0.602 | fragments=0 1 2 3 

[EVENT] 33.002 | event=RequestFragmentSharing | nodeId=192 | cellId=10001 | confidence=0.602 | fragments=0 1 2 3 

[EVENT] 33.002 | event=RequestFragmentSharing | nodeId=94 | cellId=10002 | confidence=0.602 | fragments=0 1 2 3 

[EVENT] 33.002 | event=RequestFragmentSharing | nodeId=69 | cellId=10001 | confidence=0.602 | fragments=0 1 2 3 

[EVENT] 33.002 | event=RequestFragmentSharing | nodeId=79 | cellId=10002 | confidence=0.602 | fragments=0 1 2 3 

[EVENT] 33.002 | event=RequestFragmentSharing | nodeId=77 | cellId=10002 | confidence=0.602 | fragments=0 1 2 3 

[EVENT] 33.003 | event=RequestFragmentSharing | nodeId=99 | cellId=10002 | confidence=0.602 | fragments=0 1 2 3 

[EVENT] 33.003 | event=RequestFragmentSharing | nodeId=116 | cellId=10002 | confidence=0.602 | fragments=0 1 2 3 

[EVENT] 33.003 | event=RequestFragmentSharing | nodeId=96 | cellId=10002 | confidence=0.602 | fragments=0 1 2 3 

[EVENT] 33.003 | event=RequestFragmentSharing | nodeId=151 | cellId=10001 | confidence=0.602 | fragments=0 1 2 3 

[EVENT] 33.003 | event=RequestFragmentSharing | nodeId=91 | cellId=10001 | confidence=0.602 | fragments=0 1 2 3 

[EVENT] 33.004 | event=RequestFragmentSharing | nodeId=113 | cellId=10001 | confidence=0.602 | fragments=0 1 2 3 

[EVENT] 33.004 | event=RequestFragmentSharing | nodeId=110 | cellId=10001 | confidence=0.602 | fragments=0 1 2 3 

[EVENT] 33.004 | event=RequestFragmentSharing | nodeId=138 | cellId=10002 | confidence=0.602 | fragments=0 1 2 3 

[EVENT] 33.005 | event=RequestFragmentSharing | nodeId=148 | cellId=10001 | confidence=0.602 | fragments=0 1 2 3 

[EVENT] 33.005 | event=RequestFragmentSharing | nodeId=92 | cellId=10001 | confidence=0.602 | fragments=0 1 2 3 

[EVENT] 33.006 | event=RequestFragmentSharing | nodeId=197 | cellId=10002 | confidence=0.602 | fragments=0 1 2 3 

[EVENT] 33.006 | event=RequestFragmentSharing | nodeId=127 | cellId=10001 | confidence=0.602 | fragments=0 1 2 3 

[EVENT] 33.006 | event=RequestFragmentSharing | nodeId=107 | cellId=10001 | confidence=0.602 | fragments=0 1 2 3 

[EVENT] 33.006 | event=RequestFragmentSharing | nodeId=171 | cellId=10001 | confidence=0.602 | fragments=0 1 2 3 

[EVENT] 33.007 | event=RequestFragmentSharing | nodeId=139 | cellId=10002 | confidence=0.602 | fragments=0 1 2 3 

[EVENT] 33.007 | event=RequestFragmentSharing | nodeId=150 | cellId=10001 | confidence=0.602 | fragments=0 1 2 3 

[EVENT] 33.007 | event=RequestFragmentSharing | nodeId=169 | cellId=10001 | confidence=0.602 | fragments=0 1 2 3 

[EVENT] 33.007 | event=RequestFragmentSharing | nodeId=118 | cellId=10002 | confidence=0.602 | fragments=0 1 2 3 

[EVENT] 33.007 | event=RequestFragmentSharing | nodeId=149 | cellId=10001 | confidence=0.602 | fragments=0 1 2 3 

[EVENT] 33.007 | event=RequestFragmentSharing | nodeId=158 | cellId=10002 | confidence=0.602 | fragments=0 1 2 3 

[EVENT] 33.008 | event=RequestFragmentSharing | nodeId=191 | cellId=10001 | confidence=0.602 | fragments=0 1 2 3 

[EVENT] 33.008 | event=RequestFragmentSharing | nodeId=198 | cellId=10002 | confidence=0.602 | fragments=0 1 2 3 

[EVENT] 33.008 | event=RequestFragmentSharing | nodeId=128 | cellId=10001 | confidence=0.602 | fragments=0 1 2 3 

[EVENT] 33.008 | event=RequestFragmentSharing | nodeId=108 | cellId=10001 | confidence=0.602 | fragments=0 1 2 3 

[EVENT] 33.008 | event=RequestFragmentSharing | nodeId=168 | cellId=10001 | confidence=0.602 | fragments=0 1 2 3 

[EVENT] 33.009 | event=RequestFragmentSharing | nodeId=152 | cellId=10001 | confidence=0.602 | fragments=0 1 2 3 

[EVENT] 33.009 | event=RequestFragmentSharing | nodeId=178 | cellId=10002 | confidence=0.602 | fragments=0 1 2 3 

[EVENT] 33.009 | event=RequestFragmentSharing | nodeId=172 | cellId=10001 | confidence=0.602 | fragments=0 1 2 3 

[EVENT] 33.009 | event=RequestFragmentSharing | nodeId=119 | cellId=10002 | confidence=0.602 | fragments=0 1 2 3 

[EVENT] 33.009 | event=RequestFragmentSharing | nodeId=167 | cellId=10001 | confidence=0.602 | fragments=0 1 2 3 

[EVENT] 33.009 | event=RequestFragmentSharing | nodeId=199 | cellId=10002 | confidence=0.602 | fragments=0 1 2 3 

[EVENT] 33.009 | event=RequestFragmentSharing | nodeId=147 | cellId=10001 | confidence=0.602 | fragments=0 1 2 3 

[EVENT] 33.009 | event=RequestFragmentSharing | nodeId=70 | cellId=10001 | confidence=0.602 | fragments=0 1 2 3 

[EVENT] 33.009 | event=RequestFragmentSharing | nodeId=90 | cellId=10001 | confidence=0.602 | fragments=0 1 2 3 

[EVENT] 33.010 | event=RequestFragmentSharing | nodeId=87 | cellId=10001 | confidence=0.602 | fragments=0 1 2 3 

[EVENT] 33.010 | event=RequestFragmentSharing | nodeId=88 | cellId=10001 | confidence=0.602 | fragments=0 1 2 3 

[EVENT] 33.010 | event=RequestFragmentSharing | nodeId=189 | cellId=10001 | confidence=0.602 | fragments=0 1 2 3 

[EVENT] 33.010 | event=RequestFragmentSharing | nodeId=131 | cellId=10001 | confidence=0.602 | fragments=0 1 2 3 

[EVENT] 33.011 | event=RequestFragmentSharing | nodeId=95 | cellId=10002 | confidence=0.602 | fragments=0 1 2 3 

[EVENT] 33.011 | event=RequestFragmentSharing | nodeId=115 | cellId=10002 | confidence=0.602 | fragments=0 1 2 3 

[EVENT] 33.011 | event=RequestFragmentSharing | nodeId=132 | cellId=10001 | confidence=0.602 | fragments=0 1 2 3 

[EVENT] 33.011 | event=RequestFragmentSharing | nodeId=109 | cellId=10001 | confidence=0.602 | fragments=0 1 2 3 

[EVENT] 33.011 | event=RequestFragmentSharing | nodeId=190 | cellId=10001 | confidence=0.602 | fragments=0 1 2 3 

[EVENT] 33.012 | event=RequestFragmentSharing | nodeId=93 | cellId=10001 | confidence=0.602 | fragments=0 1 2 3 

[EVENT] 33.013 | event=RequestFragmentSharing | nodeId=129 | cellId=10001 | confidence=0.602 | fragments=0 1 2 3 

[EVENT] 33.013 | event=RequestFragmentSharing | nodeId=111 | cellId=10001 | confidence=0.602 | fragments=0 1 2 3 

[EVENT] 33.013 | event=RequestFragmentSharing | nodeId=71 | cellId=10001 | confidence=0.602 | fragments=0 1 2 3 

[EVENT] 33.014 | event=RequestFragmentSharing | nodeId=133 | cellId=10001 | confidence=0.602 | fragments=0 1 2 3 

[EVENT] 33.015 | event=RequestFragmentSharing | nodeId=89 | cellId=10001 | confidence=0.602 | fragments=0 1 2 3 

[EVENT] 33.777 | event=UAVFragmentBroadcast | nodeId=402 | fragmentId=4 | cycle=1 | confidence=0.206 | pixels=17306

[EVENT] 33.777 | event=ContactDropGoodRssi | srcNodeId=402 | fragmentId=4 | packetSize=51935 | srcAddr=01:93|dropCount=12|dsts=134,135,136,153,154,155,156,157,172,178,192,198
402-D-134(4) 402-D-135(4) 402-D-136(4) 402-D-153(4) 402-D-154(4) 402-D-155(4) 402-D-156(4) 402-D-157(4) 402-D-172(4) 402-D-178(4) 402-D-192(4) 402-D-198(4) 
402-R-173(4) 402-R-174(4) 402-R-175(4) 402-R-176(4) 402-R-177(4) 402-R-193(4) 402-R-194(4) 402-R-195(4) 402-R-196(4) 402-R-197(4) 402-R-213(4) 402-R-214(4) 402-R-215(4) 402-R-216(4) 402-R-217(4) 402-R-233(4) 402-R-234(4) 402-R-235(4) 402-R-236(4) 402-R-237(4) 195-S-211(3) 195-S-211(4) 195-S-212(3) 195-S-212(4) 195-S-213(3) 195-S-217(3) 195-S-231(3) 195-S-231(4) 195-S-232(3) 195-S-232(4) 195-S-233(3) 195-S-234(3) 195-S-235(3) 195-S-236(3) 195-S-237(3) 195-S-251(3) 195-S-251(4) 195-S-252(3) 195-S-252(4) 195-S-253(3) 195-S-253(4) 195-S-254(3) 195-S-254(4) 195-S-255(3) 195-S-255(4) 195-S-256(3) 195-S-256(4) 195-S-257(3) 195-S-257(4) 195-S-271(3) 195-S-271(4) 195-S-272(3) 195-S-272(4) 195-S-273(3) 195-S-273(4) 195-S-274(3) 195-S-274(4) 195-S-275(3) 195-S-275(4) 195-S-276(3) 195-S-276(4) 195-S-277(3) 195-S-277(4) 195-S-291(3) 195-S-291(4) 195-S-292(3) 195-S-292(4) 195-S-293(3) 195-S-293(4) 195-S-294(3) 195-S-294(4) 195-S-295(3) 195-S-295(4) 195-S-296(3) 195-S-296(4) 195-S-297(3) 195-S-297(4) 195-S-313(3) 195-S-313(4) 195-S-314(3) 195-S-314(4) 195-S-315(3) 195-S-315(4) 
[EVENT] 34.638 | event=RequestFragmentSharing | nodeId=195 | cellId=20001 | confidence=0.369 | fragments=3 4 
177-S-76(4) 177-S-77(4) 177-S-78(4) 177-S-79(4) 177-S-94(4) 177-S-95(4) 177-S-96(4) 177-S-97(4) 177-S-98(4) 177-S-99(4) 177-S-114(4) 177-S-115(4) 177-S-116(4) 177-S-117(4) 177-S-118(4) 177-S-119(4) 177-S-134(4) 177-S-135(4) 177-S-136(4) 177-S-137(4) 177-S-138(4) 177-S-139(4) 177-S-154(4) 177-S-155(4) 177-S-156(4) 177-S-157(4) 177-S-158(4) 177-S-159(4) 177-S-178(4) 177-S-179(4) 177-S-198(4) 177-S-199(4) 
[EVENT] 34.639 | event=RequestFragmentSharing | nodeId=177 | cellId=10002 | confidence=0.684 | fragments=0 1 2 3 4 

[EVENT] 34.640 | event=RequestFragmentSharing | nodeId=174 | cellId=10002 | confidence=0.684 | fragments=0 1 2 3 4 

[EVENT] 34.640 | event=RequestFragmentSharing | nodeId=254 | cellId=20001 | confidence=0.369 | fragments=3 4 

[EVENT] 34.641 | event=RequestFragmentSharing | nodeId=214 | cellId=20001 | confidence=0.369 | fragments=3 4 

[EVENT] 34.641 | event=RequestFragmentSharing | nodeId=134 | cellId=10002 | confidence=0.684 | fragments=0 1 2 3 4 

[EVENT] 34.643 | event=RequestFragmentSharing | nodeId=176 | cellId=10002 | confidence=0.684 | fragments=0 1 2 3 4 

[EVENT] 34.644 | event=RequestFragmentSharing | nodeId=215 | cellId=20001 | confidence=0.369 | fragments=3 4 

[EVENT] 34.644 | event=RequestFragmentSharing | nodeId=196 | cellId=10002 | confidence=0.684 | fragments=0 1 2 3 4 

[EVENT] 34.645 | event=RequestFragmentSharing | nodeId=135 | cellId=10002 | confidence=0.684 | fragments=0 1 2 3 4 

[EVENT] 34.645 | event=RequestFragmentSharing | nodeId=194 | cellId=20001 | confidence=0.369 | fragments=3 4 

[EVENT] 34.646 | event=RequestFragmentSharing | nodeId=137 | cellId=10002 | confidence=0.684 | fragments=0 1 2 3 4 

[EVENT] 34.648 | event=RequestFragmentSharing | nodeId=136 | cellId=10002 | confidence=0.684 | fragments=0 1 2 3 4 
173-S-69(4) 173-S-70(4) 173-S-71(4) 173-S-72(4) 173-S-87(4) 173-S-88(4) 173-S-89(4) 173-S-90(4) 173-S-91(4) 173-S-92(4) 173-S-93(4) 173-S-107(4) 173-S-108(4) 173-S-109(4) 173-S-110(4) 173-S-111(4) 173-S-112(4) 173-S-113(4) 173-S-127(4) 173-S-128(4) 173-S-129(4) 173-S-130(4) 173-S-131(4) 173-S-132(4) 173-S-133(4) 173-S-147(4) 173-S-148(4) 173-S-149(4) 173-S-150(4) 173-S-151(4) 173-S-152(4) 173-S-153(4) 173-S-167(4) 173-S-168(4) 173-S-169(4) 173-S-170(4) 173-S-171(4) 173-S-172(4) 173-S-189(4) 173-S-190(4) 173-S-191(4) 173-S-192(4) 
[EVENT] 34.650 | event=RequestFragmentSharing | nodeId=173 | cellId=10001 | confidence=0.684 | fragments=0 1 2 3 4 

[EVENT] 34.651 | event=RequestFragmentSharing | nodeId=216 | cellId=20001 | confidence=0.369 | fragments=3 4 

[EVENT] 34.651 | event=RequestFragmentSharing | nodeId=193 | cellId=20001 | confidence=0.369 | fragments=3 4 

[EVENT] 34.659 | event=RequestFragmentSharing | nodeId=115 | cellId=10002 | confidence=0.684 | fragments=0 1 2 3 4 

[EVENT] 34.660 | event=RequestFragmentSharing | nodeId=119 | cellId=10002 | confidence=0.684 | fragments=0 1 2 3 4 

[EVENT] 34.660 | event=RequestFragmentSharing | nodeId=276 | cellId=20001 | confidence=0.369 | fragments=3 4 

[EVENT] 34.660 | event=RequestFragmentSharing | nodeId=211 | cellId=20001 | confidence=0.369 | fragments=3 4 

[EVENT] 34.660 | event=RequestFragmentSharing | nodeId=95 | cellId=10002 | confidence=0.684 | fragments=0 1 2 3 4 

[EVENT] 34.660 | event=RequestFragmentSharing | nodeId=94 | cellId=10002 | confidence=0.684 | fragments=0 1 2 3 4 

[EVENT] 34.660 | event=RequestFragmentSharing | nodeId=277 | cellId=20001 | confidence=0.369 | fragments=3 4 

[EVENT] 34.661 | event=RequestFragmentSharing | nodeId=297 | cellId=20001 | confidence=0.369 | fragments=3 4 

[EVENT] 34.661 | event=RequestFragmentSharing | nodeId=295 | cellId=20001 | confidence=0.369 | fragments=3 4 

[EVENT] 34.661 | event=RequestFragmentSharing | nodeId=199 | cellId=10002 | confidence=0.684 | fragments=0 1 2 3 4 

[EVENT] 34.661 | event=RequestFragmentSharing | nodeId=293 | cellId=20001 | confidence=0.369 | fragments=3 4 

[EVENT] 34.662 | event=RequestFragmentSharing | nodeId=272 | cellId=20001 | confidence=0.369 | fragments=3 4 

[EVENT] 34.662 | event=RequestFragmentSharing | nodeId=138 | cellId=10002 | confidence=0.684 | fragments=0 1 2 3 4 

[EVENT] 34.662 | event=RequestFragmentSharing | nodeId=118 | cellId=10002 | confidence=0.684 | fragments=0 1 2 3 4 

[EVENT] 34.663 | event=RequestFragmentSharing | nodeId=130 | cellId=10001 | confidence=0.684 | fragments=0 1 2 3 4 

[EVENT] 34.663 | event=RequestFragmentSharing | nodeId=117 | cellId=10002 | confidence=0.684 | fragments=0 1 2 3 4 

[EVENT] 34.663 | event=RequestFragmentSharing | nodeId=314 | cellId=20001 | confidence=0.369 | fragments=3 4 

[EVENT] 34.664 | event=RequestFragmentSharing | nodeId=217 | cellId=20001 | confidence=0.369 | fragments=3 4 

[EVENT] 34.664 | event=RequestFragmentSharing | nodeId=271 | cellId=20001 | confidence=0.369 | fragments=3 4 

[EVENT] 34.664 | event=RequestFragmentSharing | nodeId=253 | cellId=20001 | confidence=0.369 | fragments=3 4 

[EVENT] 34.664 | event=RequestFragmentSharing | nodeId=234 | cellId=20001 | confidence=0.369 | fragments=3 4 

[EVENT] 34.664 | event=RequestFragmentSharing | nodeId=255 | cellId=20001 | confidence=0.369 | fragments=3 4 

[EVENT] 34.664 | event=RequestFragmentSharing | nodeId=155 | cellId=10002 | confidence=0.684 | fragments=0 1 2 3 4 

[EVENT] 34.664 | event=RequestFragmentSharing | nodeId=99 | cellId=10002 | confidence=0.684 | fragments=0 1 2 3 4 

[EVENT] 34.664 | event=RequestFragmentSharing | nodeId=296 | cellId=20001 | confidence=0.369 | fragments=3 4 

[EVENT] 34.665 | event=RequestFragmentSharing | nodeId=213 | cellId=20001 | confidence=0.369 | fragments=3 4 

[EVENT] 34.665 | event=RequestFragmentSharing | nodeId=257 | cellId=20001 | confidence=0.369 | fragments=3 4 

[EVENT] 34.665 | event=RequestFragmentSharing | nodeId=198 | cellId=10002 | confidence=0.684 | fragments=0 1 2 3 4 

[EVENT] 34.666 | event=RequestFragmentSharing | nodeId=157 | cellId=10002 | confidence=0.684 | fragments=0 1 2 3 4 

[EVENT] 34.666 | event=RequestFragmentSharing | nodeId=232 | cellId=20001 | confidence=0.369 | fragments=3 4 

[EVENT] 34.666 | event=RequestFragmentSharing | nodeId=156 | cellId=10002 | confidence=0.684 | fragments=0 1 2 3 4 

[EVENT] 34.666 | event=RequestFragmentSharing | nodeId=256 | cellId=20001 | confidence=0.369 | fragments=3 4 

[EVENT] 34.666 | event=RequestFragmentSharing | nodeId=251 | cellId=20001 | confidence=0.369 | fragments=3 4 

[EVENT] 34.666 | event=RequestFragmentSharing | nodeId=116 | cellId=10002 | confidence=0.684 | fragments=0 1 2 3 4 

[EVENT] 34.666 | event=RequestFragmentSharing | nodeId=237 | cellId=20001 | confidence=0.369 | fragments=3 4 

[EVENT] 34.667 | event=RequestFragmentSharing | nodeId=273 | cellId=20001 | confidence=0.369 | fragments=3 4 

[EVENT] 34.667 | event=RequestFragmentSharing | nodeId=154 | cellId=10002 | confidence=0.684 | fragments=0 1 2 3 4 

[EVENT] 34.667 | event=RequestFragmentSharing | nodeId=178 | cellId=10002 | confidence=0.684 | fragments=0 1 2 3 4 

[EVENT] 34.667 | event=RequestFragmentSharing | nodeId=76 | cellId=10002 | confidence=0.684 | fragments=0 1 2 3 4 

[EVENT] 34.667 | event=RequestFragmentSharing | nodeId=313 | cellId=20001 | confidence=0.369 | fragments=3 4 

[EVENT] 34.667 | event=RequestFragmentSharing | nodeId=79 | cellId=10002 | confidence=0.684 | fragments=0 1 2 3 4 

[EVENT] 34.668 | event=RequestFragmentSharing | nodeId=275 | cellId=20001 | confidence=0.369 | fragments=3 4 

[EVENT] 34.668 | event=RequestFragmentSharing | nodeId=252 | cellId=20001 | confidence=0.369 | fragments=3 4 

[EVENT] 34.668 | event=RequestFragmentSharing | nodeId=212 | cellId=20001 | confidence=0.369 | fragments=3 4 

[EVENT] 34.668 | event=RequestFragmentSharing | nodeId=96 | cellId=10002 | confidence=0.684 | fragments=0 1 2 3 4 

[EVENT] 34.668 | event=RequestFragmentSharing | nodeId=292 | cellId=20001 | confidence=0.369 | fragments=3 4 

[EVENT] 34.668 | event=RequestFragmentSharing | nodeId=139 | cellId=10002 | confidence=0.684 | fragments=0 1 2 3 4 

[EVENT] 34.669 | event=RequestFragmentSharing | nodeId=114 | cellId=10002 | confidence=0.684 | fragments=0 1 2 3 4 

[EVENT] 34.669 | event=RequestFragmentSharing | nodeId=294 | cellId=20001 | confidence=0.369 | fragments=3 4 

[EVENT] 34.670 | event=RequestFragmentSharing | nodeId=291 | cellId=20001 | confidence=0.369 | fragments=3 4 

[EVENT] 34.670 | event=RequestFragmentSharing | nodeId=98 | cellId=10002 | confidence=0.684 | fragments=0 1 2 3 4 

[EVENT] 34.670 | event=RequestFragmentSharing | nodeId=131 | cellId=10001 | confidence=0.684 | fragments=0 1 2 3 4 

[EVENT] 34.670 | event=RequestFragmentSharing | nodeId=150 | cellId=10001 | confidence=0.684 | fragments=0 1 2 3 4 

[EVENT] 34.670 | event=RequestFragmentSharing | nodeId=78 | cellId=10002 | confidence=0.684 | fragments=0 1 2 3 4 

[EVENT] 34.670 | event=RequestFragmentSharing | nodeId=134 | cellId=10002 | confidence=0.684 | fragments=0 1 2 3 4 

[EVENT] 34.670 | event=RequestFragmentSharing | nodeId=274 | cellId=20001 | confidence=0.369 | fragments=3 4 

[EVENT] 34.670 | event=RequestFragmentSharing | nodeId=235 | cellId=20001 | confidence=0.369 | fragments=3 4 

[EVENT] 34.670 | event=RequestFragmentSharing | nodeId=97 | cellId=10002 | confidence=0.684 | fragments=0 1 2 3 4 

[EVENT] 34.671 | event=RequestFragmentSharing | nodeId=170 | cellId=10001 | confidence=0.684 | fragments=0 1 2 3 4 

[EVENT] 34.671 | event=RequestFragmentSharing | nodeId=231 | cellId=20001 | confidence=0.369 | fragments=3 4 

[EVENT] 34.671 | event=RequestFragmentSharing | nodeId=236 | cellId=20001 | confidence=0.369 | fragments=3 4 

[EVENT] 34.671 | event=RequestFragmentSharing | nodeId=171 | cellId=10001 | confidence=0.684 | fragments=0 1 2 3 4 

[EVENT] 34.672 | event=RequestFragmentSharing | nodeId=233 | cellId=20001 | confidence=0.369 | fragments=3 4 

[EVENT] 34.672 | event=RequestFragmentSharing | nodeId=159 | cellId=10002 | confidence=0.684 | fragments=0 1 2 3 4 

[EVENT] 34.672 | event=RequestFragmentSharing | nodeId=93 | cellId=10001 | confidence=0.684 | fragments=0 1 2 3 4 

[EVENT] 34.672 | event=RequestFragmentSharing | nodeId=77 | cellId=10002 | confidence=0.684 | fragments=0 1 2 3 4 

[EVENT] 34.672 | event=RequestFragmentSharing | nodeId=172 | cellId=10001 | confidence=0.684 | fragments=0 1 2 3 4 

[EVENT] 34.672 | event=RequestFragmentSharing | nodeId=149 | cellId=10001 | confidence=0.684 | fragments=0 1 2 3 4 

[EVENT] 34.672 | event=RequestFragmentSharing | nodeId=315 | cellId=20001 | confidence=0.369 | fragments=3 4 

[EVENT] 34.672 | event=RequestFragmentSharing | nodeId=179 | cellId=10002 | confidence=0.684 | fragments=0 1 2 3 4 

[EVENT] 34.673 | event=RequestFragmentSharing | nodeId=88 | cellId=10001 | confidence=0.684 | fragments=0 1 2 3 4 

[EVENT] 34.673 | event=RequestFragmentSharing | nodeId=90 | cellId=10001 | confidence=0.684 | fragments=0 1 2 3 4 

[EVENT] 34.673 | event=RequestFragmentSharing | nodeId=129 | cellId=10001 | confidence=0.684 | fragments=0 1 2 3 4 

[EVENT] 34.673 | event=RequestFragmentSharing | nodeId=168 | cellId=10001 | confidence=0.684 | fragments=0 1 2 3 4 

[EVENT] 34.673 | event=RequestFragmentSharing | nodeId=136 | cellId=10002 | confidence=0.684 | fragments=0 1 2 3 4 

[EVENT] 34.673 | event=RequestFragmentSharing | nodeId=158 | cellId=10002 | confidence=0.684 | fragments=0 1 2 3 4 

[EVENT] 34.673 | event=RequestFragmentSharing | nodeId=135 | cellId=10002 | confidence=0.684 | fragments=0 1 2 3 4 

[EVENT] 34.673 | event=RequestFragmentSharing | nodeId=110 | cellId=10001 | confidence=0.684 | fragments=0 1 2 3 4 

[EVENT] 34.673 | event=RequestFragmentSharing | nodeId=147 | cellId=10001 | confidence=0.684 | fragments=0 1 2 3 4 

[EVENT] 34.674 | event=RequestFragmentSharing | nodeId=112 | cellId=10001 | confidence=0.684 | fragments=0 1 2 3 4 

[EVENT] 34.674 | event=RequestFragmentSharing | nodeId=152 | cellId=10001 | confidence=0.684 | fragments=0 1 2 3 4 

[EVENT] 34.674 | event=RequestFragmentSharing | nodeId=111 | cellId=10001 | confidence=0.684 | fragments=0 1 2 3 4 

[EVENT] 34.675 | event=RequestFragmentSharing | nodeId=109 | cellId=10001 | confidence=0.684 | fragments=0 1 2 3 4 

[EVENT] 34.675 | event=RequestFragmentSharing | nodeId=91 | cellId=10001 | confidence=0.684 | fragments=0 1 2 3 4 

[EVENT] 34.675 | event=RequestFragmentSharing | nodeId=70 | cellId=10001 | confidence=0.684 | fragments=0 1 2 3 4 

[EVENT] 34.675 | event=RequestFragmentSharing | nodeId=189 | cellId=10001 | confidence=0.684 | fragments=0 1 2 3 4 

[EVENT] 34.676 | event=RequestFragmentSharing | nodeId=192 | cellId=10001 | confidence=0.684 | fragments=0 1 2 3 4 

[EVENT] 34.676 | event=RequestFragmentSharing | nodeId=169 | cellId=10001 | confidence=0.684 | fragments=0 1 2 3 4 

[EVENT] 34.676 | event=RequestFragmentSharing | nodeId=113 | cellId=10001 | confidence=0.684 | fragments=0 1 2 3 4 

[EVENT] 34.676 | event=RequestFragmentSharing | nodeId=87 | cellId=10001 | confidence=0.684 | fragments=0 1 2 3 4 

[EVENT] 34.678 | event=RequestFragmentSharing | nodeId=92 | cellId=10001 | confidence=0.684 | fragments=0 1 2 3 4 

[EVENT] 34.678 | event=RequestFragmentSharing | nodeId=108 | cellId=10001 | confidence=0.684 | fragments=0 1 2 3 4 

[EVENT] 34.679 | event=RequestFragmentSharing | nodeId=133 | cellId=10001 | confidence=0.684 | fragments=0 1 2 3 4 

[EVENT] 34.679 | event=RequestFragmentSharing | nodeId=191 | cellId=10001 | confidence=0.684 | fragments=0 1 2 3 4 

[EVENT] 34.681 | event=RequestFragmentSharing | nodeId=107 | cellId=10001 | confidence=0.684 | fragments=0 1 2 3 4 

[EVENT] 34.681 | event=RequestFragmentSharing | nodeId=69 | cellId=10001 | confidence=0.684 | fragments=0 1 2 3 4 

[EVENT] 34.682 | event=RequestFragmentSharing | nodeId=89 | cellId=10001 | confidence=0.684 | fragments=0 1 2 3 4 

[EVENT] 34.682 | event=RequestFragmentSharing | nodeId=128 | cellId=10001 | confidence=0.684 | fragments=0 1 2 3 4 

[EVENT] 34.683 | event=RequestFragmentSharing | nodeId=132 | cellId=10001 | confidence=0.684 | fragments=0 1 2 3 4 

[EVENT] 34.683 | event=RequestFragmentSharing | nodeId=153 | cellId=10001 | confidence=0.684 | fragments=0 1 2 3 4 

[EVENT] 34.683 | event=RequestFragmentSharing | nodeId=72 | cellId=10001 | confidence=0.684 | fragments=0 1 2 3 4 

[EVENT] 34.683 | event=RequestFragmentSharing | nodeId=148 | cellId=10001 | confidence=0.684 | fragments=0 1 2 3 4 

[EVENT] 34.683 | event=RequestFragmentSharing | nodeId=127 | cellId=10001 | confidence=0.684 | fragments=0 1 2 3 4 

[EVENT] 34.683 | event=RequestFragmentSharing | nodeId=167 | cellId=10001 | confidence=0.684 | fragments=0 1 2 3 4 

[EVENT] 34.684 | event=RequestFragmentSharing | nodeId=71 | cellId=10001 | confidence=0.684 | fragments=0 1 2 3 4 

[EVENT] 34.684 | event=RequestFragmentSharing | nodeId=190 | cellId=10001 | confidence=0.684 | fragments=0 1 2 3 4 

[EVENT] 34.685 | event=RequestFragmentSharing | nodeId=151 | cellId=10001 | confidence=0.684 | fragments=0 1 2 3 4 

[EVENT] 35.032 | event=UAVWaypointArrival | nodeId=402 | cycle=1 | pos=(300.000,200.000,20.000)

[EVENT] 35.439 | event=UAVFragmentBroadcast | nodeId=402 | fragmentId=5 | cycle=1 | confidence=0.206 | pixels=17306

[EVENT] 35.439 | event=ContactDropGoodRssi | srcNodeId=402 | fragmentId=5 | packetSize=51935 | srcAddr=01:93|dropCount=9|dsts=173,174,175,176,177,193,197,212,218
402-D-173(5) 402-D-174(5) 402-D-175(5) 402-D-176(5) 402-D-177(5) 402-D-193(5) 402-D-197(5) 402-D-212(5) 402-D-218(5) 
402-R-194(5) 402-R-195(5) 402-R-196(5) 402-R-213(5) 402-R-214(5) 402-R-215(5) 402-R-216(5) 402-R-217(5) 402-R-232(5) 402-R-233(5) 402-R-234(5) 402-R-235(5) 402-R-236(5) 402-R-237(5) 402-R-238(5) 402-R-253(5) 402-R-254(5) 402-R-255(5) 402-R-256(5) 402-R-257(5) 402-R-274(5) 402-R-275(5) 
[EVENT] 35.500 | event=SuspiciousConfidenceSnapshot | 11(0.369) 12(0.369) 13(0.369) 14(0.369) 15(0.369) 16(0.369) 17(0.369) 31(0.369) 32(0.369) 33(0.369) 34(0.369) 35(0.369) 36(0.369) 37(0.369) 51(0.369) 52(0.369) 53(0.369) 54(0.369) 55(0.369) 56(0.369) 57(0.369) 73(0.369) 74(0.369) 75(0.369) 76(0.684) 77(0.684) 78(0.684) 79(0.684) 94(0.684) 95(0.684) 96(0.684) 97(0.684) 98(0.684) 99(0.684) 114(0.684) 115(0.684) 116(0.684) 117(0.684) 118(0.684) 119(0.684) 134(0.684) 135(0.684) 136(0.684) 137(0.684) 138(0.684) 139(0.684) 154(0.684) 155(0.684) 156(0.684) 157(0.684) 158(0.684) 159(0.684) 174(0.684) 175(0.684) 176(0.684) 177(0.684) 178(0.684) 179(0.684) 193(0.369) 194(0.499) 195(0.499) 196(0.749) 197(0.684) 198(0.684) 199(0.684) 211(0.369) 212(0.369) 213(0.499) 214(0.499) 215(0.499) 216(0.499) 217(0.499) 231(0.369) 232(0.499) 233(0.499) 234(0.499) 235(0.499) 236(0.499) 237(0.499) 251(0.369) 252(0.369) 253(0.499) 254(0.499) 255(0.499) 256(0.499) 257(0.499) 271(0.369) 272(0.369) 273(0.369) 274(0.499) 275(0.499) 276(0.369) 277(0.369) 291(0.369) 292(0.369) 293(0.369) 294(0.369) 295(0.369) 296(0.369) 297(0.369) 313(0.369) 314(0.369) 315(0.369) 316(0.000) 317(0.000) 318(0.000) 319(0.000) 334(0.000) 335(0.000) 336(0.000) 337(0.000) 338(0.000) 339(0.000) 354(0.000) 355(0.000) 356(0.000) 357(0.000) 358(0.000) 359(0.000) 374(0.000) 375(0.000) 376(0.000) 377(0.000) 378(0.000) 379(0.000) 394(0.000) 395(0.000) 396(0.000) 397(0.000) 398(0.000) 399(0.000) 
196-S-197(5) 197-S-198(5) 197-S-199(5) 
[EVENT] 36.298 | event=RequestFragmentSharing | nodeId=197 | cellId=10002 | confidence=0.749 | fragments=0 1 2 3 4 5 
196-S-175(5) 
[EVENT] 36.299 | event=RequestFragmentSharing | nodeId=175 | cellId=10002 | confidence=0.749 | fragments=0 1 2 3 4 5 
217-S-193(5) 217-S-211(5) 217-S-212(5) 217-S-231(5) 217-S-251(5) 217-S-252(5) 217-S-271(5) 217-S-272(5) 217-S-273(5) 217-S-276(5) 217-S-277(5) 217-S-291(5) 217-S-292(5) 217-S-293(5) 217-S-294(5) 217-S-295(5) 217-S-296(5) 217-S-297(5) 217-S-313(5) 217-S-314(5) 217-S-315(5) 
[EVENT] 36.300 | event=RequestFragmentSharing | nodeId=217 | cellId=20001 | confidence=0.499 | fragments=3 4 5 

[EVENT] 36.301 | event=RequestFragmentSharing | nodeId=235 | cellId=20001 | confidence=0.499 | fragments=3 4 5 

[EVENT] 36.305 | event=RequestFragmentSharing | nodeId=236 | cellId=20001 | confidence=0.499 | fragments=3 4 5 

[EVENT] 36.307 | event=RequestFragmentSharing | nodeId=237 | cellId=20001 | confidence=0.499 | fragments=3 4 5 

[EVENT] 36.308 | event=RequestFragmentSharing | nodeId=234 | cellId=20001 | confidence=0.499 | fragments=3 4 5 

[EVENT] 36.309 | event=RequestFragmentSharing | nodeId=213 | cellId=20001 | confidence=0.499 | fragments=3 4 5 

[EVENT] 36.312 | event=RequestFragmentSharing | nodeId=233 | cellId=20001 | confidence=0.499 | fragments=3 4 5 

[EVENT] 36.320 | event=RequestFragmentSharing | nodeId=212 | cellId=20001 | confidence=0.499 | fragments=3 4 5 

[EVENT] 36.321 | event=RequestFragmentSharing | nodeId=291 | cellId=20001 | confidence=0.499 | fragments=3 4 5 

[EVENT] 36.322 | event=RequestFragmentSharing | nodeId=231 | cellId=20001 | confidence=0.499 | fragments=3 4 5 

[EVENT] 36.323 | event=RequestFragmentSharing | nodeId=297 | cellId=20001 | confidence=0.499 | fragments=3 4 5 

[EVENT] 36.324 | event=RequestFragmentSharing | nodeId=277 | cellId=20001 | confidence=0.499 | fragments=3 4 5 
198-S-76(5) 198-S-77(5) 198-S-78(5) 198-S-79(5) 198-S-94(5) 198-S-95(5) 198-S-96(5) 198-S-97(5) 198-S-98(5) 198-S-99(5) 198-S-114(5) 198-S-115(5) 198-S-116(5) 198-S-117(5) 198-S-118(5) 198-S-119(5) 198-S-134(5) 198-S-135(5) 198-S-136(5) 198-S-137(5) 198-S-138(5) 198-S-139(5) 198-S-154(5) 198-S-155(5) 198-S-156(5) 198-S-157(5) 198-S-158(5) 198-S-159(5) 198-S-174(5) 198-S-176(5) 198-S-177(5) 198-S-178(5) 198-S-179(5) 
[EVENT] 36.324 | event=RequestFragmentSharing | nodeId=198 | cellId=10002 | confidence=0.749 | fragments=0 1 2 3 4 5 

[EVENT] 36.324 | event=RequestFragmentSharing | nodeId=276 | cellId=20001 | confidence=0.499 | fragments=3 4 5 

[EVENT] 36.324 | event=RequestFragmentSharing | nodeId=252 | cellId=20001 | confidence=0.499 | fragments=3 4 5 

[EVENT] 36.324 | event=RequestFragmentSharing | nodeId=313 | cellId=20001 | confidence=0.499 | fragments=3 4 5 

[EVENT] 36.325 | event=RequestFragmentSharing | nodeId=273 | cellId=20001 | confidence=0.499 | fragments=3 4 5 

[EVENT] 36.325 | event=RequestFragmentSharing | nodeId=293 | cellId=20001 | confidence=0.499 | fragments=3 4 5 

[EVENT] 36.326 | event=RequestFragmentSharing | nodeId=292 | cellId=20001 | confidence=0.499 | fragments=3 4 5 

[EVENT] 36.327 | event=RequestFragmentSharing | nodeId=295 | cellId=20001 | confidence=0.499 | fragments=3 4 5 

[EVENT] 36.328 | event=RequestFragmentSharing | nodeId=296 | cellId=20001 | confidence=0.499 | fragments=3 4 5 

[EVENT] 36.328 | event=RequestFragmentSharing | nodeId=199 | cellId=10002 | confidence=0.749 | fragments=0 1 2 3 4 5 

[EVENT] 36.329 | event=RequestFragmentSharing | nodeId=272 | cellId=20001 | confidence=0.499 | fragments=3 4 5 

[EVENT] 36.330 | event=RequestFragmentSharing | nodeId=211 | cellId=20001 | confidence=0.499 | fragments=3 4 5 

[EVENT] 36.331 | event=RequestFragmentSharing | nodeId=193 | cellId=20001 | confidence=0.499 | fragments=3 4 5 

[EVENT] 36.332 | event=RequestFragmentSharing | nodeId=251 | cellId=20001 | confidence=0.499 | fragments=3 4 5 

[EVENT] 36.333 | event=RequestFragmentSharing | nodeId=271 | cellId=20001 | confidence=0.499 | fragments=3 4 5 

[EVENT] 36.334 | event=RequestFragmentSharing | nodeId=137 | cellId=10002 | confidence=0.749 | fragments=0 1 2 3 4 5 

[EVENT] 36.334 | event=RequestFragmentSharing | nodeId=294 | cellId=20001 | confidence=0.499 | fragments=3 4 5 

[EVENT] 36.334 | event=RequestFragmentSharing | nodeId=315 | cellId=20001 | confidence=0.499 | fragments=3 4 5 

[EVENT] 36.334 | event=RequestFragmentSharing | nodeId=314 | cellId=20001 | confidence=0.499 | fragments=3 4 5 

[EVENT] 36.344 | event=RequestFragmentSharing | nodeId=95 | cellId=10002 | confidence=0.749 | fragments=0 1 2 3 4 5 

[EVENT] 36.345 | event=RequestFragmentSharing | nodeId=78 | cellId=10002 | confidence=0.749 | fragments=0 1 2 3 4 5 

[EVENT] 36.345 | event=RequestFragmentSharing | nodeId=99 | cellId=10002 | confidence=0.749 | fragments=0 1 2 3 4 5 

[EVENT] 36.346 | event=RequestFragmentSharing | nodeId=155 | cellId=10002 | confidence=0.749 | fragments=0 1 2 3 4 5 

[EVENT] 36.347 | event=RequestFragmentSharing | nodeId=76 | cellId=10002 | confidence=0.749 | fragments=0 1 2 3 4 5 

[EVENT] 36.347 | event=RequestFragmentSharing | nodeId=98 | cellId=10002 | confidence=0.749 | fragments=0 1 2 3 4 5 

[EVENT] 36.347 | event=RequestFragmentSharing | nodeId=136 | cellId=10002 | confidence=0.749 | fragments=0 1 2 3 4 5 

[EVENT] 36.348 | event=RequestFragmentSharing | nodeId=118 | cellId=10002 | confidence=0.749 | fragments=0 1 2 3 4 5 

[EVENT] 36.349 | event=RequestFragmentSharing | nodeId=96 | cellId=10002 | confidence=0.749 | fragments=0 1 2 3 4 5 

[EVENT] 36.350 | event=RequestFragmentSharing | nodeId=178 | cellId=10002 | confidence=0.749 | fragments=0 1 2 3 4 5 

[EVENT] 36.350 | event=RequestFragmentSharing | nodeId=138 | cellId=10002 | confidence=0.749 | fragments=0 1 2 3 4 5 

[EVENT] 36.350 | event=RequestFragmentSharing | nodeId=117 | cellId=10002 | confidence=0.749 | fragments=0 1 2 3 4 5 

[EVENT] 36.350 | event=RequestFragmentSharing | nodeId=97 | cellId=10002 | confidence=0.749 | fragments=0 1 2 3 4 5 

[EVENT] 36.351 | event=RequestFragmentSharing | nodeId=174 | cellId=10002 | confidence=0.749 | fragments=0 1 2 3 4 5 

[EVENT] 36.351 | event=RequestFragmentSharing | nodeId=77 | cellId=10002 | confidence=0.749 | fragments=0 1 2 3 4 5 

[EVENT] 36.352 | event=RequestFragmentSharing | nodeId=114 | cellId=10002 | confidence=0.749 | fragments=0 1 2 3 4 5 

[EVENT] 36.353 | event=RequestFragmentSharing | nodeId=156 | cellId=10002 | confidence=0.749 | fragments=0 1 2 3 4 5 

[EVENT] 36.353 | event=RequestFragmentSharing | nodeId=139 | cellId=10002 | confidence=0.749 | fragments=0 1 2 3 4 5 

[EVENT] 36.354 | event=RequestFragmentSharing | nodeId=94 | cellId=10002 | confidence=0.749 | fragments=0 1 2 3 4 5 

[EVENT] 36.354 | event=RequestFragmentSharing | nodeId=179 | cellId=10002 | confidence=0.749 | fragments=0 1 2 3 4 5 

[EVENT] 36.355 | event=RequestFragmentSharing | nodeId=157 | cellId=10002 | confidence=0.749 | fragments=0 1 2 3 4 5 

[EVENT] 36.355 | event=RequestFragmentSharing | nodeId=159 | cellId=10002 | confidence=0.749 | fragments=0 1 2 3 4 5 

[EVENT] 36.356 | event=RequestFragmentSharing | nodeId=116 | cellId=10002 | confidence=0.749 | fragments=0 1 2 3 4 5 

[EVENT] 36.356 | event=RequestFragmentSharing | nodeId=119 | cellId=10002 | confidence=0.749 | fragments=0 1 2 3 4 5 

[EVENT] 36.356 | event=RequestFragmentSharing | nodeId=176 | cellId=10002 | confidence=0.749 | fragments=0 1 2 3 4 5 

[EVENT] 36.357 | event=RequestFragmentSharing | nodeId=154 | cellId=10002 | confidence=0.749 | fragments=0 1 2 3 4 5 

[EVENT] 36.357 | event=RequestFragmentSharing | nodeId=79 | cellId=10002 | confidence=0.749 | fragments=0 1 2 3 4 5 

[EVENT] 36.357 | event=RequestFragmentSharing | nodeId=134 | cellId=10002 | confidence=0.749 | fragments=0 1 2 3 4 5 

[EVENT] 36.358 | event=RequestFragmentSharing | nodeId=158 | cellId=10002 | confidence=0.749 | fragments=0 1 2 3 4 5 

[EVENT] 36.358 | event=RequestFragmentSharing | nodeId=115 | cellId=10002 | confidence=0.749 | fragments=0 1 2 3 4 5 

[EVENT] 36.358 | event=RequestFragmentSharing | nodeId=177 | cellId=10002 | confidence=0.749 | fragments=0 1 2 3 4 5 

[EVENT] 36.359 | event=RequestFragmentSharing | nodeId=135 | cellId=10002 | confidence=0.749 | fragments=0 1 2 3 4 5 

[EVENT] 37.100 | event=UAVFragmentBroadcast | nodeId=402 | fragmentId=6 | cycle=1 | confidence=0.206 | pixels=17305

[EVENT] 37.100 | event=ContactDropGoodRssi | srcNodeId=402 | fragmentId=6 | packetSize=51932 | srcAddr=01:93|dropCount=14|dsts=194,195,196,213,214,215,216,217,232,233,237,238,252,258
402-D-194(6) 402-D-195(6) 402-D-196(6) 402-D-213(6) 402-D-214(6) 402-D-215(6) 402-D-216(6) 402-D-217(6) 402-D-232(6) 402-D-233(6) 402-D-237(6) 402-D-238(6) 402-D-252(6) 402-D-258(6) 
402-R-234(6) 402-R-235(6) 402-R-236(6) 402-R-253(6) 402-R-254(6) 402-R-255(6) 402-R-256(6) 402-R-257(6) 402-R-272(6) 402-R-273(6) 402-R-274(6) 402-R-275(6) 402-R-276(6) 402-R-277(6) 402-R-278(6) 402-R-293(6) 402-R-294(6) 402-R-295(6) 402-R-296(6) 402-R-297(6) 402-R-314(6) 402-R-315(6) 254-S-193(6) 254-S-194(6) 254-S-195(6) 254-S-211(6) 254-S-212(6) 254-S-213(6) 254-S-214(6) 254-S-215(6) 254-S-216(6) 254-S-217(6) 254-S-231(6) 254-S-232(6) 254-S-233(6) 254-S-237(6) 254-S-251(6) 254-S-252(6) 254-S-271(6) 254-S-291(6) 254-S-292(6) 254-S-313(6) 
[EVENT] 37.945 | event=RequestFragmentSharing | nodeId=254 | cellId=20001 | confidence=0.602 | fragments=3 4 5 6 

[EVENT] 37.959 | event=RequestFragmentSharing | nodeId=274 | cellId=20001 | confidence=0.602 | fragments=3 4 5 6 

[EVENT] 37.959 | event=RequestFragmentSharing | nodeId=253 | cellId=20001 | confidence=0.602 | fragments=3 4 5 6 

[EVENT] 37.962 | event=RequestFragmentSharing | nodeId=256 | cellId=20001 | confidence=0.602 | fragments=3 4 5 6 
238-S-218(5) 238-S-219(5) 238-S-239(5) 238-S-258(5) 238-S-259(5) 278-S-238(6) 238-S-278(5) 238-S-279(5) 238-S-279(6) 238-S-298(5) 238-S-298(6) 238-S-299(5) 238-S-299(6) 
[EVENT] 37.962 | event=RequestFragmentSharing | nodeId=238 | cellId=20002 | confidence=0.369 | fragments=5 6 

[EVENT] 37.965 | event=RequestFragmentSharing | nodeId=252 | cellId=20001 | confidence=0.602 | fragments=3 4 5 6 

[EVENT] 37.965 | event=RequestFragmentSharing | nodeId=275 | cellId=20001 | confidence=0.602 | fragments=3 4 5 6 

[EVENT] 37.966 | event=RequestFragmentSharing | nodeId=217 | cellId=20001 | confidence=0.602 | fragments=3 4 5 6 

[EVENT] 37.966 | event=RequestFragmentSharing | nodeId=237 | cellId=20001 | confidence=0.602 | fragments=3 4 5 6 

[EVENT] 37.966 | event=RequestFragmentSharing | nodeId=195 | cellId=20001 | confidence=0.602 | fragments=3 4 5 6 

[EVENT] 37.966 | event=RequestFragmentSharing | nodeId=231 | cellId=20001 | confidence=0.602 | fragments=3 4 5 6 

[EVENT] 37.967 | event=RequestFragmentSharing | nodeId=196 | cellId=10002 | confidence=0.749 | fragments=0 1 2 3 4 5 

[EVENT] 37.967 | event=RequestFragmentSharing | nodeId=211 | cellId=20001 | confidence=0.602 | fragments=3 4 5 6 

[EVENT] 37.969 | event=RequestFragmentSharing | nodeId=292 | cellId=20001 | confidence=0.602 | fragments=3 4 5 6 

[EVENT] 37.970 | event=RequestFragmentSharing | nodeId=271 | cellId=20001 | confidence=0.602 | fragments=3 4 5 6 

[EVENT] 37.970 | event=RequestFragmentSharing | nodeId=214 | cellId=20001 | confidence=0.602 | fragments=3 4 5 6 

[EVENT] 37.970 | event=RequestFragmentSharing | nodeId=194 | cellId=20001 | confidence=0.602 | fragments=3 4 5 6 

[EVENT] 37.970 | event=RequestFragmentSharing | nodeId=232 | cellId=20001 | confidence=0.602 | fragments=3 4 5 6 

[EVENT] 37.970 | event=RequestFragmentSharing | nodeId=255 | cellId=20001 | confidence=0.602 | fragments=3 4 5 6 

[EVENT] 37.971 | event=RequestFragmentSharing | nodeId=215 | cellId=20001 | confidence=0.602 | fragments=3 4 5 6 

[EVENT] 37.971 | event=RequestFragmentSharing | nodeId=216 | cellId=20001 | confidence=0.602 | fragments=3 4 5 6 

[EVENT] 37.971 | event=RequestFragmentSharing | nodeId=215 | cellId=20001 | confidence=0.602 | fragments=3 4 5 6 

[EVENT] 37.972 | event=RequestFragmentSharing | nodeId=291 | cellId=20001 | confidence=0.602 | fragments=3 4 5 6 
238-S-259(6) 259-S-239(6) 259-S-258(6) 
[EVENT] 37.973 | event=RequestFragmentSharing | nodeId=259 | cellId=20002 | confidence=0.369 | fragments=5 6 

[EVENT] 37.973 | event=RequestFragmentSharing | nodeId=257 | cellId=20001 | confidence=0.602 | fragments=3 4 5 6 

[EVENT] 37.976 | event=RequestFragmentSharing | nodeId=232 | cellId=20001 | confidence=0.602 | fragments=3 4 5 6 

[EVENT] 37.976 | event=RequestFragmentSharing | nodeId=195 | cellId=20001 | confidence=0.602 | fragments=3 4 5 6 

[EVENT] 37.976 | event=RequestFragmentSharing | nodeId=216 | cellId=20001 | confidence=0.602 | fragments=3 4 5 6 

[EVENT] 37.976 | event=RequestFragmentSharing | nodeId=313 | cellId=20001 | confidence=0.602 | fragments=3 4 5 6 

[EVENT] 37.976 | event=RequestFragmentSharing | nodeId=214 | cellId=20001 | confidence=0.602 | fragments=3 4 5 6 

[EVENT] 37.976 | event=RequestFragmentSharing | nodeId=194 | cellId=20001 | confidence=0.602 | fragments=3 4 5 6 

[EVENT] 37.977 | event=RequestFragmentSharing | nodeId=212 | cellId=20001 | confidence=0.602 | fragments=3 4 5 6 

[EVENT] 37.977 | event=RequestFragmentSharing | nodeId=213 | cellId=20001 | confidence=0.602 | fragments=3 4 5 6 

[EVENT] 37.977 | event=RequestFragmentSharing | nodeId=233 | cellId=20001 | confidence=0.602 | fragments=3 4 5 6 

[EVENT] 37.978 | event=RequestFragmentSharing | nodeId=193 | cellId=20001 | confidence=0.602 | fragments=3 4 5 6 

[EVENT] 37.979 | event=RequestFragmentSharing | nodeId=251 | cellId=20001 | confidence=0.602 | fragments=3 4 5 6 
278-S-218(6) 278-S-219(6) 
[EVENT] 37.984 | event=RequestFragmentSharing | nodeId=278 | cellId=20002 | confidence=0.369 | fragments=5 6 

[EVENT] 37.986 | event=RequestFragmentSharing | nodeId=279 | cellId=20002 | confidence=0.369 | fragments=5 6 

[EVENT] 37.986 | event=RequestFragmentSharing | nodeId=218 | cellId=20002 | confidence=0.369 | fragments=5 6 

[EVENT] 37.989 | event=RequestFragmentSharing | nodeId=219 | cellId=20002 | confidence=0.369 | fragments=5 6 

[EVENT] 37.991 | event=RequestFragmentSharing | nodeId=239 | cellId=20002 | confidence=0.369 | fragments=5 6 

[EVENT] 37.994 | event=RequestFragmentSharing | nodeId=299 | cellId=20002 | confidence=0.369 | fragments=5 6 

[EVENT] 37.994 | event=RequestFragmentSharing | nodeId=258 | cellId=20002 | confidence=0.369 | fragments=5 6 

[EVENT] 37.996 | event=RequestFragmentSharing | nodeId=298 | cellId=20002 | confidence=0.369 | fragments=5 6 

[EVENT] 38.001 | event=RequestFragmentSharing | nodeId=258 | cellId=20002 | confidence=0.369 | fragments=5 6 

[EVENT] 38.007 | event=RequestFragmentSharing | nodeId=239 | cellId=20002 | confidence=0.369 | fragments=5 6 

[EVENT] 38.009 | event=RequestFragmentSharing | nodeId=218 | cellId=20002 | confidence=0.369 | fragments=5 6 

[EVENT] 38.010 | event=RequestFragmentSharing | nodeId=219 | cellId=20002 | confidence=0.369 | fragments=5 6 

[EVENT] 38.761 | event=UAVFragmentBroadcast | nodeId=402 | fragmentId=7 | cycle=1 | confidence=0.206 | pixels=17305

[EVENT] 38.761 | event=ContactDropGoodRssi | srcNodeId=402 | fragmentId=7 | packetSize=51932 | srcAddr=01:93|dropCount=12|dsts=234,235,236,253,254,255,256,257,272,278,292,298
402-D-234(7) 402-D-235(7) 402-D-236(7) 402-D-253(7) 402-D-254(7) 402-D-255(7) 402-D-256(7) 402-D-257(7) 402-D-272(7) 402-D-278(7) 402-D-292(7) 402-D-298(7) 
402-R-273(7) 402-R-274(7) 402-R-275(7) 402-R-276(7) 402-R-277(7) 402-R-293(7) 402-R-294(7) 402-R-295(7) 402-R-296(7) 402-R-297(7) 402-R-313(7) 402-R-314(7) 402-R-315(7) 402-R-316(7) 402-R-317(7) 402-R-334(7) 402-R-335(7) 402-R-336(7) 
[EVENT] 39.476 | event=UAVWaypointArrival | nodeId=401 | cycle=1 | pos=(240.000,0.000,20.000)
296-S-193(7) 296-S-194(7) 296-S-195(7) 296-S-211(7) 296-S-212(7) 296-S-213(7) 296-S-214(7) 296-S-215(7) 296-S-216(7) 296-S-217(7) 296-S-231(7) 296-S-232(7) 296-S-233(7) 296-S-234(7) 296-S-235(7) 296-S-236(7) 296-S-237(7) 296-S-251(7) 296-S-252(7) 296-S-253(7) 296-S-254(7) 296-S-255(7) 296-S-256(7) 296-S-257(7) 296-S-271(7) 296-S-272(7) 296-S-291(7) 296-S-292(7) 
[EVENT] 39.620 | event=RequestFragmentSharing | nodeId=296 | cellId=20001 | confidence=0.684 | fragments=3 4 5 6 7 

[EVENT] 39.623 | event=RequestFragmentSharing | nodeId=234 | cellId=20001 | confidence=0.684 | fragments=3 4 5 6 7 

[EVENT] 39.625 | event=RequestFragmentSharing | nodeId=297 | cellId=20001 | confidence=0.684 | fragments=3 4 5 6 7 

[EVENT] 39.627 | event=RequestFragmentSharing | nodeId=293 | cellId=20001 | confidence=0.684 | fragments=3 4 5 6 7 

[EVENT] 39.627 | event=RequestFragmentSharing | nodeId=236 | cellId=20001 | confidence=0.684 | fragments=3 4 5 6 7 

[EVENT] 39.628 | event=RequestFragmentSharing | nodeId=315 | cellId=20001 | confidence=0.684 | fragments=3 4 5 6 7 

[EVENT] 39.628 | event=RequestFragmentSharing | nodeId=254 | cellId=20001 | confidence=0.684 | fragments=3 4 5 6 7 

[EVENT] 39.630 | event=RequestFragmentSharing | nodeId=278 | cellId=20002 | confidence=0.369 | fragments=5 6 

[EVENT] 39.630 | event=RequestFragmentSharing | nodeId=276 | cellId=20001 | confidence=0.684 | fragments=3 4 5 6 7 

[EVENT] 39.631 | event=RequestFragmentSharing | nodeId=314 | cellId=20001 | confidence=0.684 | fragments=3 4 5 6 7 

[EVENT] 39.631 | event=RequestFragmentSharing | nodeId=277 | cellId=20001 | confidence=0.684 | fragments=3 4 5 6 7 

[EVENT] 39.631 | event=RequestFragmentSharing | nodeId=295 | cellId=20001 | confidence=0.684 | fragments=3 4 5 6 7 

[EVENT] 39.632 | event=RequestFragmentSharing | nodeId=273 | cellId=20001 | confidence=0.684 | fragments=3 4 5 6 7 

[EVENT] 39.633 | event=RequestFragmentSharing | nodeId=294 | cellId=20001 | confidence=0.684 | fragments=3 4 5 6 7 

[EVENT] 39.634 | event=RequestFragmentSharing | nodeId=235 | cellId=20001 | confidence=0.684 | fragments=3 4 5 6 7 

[EVENT] 39.635 | event=RequestFragmentSharing | nodeId=272 | cellId=20001 | confidence=0.684 | fragments=3 4 5 6 7 

[EVENT] 39.641 | event=RequestFragmentSharing | nodeId=291 | cellId=20001 | confidence=0.684 | fragments=3 4 5 6 7 

[EVENT] 39.643 | event=RequestFragmentSharing | nodeId=253 | cellId=20001 | confidence=0.684 | fragments=3 4 5 6 7 

[EVENT] 39.643 | event=RequestFragmentSharing | nodeId=233 | cellId=20001 | confidence=0.684 | fragments=3 4 5 6 7 

[EVENT] 39.644 | event=RequestFragmentSharing | nodeId=255 | cellId=20001 | confidence=0.684 | fragments=3 4 5 6 7 

[EVENT] 39.644 | event=RequestFragmentSharing | nodeId=256 | cellId=20001 | confidence=0.684 | fragments=3 4 5 6 7 

[EVENT] 39.644 | event=RequestFragmentSharing | nodeId=231 | cellId=20001 | confidence=0.684 | fragments=3 4 5 6 7 

[EVENT] 39.645 | event=RequestFragmentSharing | nodeId=211 | cellId=20001 | confidence=0.684 | fragments=3 4 5 6 7 

[EVENT] 39.646 | event=RequestFragmentSharing | nodeId=214 | cellId=20001 | confidence=0.684 | fragments=3 4 5 6 7 

[EVENT] 39.646 | event=RequestFragmentSharing | nodeId=234 | cellId=20001 | confidence=0.684 | fragments=3 4 5 6 7 

[EVENT] 39.647 | event=RequestFragmentSharing | nodeId=193 | cellId=20001 | confidence=0.684 | fragments=3 4 5 6 7 

[EVENT] 39.647 | event=RequestFragmentSharing | nodeId=271 | cellId=20001 | confidence=0.684 | fragments=3 4 5 6 7 

[EVENT] 39.647 | event=RequestFragmentSharing | nodeId=251 | cellId=20001 | confidence=0.684 | fragments=3 4 5 6 7 

[EVENT] 39.647 | event=RequestFragmentSharing | nodeId=252 | cellId=20001 | confidence=0.684 | fragments=3 4 5 6 7 

[EVENT] 39.647 | event=RequestFragmentSharing | nodeId=292 | cellId=20001 | confidence=0.684 | fragments=3 4 5 6 7 

[EVENT] 39.647 | event=RequestFragmentSharing | nodeId=237 | cellId=20001 | confidence=0.684 | fragments=3 4 5 6 7 

[EVENT] 39.648 | event=RequestFragmentSharing | nodeId=236 | cellId=20001 | confidence=0.684 | fragments=3 4 5 6 7 

[EVENT] 39.649 | event=RequestFragmentSharing | nodeId=235 | cellId=20001 | confidence=0.684 | fragments=3 4 5 6 7 

[EVENT] 39.649 | event=RequestFragmentSharing | nodeId=272 | cellId=20001 | confidence=0.684 | fragments=3 4 5 6 7 

[EVENT] 39.650 | event=RequestFragmentSharing | nodeId=212 | cellId=20001 | confidence=0.684 | fragments=3 4 5 6 7 

[EVENT] 39.650 | event=RequestFragmentSharing | nodeId=257 | cellId=20001 | confidence=0.684 | fragments=3 4 5 6 7 

[EVENT] 39.651 | event=RequestFragmentSharing | nodeId=213 | cellId=20001 | confidence=0.684 | fragments=3 4 5 6 7 

[EVENT] 39.651 | event=RequestFragmentSharing | nodeId=194 | cellId=20001 | confidence=0.684 | fragments=3 4 5 6 7 

[EVENT] 39.651 | event=RequestFragmentSharing | nodeId=217 | cellId=20001 | confidence=0.684 | fragments=3 4 5 6 7 

[EVENT] 39.651 | event=RequestFragmentSharing | nodeId=215 | cellId=20001 | confidence=0.684 | fragments=3 4 5 6 7 

[EVENT] 39.654 | event=RequestFragmentSharing | nodeId=232 | cellId=20001 | confidence=0.684 | fragments=3 4 5 6 7 

[EVENT] 39.655 | event=RequestFragmentSharing | nodeId=195 | cellId=20001 | confidence=0.684 | fragments=3 4 5 6 7 

[EVENT] 39.655 | event=RequestFragmentSharing | nodeId=216 | cellId=20001 | confidence=0.684 | fragments=3 4 5 6 7 

[EVENT] 40.032 | event=UAVWaypointArrival | nodeId=402 | cycle=1 | pos=(300.000,300.000,20.000)

[EVENT] 40.423 | event=UAVFragmentBroadcast | nodeId=402 | fragmentId=8 | cycle=1 | confidence=0.206 | pixels=17305

[EVENT] 40.423 | event=ContactDropGoodRssi | srcNodeId=402 | fragmentId=8 | packetSize=51932 | srcAddr=01:93|dropCount=5|dsts=332,338,353,357,375
402-D-332(8) 402-D-338(8) 402-D-353(8) 402-D-357(8) 402-D-375(8) 
402-R-255(8) 402-R-256(8) 402-R-273(8) 402-R-274(8) 402-R-276(8) 402-R-277(8) 402-R-292(8) 402-R-293(8) 402-R-294(8) 402-R-295(8) 402-R-296(8) 402-R-297(8) 402-R-298(8) 402-R-313(8) 402-R-314(8) 402-R-315(8) 402-R-316(8) 402-R-317(8) 402-R-333(8) 402-R-334(8) 402-R-335(8) 402-R-336(8) 402-R-337(8) 402-R-354(8) 402-R-355(8) 402-R-356(8) 334-S-318(7) 334-S-318(8) 334-S-319(7) 334-S-319(8) 334-S-337(7) 334-S-338(7) 334-S-338(8) 334-S-339(7) 334-S-339(8) 334-S-354(7) 334-S-355(7) 334-S-356(7) 334-S-357(7) 334-S-357(8) 334-S-358(7) 334-S-358(8) 334-S-359(7) 334-S-359(8) 334-S-374(7) 334-S-374(8) 334-S-375(7) 334-S-375(8) 334-S-376(7) 334-S-376(8) 334-S-377(7) 334-S-377(8) 334-S-378(7) 334-S-378(8) 334-S-379(7) 334-S-379(8) 334-S-394(7) 334-S-394(8) 334-S-395(7) 334-S-395(8) 334-S-396(7) 334-S-396(8) 334-S-397(7) 334-S-397(8) 334-S-398(7) 334-S-398(8) 334-S-399(7) 334-S-399(8) 
[EVENT] 41.283 | event=RequestFragmentSharing | nodeId=334 | cellId=30001 | confidence=0.369 | fragments=7 8 

[EVENT] 41.285 | event=RequestFragmentSharing | nodeId=316 | cellId=30001 | confidence=0.369 | fragments=7 8 

[EVENT] 41.287 | event=RequestFragmentSharing | nodeId=317 | cellId=30001 | confidence=0.369 | fragments=7 8 

[EVENT] 41.292 | event=RequestFragmentSharing | nodeId=335 | cellId=30001 | confidence=0.369 | fragments=7 8 

[EVENT] 41.296 | event=RequestFragmentSharing | nodeId=377 | cellId=30001 | confidence=0.369 | fragments=7 8 

[EVENT] 41.296 | event=RequestFragmentSharing | nodeId=336 | cellId=30001 | confidence=0.369 | fragments=7 8 
274-S-193(8) 274-S-194(8) 274-S-195(8) 274-S-211(8) 274-S-212(8) 274-S-213(8) 274-S-214(8) 274-S-215(8) 274-S-216(8) 274-S-217(8) 274-S-231(8) 274-S-232(8) 274-S-233(8) 274-S-234(8) 274-S-235(8) 274-S-236(8) 274-S-237(8) 274-S-251(8) 274-S-252(8) 274-S-253(8) 274-S-254(8) 274-S-257(8) 274-S-271(8) 274-S-272(8) 274-S-275(8) 274-S-291(8) 
[EVENT] 41.296 | event=RequestFragmentSharing | nodeId=274 | cellId=20001 | confidence=0.749 | fragments=3 4 5 6 7 8 

[EVENT] 41.296 | event=RequestFragmentSharing | nodeId=313 | cellId=20001 | confidence=0.749 | fragments=3 4 5 6 7 8 

[EVENT] 41.296 | event=RequestFragmentSharing | nodeId=275 | cellId=20001 | confidence=0.749 | fragments=3 4 5 6 7 8 

[EVENT] 41.303 | event=RequestFragmentSharing | nodeId=319 | cellId=30001 | confidence=0.369 | fragments=7 8 

[EVENT] 41.305 | event=RequestFragmentSharing | nodeId=399 | cellId=30001 | confidence=0.369 | fragments=7 8 

[EVENT] 41.306 | event=RequestFragmentSharing | nodeId=398 | cellId=30001 | confidence=0.369 | fragments=7 8 

[EVENT] 41.307 | event=RequestFragmentSharing | nodeId=394 | cellId=30001 | confidence=0.369 | fragments=7 8 

[EVENT] 41.307 | event=RequestFragmentSharing | nodeId=397 | cellId=30001 | confidence=0.369 | fragments=7 8 

[EVENT] 41.307 | event=RequestFragmentSharing | nodeId=357 | cellId=30001 | confidence=0.369 | fragments=7 8 

[EVENT] 41.308 | event=RequestFragmentSharing | nodeId=376 | cellId=30001 | confidence=0.369 | fragments=7 8 

[EVENT] 41.308 | event=RequestFragmentSharing | nodeId=339 | cellId=30001 | confidence=0.369 | fragments=7 8 

[EVENT] 41.308 | event=RequestFragmentSharing | nodeId=395 | cellId=30001 | confidence=0.369 | fragments=7 8 

[EVENT] 41.309 | event=RequestFragmentSharing | nodeId=254 | cellId=20001 | confidence=0.749 | fragments=3 4 5 6 7 8 

[EVENT] 41.310 | event=RequestFragmentSharing | nodeId=354 | cellId=30001 | confidence=0.369 | fragments=7 8 

[EVENT] 41.310 | event=RequestFragmentSharing | nodeId=337 | cellId=30001 | confidence=0.369 | fragments=7 8 

[EVENT] 41.311 | event=RequestFragmentSharing | nodeId=378 | cellId=30001 | confidence=0.369 | fragments=7 8 

[EVENT] 41.313 | event=RequestFragmentSharing | nodeId=356 | cellId=30001 | confidence=0.369 | fragments=7 8 

[EVENT] 41.314 | event=RequestFragmentSharing | nodeId=359 | cellId=30001 | confidence=0.369 | fragments=7 8 

[EVENT] 41.314 | event=RequestFragmentSharing | nodeId=358 | cellId=30001 | confidence=0.369 | fragments=7 8 

[EVENT] 41.314 | event=RequestFragmentSharing | nodeId=379 | cellId=30001 | confidence=0.369 | fragments=7 8 

[EVENT] 41.315 | event=RequestFragmentSharing | nodeId=338 | cellId=30001 | confidence=0.369 | fragments=7 8 

[EVENT] 41.315 | event=RequestFragmentSharing | nodeId=318 | cellId=30001 | confidence=0.369 | fragments=7 8 

[EVENT] 41.315 | event=RequestFragmentSharing | nodeId=374 | cellId=30001 | confidence=0.369 | fragments=7 8 

[EVENT] 41.316 | event=RequestFragmentSharing | nodeId=375 | cellId=30001 | confidence=0.369 | fragments=7 8 

[EVENT] 41.316 | event=RequestFragmentSharing | nodeId=214 | cellId=20001 | confidence=0.749 | fragments=3 4 5 6 7 8 

[EVENT] 41.316 | event=RequestFragmentSharing | nodeId=355 | cellId=30001 | confidence=0.369 | fragments=7 8 

[EVENT] 41.316 | event=RequestFragmentSharing | nodeId=236 | cellId=20001 | confidence=0.749 | fragments=3 4 5 6 7 8 

[EVENT] 41.317 | event=RequestFragmentSharing | nodeId=396 | cellId=30001 | confidence=0.369 | fragments=7 8 

[EVENT] 41.317 | event=RequestFragmentSharing | nodeId=252 | cellId=20001 | confidence=0.749 | fragments=3 4 5 6 7 8 

[EVENT] 41.318 | event=RequestFragmentSharing | nodeId=233 | cellId=20001 | confidence=0.749 | fragments=3 4 5 6 7 8 

[EVENT] 41.318 | event=RequestFragmentSharing | nodeId=215 | cellId=20001 | confidence=0.749 | fragments=3 4 5 6 7 8 

[EVENT] 41.318 | event=RequestFragmentSharing | nodeId=271 | cellId=20001 | confidence=0.749 | fragments=3 4 5 6 7 8 

[EVENT] 41.318 | event=RequestFragmentSharing | nodeId=275 | cellId=20001 | confidence=0.749 | fragments=3 4 5 6 7 8 

[EVENT] 41.319 | event=RequestFragmentSharing | nodeId=291 | cellId=20001 | confidence=0.749 | fragments=3 4 5 6 7 8 

[EVENT] 41.320 | event=RequestFragmentSharing | nodeId=272 | cellId=20001 | confidence=0.749 | fragments=3 4 5 6 7 8 

[EVENT] 41.321 | event=RequestFragmentSharing | nodeId=232 | cellId=20001 | confidence=0.749 | fragments=3 4 5 6 7 8 

[EVENT] 41.322 | event=RequestFragmentSharing | nodeId=217 | cellId=20001 | confidence=0.749 | fragments=3 4 5 6 7 8 

[EVENT] 41.322 | event=RequestFragmentSharing | nodeId=257 | cellId=20001 | confidence=0.749 | fragments=3 4 5 6 7 8 

[EVENT] 41.323 | event=RequestFragmentSharing | nodeId=211 | cellId=20001 | confidence=0.749 | fragments=3 4 5 6 7 8 

[EVENT] 41.323 | event=RequestFragmentSharing | nodeId=193 | cellId=20001 | confidence=0.749 | fragments=3 4 5 6 7 8 

[EVENT] 41.323 | event=RequestFragmentSharing | nodeId=237 | cellId=20001 | confidence=0.749 | fragments=3 4 5 6 7 8 

[EVENT] 41.324 | event=RequestFragmentSharing | nodeId=216 | cellId=20001 | confidence=0.749 | fragments=3 4 5 6 7 8 

[EVENT] 41.325 | event=RequestFragmentSharing | nodeId=213 | cellId=20001 | confidence=0.749 | fragments=3 4 5 6 7 8 

[EVENT] 41.325 | event=RequestFragmentSharing | nodeId=194 | cellId=20001 | confidence=0.749 | fragments=3 4 5 6 7 8 

[EVENT] 41.326 | event=RequestFragmentSharing | nodeId=231 | cellId=20001 | confidence=0.749 | fragments=3 4 5 6 7 8 

[EVENT] 41.327 | event=RequestFragmentSharing | nodeId=251 | cellId=20001 | confidence=0.749 | fragments=3 4 5 6 7 8 

[EVENT] 41.327 | event=RequestFragmentSharing | nodeId=195 | cellId=20001 | confidence=0.749 | fragments=3 4 5 6 7 8 

[EVENT] 41.327 | event=RequestFragmentSharing | nodeId=234 | cellId=20001 | confidence=0.749 | fragments=3 4 5 6 7 8 

[EVENT] 41.329 | event=RequestFragmentSharing | nodeId=212 | cellId=20001 | confidence=0.749 | fragments=3 4 5 6 7 8 

[EVENT] 41.329 | event=RequestFragmentSharing | nodeId=235 | cellId=20001 | confidence=0.749 | fragments=3 4 5 6 7 8 

[EVENT] 41.330 | event=RequestFragmentSharing | nodeId=253 | cellId=20001 | confidence=0.749 | fragments=3 4 5 6 7 8 

[EVENT] 42.084 | event=UAVFragmentBroadcast | nodeId=402 | fragmentId=9 | cycle=1 | confidence=0.206 | pixels=17305

[EVENT] 42.084 | event=ContactDropGoodRssi | srcNodeId=402 | fragmentId=9 | packetSize=51932 | srcAddr=01:93|dropCount=7|dsts=312,318,333,337,354,355,356
402-D-312(9) 402-D-318(9) 402-D-333(9) 402-D-337(9) 402-D-354(9) 402-D-355(9) 402-D-356(9) 
402-R-235(9) 402-R-236(9) 402-R-254(9) 402-R-255(9) 402-R-256(9) 402-R-257(9) 402-R-272(9) 402-R-273(9) 402-R-274(9) 402-R-275(9) 402-R-276(9) 402-R-277(9) 402-R-292(9) 402-R-293(9) 402-R-294(9) 402-R-295(9) 402-R-296(9) 402-R-297(9) 402-R-313(9) 402-R-314(9) 402-R-315(9) 402-R-316(9) 402-R-317(9) 402-R-335(9) 402-R-336(9) 292-S-193(9) 292-S-194(9) 292-S-195(9) 292-S-211(9) 292-S-212(9) 292-S-213(9) 292-S-214(9) 292-S-215(9) 292-S-216(9) 292-S-217(9) 292-S-231(9) 292-S-232(9) 292-S-233(9) 292-S-234(9) 292-S-237(9) 292-S-251(9) 292-S-252(9) 292-S-253(9) 292-S-271(9) 292-S-291(9) 
[EVENT] 42.943 | event=RequestFragmentSharing | nodeId=292 | cellId=20001 | confidence=0.800 | fragments=3 4 5 6 7 8 9 
298-S-218(8) 298-S-219(8) 298-S-238(8) 298-S-239(8) 298-S-258(8) 298-S-259(8) 298-S-278(8) 298-S-279(8) 298-S-299(8) 
[EVENT] 42.943 | event=RequestFragmentSharing | nodeId=298 | cellId=20002 | confidence=0.499 | fragments=5 6 8 

[EVENT] 42.945 | event=RequestFragmentSharing | nodeId=315 | cellId=20001 | confidence=0.800 | fragments=3 4 5 6 7 8 9 

[EVENT] 42.947 | event=RequestFragmentSharing | nodeId=276 | cellId=20001 | confidence=0.800 | fragments=3 4 5 6 7 8 9 

[EVENT] 42.947 | event=RequestFragmentSharing | nodeId=314 | cellId=20001 | confidence=0.800 | fragments=3 4 5 6 7 8 9 
333-S-309(8) 333-S-310(8) 333-S-311(8) 333-S-312(8) 333-S-327(8) 333-S-328(8) 333-S-329(8) 333-S-330(8) 333-S-331(8) 333-S-332(8) 333-S-347(8) 333-S-348(8) 333-S-349(8) 333-S-350(8) 333-S-351(8) 333-S-352(8) 333-S-353(8) 333-S-367(8) 333-S-368(8) 333-S-369(8) 333-S-370(8) 333-S-371(8) 333-S-372(8) 333-S-373(8) 333-S-387(8) 333-S-388(8) 333-S-389(8) 333-S-390(8) 333-S-391(8) 333-S-392(8) 333-S-393(8) 
[EVENT] 42.947 | event=RequestFragmentSharing | nodeId=333 | cellId=30000 | confidence=0.206 | fragments=8 

[EVENT] 42.947 | event=RequestFragmentSharing | nodeId=293 | cellId=20001 | confidence=0.800 | fragments=3 4 5 6 7 8 9 

[EVENT] 42.948 | event=RequestFragmentSharing | nodeId=277 | cellId=20001 | confidence=0.800 | fragments=3 4 5 6 7 8 9 
316-S-354(9) 354-S-318(9) 354-S-319(9) 354-S-334(9) 354-S-337(9) 354-S-338(9) 354-S-339(9) 354-S-355(9) 354-S-356(9) 354-S-357(9) 354-S-358(9) 354-S-359(9) 354-S-374(9) 354-S-375(9) 354-S-376(9) 354-S-377(9) 354-S-378(9) 354-S-379(9) 354-S-394(9) 354-S-395(9) 354-S-396(9) 354-S-397(9) 354-S-398(9) 354-S-399(9) 
[EVENT] 42.948 | event=RequestFragmentSharing | nodeId=354 | cellId=30001 | confidence=0.499 | fragments=7 8 9 

[EVENT] 42.950 | event=RequestFragmentSharing | nodeId=256 | cellId=20001 | confidence=0.800 | fragments=3 4 5 6 7 8 9 

[EVENT] 42.951 | event=RequestFragmentSharing | nodeId=273 | cellId=20001 | confidence=0.800 | fragments=3 4 5 6 7 8 9 

[EVENT] 42.952 | event=RequestFragmentSharing | nodeId=296 | cellId=20001 | confidence=0.800 | fragments=3 4 5 6 7 8 9 

[EVENT] 42.952 | event=RequestFragmentSharing | nodeId=355 | cellId=30001 | confidence=0.499 | fragments=7 8 9 

[EVENT] 42.952 | event=RequestFragmentSharing | nodeId=337 | cellId=30001 | confidence=0.499 | fragments=7 8 9 

[EVENT] 42.953 | event=RequestFragmentSharing | nodeId=255 | cellId=20001 | confidence=0.800 | fragments=3 4 5 6 7 8 9 

[EVENT] 42.954 | event=RequestFragmentSharing | nodeId=356 | cellId=30001 | confidence=0.499 | fragments=7 8 9 

[EVENT] 42.955 | event=RequestFragmentSharing | nodeId=295 | cellId=20001 | confidence=0.800 | fragments=3 4 5 6 7 8 9 

[EVENT] 42.955 | event=RequestFragmentSharing | nodeId=294 | cellId=20001 | confidence=0.800 | fragments=3 4 5 6 7 8 9 

[EVENT] 42.956 | event=RequestFragmentSharing | nodeId=297 | cellId=20001 | confidence=0.800 | fragments=3 4 5 6 7 8 9 

[EVENT] 42.956 | event=RequestFragmentSharing | nodeId=370 | cellId=30000 | confidence=0.206 | fragments=8 

[EVENT] 42.957 | event=RequestFragmentSharing | nodeId=377 | cellId=30001 | confidence=0.499 | fragments=7 8 9 

[EVENT] 42.957 | event=RequestFragmentSharing | nodeId=259 | cellId=20002 | confidence=0.499 | fragments=5 6 8 

[EVENT] 42.965 | event=RequestFragmentSharing | nodeId=217 | cellId=20001 | confidence=0.800 | fragments=3 4 5 6 7 8 9 

[EVENT] 42.967 | event=RequestFragmentSharing | nodeId=195 | cellId=20001 | confidence=0.800 | fragments=3 4 5 6 7 8 9 

[EVENT] 42.967 | event=RequestFragmentSharing | nodeId=279 | cellId=20002 | confidence=0.499 | fragments=5 6 8 

[EVENT] 42.967 | event=RequestFragmentSharing | nodeId=234 | cellId=20001 | confidence=0.800 | fragments=3 4 5 6 7 8 9 

[EVENT] 42.967 | event=RequestFragmentSharing | nodeId=213 | cellId=20001 | confidence=0.800 | fragments=3 4 5 6 7 8 9 

[EVENT] 42.968 | event=RequestFragmentSharing | nodeId=252 | cellId=20001 | confidence=0.800 | fragments=3 4 5 6 7 8 9 

[EVENT] 42.968 | event=RequestFragmentSharing | nodeId=193 | cellId=20001 | confidence=0.800 | fragments=3 4 5 6 7 8 9 

[EVENT] 42.968 | event=RequestFragmentSharing | nodeId=239 | cellId=20002 | confidence=0.499 | fragments=5 6 8 

[EVENT] 42.968 | event=RequestFragmentSharing | nodeId=372 | cellId=30000 | confidence=0.206 | fragments=8 

[EVENT] 42.969 | event=RequestFragmentSharing | nodeId=215 | cellId=20001 | confidence=0.800 | fragments=3 4 5 6 7 8 9 

[EVENT] 42.970 | event=RequestFragmentSharing | nodeId=388 | cellId=30000 | confidence=0.206 | fragments=8 

[EVENT] 42.970 | event=RequestFragmentSharing | nodeId=238 | cellId=20002 | confidence=0.499 | fragments=5 6 8 

[EVENT] 42.970 | event=RequestFragmentSharing | nodeId=334 | cellId=30001 | confidence=0.499 | fragments=7 8 9 

[EVENT] 42.970 | event=RequestFragmentSharing | nodeId=232 | cellId=20001 | confidence=0.800 | fragments=3 4 5 6 7 8 9 

[EVENT] 42.970 | event=RequestFragmentSharing | nodeId=371 | cellId=30000 | confidence=0.206 | fragments=8 

[EVENT] 42.970 | event=RequestFragmentSharing | nodeId=278 | cellId=20002 | confidence=0.499 | fragments=5 6 8 

[EVENT] 42.971 | event=RequestFragmentSharing | nodeId=358 | cellId=30001 | confidence=0.499 | fragments=7 8 9 

[EVENT] 42.971 | event=RequestFragmentSharing | nodeId=339 | cellId=30001 | confidence=0.499 | fragments=7 8 9 

[EVENT] 42.971 | event=RequestFragmentSharing | nodeId=216 | cellId=20001 | confidence=0.800 | fragments=3 4 5 6 7 8 9 

[EVENT] 42.972 | event=RequestFragmentSharing | nodeId=231 | cellId=20001 | confidence=0.800 | fragments=3 4 5 6 7 8 9 

[EVENT] 42.972 | event=RequestFragmentSharing | nodeId=350 | cellId=30000 | confidence=0.206 | fragments=8 

[EVENT] 42.972 | event=RequestFragmentSharing | nodeId=319 | cellId=30001 | confidence=0.499 | fragments=7 8 9 

[EVENT] 42.972 | event=RequestFragmentSharing | nodeId=368 | cellId=30000 | confidence=0.206 | fragments=8 

[EVENT] 42.973 | event=RequestFragmentSharing | nodeId=332 | cellId=30000 | confidence=0.206 | fragments=8 

[EVENT] 42.973 | event=RequestFragmentSharing | nodeId=258 | cellId=20002 | confidence=0.499 | fragments=5 6 8 

[EVENT] 42.973 | event=RequestFragmentSharing | nodeId=337 | cellId=30001 | confidence=0.499 | fragments=7 8 9 

[EVENT] 42.973 | event=RequestFragmentSharing | nodeId=378 | cellId=30001 | confidence=0.499 | fragments=7 8 9 

[EVENT] 42.973 | event=RequestFragmentSharing | nodeId=351 | cellId=30000 | confidence=0.206 | fragments=8 

[EVENT] 42.973 | event=RequestFragmentSharing | nodeId=330 | cellId=30000 | confidence=0.206 | fragments=8 

[EVENT] 42.973 | event=RequestFragmentSharing | nodeId=253 | cellId=20001 | confidence=0.800 | fragments=3 4 5 6 7 8 9 

[EVENT] 42.974 | event=RequestFragmentSharing | nodeId=211 | cellId=20001 | confidence=0.800 | fragments=3 4 5 6 7 8 9 

[EVENT] 42.974 | event=RequestFragmentSharing | nodeId=390 | cellId=30000 | confidence=0.206 | fragments=8 

[EVENT] 42.974 | event=RequestFragmentSharing | nodeId=359 | cellId=30001 | confidence=0.499 | fragments=7 8 9 

[EVENT] 42.974 | event=RequestFragmentSharing | nodeId=353 | cellId=30000 | confidence=0.206 | fragments=8 

[EVENT] 42.974 | event=RequestFragmentSharing | nodeId=218 | cellId=20002 | confidence=0.499 | fragments=5 6 8 

[EVENT] 42.974 | event=RequestFragmentSharing | nodeId=329 | cellId=30000 | confidence=0.206 | fragments=8 

[EVENT] 42.975 | event=RequestFragmentSharing | nodeId=311 | cellId=30000 | confidence=0.206 | fragments=8 

[EVENT] 42.975 | event=RequestFragmentSharing | nodeId=395 | cellId=30001 | confidence=0.499 | fragments=7 8 9 

[EVENT] 42.975 | event=RequestFragmentSharing | nodeId=309 | cellId=30000 | confidence=0.206 | fragments=8 

[EVENT] 42.975 | event=RequestFragmentSharing | nodeId=396 | cellId=30001 | confidence=0.499 | fragments=7 8 9 

[EVENT] 42.975 | event=RequestFragmentSharing | nodeId=338 | cellId=30001 | confidence=0.499 | fragments=7 8 9 

[EVENT] 42.975 | event=RequestFragmentSharing | nodeId=233 | cellId=20001 | confidence=0.800 | fragments=3 4 5 6 7 8 9 

[EVENT] 42.975 | event=RequestFragmentSharing | nodeId=379 | cellId=30001 | confidence=0.499 | fragments=7 8 9 

[EVENT] 42.976 | event=RequestFragmentSharing | nodeId=251 | cellId=20001 | confidence=0.800 | fragments=3 4 5 6 7 8 9 

[EVENT] 42.976 | event=RequestFragmentSharing | nodeId=310 | cellId=30000 | confidence=0.206 | fragments=8 

[EVENT] 42.976 | event=RequestFragmentSharing | nodeId=367 | cellId=30000 | confidence=0.206 | fragments=8 

[EVENT] 42.976 | event=RequestFragmentSharing | nodeId=291 | cellId=20001 | confidence=0.800 | fragments=3 4 5 6 7 8 9 

[EVENT] 42.976 | event=RequestFragmentSharing | nodeId=212 | cellId=20001 | confidence=0.800 | fragments=3 4 5 6 7 8 9 

[EVENT] 42.977 | event=RequestFragmentSharing | nodeId=373 | cellId=30000 | confidence=0.206 | fragments=8 

[EVENT] 42.977 | event=RequestFragmentSharing | nodeId=375 | cellId=30001 | confidence=0.499 | fragments=7 8 9 

[EVENT] 42.977 | event=RequestFragmentSharing | nodeId=393 | cellId=30000 | confidence=0.206 | fragments=8 

[EVENT] 42.977 | event=RequestFragmentSharing | nodeId=312 | cellId=30000 | confidence=0.206 | fragments=8 

[EVENT] 42.977 | event=RequestFragmentSharing | nodeId=369 | cellId=30000 | confidence=0.206 | fragments=8 

[EVENT] 42.977 | event=RequestFragmentSharing | nodeId=214 | cellId=20001 | confidence=0.800 | fragments=3 4 5 6 7 8 9 

[EVENT] 42.977 | event=RequestFragmentSharing | nodeId=271 | cellId=20001 | confidence=0.800 | fragments=3 4 5 6 7 8 9 

[EVENT] 42.977 | event=RequestFragmentSharing | nodeId=376 | cellId=30001 | confidence=0.499 | fragments=7 8 9 

[EVENT] 42.977 | event=RequestFragmentSharing | nodeId=398 | cellId=30001 | confidence=0.499 | fragments=7 8 9 

[EVENT] 42.977 | event=RequestFragmentSharing | nodeId=219 | cellId=20002 | confidence=0.499 | fragments=5 6 8 

[EVENT] 42.978 | event=RequestFragmentSharing | nodeId=237 | cellId=20001 | confidence=0.800 | fragments=3 4 5 6 7 8 9 

[EVENT] 42.978 | event=RequestFragmentSharing | nodeId=391 | cellId=30000 | confidence=0.206 | fragments=8 

[EVENT] 42.978 | event=RequestFragmentSharing | nodeId=299 | cellId=20002 | confidence=0.499 | fragments=5 6 8 

[EVENT] 42.978 | event=RequestFragmentSharing | nodeId=194 | cellId=20001 | confidence=0.800 | fragments=3 4 5 6 7 8 9 

[EVENT] 42.978 | event=RequestFragmentSharing | nodeId=328 | cellId=30000 | confidence=0.206 | fragments=8 

[EVENT] 42.978 | event=RequestFragmentSharing | nodeId=327 | cellId=30000 | confidence=0.206 | fragments=8 

[EVENT] 42.979 | event=RequestFragmentSharing | nodeId=389 | cellId=30000 | confidence=0.206 | fragments=8 

[EVENT] 42.979 | event=RequestFragmentSharing | nodeId=352 | cellId=30000 | confidence=0.206 | fragments=8 

[EVENT] 42.979 | event=RequestFragmentSharing | nodeId=349 | cellId=30000 | confidence=0.206 | fragments=8 

[EVENT] 42.980 | event=RequestFragmentSharing | nodeId=397 | cellId=30001 | confidence=0.499 | fragments=7 8 9 

[EVENT] 42.980 | event=RequestFragmentSharing | nodeId=331 | cellId=30000 | confidence=0.206 | fragments=8 

[EVENT] 42.980 | event=RequestFragmentSharing | nodeId=348 | cellId=30000 | confidence=0.206 | fragments=8 

[EVENT] 42.980 | event=RequestFragmentSharing | nodeId=399 | cellId=30001 | confidence=0.499 | fragments=7 8 9 

[EVENT] 42.981 | event=RequestFragmentSharing | nodeId=357 | cellId=30001 | confidence=0.499 | fragments=7 8 9 

[EVENT] 42.981 | event=RequestFragmentSharing | nodeId=392 | cellId=30000 | confidence=0.206 | fragments=8 

[EVENT] 42.981 | event=RequestFragmentSharing | nodeId=394 | cellId=30001 | confidence=0.499 | fragments=7 8 9 

[EVENT] 42.981 | event=RequestFragmentSharing | nodeId=374 | cellId=30001 | confidence=0.499 | fragments=7 8 9 

[EVENT] 42.981 | event=RequestFragmentSharing | nodeId=355 | cellId=30001 | confidence=0.499 | fragments=7 8 9 

[EVENT] 42.981 | event=RequestFragmentSharing | nodeId=387 | cellId=30000 | confidence=0.206 | fragments=8 

[EVENT] 42.982 | event=RequestFragmentSharing | nodeId=347 | cellId=30000 | confidence=0.206 | fragments=8 

[EVENT] 42.982 | event=RequestFragmentSharing | nodeId=356 | cellId=30001 | confidence=0.499 | fragments=7 8 9 

[EVENT] 42.983 | event=RequestFragmentSharing | nodeId=318 | cellId=30001 | confidence=0.499 | fragments=7 8 9 

[EVENT] 43.745 | event=UAVFragmentBroadcast | nodeId=402 | fragmentId=0 | cycle=2 | confidence=0.206 | pixels=17306

[EVENT] 43.745 | event=ContactDropGoodRssi | srcNodeId=402 | fragmentId=0 | packetSize=51935 | srcAddr=01:93|dropCount=7|dsts=292,298,313,317,334,335,336
402-D-292(0) 402-D-298(0) 402-D-313(0) 402-D-317(0) 402-D-334(0) 402-D-335(0) 402-D-336(0) 
402-R-215(0) 402-R-234(0) 402-R-235(0) 402-R-236(0) 402-R-237(0) 402-R-253(0) 402-R-254(0) 402-R-255(0) 402-R-256(0) 402-R-257(0) 402-R-258(0) 402-R-273(0) 402-R-274(0) 402-R-275(0) 402-R-276(0) 402-R-277(0) 402-R-293(0) 402-R-294(0) 402-R-295(0) 402-R-296(0) 402-R-297(0) 402-R-314(0) 402-R-315(0) 402-R-316(0) 254-S-193(0) 254-S-194(0) 254-S-195(0) 254-S-211(0) 254-S-212(0) 254-S-213(0) 254-S-214(0) 254-S-216(0) 254-S-217(0) 254-S-231(0) 254-S-232(0) 254-S-233(0) 254-S-251(0) 254-S-252(0) 254-S-271(0) 254-S-272(0) 254-S-291(0) 254-S-292(0) 254-S-313(0) 
[EVENT] 44.587 | event=RequestFragmentSharing | nodeId=254 | cellId=20001 | confidence=0.842 | fragments=0 3 4 5 6 7 8 9 
316-S-336(0) 336-S-317(0) 336-S-318(0) 336-S-319(0) 336-S-334(0) 336-S-335(0) 336-S-337(0) 336-S-338(0) 336-S-339(0) 336-S-354(0) 336-S-355(0) 336-S-356(0) 336-S-357(0) 336-S-358(0) 336-S-359(0) 336-S-374(0) 336-S-375(0) 336-S-376(0) 336-S-377(0) 336-S-378(0) 336-S-379(0) 336-S-394(0) 336-S-395(0) 336-S-396(0) 336-S-397(0) 336-S-398(0) 336-S-399(0) 
[EVENT] 44.604 | event=RequestFragmentSharing | nodeId=336 | cellId=30001 | confidence=0.602 | fragments=0 7 8 9 

[EVENT] 44.607 | event=RequestFragmentSharing | nodeId=377 | cellId=30001 | confidence=0.602 | fragments=0 7 8 9 

[EVENT] 44.608 | event=RequestFragmentSharing | nodeId=313 | cellId=20001 | confidence=0.842 | fragments=0 3 4 5 6 7 8 9 

[EVENT] 44.608 | event=RequestFragmentSharing | nodeId=231 | cellId=20001 | confidence=0.842 | fragments=0 3 4 5 6 7 8 9 

[EVENT] 44.608 | event=RequestFragmentSharing | nodeId=236 | cellId=20001 | confidence=0.842 | fragments=0 3 4 5 6 7 8 9 

[EVENT] 44.610 | event=RequestFragmentSharing | nodeId=317 | cellId=30001 | confidence=0.602 | fragments=0 7 8 9 

[EVENT] 44.610 | event=RequestFragmentSharing | nodeId=193 | cellId=20001 | confidence=0.842 | fragments=0 3 4 5 6 7 8 9 

[EVENT] 44.611 | event=RequestFragmentSharing | nodeId=194 | cellId=20001 | confidence=0.842 | fragments=0 3 4 5 6 7 8 9 

[EVENT] 44.612 | event=RequestFragmentSharing | nodeId=313 | cellId=20001 | confidence=0.842 | fragments=0 3 4 5 6 7 8 9 

[EVENT] 44.612 | event=RequestFragmentSharing | nodeId=211 | cellId=20001 | confidence=0.842 | fragments=0 3 4 5 6 7 8 9 

[EVENT] 44.612 | event=RequestFragmentSharing | nodeId=257 | cellId=20001 | confidence=0.842 | fragments=0 3 4 5 6 7 8 9 

[EVENT] 44.613 | event=RequestFragmentSharing | nodeId=272 | cellId=20001 | confidence=0.842 | fragments=0 3 4 5 6 7 8 9 

[EVENT] 44.614 | event=RequestFragmentSharing | nodeId=212 | cellId=20001 | confidence=0.842 | fragments=0 3 4 5 6 7 8 9 

[EVENT] 44.615 | event=RequestFragmentSharing | nodeId=195 | cellId=20001 | confidence=0.842 | fragments=0 3 4 5 6 7 8 9 

[EVENT] 44.616 | event=RequestFragmentSharing | nodeId=316 | cellId=30001 | confidence=0.602 | fragments=0 7 8 9 

[EVENT] 44.616 | event=RequestFragmentSharing | nodeId=292 | cellId=20001 | confidence=0.842 | fragments=0 3 4 5 6 7 8 9 

[EVENT] 44.616 | event=RequestFragmentSharing | nodeId=217 | cellId=20001 | confidence=0.842 | fragments=0 3 4 5 6 7 8 9 

[EVENT] 44.616 | event=RequestFragmentSharing | nodeId=235 | cellId=20001 | confidence=0.842 | fragments=0 3 4 5 6 7 8 9 

[EVENT] 44.617 | event=RequestFragmentSharing | nodeId=275 | cellId=20001 | confidence=0.842 | fragments=0 3 4 5 6 7 8 9 

[EVENT] 44.617 | event=RequestFragmentSharing | nodeId=214 | cellId=20001 | confidence=0.842 | fragments=0 3 4 5 6 7 8 9 

[EVENT] 44.617 | event=RequestFragmentSharing | nodeId=274 | cellId=20001 | confidence=0.842 | fragments=0 3 4 5 6 7 8 9 

[EVENT] 44.618 | event=RequestFragmentSharing | nodeId=335 | cellId=30001 | confidence=0.602 | fragments=0 7 8 9 

[EVENT] 44.618 | event=RequestFragmentSharing | nodeId=252 | cellId=20001 | confidence=0.842 | fragments=0 3 4 5 6 7 8 9 

[EVENT] 44.619 | event=RequestFragmentSharing | nodeId=272 | cellId=20001 | confidence=0.842 | fragments=0 3 4 5 6 7 8 9 

[EVENT] 44.619 | event=RequestFragmentSharing | nodeId=213 | cellId=20001 | confidence=0.842 | fragments=0 3 4 5 6 7 8 9 

[EVENT] 44.620 | event=RequestFragmentSharing | nodeId=271 | cellId=20001 | confidence=0.842 | fragments=0 3 4 5 6 7 8 9 

[EVENT] 44.620 | event=RequestFragmentSharing | nodeId=251 | cellId=20001 | confidence=0.842 | fragments=0 3 4 5 6 7 8 9 

[EVENT] 44.621 | event=RequestFragmentSharing | nodeId=216 | cellId=20001 | confidence=0.842 | fragments=0 3 4 5 6 7 8 9 

[EVENT] 44.622 | event=RequestFragmentSharing | nodeId=233 | cellId=20001 | confidence=0.842 | fragments=0 3 4 5 6 7 8 9 

[EVENT] 44.622 | event=RequestFragmentSharing | nodeId=291 | cellId=20001 | confidence=0.842 | fragments=0 3 4 5 6 7 8 9 

[EVENT] 44.622 | event=RequestFragmentSharing | nodeId=232 | cellId=20001 | confidence=0.842 | fragments=0 3 4 5 6 7 8 9 

[EVENT] 44.625 | event=RequestFragmentSharing | nodeId=359 | cellId=30001 | confidence=0.602 | fragments=0 7 8 9 

[EVENT] 44.625 | event=RequestFragmentSharing | nodeId=335 | cellId=30001 | confidence=0.602 | fragments=0 7 8 9 

[EVENT] 44.625 | event=RequestFragmentSharing | nodeId=375 | cellId=30001 | confidence=0.602 | fragments=0 7 8 9 

[EVENT] 44.626 | event=RequestFragmentSharing | nodeId=395 | cellId=30001 | confidence=0.602 | fragments=0 7 8 9 

[EVENT] 44.626 | event=RequestFragmentSharing | nodeId=358 | cellId=30001 | confidence=0.602 | fragments=0 7 8 9 

[EVENT] 44.626 | event=RequestFragmentSharing | nodeId=357 | cellId=30001 | confidence=0.602 | fragments=0 7 8 9 

[EVENT] 44.627 | event=RequestFragmentSharing | nodeId=338 | cellId=30001 | confidence=0.602 | fragments=0 7 8 9 

[EVENT] 44.627 | event=RequestFragmentSharing | nodeId=379 | cellId=30001 | confidence=0.602 | fragments=0 7 8 9 

[EVENT] 44.627 | event=RequestFragmentSharing | nodeId=356 | cellId=30001 | confidence=0.602 | fragments=0 7 8 9 

[EVENT] 44.628 | event=RequestFragmentSharing | nodeId=334 | cellId=30001 | confidence=0.602 | fragments=0 7 8 9 

[EVENT] 44.629 | event=RequestFragmentSharing | nodeId=317 | cellId=30001 | confidence=0.602 | fragments=0 7 8 9 

[EVENT] 44.629 | event=RequestFragmentSharing | nodeId=354 | cellId=30001 | confidence=0.602 | fragments=0 7 8 9 

[EVENT] 44.630 | event=RequestFragmentSharing | nodeId=319 | cellId=30001 | confidence=0.602 | fragments=0 7 8 9 

[EVENT] 44.631 | event=RequestFragmentSharing | nodeId=374 | cellId=30001 | confidence=0.602 | fragments=0 7 8 9 

[EVENT] 44.631 | event=RequestFragmentSharing | nodeId=376 | cellId=30001 | confidence=0.602 | fragments=0 7 8 9 

[EVENT] 44.633 | event=RequestFragmentSharing | nodeId=396 | cellId=30001 | confidence=0.602 | fragments=0 7 8 9 

[EVENT] 44.633 | event=RequestFragmentSharing | nodeId=337 | cellId=30001 | confidence=0.602 | fragments=0 7 8 9 

[EVENT] 44.633 | event=RequestFragmentSharing | nodeId=339 | cellId=30001 | confidence=0.602 | fragments=0 7 8 9 

[EVENT] 44.634 | event=RequestFragmentSharing | nodeId=318 | cellId=30001 | confidence=0.602 | fragments=0 7 8 9 

[EVENT] 44.635 | event=RequestFragmentSharing | nodeId=378 | cellId=30001 | confidence=0.602 | fragments=0 7 8 9 

[EVENT] 44.635 | event=RequestFragmentSharing | nodeId=398 | cellId=30001 | confidence=0.602 | fragments=0 7 8 9 

[EVENT] 44.636 | event=RequestFragmentSharing | nodeId=394 | cellId=30001 | confidence=0.602 | fragments=0 7 8 9 

[EVENT] 44.638 | event=RequestFragmentSharing | nodeId=399 | cellId=30001 | confidence=0.602 | fragments=0 7 8 9 

[EVENT] 44.638 | event=RequestFragmentSharing | nodeId=397 | cellId=30001 | confidence=0.602 | fragments=0 7 8 9 

[EVENT] 44.639 | event=RequestFragmentSharing | nodeId=355 | cellId=30001 | confidence=0.602 | fragments=0 7 8 9 

[EVENT] 45.406 | event=UAVFragmentBroadcast | nodeId=402 | fragmentId=1 | cycle=2 | confidence=0.206 | pixels=17306

[EVENT] 45.406 | event=ContactDropGoodRssi | srcNodeId=402 | fragmentId=1 | packetSize=51935 | srcAddr=01:93|dropCount=5|dsts=272,278,314,315,316
402-D-272(1) 402-D-278(1) 402-D-314(1) 402-D-315(1) 402-D-316(1) 
402-R-214(1) 402-R-215(1) 402-R-216(1) 402-R-217(1) 402-R-233(1) 402-R-234(1) 402-R-235(1) 402-R-236(1) 402-R-237(1) 402-R-252(1) 402-R-253(1) 402-R-254(1) 402-R-255(1) 402-R-256(1) 402-R-258(1) 402-R-273(1) 402-R-274(1) 402-R-275(1) 402-R-276(1) 402-R-277(1) 402-R-293(1) 402-R-294(1) 402-R-295(1) 402-R-296(1) 402-R-297(1) 
[EVENT] 45.500 | event=SuspiciousConfidenceSnapshot | 11(0.369) 12(0.369) 13(0.369) 14(0.369) 15(0.369) 16(0.369) 17(0.369) 31(0.369) 32(0.369) 33(0.369) 34(0.369) 35(0.369) 36(0.369) 37(0.369) 51(0.369) 52(0.369) 53(0.369) 54(0.369) 55(0.369) 56(0.369) 57(0.369) 73(0.369) 74(0.369) 75(0.369) 76(0.749) 77(0.749) 78(0.749) 79(0.749) 94(0.749) 95(0.749) 96(0.749) 97(0.749) 98(0.749) 99(0.749) 114(0.749) 115(0.749) 116(0.749) 117(0.749) 118(0.749) 119(0.749) 134(0.749) 135(0.749) 136(0.749) 137(0.749) 138(0.749) 139(0.749) 154(0.749) 155(0.749) 156(0.749) 157(0.749) 158(0.749) 159(0.749) 174(0.749) 175(0.749) 176(0.749) 177(0.749) 178(0.749) 179(0.749) 193(0.842) 194(0.842) 195(0.842) 196(0.749) 197(0.749) 198(0.749) 199(0.749) 211(0.842) 212(0.842) 213(0.842) 214(0.874) 215(0.874) 216(0.874) 217(0.874) 231(0.842) 232(0.842) 233(0.874) 234(0.874) 235(0.874) 236(0.874) 237(0.874) 251(0.842) 252(0.874) 253(0.874) 254(0.874) 255(0.874) 256(0.874) 257(0.842) 271(0.842) 272(0.842) 273(0.874) 274(0.874) 275(0.874) 276(0.874) 277(0.874) 291(0.842) 292(0.842) 293(0.874) 294(0.874) 295(0.874) 296(0.874) 297(0.874) 313(0.842) 314(0.842) 315(0.842) 316(0.602) 317(0.602) 318(0.602) 319(0.602) 334(0.602) 335(0.602) 336(0.602) 337(0.602) 338(0.602) 339(0.602) 354(0.602) 355(0.602) 356(0.602) 357(0.602) 358(0.602) 359(0.602) 374(0.602) 375(0.602) 376(0.602) 377(0.602) 378(0.602) 379(0.602) 394(0.602) 395(0.602) 396(0.602) 397(0.602) 398(0.602) 399(0.602) 
214-S-315(1) 315-S-231(1) 315-S-232(1) 315-S-251(1) 315-S-257(1) 315-S-271(1) 315-S-272(1) 315-S-291(1) 315-S-292(1) 315-S-313(1) 315-S-314(1) 
[EVENT] 46.269 | event=RequestFragmentSharing | nodeId=315 | cellId=20001 | confidence=0.874 | fragments=0 1 3 4 5 6 7 8 9 
297-S-193(1) 297-S-194(1) 297-S-195(1) 297-S-211(1) 297-S-212(1) 297-S-213(1) 
[EVENT] 46.271 | event=RequestFragmentSharing | nodeId=297 | cellId=20001 | confidence=0.874 | fragments=0 1 3 4 5 6 7 8 9 

[EVENT] 46.271 | event=RequestFragmentSharing | nodeId=255 | cellId=20001 | confidence=0.874 | fragments=0 1 3 4 5 6 7 8 9 

[EVENT] 46.272 | event=RequestFragmentSharing | nodeId=215 | cellId=20001 | confidence=0.874 | fragments=0 1 3 4 5 6 7 8 9 

[EVENT] 46.273 | event=RequestFragmentSharing | nodeId=277 | cellId=20001 | confidence=0.874 | fragments=0 1 3 4 5 6 7 8 9 

[EVENT] 46.273 | event=RequestFragmentSharing | nodeId=256 | cellId=20001 | confidence=0.874 | fragments=0 1 3 4 5 6 7 8 9 
258-S-218(0) 258-S-218(1) 258-S-219(0) 258-S-219(1) 258-S-238(0) 258-S-238(1) 258-S-239(0) 258-S-239(1) 258-S-259(0) 258-S-259(1) 258-S-278(0) 258-S-278(1) 258-S-279(0) 258-S-279(1) 258-S-298(0) 258-S-298(1) 258-S-299(0) 258-S-299(1) 
[EVENT] 46.273 | event=RequestFragmentSharing | nodeId=258 | cellId=20002 | confidence=0.684 | fragments=0 1 5 6 8 

[EVENT] 46.273 | event=RequestFragmentSharing | nodeId=253 | cellId=20001 | confidence=0.874 | fragments=0 1 3 4 5 6 7 8 9 

[EVENT] 46.273 | event=RequestFragmentSharing | nodeId=234 | cellId=20001 | confidence=0.874 | fragments=0 1 3 4 5 6 7 8 9 

[EVENT] 46.275 | event=RequestFragmentSharing | nodeId=273 | cellId=20001 | confidence=0.874 | fragments=0 1 3 4 5 6 7 8 9 

[EVENT] 46.277 | event=RequestFragmentSharing | nodeId=295 | cellId=20001 | confidence=0.874 | fragments=0 1 3 4 5 6 7 8 9 

[EVENT] 46.277 | event=RequestFragmentSharing | nodeId=237 | cellId=20001 | confidence=0.874 | fragments=0 1 3 4 5 6 7 8 9 

[EVENT] 46.277 | event=RequestFragmentSharing | nodeId=293 | cellId=20001 | confidence=0.874 | fragments=0 1 3 4 5 6 7 8 9 

[EVENT] 46.277 | event=RequestFragmentSharing | nodeId=276 | cellId=20001 | confidence=0.874 | fragments=0 1 3 4 5 6 7 8 9 

[EVENT] 46.278 | event=RequestFragmentSharing | nodeId=296 | cellId=20001 | confidence=0.874 | fragments=0 1 3 4 5 6 7 8 9 

[EVENT] 46.279 | event=RequestFragmentSharing | nodeId=259 | cellId=20002 | confidence=0.684 | fragments=0 1 5 6 8 

[EVENT] 46.279 | event=RequestFragmentSharing | nodeId=314 | cellId=20001 | confidence=0.874 | fragments=0 1 3 4 5 6 7 8 9 

[EVENT] 46.280 | event=RequestFragmentSharing | nodeId=294 | cellId=20001 | confidence=0.874 | fragments=0 1 3 4 5 6 7 8 9 

[EVENT] 46.291 | event=RequestFragmentSharing | nodeId=313 | cellId=20001 | confidence=0.874 | fragments=0 1 3 4 5 6 7 8 9 

[EVENT] 46.291 | event=RequestFragmentSharing | nodeId=212 | cellId=20001 | confidence=0.874 | fragments=0 1 3 4 5 6 7 8 9 

[EVENT] 46.291 | event=RequestFragmentSharing | nodeId=292 | cellId=20001 | confidence=0.874 | fragments=0 1 3 4 5 6 7 8 9 

[EVENT] 46.291 | event=RequestFragmentSharing | nodeId=272 | cellId=20001 | confidence=0.874 | fragments=0 1 3 4 5 6 7 8 9 

[EVENT] 46.291 | event=RequestFragmentSharing | nodeId=231 | cellId=20001 | confidence=0.874 | fragments=0 1 3 4 5 6 7 8 9 

[EVENT] 46.293 | event=RequestFragmentSharing | nodeId=232 | cellId=20001 | confidence=0.874 | fragments=0 1 3 4 5 6 7 8 9 

[EVENT] 46.294 | event=RequestFragmentSharing | nodeId=218 | cellId=20002 | confidence=0.684 | fragments=0 1 5 6 8 

[EVENT] 46.295 | event=RequestFragmentSharing | nodeId=257 | cellId=20001 | confidence=0.874 | fragments=0 1 3 4 5 6 7 8 9 

[EVENT] 46.295 | event=RequestFragmentSharing | nodeId=279 | cellId=20002 | confidence=0.684 | fragments=0 1 5 6 8 

[EVENT] 46.296 | event=RequestFragmentSharing | nodeId=299 | cellId=20002 | confidence=0.684 | fragments=0 1 5 6 8 

[EVENT] 46.298 | event=RequestFragmentSharing | nodeId=239 | cellId=20002 | confidence=0.684 | fragments=0 1 5 6 8 

[EVENT] 46.298 | event=RequestFragmentSharing | nodeId=193 | cellId=20001 | confidence=0.874 | fragments=0 1 3 4 5 6 7 8 9 

[EVENT] 46.300 | event=RequestFragmentSharing | nodeId=251 | cellId=20001 | confidence=0.874 | fragments=0 1 3 4 5 6 7 8 9 

[EVENT] 46.301 | event=RequestFragmentSharing | nodeId=195 | cellId=20001 | confidence=0.874 | fragments=0 1 3 4 5 6 7 8 9 

[EVENT] 46.301 | event=RequestFragmentSharing | nodeId=314 | cellId=20001 | confidence=0.874 | fragments=0 1 3 4 5 6 7 8 9 

[EVENT] 46.301 | event=RequestFragmentSharing | nodeId=291 | cellId=20001 | confidence=0.874 | fragments=0 1 3 4 5 6 7 8 9 

[EVENT] 46.302 | event=RequestFragmentSharing | nodeId=213 | cellId=20001 | confidence=0.874 | fragments=0 1 3 4 5 6 7 8 9 

[EVENT] 46.302 | event=RequestFragmentSharing | nodeId=219 | cellId=20002 | confidence=0.684 | fragments=0 1 5 6 8 

[EVENT] 46.302 | event=RequestFragmentSharing | nodeId=271 | cellId=20001 | confidence=0.874 | fragments=0 1 3 4 5 6 7 8 9 

[EVENT] 46.303 | event=RequestFragmentSharing | nodeId=211 | cellId=20001 | confidence=0.874 | fragments=0 1 3 4 5 6 7 8 9 

[EVENT] 46.304 | event=RequestFragmentSharing | nodeId=278 | cellId=20002 | confidence=0.684 | fragments=0 1 5 6 8 

[EVENT] 46.304 | event=RequestFragmentSharing | nodeId=238 | cellId=20002 | confidence=0.684 | fragments=0 1 5 6 8 

[EVENT] 46.304 | event=RequestFragmentSharing | nodeId=298 | cellId=20002 | confidence=0.684 | fragments=0 1 5 6 8 

[EVENT] 46.305 | event=RequestFragmentSharing | nodeId=194 | cellId=20001 | confidence=0.874 | fragments=0 1 3 4 5 6 7 8 9 

[EVENT] 47.068 | event=UAVFragmentBroadcast | nodeId=402 | fragmentId=2 | cycle=2 | confidence=0.206 | pixels=17306

[EVENT] 47.068 | event=ContactDropGoodRssi | srcNodeId=402 | fragmentId=2 | packetSize=51935 | srcAddr=01:93|dropCount=7|dsts=252,258,293,294,295,296,297
402-D-252(2) 402-D-258(2) 402-D-293(2) 402-D-294(2) 402-D-295(2) 402-D-296(2) 402-D-297(2) 
402-R-194(2) 402-R-195(2) 402-R-196(2) 402-R-197(2) 402-R-213(2) 402-R-214(2) 402-R-215(2) 402-R-216(2) 402-R-217(2) 402-R-233(2) 402-R-234(2) 402-R-235(2) 402-R-236(2) 402-R-237(2) 402-R-253(2) 402-R-254(2) 402-R-255(2) 402-R-256(2) 402-R-257(2) 402-R-273(2) 402-R-274(2) 402-R-275(2) 402-R-276(2) 402-R-277(2) 194-S-252(2) 252-S-211(2) 252-S-212(2) 252-S-231(2) 252-S-232(2) 252-S-251(2) 252-S-271(2) 252-S-272(2) 252-S-291(2) 252-S-292(2) 252-S-293(2) 252-S-294(2) 252-S-295(2) 252-S-296(2) 252-S-297(2) 252-S-313(2) 252-S-314(2) 252-S-315(2) 
[EVENT] 47.931 | event=RequestFragmentSharing | nodeId=252 | cellId=20001 | confidence=0.900 | fragments=0 1 2 3 4 5 6 7 8 9 

[EVENT] 48.729 | event=UAVFragmentBroadcast | nodeId=402 | fragmentId=3 | cycle=2 | confidence=0.206 | pixels=17306

[EVENT] 48.729 | event=ContactDropGoodRssi | srcNodeId=402 | fragmentId=3 | packetSize=51935 | srcAddr=01:93|dropCount=4|dsts=273,274,276,277
402-D-273(3) 402-D-274(3) 402-D-276(3) 402-D-277(3) 
402-R-175(3) 402-R-176(3) 402-R-193(3) 402-R-194(3) 402-R-195(3) 402-R-196(3) 402-R-197(3) 402-R-212(3) 402-R-213(3) 402-R-214(3) 402-R-215(3) 402-R-216(3) 402-R-217(3) 402-R-218(3) 402-R-232(3) 402-R-233(3) 402-R-234(3) 402-R-235(3) 402-R-236(3) 402-R-237(3) 402-R-238(3) 402-R-253(3) 402-R-254(3) 402-R-255(3) 402-R-256(3) 402-R-257(3) 402-R-275(3) 
[EVENT] 50.391 | event=UAVFragmentBroadcast | nodeId=402 | fragmentId=4 | cycle=2 | confidence=0.206 | pixels=17306

[EVENT] 50.391 | event=ContactDropGoodRssi | srcNodeId=402 | fragmentId=4 | packetSize=51935 | srcAddr=01:93|dropCount=5|dsts=232,238,253,257,275
402-D-232(4) 402-D-238(4) 402-D-253(4) 402-D-257(4) 402-D-275(4) 
402-R-156(4) 402-R-173(4) 402-R-174(4) 402-R-175(4) 402-R-176(4) 402-R-192(4) 402-R-193(4) 402-R-194(4) 402-R-195(4) 402-R-196(4) 402-R-197(4) 402-R-198(4) 402-R-212(4) 402-R-213(4) 402-R-214(4) 402-R-215(4) 402-R-216(4) 402-R-217(4) 402-R-218(4) 402-R-233(4) 402-R-234(4) 402-R-235(4) 402-R-236(4) 402-R-237(4) 402-R-254(4) 402-R-255(4) 402-R-256(4) 218-S-219(3) 218-S-219(4) 218-S-238(4) 218-S-239(3) 218-S-239(4) 218-S-258(3) 218-S-258(4) 218-S-259(3) 218-S-259(4) 218-S-278(3) 218-S-278(4) 218-S-279(3) 218-S-279(4) 218-S-298(3) 218-S-298(4) 218-S-299(3) 218-S-299(4) 
[EVENT] 51.263 | event=RequestFragmentSharing | nodeId=218 | cellId=20002 | confidence=0.800 | fragments=0 1 3 4 5 6 8 

[EVENT] 51.264 | event=RequestFragmentSharing | nodeId=238 | cellId=20002 | confidence=0.800 | fragments=0 1 3 4 5 6 8 

[EVENT] 51.272 | event=RequestFragmentSharing | nodeId=259 | cellId=20002 | confidence=0.800 | fragments=0 1 3 4 5 6 8 

[EVENT] 51.286 | event=RequestFragmentSharing | nodeId=238 | cellId=20002 | confidence=0.800 | fragments=0 1 3 4 5 6 8 

[EVENT] 51.287 | event=RequestFragmentSharing | nodeId=278 | cellId=20002 | confidence=0.800 | fragments=0 1 3 4 5 6 8 

[EVENT] 51.289 | event=RequestFragmentSharing | nodeId=279 | cellId=20002 | confidence=0.800 | fragments=0 1 3 4 5 6 8 

[EVENT] 51.289 | event=RequestFragmentSharing | nodeId=298 | cellId=20002 | confidence=0.800 | fragments=0 1 3 4 5 6 8 

[EVENT] 51.291 | event=RequestFragmentSharing | nodeId=219 | cellId=20002 | confidence=0.800 | fragments=0 1 3 4 5 6 8 

[EVENT] 51.291 | event=RequestFragmentSharing | nodeId=299 | cellId=20002 | confidence=0.800 | fragments=0 1 3 4 5 6 8 

[EVENT] 51.292 | event=RequestFragmentSharing | nodeId=239 | cellId=20002 | confidence=0.800 | fragments=0 1 3 4 5 6 8 

[EVENT] 51.298 | event=RequestFragmentSharing | nodeId=258 | cellId=20002 | confidence=0.800 | fragments=0 1 3 4 5 6 8 

[EVENT] 52.052 | event=UAVFragmentBroadcast | nodeId=402 | fragmentId=5 | cycle=2 | confidence=0.206 | pixels=17306

[EVENT] 52.052 | event=ContactDropGoodRssi | srcNodeId=402 | fragmentId=5 | packetSize=51935 | srcAddr=01:93|dropCount=7|dsts=212,218,233,237,254,255,256
402-D-212(5) 402-D-218(5) 402-D-233(5) 402-D-237(5) 402-D-254(5) 402-D-255(5) 402-D-256(5) 
402-R-136(5) 402-R-153(5) 402-R-154(5) 402-R-155(5) 402-R-156(5) 402-R-173(5) 402-R-174(5) 402-R-175(5) 402-R-176(5) 402-R-177(5) 402-R-192(5) 402-R-193(5) 402-R-194(5) 402-R-195(5) 402-R-196(5) 402-R-197(5) 402-R-213(5) 402-R-214(5) 402-R-215(5) 402-R-216(5) 402-R-217(5) 402-R-234(5) 402-R-235(5) 402-R-236(5) 
[EVENT] 53.713 | event=UAVFragmentBroadcast | nodeId=402 | fragmentId=6 | cycle=2 | confidence=0.206 | pixels=17305

[EVENT] 53.713 | event=ContactDropGoodRssi | srcNodeId=402 | fragmentId=6 | packetSize=51932 | srcAddr=01:93|dropCount=7|dsts=192,198,213,217,234,235,236
402-D-192(6) 402-D-198(6) 402-D-213(6) 402-D-217(6) 402-D-234(6) 402-D-235(6) 402-D-236(6) 
402-R-133(6) 402-R-134(6) 402-R-135(6) 402-R-136(6) 402-R-152(6) 402-R-153(6) 402-R-154(6) 402-R-155(6) 402-R-156(6) 402-R-157(6) 402-R-158(6) 402-R-172(6) 402-R-173(6) 402-R-174(6) 402-R-175(6) 402-R-176(6) 402-R-177(6) 402-R-193(6) 402-R-194(6) 402-R-195(6) 402-R-196(6) 402-R-197(6) 402-R-214(6) 402-R-215(6) 402-R-216(6) 192-S-69(5) 192-S-70(5) 192-S-71(5) 192-S-72(5) 192-S-87(5) 192-S-88(5) 192-S-89(5) 192-S-90(5) 192-S-91(5) 192-S-92(5) 192-S-93(5) 192-S-107(5) 192-S-108(5) 192-S-109(5) 192-S-110(5) 192-S-111(5) 192-S-112(5) 192-S-113(5) 192-S-127(5) 192-S-128(5) 192-S-129(5) 192-S-130(5) 192-S-131(5) 192-S-132(5) 133-S-192(6) 192-S-133(5) 192-S-147(5) 192-S-147(6) 192-S-148(5) 192-S-148(6) 192-S-149(5) 192-S-149(6) 192-S-150(5) 192-S-150(6) 192-S-151(5) 192-S-151(6) 192-S-152(5) 192-S-167(5) 192-S-167(6) 192-S-168(5) 192-S-168(6) 192-S-169(5) 192-S-169(6) 192-S-170(5) 192-S-170(6) 192-S-171(5) 192-S-171(6) 192-S-172(5) 192-S-189(5) 192-S-189(6) 192-S-190(5) 192-S-190(6) 192-S-191(5) 192-S-191(6) 
[EVENT] 54.584 | event=RequestFragmentSharing | nodeId=192 | cellId=10001 | confidence=0.800 | fragments=0 1 2 3 4 5 6 
173-S-69(6) 173-S-70(6) 173-S-71(6) 173-S-72(6) 173-S-87(6) 173-S-88(6) 173-S-89(6) 173-S-90(6) 173-S-91(6) 173-S-92(6) 173-S-93(6) 173-S-107(6) 173-S-108(6) 173-S-109(6) 173-S-110(6) 173-S-111(6) 173-S-112(6) 173-S-113(6) 173-S-127(6) 173-S-128(6) 173-S-129(6) 173-S-130(6) 173-S-131(6) 173-S-132(6) 
[EVENT] 54.584 | event=RequestFragmentSharing | nodeId=173 | cellId=10001 | confidence=0.800 | fragments=0 1 2 3 4 5 6 

[EVENT] 54.586 | event=RequestFragmentSharing | nodeId=153 | cellId=10001 | confidence=0.800 | fragments=0 1 2 3 4 5 6 

[EVENT] 54.588 | event=RequestFragmentSharing | nodeId=130 | cellId=10001 | confidence=0.800 | fragments=0 1 2 3 4 5 6 

[EVENT] 54.594 | event=RequestFragmentSharing | nodeId=130 | cellId=10001 | confidence=0.800 | fragments=0 1 2 3 4 5 6 

[EVENT] 54.604 | event=RequestFragmentSharing | nodeId=108 | cellId=10001 | confidence=0.800 | fragments=0 1 2 3 4 5 6 

[EVENT] 54.604 | event=RequestFragmentSharing | nodeId=87 | cellId=10001 | confidence=0.800 | fragments=0 1 2 3 4 5 6 

[EVENT] 54.604 | event=RequestFragmentSharing | nodeId=109 | cellId=10001 | confidence=0.800 | fragments=0 1 2 3 4 5 6 

[EVENT] 54.604 | event=RequestFragmentSharing | nodeId=147 | cellId=10001 | confidence=0.800 | fragments=0 1 2 3 4 5 6 

[EVENT] 54.605 | event=RequestFragmentSharing | nodeId=151 | cellId=10001 | confidence=0.800 | fragments=0 1 2 3 4 5 6 

[EVENT] 54.605 | event=RequestFragmentSharing | nodeId=92 | cellId=10001 | confidence=0.800 | fragments=0 1 2 3 4 5 6 

[EVENT] 54.605 | event=RequestFragmentSharing | nodeId=70 | cellId=10001 | confidence=0.800 | fragments=0 1 2 3 4 5 6 

[EVENT] 54.606 | event=RequestFragmentSharing | nodeId=112 | cellId=10001 | confidence=0.800 | fragments=0 1 2 3 4 5 6 

[EVENT] 54.606 | event=RequestFragmentSharing | nodeId=91 | cellId=10001 | confidence=0.800 | fragments=0 1 2 3 4 5 6 

[EVENT] 54.607 | event=RequestFragmentSharing | nodeId=110 | cellId=10001 | confidence=0.800 | fragments=0 1 2 3 4 5 6 

[EVENT] 54.607 | event=RequestFragmentSharing | nodeId=129 | cellId=10001 | confidence=0.800 | fragments=0 1 2 3 4 5 6 

[EVENT] 54.607 | event=RequestFragmentSharing | nodeId=132 | cellId=10001 | confidence=0.800 | fragments=0 1 2 3 4 5 6 

[EVENT] 54.607 | event=RequestFragmentSharing | nodeId=129 | cellId=10001 | confidence=0.800 | fragments=0 1 2 3 4 5 6 

[EVENT] 54.608 | event=RequestFragmentSharing | nodeId=133 | cellId=10001 | confidence=0.800 | fragments=0 1 2 3 4 5 6 

[EVENT] 54.608 | event=RequestFragmentSharing | nodeId=111 | cellId=10001 | confidence=0.800 | fragments=0 1 2 3 4 5 6 

[EVENT] 54.608 | event=RequestFragmentSharing | nodeId=149 | cellId=10001 | confidence=0.800 | fragments=0 1 2 3 4 5 6 

[EVENT] 54.608 | event=RequestFragmentSharing | nodeId=131 | cellId=10001 | confidence=0.800 | fragments=0 1 2 3 4 5 6 

[EVENT] 54.608 | event=RequestFragmentSharing | nodeId=70 | cellId=10001 | confidence=0.800 | fragments=0 1 2 3 4 5 6 

[EVENT] 54.608 | event=RequestFragmentSharing | nodeId=109 | cellId=10001 | confidence=0.800 | fragments=0 1 2 3 4 5 6 

[EVENT] 54.609 | event=RequestFragmentSharing | nodeId=71 | cellId=10001 | confidence=0.800 | fragments=0 1 2 3 4 5 6 

[EVENT] 54.609 | event=RequestFragmentSharing | nodeId=72 | cellId=10001 | confidence=0.800 | fragments=0 1 2 3 4 5 6 

[EVENT] 54.609 | event=RequestFragmentSharing | nodeId=127 | cellId=10001 | confidence=0.800 | fragments=0 1 2 3 4 5 6 

[EVENT] 54.609 | event=RequestFragmentSharing | nodeId=113 | cellId=10001 | confidence=0.800 | fragments=0 1 2 3 4 5 6 

[EVENT] 54.610 | event=RequestFragmentSharing | nodeId=191 | cellId=10001 | confidence=0.800 | fragments=0 1 2 3 4 5 6 

[EVENT] 54.610 | event=RequestFragmentSharing | nodeId=112 | cellId=10001 | confidence=0.800 | fragments=0 1 2 3 4 5 6 

[EVENT] 54.610 | event=RequestFragmentSharing | nodeId=170 | cellId=10001 | confidence=0.800 | fragments=0 1 2 3 4 5 6 

[EVENT] 54.611 | event=RequestFragmentSharing | nodeId=128 | cellId=10001 | confidence=0.800 | fragments=0 1 2 3 4 5 6 

[EVENT] 54.612 | event=RequestFragmentSharing | nodeId=107 | cellId=10001 | confidence=0.800 | fragments=0 1 2 3 4 5 6 

[EVENT] 54.612 | event=RequestFragmentSharing | nodeId=150 | cellId=10001 | confidence=0.800 | fragments=0 1 2 3 4 5 6 

[EVENT] 54.612 | event=RequestFragmentSharing | nodeId=107 | cellId=10001 | confidence=0.800 | fragments=0 1 2 3 4 5 6 

[EVENT] 54.612 | event=RequestFragmentSharing | nodeId=189 | cellId=10001 | confidence=0.800 | fragments=0 1 2 3 4 5 6 

[EVENT] 54.613 | event=RequestFragmentSharing | nodeId=169 | cellId=10001 | confidence=0.800 | fragments=0 1 2 3 4 5 6 

[EVENT] 54.613 | event=RequestFragmentSharing | nodeId=88 | cellId=10001 | confidence=0.800 | fragments=0 1 2 3 4 5 6 

[EVENT] 54.613 | event=RequestFragmentSharing | nodeId=171 | cellId=10001 | confidence=0.800 | fragments=0 1 2 3 4 5 6 

[EVENT] 54.613 | event=RequestFragmentSharing | nodeId=89 | cellId=10001 | confidence=0.800 | fragments=0 1 2 3 4 5 6 

[EVENT] 54.613 | event=RequestFragmentSharing | nodeId=92 | cellId=10001 | confidence=0.800 | fragments=0 1 2 3 4 5 6 

[EVENT] 54.613 | event=RequestFragmentSharing | nodeId=168 | cellId=10001 | confidence=0.800 | fragments=0 1 2 3 4 5 6 

[EVENT] 54.614 | event=RequestFragmentSharing | nodeId=91 | cellId=10001 | confidence=0.800 | fragments=0 1 2 3 4 5 6 

[EVENT] 54.614 | event=RequestFragmentSharing | nodeId=93 | cellId=10001 | confidence=0.800 | fragments=0 1 2 3 4 5 6 

[EVENT] 54.614 | event=RequestFragmentSharing | nodeId=152 | cellId=10001 | confidence=0.800 | fragments=0 1 2 3 4 5 6 

[EVENT] 54.614 | event=RequestFragmentSharing | nodeId=88 | cellId=10001 | confidence=0.800 | fragments=0 1 2 3 4 5 6 

[EVENT] 54.614 | event=RequestFragmentSharing | nodeId=89 | cellId=10001 | confidence=0.800 | fragments=0 1 2 3 4 5 6 

[EVENT] 54.614 | event=RequestFragmentSharing | nodeId=108 | cellId=10001 | confidence=0.800 | fragments=0 1 2 3 4 5 6 

[EVENT] 54.614 | event=RequestFragmentSharing | nodeId=87 | cellId=10001 | confidence=0.800 | fragments=0 1 2 3 4 5 6 

[EVENT] 54.615 | event=RequestFragmentSharing | nodeId=71 | cellId=10001 | confidence=0.800 | fragments=0 1 2 3 4 5 6 

[EVENT] 54.615 | event=RequestFragmentSharing | nodeId=190 | cellId=10001 | confidence=0.800 | fragments=0 1 2 3 4 5 6 

[EVENT] 54.615 | event=RequestFragmentSharing | nodeId=172 | cellId=10001 | confidence=0.800 | fragments=0 1 2 3 4 5 6 

[EVENT] 54.615 | event=RequestFragmentSharing | nodeId=148 | cellId=10001 | confidence=0.800 | fragments=0 1 2 3 4 5 6 

[EVENT] 54.616 | event=RequestFragmentSharing | nodeId=132 | cellId=10001 | confidence=0.800 | fragments=0 1 2 3 4 5 6 

[EVENT] 54.616 | event=RequestFragmentSharing | nodeId=69 | cellId=10001 | confidence=0.800 | fragments=0 1 2 3 4 5 6 

[EVENT] 54.616 | event=RequestFragmentSharing | nodeId=113 | cellId=10001 | confidence=0.800 | fragments=0 1 2 3 4 5 6 

[EVENT] 54.616 | event=RequestFragmentSharing | nodeId=72 | cellId=10001 | confidence=0.800 | fragments=0 1 2 3 4 5 6 

[EVENT] 54.616 | event=RequestFragmentSharing | nodeId=90 | cellId=10001 | confidence=0.800 | fragments=0 1 2 3 4 5 6 

[EVENT] 54.617 | event=RequestFragmentSharing | nodeId=111 | cellId=10001 | confidence=0.800 | fragments=0 1 2 3 4 5 6 

[EVENT] 54.617 | event=RequestFragmentSharing | nodeId=93 | cellId=10001 | confidence=0.800 | fragments=0 1 2 3 4 5 6 

[EVENT] 54.617 | event=RequestFragmentSharing | nodeId=110 | cellId=10001 | confidence=0.800 | fragments=0 1 2 3 4 5 6 

[EVENT] 54.617 | event=RequestFragmentSharing | nodeId=128 | cellId=10001 | confidence=0.800 | fragments=0 1 2 3 4 5 6 

[EVENT] 54.618 | event=RequestFragmentSharing | nodeId=167 | cellId=10001 | confidence=0.800 | fragments=0 1 2 3 4 5 6 

[EVENT] 54.618 | event=RequestFragmentSharing | nodeId=131 | cellId=10001 | confidence=0.800 | fragments=0 1 2 3 4 5 6 

[EVENT] 54.618 | event=RequestFragmentSharing | nodeId=127 | cellId=10001 | confidence=0.800 | fragments=0 1 2 3 4 5 6 

[EVENT] 54.618 | event=RequestFragmentSharing | nodeId=69 | cellId=10001 | confidence=0.800 | fragments=0 1 2 3 4 5 6 

[EVENT] 54.619 | event=RequestFragmentSharing | nodeId=90 | cellId=10001 | confidence=0.800 | fragments=0 1 2 3 4 5 6 

[EVENT] 55.375 | event=UAVFragmentBroadcast | nodeId=402 | fragmentId=7 | cycle=2 | confidence=0.206 | pixels=17305

[EVENT] 55.375 | event=ContactDropGoodRssi | srcNodeId=402 | fragmentId=7 | packetSize=51932 | srcAddr=01:93|dropCount=5|dsts=172,178,214,215,216
402-D-172(7) 402-D-178(7) 402-D-214(7) 402-D-215(7) 402-D-216(7) 
402-R-113(7) 402-R-115(7) 402-R-116(7) 402-R-117(7) 402-R-133(7) 402-R-134(7) 402-R-135(7) 402-R-136(7) 402-R-137(7) 402-R-153(7) 402-R-154(7) 402-R-155(7) 402-R-156(7) 402-R-157(7) 402-R-173(7) 402-R-174(7) 402-R-175(7) 402-R-176(7) 402-R-177(7) 402-R-193(7) 402-R-194(7) 402-R-195(7) 402-R-196(7) 402-R-197(7) 
[EVENT] 55.500 | event=SuspiciousConfidenceSnapshot | 11(0.369) 12(0.369) 13(0.369) 14(0.369) 15(0.369) 16(0.369) 17(0.369) 31(0.369) 32(0.369) 33(0.369) 34(0.369) 35(0.369) 36(0.369) 37(0.369) 51(0.369) 52(0.369) 53(0.369) 54(0.369) 55(0.369) 56(0.369) 57(0.369) 73(0.369) 74(0.369) 75(0.369) 76(0.749) 77(0.749) 78(0.749) 79(0.749) 94(0.749) 95(0.749) 96(0.749) 97(0.749) 98(0.749) 99(0.749) 114(0.749) 115(0.800) 116(0.800) 117(0.800) 118(0.749) 119(0.749) 134(0.842) 135(0.842) 136(0.842) 137(0.800) 138(0.749) 139(0.749) 154(0.842) 155(0.842) 156(0.842) 157(0.842) 158(0.800) 159(0.749) 174(0.842) 175(0.842) 176(0.842) 177(0.842) 178(0.749) 179(0.749) 193(0.874) 194(0.900) 195(0.900) 196(0.842) 197(0.842) 198(0.749) 199(0.749) 211(0.900) 212(0.900) 213(0.900) 214(0.900) 215(0.900) 216(0.900) 217(0.900) 231(0.900) 232(0.900) 233(0.900) 234(0.900) 235(0.900) 236(0.900) 237(0.900) 251(0.900) 252(0.900) 253(0.900) 254(0.900) 255(0.900) 256(0.900) 257(0.900) 271(0.900) 272(0.900) 273(0.900) 274(0.900) 275(0.900) 276(0.900) 277(0.900) 291(0.900) 292(0.900) 293(0.900) 294(0.900) 295(0.900) 296(0.900) 297(0.900) 313(0.900) 314(0.900) 315(0.900) 316(0.602) 317(0.602) 318(0.602) 319(0.602) 334(0.602) 335(0.602) 336(0.602) 337(0.602) 338(0.602) 339(0.602) 354(0.602) 355(0.602) 356(0.602) 357(0.602) 358(0.602) 359(0.602) 374(0.602) 375(0.602) 376(0.602) 377(0.602) 378(0.602) 379(0.602) 394(0.602) 395(0.602) 396(0.602) 397(0.602) 398(0.602) 399(0.602) 
154-S-76(6) 154-S-76(7) 154-S-77(6) 154-S-77(7) 154-S-78(6) 154-S-78(7) 154-S-79(6) 154-S-79(7) 154-S-94(6) 154-S-94(7) 154-S-95(6) 154-S-95(7) 154-S-96(6) 154-S-96(7) 154-S-97(6) 154-S-97(7) 154-S-98(6) 154-S-98(7) 154-S-99(6) 154-S-99(7) 154-S-114(6) 154-S-114(7) 154-S-115(6) 154-S-116(6) 154-S-117(6) 154-S-118(6) 154-S-118(7) 154-S-119(6) 154-S-119(7) 154-S-137(6) 154-S-138(6) 154-S-138(7) 154-S-139(6) 154-S-139(7) 154-S-158(7) 154-S-159(6) 154-S-159(7) 154-S-178(6) 154-S-178(7) 154-S-179(6) 154-S-179(7) 154-S-198(6) 154-S-198(7) 154-S-199(6) 154-S-199(7) 
[EVENT] 56.234 | event=UAV2MissionComplete | triggerNodeId=199 | confidence=0.842

[EVENT] 56.234 | event=RequestFragmentSharing | nodeId=154 | cellId=10002 | confidence=0.842 | fragments=0 1 2 3 4 5 6 7 

[EVENT] 56.235 | event=RequestFragmentSharing | nodeId=177 | cellId=10002 | confidence=0.842 | fragments=0 1 2 3 4 5 6 7 

[EVENT] 56.236 | event=RequestFragmentSharing | nodeId=134 | cellId=10002 | confidence=0.842 | fragments=0 1 2 3 4 5 6 7 
133-S-69(7) 133-S-70(7) 133-S-71(7) 133-S-72(7) 133-S-87(7) 133-S-88(7) 133-S-89(7) 133-S-90(7) 133-S-91(7) 133-S-92(7) 133-S-93(7) 133-S-107(7) 133-S-108(7) 133-S-109(7) 133-S-110(7) 133-S-111(7) 133-S-112(7) 133-S-127(7) 133-S-128(7) 133-S-129(7) 133-S-130(7) 133-S-131(7) 133-S-132(7) 133-S-147(7) 133-S-148(7) 133-S-149(7) 133-S-150(7) 133-S-151(7) 133-S-152(7) 133-S-167(7) 133-S-168(7) 133-S-169(7) 133-S-170(7) 133-S-171(7) 133-S-172(7) 133-S-189(7) 133-S-190(7) 133-S-191(7) 133-S-192(7) 
[EVENT] 56.236 | event=RequestFragmentSharing | nodeId=133 | cellId=10001 | confidence=0.842 | fragments=0 1 2 3 4 5 6 7 

[EVENT] 56.238 | event=RequestFragmentSharing | nodeId=175 | cellId=10002 | confidence=0.842 | fragments=0 1 2 3 4 5 6 7 

[EVENT] 56.238 | event=RequestFragmentSharing | nodeId=155 | cellId=10002 | confidence=0.842 | fragments=0 1 2 3 4 5 6 7 

[EVENT] 56.238 | event=RequestFragmentSharing | nodeId=157 | cellId=10002 | confidence=0.842 | fragments=0 1 2 3 4 5 6 7 

[EVENT] 56.238 | event=RequestFragmentSharing | nodeId=196 | cellId=10002 | confidence=0.842 | fragments=0 1 2 3 4 5 6 7 

[EVENT] 56.240 | event=RequestFragmentSharing | nodeId=158 | cellId=10002 | confidence=0.842 | fragments=0 1 2 3 4 5 6 7 

[EVENT] 56.240 | event=RequestFragmentSharing | nodeId=172 | cellId=10001 | confidence=0.842 | fragments=0 1 2 3 4 5 6 7 

[EVENT] 56.241 | event=RequestFragmentSharing | nodeId=174 | cellId=10002 | confidence=0.842 | fragments=0 1 2 3 4 5 6 7 

[EVENT] 56.242 | event=RequestFragmentSharing | nodeId=130 | cellId=10001 | confidence=0.842 | fragments=0 1 2 3 4 5 6 7 

[EVENT] 56.242 | event=RequestFragmentSharing | nodeId=137 | cellId=10002 | confidence=0.842 | fragments=0 1 2 3 4 5 6 7 

[EVENT] 56.243 | event=RequestFragmentSharing | nodeId=152 | cellId=10001 | confidence=0.842 | fragments=0 1 2 3 4 5 6 7 

[EVENT] 56.244 | event=RequestFragmentSharing | nodeId=136 | cellId=10002 | confidence=0.842 | fragments=0 1 2 3 4 5 6 7 

[EVENT] 56.245 | event=RequestFragmentSharing | nodeId=135 | cellId=10002 | confidence=0.842 | fragments=0 1 2 3 4 5 6 7 

[EVENT] 56.246 | event=RequestFragmentSharing | nodeId=156 | cellId=10002 | confidence=0.842 | fragments=0 1 2 3 4 5 6 7 

[EVENT] 56.246 | event=RequestFragmentSharing | nodeId=197 | cellId=10002 | confidence=0.842 | fragments=0 1 2 3 4 5 6 7 

[EVENT] 56.248 | event=RequestFragmentSharing | nodeId=176 | cellId=10002 | confidence=0.842 | fragments=0 1 2 3 4 5 6 7 

[EVENT] 56.254 | event=RequestFragmentSharing | nodeId=114 | cellId=10002 | confidence=0.842 | fragments=0 1 2 3 4 5 6 7 

[EVENT] 56.254 | event=RequestFragmentSharing | nodeId=94 | cellId=10002 | confidence=0.842 | fragments=0 1 2 3 4 5 6 7 

[EVENT] 56.254 | event=RequestFragmentSharing | nodeId=138 | cellId=10002 | confidence=0.842 | fragments=0 1 2 3 4 5 6 7 

[EVENT] 56.255 | event=RequestFragmentSharing | nodeId=118 | cellId=10002 | confidence=0.842 | fragments=0 1 2 3 4 5 6 7 

[EVENT] 56.255 | event=RequestFragmentSharing | nodeId=198 | cellId=10002 | confidence=0.842 | fragments=0 1 2 3 4 5 6 7 

[EVENT] 56.256 | event=RequestFragmentSharing | nodeId=179 | cellId=10002 | confidence=0.842 | fragments=0 1 2 3 4 5 6 7 

[EVENT] 56.257 | event=RequestFragmentSharing | nodeId=147 | cellId=10001 | confidence=0.842 | fragments=0 1 2 3 4 5 6 7 

[EVENT] 56.257 | event=RequestFragmentSharing | nodeId=95 | cellId=10002 | confidence=0.842 | fragments=0 1 2 3 4 5 6 7 

[EVENT] 56.257 | event=RequestFragmentSharing | nodeId=99 | cellId=10002 | confidence=0.842 | fragments=0 1 2 3 4 5 6 7 

[EVENT] 56.257 | event=RequestFragmentSharing | nodeId=178 | cellId=10002 | confidence=0.842 | fragments=0 1 2 3 4 5 6 7 

[EVENT] 56.257 | event=RequestFragmentSharing | nodeId=148 | cellId=10001 | confidence=0.842 | fragments=0 1 2 3 4 5 6 7 

[EVENT] 56.258 | event=RequestFragmentSharing | nodeId=199 | cellId=10002 | confidence=0.842 | fragments=0 1 2 3 4 5 6 7 

[EVENT] 56.258 | event=RequestFragmentSharing | nodeId=119 | cellId=10002 | confidence=0.842 | fragments=0 1 2 3 4 5 6 7 

[EVENT] 56.258 | event=RequestFragmentSharing | nodeId=128 | cellId=10001 | confidence=0.842 | fragments=0 1 2 3 4 5 6 7 

[EVENT] 56.258 | event=RequestFragmentSharing | nodeId=139 | cellId=10002 | confidence=0.842 | fragments=0 1 2 3 4 5 6 7 

[EVENT] 56.259 | event=RequestFragmentSharing | nodeId=151 | cellId=10001 | confidence=0.842 | fragments=0 1 2 3 4 5 6 7 

[EVENT] 56.259 | event=RequestFragmentSharing | nodeId=109 | cellId=10001 | confidence=0.842 | fragments=0 1 2 3 4 5 6 7 

[EVENT] 56.259 | event=RequestFragmentSharing | nodeId=189 | cellId=10001 | confidence=0.842 | fragments=0 1 2 3 4 5 6 7 

[EVENT] 56.259 | event=RequestFragmentSharing | nodeId=171 | cellId=10001 | confidence=0.842 | fragments=0 1 2 3 4 5 6 7 

[EVENT] 56.259 | event=RequestFragmentSharing | nodeId=70 | cellId=10001 | confidence=0.842 | fragments=0 1 2 3 4 5 6 7 

[EVENT] 56.259 | event=RequestFragmentSharing | nodeId=110 | cellId=10001 | confidence=0.842 | fragments=0 1 2 3 4 5 6 7 

[EVENT] 56.260 | event=RequestFragmentSharing | nodeId=117 | cellId=10002 | confidence=0.842 | fragments=0 1 2 3 4 5 6 7 

[EVENT] 56.261 | event=RequestFragmentSharing | nodeId=167 | cellId=10001 | confidence=0.842 | fragments=0 1 2 3 4 5 6 7 

[EVENT] 56.261 | event=RequestFragmentSharing | nodeId=107 | cellId=10001 | confidence=0.842 | fragments=0 1 2 3 4 5 6 7 

[EVENT] 56.261 | event=RequestFragmentSharing | nodeId=78 | cellId=10002 | confidence=0.842 | fragments=0 1 2 3 4 5 6 7 

[EVENT] 56.261 | event=RequestFragmentSharing | nodeId=191 | cellId=10001 | confidence=0.842 | fragments=0 1 2 3 4 5 6 7 

[EVENT] 56.261 | event=RequestFragmentSharing | nodeId=127 | cellId=10001 | confidence=0.842 | fragments=0 1 2 3 4 5 6 7 

[EVENT] 56.262 | event=RequestFragmentSharing | nodeId=152 | cellId=10001 | confidence=0.842 | fragments=0 1 2 3 4 5 6 7 

[EVENT] 56.262 | event=RequestFragmentSharing | nodeId=92 | cellId=10001 | confidence=0.842 | fragments=0 1 2 3 4 5 6 7 

[EVENT] 56.262 | event=RequestFragmentSharing | nodeId=69 | cellId=10001 | confidence=0.842 | fragments=0 1 2 3 4 5 6 7 

[EVENT] 56.262 | event=RequestFragmentSharing | nodeId=129 | cellId=10001 | confidence=0.842 | fragments=0 1 2 3 4 5 6 7 

[EVENT] 56.263 | event=RequestFragmentSharing | nodeId=76 | cellId=10002 | confidence=0.842 | fragments=0 1 2 3 4 5 6 7 

[EVENT] 56.263 | event=RequestFragmentSharing | nodeId=77 | cellId=10002 | confidence=0.842 | fragments=0 1 2 3 4 5 6 7 

[EVENT] 56.263 | event=RequestFragmentSharing | nodeId=96 | cellId=10002 | confidence=0.842 | fragments=0 1 2 3 4 5 6 7 

[EVENT] 56.263 | event=RequestFragmentSharing | nodeId=89 | cellId=10001 | confidence=0.842 | fragments=0 1 2 3 4 5 6 7 

[EVENT] 56.263 | event=RequestFragmentSharing | nodeId=97 | cellId=10002 | confidence=0.842 | fragments=0 1 2 3 4 5 6 7 

[EVENT] 56.263 | event=RequestFragmentSharing | nodeId=91 | cellId=10001 | confidence=0.842 | fragments=0 1 2 3 4 5 6 7 

[EVENT] 56.263 | event=RequestFragmentSharing | nodeId=131 | cellId=10001 | confidence=0.842 | fragments=0 1 2 3 4 5 6 7 

[EVENT] 56.263 | event=RequestFragmentSharing | nodeId=159 | cellId=10002 | confidence=0.842 | fragments=0 1 2 3 4 5 6 7 

[EVENT] 56.263 | event=RequestFragmentSharing | nodeId=132 | cellId=10001 | confidence=0.842 | fragments=0 1 2 3 4 5 6 7 

[EVENT] 56.263 | event=RequestFragmentSharing | nodeId=169 | cellId=10001 | confidence=0.842 | fragments=0 1 2 3 4 5 6 7 

[EVENT] 56.264 | event=RequestFragmentSharing | nodeId=72 | cellId=10001 | confidence=0.842 | fragments=0 1 2 3 4 5 6 7 

[EVENT] 56.265 | event=RequestFragmentSharing | nodeId=115 | cellId=10002 | confidence=0.842 | fragments=0 1 2 3 4 5 6 7 

[EVENT] 56.265 | event=RequestFragmentSharing | nodeId=170 | cellId=10001 | confidence=0.842 | fragments=0 1 2 3 4 5 6 7 

[EVENT] 56.265 | event=RequestFragmentSharing | nodeId=90 | cellId=10001 | confidence=0.842 | fragments=0 1 2 3 4 5 6 7 

[EVENT] 56.265 | event=RequestFragmentSharing | nodeId=150 | cellId=10001 | confidence=0.842 | fragments=0 1 2 3 4 5 6 7 

[EVENT] 56.265 | event=RequestFragmentSharing | nodeId=112 | cellId=10001 | confidence=0.842 | fragments=0 1 2 3 4 5 6 7 

[EVENT] 56.265 | event=RequestFragmentSharing | nodeId=98 | cellId=10002 | confidence=0.842 | fragments=0 1 2 3 4 5 6 7 

[EVENT] 56.265 | event=RequestFragmentSharing | nodeId=168 | cellId=10001 | confidence=0.842 | fragments=0 1 2 3 4 5 6 7 

[EVENT] 56.266 | event=RequestFragmentSharing | nodeId=158 | cellId=10002 | confidence=0.842 | fragments=0 1 2 3 4 5 6 7 

[EVENT] 56.266 | event=RequestFragmentSharing | nodeId=192 | cellId=10001 | confidence=0.842 | fragments=0 1 2 3 4 5 6 7 

[EVENT] 56.266 | event=RequestFragmentSharing | nodeId=71 | cellId=10001 | confidence=0.842 | fragments=0 1 2 3 4 5 6 7 

[EVENT] 56.266 | event=RequestFragmentSharing | nodeId=116 | cellId=10002 | confidence=0.842 | fragments=0 1 2 3 4 5 6 7 

[EVENT] 56.266 | event=RequestFragmentSharing | nodeId=79 | cellId=10002 | confidence=0.842 | fragments=0 1 2 3 4 5 6 7 

[EVENT] 56.267 | event=RequestFragmentSharing | nodeId=111 | cellId=10001 | confidence=0.842 | fragments=0 1 2 3 4 5 6 7 

[EVENT] 56.267 | event=RequestFragmentSharing | nodeId=172 | cellId=10001 | confidence=0.842 | fragments=0 1 2 3 4 5 6 7 

[EVENT] 56.267 | event=RequestFragmentSharing | nodeId=87 | cellId=10001 | confidence=0.842 | fragments=0 1 2 3 4 5 6 7 

[EVENT] 56.268 | event=RequestFragmentSharing | nodeId=88 | cellId=10001 | confidence=0.842 | fragments=0 1 2 3 4 5 6 7 

[EVENT] 56.268 | event=RequestFragmentSharing | nodeId=190 | cellId=10001 | confidence=0.842 | fragments=0 1 2 3 4 5 6 7 

[EVENT] 56.269 | event=RequestFragmentSharing | nodeId=149 | cellId=10001 | confidence=0.842 | fragments=0 1 2 3 4 5 6 7 

[EVENT] 56.270 | event=RequestFragmentSharing | nodeId=93 | cellId=10001 | confidence=0.842 | fragments=0 1 2 3 4 5 6 7 

[EVENT] 56.271 | event=RequestFragmentSharing | nodeId=108 | cellId=10001 | confidence=0.842 | fragments=0 1 2 3 4 5 6 7 

[EVENT] 57.090 | event=UAVWaypointArrival | nodeId=401 | cycle=1 | pos=(260.000,0.000,20.000)

[EVENT] 57.882 | event=RequestFragmentSharing | nodeId=137 | cellId=10002 | confidence=0.842 | fragments=0 1 2 3 4 5 6 7 

[EVENT] 57.896 | event=RequestFragmentSharing | nodeId=117 | cellId=10002 | confidence=0.842 | fragments=0 1 2 3 4 5 6 7 

[EVENT] 57.896 | event=RequestFragmentSharing | nodeId=116 | cellId=10002 | confidence=0.842 | fragments=0 1 2 3 4 5 6 7 

[EVENT] 57.898 | event=RequestFragmentSharing | nodeId=153 | cellId=10001 | confidence=0.842 | fragments=0 1 2 3 4 5 6 7 

[EVENT] 57.901 | event=RequestFragmentSharing | nodeId=113 | cellId=10001 | confidence=0.842 | fragments=0 1 2 3 4 5 6 7 

[EVENT] 57.902 | event=RequestFragmentSharing | nodeId=115 | cellId=10002 | confidence=0.842 | fragments=0 1 2 3 4 5 6 7 

[EVENT] 57.903 | event=RequestFragmentSharing | nodeId=173 | cellId=10001 | confidence=0.842 | fragments=0 1 2 3 4 5 6 7 

[EVENT] 61.963 | event=UAVWaypointArrival | nodeId=402 | cycle=2 | pos=(300.000,80.000,20.000)

[EVENT] 62.963 | event=UAVWaypointArrival | nodeId=402 | cycle=2 | pos=(300.000,60.000,20.000)

[EVENT] 65.500 | event=SuspiciousConfidenceSnapshot | 11(0.369) 12(0.369) 13(0.369) 14(0.369) 15(0.369) 16(0.369) 17(0.369) 31(0.369) 32(0.369) 33(0.369) 34(0.369) 35(0.369) 36(0.369) 37(0.369) 51(0.369) 52(0.369) 53(0.369) 54(0.369) 55(0.369) 56(0.369) 57(0.369) 73(0.369) 74(0.369) 75(0.369) 76(0.842) 77(0.842) 78(0.842) 79(0.842) 94(0.842) 95(0.842) 96(0.842) 97(0.842) 98(0.842) 99(0.842) 114(0.842) 115(0.842) 116(0.842) 117(0.842) 118(0.842) 119(0.842) 134(0.842) 135(0.842) 136(0.842) 137(0.842) 138(0.842) 139(0.842) 154(0.842) 155(0.842) 156(0.842) 157(0.842) 158(0.842) 159(0.842) 174(0.842) 175(0.842) 176(0.842) 177(0.842) 178(0.842) 179(0.842) 193(0.874) 194(0.900) 195(0.900) 196(0.842) 197(0.842) 198(0.842) 199(0.842) 211(0.900) 212(0.900) 213(0.900) 214(0.900) 215(0.900) 216(0.900) 217(0.900) 231(0.900) 232(0.900) 233(0.900) 234(0.900) 235(0.900) 236(0.900) 237(0.900) 251(0.900) 252(0.900) 253(0.900) 254(0.900) 255(0.900) 256(0.900) 257(0.900) 271(0.900) 272(0.900) 273(0.900) 274(0.900) 275(0.900) 276(0.900) 277(0.900) 291(0.900) 292(0.900) 293(0.900) 294(0.900) 295(0.900) 296(0.900) 297(0.900) 313(0.900) 314(0.900) 315(0.900) 316(0.602) 317(0.602) 318(0.602) 319(0.602) 334(0.602) 335(0.602) 336(0.602) 337(0.602) 338(0.602) 339(0.602) 354(0.602) 355(0.602) 356(0.602) 357(0.602) 358(0.602) 359(0.602) 374(0.602) 375(0.602) 376(0.602) 377(0.602) 378(0.602) 379(0.602) 394(0.602) 395(0.602) 396(0.602) 397(0.602) 398(0.602) 399(0.602) 

[EVENT] 69.963 | event=UAVWaypointArrival | nodeId=402 | cycle=2 | pos=(300.000,200.000,20.000)

[EVENT] 74.703 | event=UAVWaypointArrival | nodeId=401 | cycle=1 | pos=(280.000,0.000,20.000)

[EVENT] 74.963 | event=UAVWaypointArrival | nodeId=402 | cycle=2 | pos=(300.000,300.000,20.000)

[EVENT] 75.500 | event=SuspiciousConfidenceSnapshot | 11(0.369) 12(0.369) 13(0.369) 14(0.369) 15(0.369) 16(0.369) 17(0.369) 31(0.369) 32(0.369) 33(0.369) 34(0.369) 35(0.369) 36(0.369) 37(0.369) 51(0.369) 52(0.369) 53(0.369) 54(0.369) 55(0.369) 56(0.369) 57(0.369) 73(0.369) 74(0.369) 75(0.369) 76(0.842) 77(0.842) 78(0.842) 79(0.842) 94(0.842) 95(0.842) 96(0.842) 97(0.842) 98(0.842) 99(0.842) 114(0.842) 115(0.842) 116(0.842) 117(0.842) 118(0.842) 119(0.842) 134(0.842) 135(0.842) 136(0.842) 137(0.842) 138(0.842) 139(0.842) 154(0.842) 155(0.842) 156(0.842) 157(0.842) 158(0.842) 159(0.842) 174(0.842) 175(0.842) 176(0.842) 177(0.842) 178(0.842) 179(0.842) 193(0.874) 194(0.900) 195(0.900) 196(0.842) 197(0.842) 198(0.842) 199(0.842) 211(0.900) 212(0.900) 213(0.900) 214(0.900) 215(0.900) 216(0.900) 217(0.900) 231(0.900) 232(0.900) 233(0.900) 234(0.900) 235(0.900) 236(0.900) 237(0.900) 251(0.900) 252(0.900) 253(0.900) 254(0.900) 255(0.900) 256(0.900) 257(0.900) 271(0.900) 272(0.900) 273(0.900) 274(0.900) 275(0.900) 276(0.900) 277(0.900) 291(0.900) 292(0.900) 293(0.900) 294(0.900) 295(0.900) 296(0.900) 297(0.900) 313(0.900) 314(0.900) 315(0.900) 316(0.602) 317(0.602) 318(0.602) 319(0.602) 334(0.602) 335(0.602) 336(0.602) 337(0.602) 338(0.602) 339(0.602) 354(0.602) 355(0.602) 356(0.602) 357(0.602) 358(0.602) 359(0.602) 374(0.602) 375(0.602) 376(0.602) 377(0.602) 378(0.602) 379(0.602) 394(0.602) 395(0.602) 396(0.602) 397(0.602) 398(0.602) 399(0.602) 

[EVENT] 85.500 | event=SuspiciousConfidenceSnapshot | 11(0.369) 12(0.369) 13(0.369) 14(0.369) 15(0.369) 16(0.369) 17(0.369) 31(0.369) 32(0.369) 33(0.369) 34(0.369) 35(0.369) 36(0.369) 37(0.369) 51(0.369) 52(0.369) 53(0.369) 54(0.369) 55(0.369) 56(0.369) 57(0.369) 73(0.369) 74(0.369) 75(0.369) 76(0.842) 77(0.842) 78(0.842) 79(0.842) 94(0.842) 95(0.842) 96(0.842) 97(0.842) 98(0.842) 99(0.842) 114(0.842) 115(0.842) 116(0.842) 117(0.842) 118(0.842) 119(0.842) 134(0.842) 135(0.842) 136(0.842) 137(0.842) 138(0.842) 139(0.842) 154(0.842) 155(0.842) 156(0.842) 157(0.842) 158(0.842) 159(0.842) 174(0.842) 175(0.842) 176(0.842) 177(0.842) 178(0.842) 179(0.842) 193(0.874) 194(0.900) 195(0.900) 196(0.842) 197(0.842) 198(0.842) 199(0.842) 211(0.900) 212(0.900) 213(0.900) 214(0.900) 215(0.900) 216(0.900) 217(0.900) 231(0.900) 232(0.900) 233(0.900) 234(0.900) 235(0.900) 236(0.900) 237(0.900) 251(0.900) 252(0.900) 253(0.900) 254(0.900) 255(0.900) 256(0.900) 257(0.900) 271(0.900) 272(0.900) 273(0.900) 274(0.900) 275(0.900) 276(0.900) 277(0.900) 291(0.900) 292(0.900) 293(0.900) 294(0.900) 295(0.900) 296(0.900) 297(0.900) 313(0.900) 314(0.900) 315(0.900) 316(0.602) 317(0.602) 318(0.602) 319(0.602) 334(0.602) 335(0.602) 336(0.602) 337(0.602) 338(0.602) 339(0.602) 354(0.602) 355(0.602) 356(0.602) 357(0.602) 358(0.602) 359(0.602) 374(0.602) 375(0.602) 376(0.602) 377(0.602) 378(0.602) 379(0.602) 394(0.602) 395(0.602) 396(0.602) 397(0.602) 398(0.602) 399(0.602) 

[EVENT] 92.317 | event=UAVWaypointArrival | nodeId=401 | cycle=1 | pos=(300.000,0.000,20.000)

[EVENT] 95.500 | event=SuspiciousConfidenceSnapshot | 11(0.369) 12(0.369) 13(0.369) 14(0.369) 15(0.369) 16(0.369) 17(0.369) 31(0.369) 32(0.369) 33(0.369) 34(0.369) 35(0.369) 36(0.369) 37(0.369) 51(0.369) 52(0.369) 53(0.369) 54(0.369) 55(0.369) 56(0.369) 57(0.369) 73(0.369) 74(0.369) 75(0.369) 76(0.842) 77(0.842) 78(0.842) 79(0.842) 94(0.842) 95(0.842) 96(0.842) 97(0.842) 98(0.842) 99(0.842) 114(0.842) 115(0.842) 116(0.842) 117(0.842) 118(0.842) 119(0.842) 134(0.842) 135(0.842) 136(0.842) 137(0.842) 138(0.842) 139(0.842) 154(0.842) 155(0.842) 156(0.842) 157(0.842) 158(0.842) 159(0.842) 174(0.842) 175(0.842) 176(0.842) 177(0.842) 178(0.842) 179(0.842) 193(0.874) 194(0.900) 195(0.900) 196(0.842) 197(0.842) 198(0.842) 199(0.842) 211(0.900) 212(0.900) 213(0.900) 214(0.900) 215(0.900) 216(0.900) 217(0.900) 231(0.900) 232(0.900) 233(0.900) 234(0.900) 235(0.900) 236(0.900) 237(0.900) 251(0.900) 252(0.900) 253(0.900) 254(0.900) 255(0.900) 256(0.900) 257(0.900) 271(0.900) 272(0.900) 273(0.900) 274(0.900) 275(0.900) 276(0.900) 277(0.900) 291(0.900) 292(0.900) 293(0.900) 294(0.900) 295(0.900) 296(0.900) 297(0.900) 313(0.900) 314(0.900) 315(0.900) 316(0.602) 317(0.602) 318(0.602) 319(0.602) 334(0.602) 335(0.602) 336(0.602) 337(0.602) 338(0.602) 339(0.602) 354(0.602) 355(0.602) 356(0.602) 357(0.602) 358(0.602) 359(0.602) 374(0.602) 375(0.602) 376(0.602) 377(0.602) 378(0.602) 379(0.602) 394(0.602) 395(0.602) 396(0.602) 397(0.602) 398(0.602) 399(0.602) 

[EVENT] 96.895 | event=UAVWaypointArrival | nodeId=402 | cycle=3 | pos=(300.000,80.000,20.000)

[EVENT] 97.895 | event=UAVWaypointArrival | nodeId=402 | cycle=3 | pos=(300.000,60.000,20.000)

[EVENT] 104.895 | event=UAVWaypointArrival | nodeId=402 | cycle=3 | pos=(300.000,200.000,20.000)

[EVENT] 105.500 | event=SuspiciousConfidenceSnapshot | 11(0.369) 12(0.369) 13(0.369) 14(0.369) 15(0.369) 16(0.369) 17(0.369) 31(0.369) 32(0.369) 33(0.369) 34(0.369) 35(0.369) 36(0.369) 37(0.369) 51(0.369) 52(0.369) 53(0.369) 54(0.369) 55(0.369) 56(0.369) 57(0.369) 73(0.369) 74(0.369) 75(0.369) 76(0.842) 77(0.842) 78(0.842) 79(0.842) 94(0.842) 95(0.842) 96(0.842) 97(0.842) 98(0.842) 99(0.842) 114(0.842) 115(0.842) 116(0.842) 117(0.842) 118(0.842) 119(0.842) 134(0.842) 135(0.842) 136(0.842) 137(0.842) 138(0.842) 139(0.842) 154(0.842) 155(0.842) 156(0.842) 157(0.842) 158(0.842) 159(0.842) 174(0.842) 175(0.842) 176(0.842) 177(0.842) 178(0.842) 179(0.842) 193(0.874) 194(0.900) 195(0.900) 196(0.842) 197(0.842) 198(0.842) 199(0.842) 211(0.900) 212(0.900) 213(0.900) 214(0.900) 215(0.900) 216(0.900) 217(0.900) 231(0.900) 232(0.900) 233(0.900) 234(0.900) 235(0.900) 236(0.900) 237(0.900) 251(0.900) 252(0.900) 253(0.900) 254(0.900) 255(0.900) 256(0.900) 257(0.900) 271(0.900) 272(0.900) 273(0.900) 274(0.900) 275(0.900) 276(0.900) 277(0.900) 291(0.900) 292(0.900) 293(0.900) 294(0.900) 295(0.900) 296(0.900) 297(0.900) 313(0.900) 314(0.900) 315(0.900) 316(0.602) 317(0.602) 318(0.602) 319(0.602) 334(0.602) 335(0.602) 336(0.602) 337(0.602) 338(0.602) 339(0.602) 354(0.602) 355(0.602) 356(0.602) 357(0.602) 358(0.602) 359(0.602) 374(0.602) 375(0.602) 376(0.602) 377(0.602) 378(0.602) 379(0.602) 394(0.602) 395(0.602) 396(0.602) 397(0.602) 398(0.602) 399(0.602) 

[EVENT] 109.895 | event=UAVWaypointArrival | nodeId=402 | cycle=3 | pos=(300.000,300.000,20.000)

[EVENT] 109.930 | event=UAVWaypointArrival | nodeId=401 | cycle=1 | pos=(320.000,0.000,20.000)

[EVENT] 115.500 | event=SuspiciousConfidenceSnapshot | 11(0.369) 12(0.369) 13(0.369) 14(0.369) 15(0.369) 16(0.369) 17(0.369) 31(0.369) 32(0.369) 33(0.369) 34(0.369) 35(0.369) 36(0.369) 37(0.369) 51(0.369) 52(0.369) 53(0.369) 54(0.369) 55(0.369) 56(0.369) 57(0.369) 73(0.369) 74(0.369) 75(0.369) 76(0.842) 77(0.842) 78(0.842) 79(0.842) 94(0.842) 95(0.842) 96(0.842) 97(0.842) 98(0.842) 99(0.842) 114(0.842) 115(0.842) 116(0.842) 117(0.842) 118(0.842) 119(0.842) 134(0.842) 135(0.842) 136(0.842) 137(0.842) 138(0.842) 139(0.842) 154(0.842) 155(0.842) 156(0.842) 157(0.842) 158(0.842) 159(0.842) 174(0.842) 175(0.842) 176(0.842) 177(0.842) 178(0.842) 179(0.842) 193(0.874) 194(0.900) 195(0.900) 196(0.842) 197(0.842) 198(0.842) 199(0.842) 211(0.900) 212(0.900) 213(0.900) 214(0.900) 215(0.900) 216(0.900) 217(0.900) 231(0.900) 232(0.900) 233(0.900) 234(0.900) 235(0.900) 236(0.900) 237(0.900) 251(0.900) 252(0.900) 253(0.900) 254(0.900) 255(0.900) 256(0.900) 257(0.900) 271(0.900) 272(0.900) 273(0.900) 274(0.900) 275(0.900) 276(0.900) 277(0.900) 291(0.900) 292(0.900) 293(0.900) 294(0.900) 295(0.900) 296(0.900) 297(0.900) 313(0.900) 314(0.900) 315(0.900) 316(0.602) 317(0.602) 318(0.602) 319(0.602) 334(0.602) 335(0.602) 336(0.602) 337(0.602) 338(0.602) 339(0.602) 354(0.602) 355(0.602) 356(0.602) 357(0.602) 358(0.602) 359(0.602) 374(0.602) 375(0.602) 376(0.602) 377(0.602) 378(0.602) 379(0.602) 394(0.602) 395(0.602) 396(0.602) 397(0.602) 398(0.602) 399(0.602) 

[EVENT] 125.500 | event=SuspiciousConfidenceSnapshot | 11(0.369) 12(0.369) 13(0.369) 14(0.369) 15(0.369) 16(0.369) 17(0.369) 31(0.369) 32(0.369) 33(0.369) 34(0.369) 35(0.369) 36(0.369) 37(0.369) 51(0.369) 52(0.369) 53(0.369) 54(0.369) 55(0.369) 56(0.369) 57(0.369) 73(0.369) 74(0.369) 75(0.369) 76(0.842) 77(0.842) 78(0.842) 79(0.842) 94(0.842) 95(0.842) 96(0.842) 97(0.842) 98(0.842) 99(0.842) 114(0.842) 115(0.842) 116(0.842) 117(0.842) 118(0.842) 119(0.842) 134(0.842) 135(0.842) 136(0.842) 137(0.842) 138(0.842) 139(0.842) 154(0.842) 155(0.842) 156(0.842) 157(0.842) 158(0.842) 159(0.842) 174(0.842) 175(0.842) 176(0.842) 177(0.842) 178(0.842) 179(0.842) 193(0.874) 194(0.900) 195(0.900) 196(0.842) 197(0.842) 198(0.842) 199(0.842) 211(0.900) 212(0.900) 213(0.900) 214(0.900) 215(0.900) 216(0.900) 217(0.900) 231(0.900) 232(0.900) 233(0.900) 234(0.900) 235(0.900) 236(0.900) 237(0.900) 251(0.900) 252(0.900) 253(0.900) 254(0.900) 255(0.900) 256(0.900) 257(0.900) 271(0.900) 272(0.900) 273(0.900) 274(0.900) 275(0.900) 276(0.900) 277(0.900) 291(0.900) 292(0.900) 293(0.900) 294(0.900) 295(0.900) 296(0.900) 297(0.900) 313(0.900) 314(0.900) 315(0.900) 316(0.602) 317(0.602) 318(0.602) 319(0.602) 334(0.602) 335(0.602) 336(0.602) 337(0.602) 338(0.602) 339(0.602) 354(0.602) 355(0.602) 356(0.602) 357(0.602) 358(0.602) 359(0.602) 374(0.602) 375(0.602) 376(0.602) 377(0.602) 378(0.602) 379(0.602) 394(0.602) 395(0.602) 396(0.602) 397(0.602) 398(0.602) 399(0.602) 

[EVENT] 127.543 | event=UAVWaypointArrival | nodeId=401 | cycle=1 | pos=(340.000,0.000,20.000)

[EVENT] 131.827 | event=UAVWaypointArrival | nodeId=402 | cycle=4 | pos=(300.000,80.000,20.000)

[EVENT] 132.827 | event=UAVWaypointArrival | nodeId=402 | cycle=4 | pos=(300.000,60.000,20.000)

[EVENT] 135.500 | event=SuspiciousConfidenceSnapshot | 11(0.369) 12(0.369) 13(0.369) 14(0.369) 15(0.369) 16(0.369) 17(0.369) 31(0.369) 32(0.369) 33(0.369) 34(0.369) 35(0.369) 36(0.369) 37(0.369) 51(0.369) 52(0.369) 53(0.369) 54(0.369) 55(0.369) 56(0.369) 57(0.369) 73(0.369) 74(0.369) 75(0.369) 76(0.842) 77(0.842) 78(0.842) 79(0.842) 94(0.842) 95(0.842) 96(0.842) 97(0.842) 98(0.842) 99(0.842) 114(0.842) 115(0.842) 116(0.842) 117(0.842) 118(0.842) 119(0.842) 134(0.842) 135(0.842) 136(0.842) 137(0.842) 138(0.842) 139(0.842) 154(0.842) 155(0.842) 156(0.842) 157(0.842) 158(0.842) 159(0.842) 174(0.842) 175(0.842) 176(0.842) 177(0.842) 178(0.842) 179(0.842) 193(0.874) 194(0.900) 195(0.900) 196(0.842) 197(0.842) 198(0.842) 199(0.842) 211(0.900) 212(0.900) 213(0.900) 214(0.900) 215(0.900) 216(0.900) 217(0.900) 231(0.900) 232(0.900) 233(0.900) 234(0.900) 235(0.900) 236(0.900) 237(0.900) 251(0.900) 252(0.900) 253(0.900) 254(0.900) 255(0.900) 256(0.900) 257(0.900) 271(0.900) 272(0.900) 273(0.900) 274(0.900) 275(0.900) 276(0.900) 277(0.900) 291(0.900) 292(0.900) 293(0.900) 294(0.900) 295(0.900) 296(0.900) 297(0.900) 313(0.900) 314(0.900) 315(0.900) 316(0.602) 317(0.602) 318(0.602) 319(0.602) 334(0.602) 335(0.602) 336(0.602) 337(0.602) 338(0.602) 339(0.602) 354(0.602) 355(0.602) 356(0.602) 357(0.602) 358(0.602) 359(0.602) 374(0.602) 375(0.602) 376(0.602) 377(0.602) 378(0.602) 379(0.602) 394(0.602) 395(0.602) 396(0.602) 397(0.602) 398(0.602) 399(0.602) 

[EVENT] 139.827 | event=UAVWaypointArrival | nodeId=402 | cycle=4 | pos=(300.000,200.000,20.000)

[EVENT] 144.827 | event=UAVWaypointArrival | nodeId=402 | cycle=4 | pos=(300.000,300.000,20.000)

[EVENT] 145.157 | event=UAVWaypointArrival | nodeId=401 | cycle=1 | pos=(340.000,20.000,20.000)

[EVENT] 145.500 | event=SuspiciousConfidenceSnapshot | 11(0.369) 12(0.369) 13(0.369) 14(0.369) 15(0.369) 16(0.369) 17(0.369) 31(0.369) 32(0.369) 33(0.369) 34(0.369) 35(0.369) 36(0.369) 37(0.369) 51(0.369) 52(0.369) 53(0.369) 54(0.369) 55(0.369) 56(0.369) 57(0.369) 73(0.369) 74(0.369) 75(0.369) 76(0.842) 77(0.842) 78(0.842) 79(0.842) 94(0.842) 95(0.842) 96(0.842) 97(0.842) 98(0.842) 99(0.842) 114(0.842) 115(0.842) 116(0.842) 117(0.842) 118(0.842) 119(0.842) 134(0.842) 135(0.842) 136(0.842) 137(0.842) 138(0.842) 139(0.842) 154(0.842) 155(0.842) 156(0.842) 157(0.842) 158(0.842) 159(0.842) 174(0.842) 175(0.842) 176(0.842) 177(0.842) 178(0.842) 179(0.842) 193(0.874) 194(0.900) 195(0.900) 196(0.842) 197(0.842) 198(0.842) 199(0.842) 211(0.900) 212(0.900) 213(0.900) 214(0.900) 215(0.900) 216(0.900) 217(0.900) 231(0.900) 232(0.900) 233(0.900) 234(0.900) 235(0.900) 236(0.900) 237(0.900) 251(0.900) 252(0.900) 253(0.900) 254(0.900) 255(0.900) 256(0.900) 257(0.900) 271(0.900) 272(0.900) 273(0.900) 274(0.900) 275(0.900) 276(0.900) 277(0.900) 291(0.900) 292(0.900) 293(0.900) 294(0.900) 295(0.900) 296(0.900) 297(0.900) 313(0.900) 314(0.900) 315(0.900) 316(0.602) 317(0.602) 318(0.602) 319(0.602) 334(0.602) 335(0.602) 336(0.602) 337(0.602) 338(0.602) 339(0.602) 354(0.602) 355(0.602) 356(0.602) 357(0.602) 358(0.602) 359(0.602) 374(0.602) 375(0.602) 376(0.602) 377(0.602) 378(0.602) 379(0.602) 394(0.602) 395(0.602) 396(0.602) 397(0.602) 398(0.602) 399(0.602) 

[EVENT] 155.500 | event=SuspiciousConfidenceSnapshot | 11(0.369) 12(0.369) 13(0.369) 14(0.369) 15(0.369) 16(0.369) 17(0.369) 31(0.369) 32(0.369) 33(0.369) 34(0.369) 35(0.369) 36(0.369) 37(0.369) 51(0.369) 52(0.369) 53(0.369) 54(0.369) 55(0.369) 56(0.369) 57(0.369) 73(0.369) 74(0.369) 75(0.369) 76(0.842) 77(0.842) 78(0.842) 79(0.842) 94(0.842) 95(0.842) 96(0.842) 97(0.842) 98(0.842) 99(0.842) 114(0.842) 115(0.842) 116(0.842) 117(0.842) 118(0.842) 119(0.842) 134(0.842) 135(0.842) 136(0.842) 137(0.842) 138(0.842) 139(0.842) 154(0.842) 155(0.842) 156(0.842) 157(0.842) 158(0.842) 159(0.842) 174(0.842) 175(0.842) 176(0.842) 177(0.842) 178(0.842) 179(0.842) 193(0.874) 194(0.900) 195(0.900) 196(0.842) 197(0.842) 198(0.842) 199(0.842) 211(0.900) 212(0.900) 213(0.900) 214(0.900) 215(0.900) 216(0.900) 217(0.900) 231(0.900) 232(0.900) 233(0.900) 234(0.900) 235(0.900) 236(0.900) 237(0.900) 251(0.900) 252(0.900) 253(0.900) 254(0.900) 255(0.900) 256(0.900) 257(0.900) 271(0.900) 272(0.900) 273(0.900) 274(0.900) 275(0.900) 276(0.900) 277(0.900) 291(0.900) 292(0.900) 293(0.900) 294(0.900) 295(0.900) 296(0.900) 297(0.900) 313(0.900) 314(0.900) 315(0.900) 316(0.602) 317(0.602) 318(0.602) 319(0.602) 334(0.602) 335(0.602) 336(0.602) 337(0.602) 338(0.602) 339(0.602) 354(0.602) 355(0.602) 356(0.602) 357(0.602) 358(0.602) 359(0.602) 374(0.602) 375(0.602) 376(0.602) 377(0.602) 378(0.602) 379(0.602) 394(0.602) 395(0.602) 396(0.602) 397(0.602) 398(0.602) 399(0.602) 

[EVENT] 162.770 | event=UAVWaypointArrival | nodeId=401 | cycle=1 | pos=(320.000,20.000,20.000)

[EVENT] 165.500 | event=SuspiciousConfidenceSnapshot | 11(0.369) 12(0.369) 13(0.369) 14(0.369) 15(0.369) 16(0.369) 17(0.369) 31(0.369) 32(0.369) 33(0.369) 34(0.369) 35(0.369) 36(0.369) 37(0.369) 51(0.369) 52(0.369) 53(0.369) 54(0.369) 55(0.369) 56(0.369) 57(0.369) 73(0.369) 74(0.369) 75(0.369) 76(0.842) 77(0.842) 78(0.842) 79(0.842) 94(0.842) 95(0.842) 96(0.842) 97(0.842) 98(0.842) 99(0.842) 114(0.842) 115(0.842) 116(0.842) 117(0.842) 118(0.842) 119(0.842) 134(0.842) 135(0.842) 136(0.842) 137(0.842) 138(0.842) 139(0.842) 154(0.842) 155(0.842) 156(0.842) 157(0.842) 158(0.842) 159(0.842) 174(0.842) 175(0.842) 176(0.842) 177(0.842) 178(0.842) 179(0.842) 193(0.874) 194(0.900) 195(0.900) 196(0.842) 197(0.842) 198(0.842) 199(0.842) 211(0.900) 212(0.900) 213(0.900) 214(0.900) 215(0.900) 216(0.900) 217(0.900) 231(0.900) 232(0.900) 233(0.900) 234(0.900) 235(0.900) 236(0.900) 237(0.900) 251(0.900) 252(0.900) 253(0.900) 254(0.900) 255(0.900) 256(0.900) 257(0.900) 271(0.900) 272(0.900) 273(0.900) 274(0.900) 275(0.900) 276(0.900) 277(0.900) 291(0.900) 292(0.900) 293(0.900) 294(0.900) 295(0.900) 296(0.900) 297(0.900) 313(0.900) 314(0.900) 315(0.900) 316(0.602) 317(0.602) 318(0.602) 319(0.602) 334(0.602) 335(0.602) 336(0.602) 337(0.602) 338(0.602) 339(0.602) 354(0.602) 355(0.602) 356(0.602) 357(0.602) 358(0.602) 359(0.602) 374(0.602) 375(0.602) 376(0.602) 377(0.602) 378(0.602) 379(0.602) 394(0.602) 395(0.602) 396(0.602) 397(0.602) 398(0.602) 399(0.602) 

[EVENT] 166.759 | event=UAVWaypointArrival | nodeId=402 | cycle=5 | pos=(300.000,80.000,20.000)

[EVENT] 167.759 | event=UAVWaypointArrival | nodeId=402 | cycle=5 | pos=(300.000,60.000,20.000)

[EVENT] 174.759 | event=UAVWaypointArrival | nodeId=402 | cycle=5 | pos=(300.000,200.000,20.000)

[EVENT] 175.500 | event=SuspiciousConfidenceSnapshot | 11(0.369) 12(0.369) 13(0.369) 14(0.369) 15(0.369) 16(0.369) 17(0.369) 31(0.369) 32(0.369) 33(0.369) 34(0.369) 35(0.369) 36(0.369) 37(0.369) 51(0.369) 52(0.369) 53(0.369) 54(0.369) 55(0.369) 56(0.369) 57(0.369) 73(0.369) 74(0.369) 75(0.369) 76(0.842) 77(0.842) 78(0.842) 79(0.842) 94(0.842) 95(0.842) 96(0.842) 97(0.842) 98(0.842) 99(0.842) 114(0.842) 115(0.842) 116(0.842) 117(0.842) 118(0.842) 119(0.842) 134(0.842) 135(0.842) 136(0.842) 137(0.842) 138(0.842) 139(0.842) 154(0.842) 155(0.842) 156(0.842) 157(0.842) 158(0.842) 159(0.842) 174(0.842) 175(0.842) 176(0.842) 177(0.842) 178(0.842) 179(0.842) 193(0.874) 194(0.900) 195(0.900) 196(0.842) 197(0.842) 198(0.842) 199(0.842) 211(0.900) 212(0.900) 213(0.900) 214(0.900) 215(0.900) 216(0.900) 217(0.900) 231(0.900) 232(0.900) 233(0.900) 234(0.900) 235(0.900) 236(0.900) 237(0.900) 251(0.900) 252(0.900) 253(0.900) 254(0.900) 255(0.900) 256(0.900) 257(0.900) 271(0.900) 272(0.900) 273(0.900) 274(0.900) 275(0.900) 276(0.900) 277(0.900) 291(0.900) 292(0.900) 293(0.900) 294(0.900) 295(0.900) 296(0.900) 297(0.900) 313(0.900) 314(0.900) 315(0.900) 316(0.602) 317(0.602) 318(0.602) 319(0.602) 334(0.602) 335(0.602) 336(0.602) 337(0.602) 338(0.602) 339(0.602) 354(0.602) 355(0.602) 356(0.602) 357(0.602) 358(0.602) 359(0.602) 374(0.602) 375(0.602) 376(0.602) 377(0.602) 378(0.602) 379(0.602) 394(0.602) 395(0.602) 396(0.602) 397(0.602) 398(0.602) 399(0.602) 

[EVENT] 179.759 | event=UAVWaypointArrival | nodeId=402 | cycle=5 | pos=(300.000,300.000,20.000)

[EVENT] 180.383 | event=UAVWaypointArrival | nodeId=401 | cycle=1 | pos=(300.000,20.000,20.000)

[EVENT] 185.500 | event=SuspiciousConfidenceSnapshot | 11(0.369) 12(0.369) 13(0.369) 14(0.369) 15(0.369) 16(0.369) 17(0.369) 31(0.369) 32(0.369) 33(0.369) 34(0.369) 35(0.369) 36(0.369) 37(0.369) 51(0.369) 52(0.369) 53(0.369) 54(0.369) 55(0.369) 56(0.369) 57(0.369) 73(0.369) 74(0.369) 75(0.369) 76(0.842) 77(0.842) 78(0.842) 79(0.842) 94(0.842) 95(0.842) 96(0.842) 97(0.842) 98(0.842) 99(0.842) 114(0.842) 115(0.842) 116(0.842) 117(0.842) 118(0.842) 119(0.842) 134(0.842) 135(0.842) 136(0.842) 137(0.842) 138(0.842) 139(0.842) 154(0.842) 155(0.842) 156(0.842) 157(0.842) 158(0.842) 159(0.842) 174(0.842) 175(0.842) 176(0.842) 177(0.842) 178(0.842) 179(0.842) 193(0.874) 194(0.900) 195(0.900) 196(0.842) 197(0.842) 198(0.842) 199(0.842) 211(0.900) 212(0.900) 213(0.900) 214(0.900) 215(0.900) 216(0.900) 217(0.900) 231(0.900) 232(0.900) 233(0.900) 234(0.900) 235(0.900) 236(0.900) 237(0.900) 251(0.900) 252(0.900) 253(0.900) 254(0.900) 255(0.900) 256(0.900) 257(0.900) 271(0.900) 272(0.900) 273(0.900) 274(0.900) 275(0.900) 276(0.900) 277(0.900) 291(0.900) 292(0.900) 293(0.900) 294(0.900) 295(0.900) 296(0.900) 297(0.900) 313(0.900) 314(0.900) 315(0.900) 316(0.602) 317(0.602) 318(0.602) 319(0.602) 334(0.602) 335(0.602) 336(0.602) 337(0.602) 338(0.602) 339(0.602) 354(0.602) 355(0.602) 356(0.602) 357(0.602) 358(0.602) 359(0.602) 374(0.602) 375(0.602) 376(0.602) 377(0.602) 378(0.602) 379(0.602) 394(0.602) 395(0.602) 396(0.602) 397(0.602) 398(0.602) 399(0.602) 

[EVENT] 195.500 | event=SuspiciousConfidenceSnapshot | 11(0.369) 12(0.369) 13(0.369) 14(0.369) 15(0.369) 16(0.369) 17(0.369) 31(0.369) 32(0.369) 33(0.369) 34(0.369) 35(0.369) 36(0.369) 37(0.369) 51(0.369) 52(0.369) 53(0.369) 54(0.369) 55(0.369) 56(0.369) 57(0.369) 73(0.369) 74(0.369) 75(0.369) 76(0.842) 77(0.842) 78(0.842) 79(0.842) 94(0.842) 95(0.842) 96(0.842) 97(0.842) 98(0.842) 99(0.842) 114(0.842) 115(0.842) 116(0.842) 117(0.842) 118(0.842) 119(0.842) 134(0.842) 135(0.842) 136(0.842) 137(0.842) 138(0.842) 139(0.842) 154(0.842) 155(0.842) 156(0.842) 157(0.842) 158(0.842) 159(0.842) 174(0.842) 175(0.842) 176(0.842) 177(0.842) 178(0.842) 179(0.842) 193(0.874) 194(0.900) 195(0.900) 196(0.842) 197(0.842) 198(0.842) 199(0.842) 211(0.900) 212(0.900) 213(0.900) 214(0.900) 215(0.900) 216(0.900) 217(0.900) 231(0.900) 232(0.900) 233(0.900) 234(0.900) 235(0.900) 236(0.900) 237(0.900) 251(0.900) 252(0.900) 253(0.900) 254(0.900) 255(0.900) 256(0.900) 257(0.900) 271(0.900) 272(0.900) 273(0.900) 274(0.900) 275(0.900) 276(0.900) 277(0.900) 291(0.900) 292(0.900) 293(0.900) 294(0.900) 295(0.900) 296(0.900) 297(0.900) 313(0.900) 314(0.900) 315(0.900) 316(0.602) 317(0.602) 318(0.602) 319(0.602) 334(0.602) 335(0.602) 336(0.602) 337(0.602) 338(0.602) 339(0.602) 354(0.602) 355(0.602) 356(0.602) 357(0.602) 358(0.602) 359(0.602) 374(0.602) 375(0.602) 376(0.602) 377(0.602) 378(0.602) 379(0.602) 394(0.602) 395(0.602) 396(0.602) 397(0.602) 398(0.602) 399(0.602) 

[EVENT] 197.997 | event=UAVWaypointArrival | nodeId=401 | cycle=1 | pos=(280.000,20.000,20.000)

[EVENT] 201.690 | event=UAVWaypointArrival | nodeId=402 | cycle=6 | pos=(300.000,80.000,20.000)

[EVENT] 202.690 | event=UAVWaypointArrival | nodeId=402 | cycle=6 | pos=(300.000,60.000,20.000)

[EVENT] 205.500 | event=SuspiciousConfidenceSnapshot | 11(0.369) 12(0.369) 13(0.369) 14(0.369) 15(0.369) 16(0.369) 17(0.369) 31(0.369) 32(0.369) 33(0.369) 34(0.369) 35(0.369) 36(0.369) 37(0.369) 51(0.369) 52(0.369) 53(0.369) 54(0.369) 55(0.369) 56(0.369) 57(0.369) 73(0.369) 74(0.369) 75(0.369) 76(0.842) 77(0.842) 78(0.842) 79(0.842) 94(0.842) 95(0.842) 96(0.842) 97(0.842) 98(0.842) 99(0.842) 114(0.842) 115(0.842) 116(0.842) 117(0.842) 118(0.842) 119(0.842) 134(0.842) 135(0.842) 136(0.842) 137(0.842) 138(0.842) 139(0.842) 154(0.842) 155(0.842) 156(0.842) 157(0.842) 158(0.842) 159(0.842) 174(0.842) 175(0.842) 176(0.842) 177(0.842) 178(0.842) 179(0.842) 193(0.874) 194(0.900) 195(0.900) 196(0.842) 197(0.842) 198(0.842) 199(0.842) 211(0.900) 212(0.900) 213(0.900) 214(0.900) 215(0.900) 216(0.900) 217(0.900) 231(0.900) 232(0.900) 233(0.900) 234(0.900) 235(0.900) 236(0.900) 237(0.900) 251(0.900) 252(0.900) 253(0.900) 254(0.900) 255(0.900) 256(0.900) 257(0.900) 271(0.900) 272(0.900) 273(0.900) 274(0.900) 275(0.900) 276(0.900) 277(0.900) 291(0.900) 292(0.900) 293(0.900) 294(0.900) 295(0.900) 296(0.900) 297(0.900) 313(0.900) 314(0.900) 315(0.900) 316(0.602) 317(0.602) 318(0.602) 319(0.602) 334(0.602) 335(0.602) 336(0.602) 337(0.602) 338(0.602) 339(0.602) 354(0.602) 355(0.602) 356(0.602) 357(0.602) 358(0.602) 359(0.602) 374(0.602) 375(0.602) 376(0.602) 377(0.602) 378(0.602) 379(0.602) 394(0.602) 395(0.602) 396(0.602) 397(0.602) 398(0.602) 399(0.602) 

[EVENT] 209.690 | event=UAVWaypointArrival | nodeId=402 | cycle=6 | pos=(300.000,200.000,20.000)

[EVENT] 214.690 | event=UAVWaypointArrival | nodeId=402 | cycle=6 | pos=(300.000,300.000,20.000)

[EVENT] 215.500 | event=SuspiciousConfidenceSnapshot | 11(0.369) 12(0.369) 13(0.369) 14(0.369) 15(0.369) 16(0.369) 17(0.369) 31(0.369) 32(0.369) 33(0.369) 34(0.369) 35(0.369) 36(0.369) 37(0.369) 51(0.369) 52(0.369) 53(0.369) 54(0.369) 55(0.369) 56(0.369) 57(0.369) 73(0.369) 74(0.369) 75(0.369) 76(0.842) 77(0.842) 78(0.842) 79(0.842) 94(0.842) 95(0.842) 96(0.842) 97(0.842) 98(0.842) 99(0.842) 114(0.842) 115(0.842) 116(0.842) 117(0.842) 118(0.842) 119(0.842) 134(0.842) 135(0.842) 136(0.842) 137(0.842) 138(0.842) 139(0.842) 154(0.842) 155(0.842) 156(0.842) 157(0.842) 158(0.842) 159(0.842) 174(0.842) 175(0.842) 176(0.842) 177(0.842) 178(0.842) 179(0.842) 193(0.874) 194(0.900) 195(0.900) 196(0.842) 197(0.842) 198(0.842) 199(0.842) 211(0.900) 212(0.900) 213(0.900) 214(0.900) 215(0.900) 216(0.900) 217(0.900) 231(0.900) 232(0.900) 233(0.900) 234(0.900) 235(0.900) 236(0.900) 237(0.900) 251(0.900) 252(0.900) 253(0.900) 254(0.900) 255(0.900) 256(0.900) 257(0.900) 271(0.900) 272(0.900) 273(0.900) 274(0.900) 275(0.900) 276(0.900) 277(0.900) 291(0.900) 292(0.900) 293(0.900) 294(0.900) 295(0.900) 296(0.900) 297(0.900) 313(0.900) 314(0.900) 315(0.900) 316(0.602) 317(0.602) 318(0.602) 319(0.602) 334(0.602) 335(0.602) 336(0.602) 337(0.602) 338(0.602) 339(0.602) 354(0.602) 355(0.602) 356(0.602) 357(0.602) 358(0.602) 359(0.602) 374(0.602) 375(0.602) 376(0.602) 377(0.602) 378(0.602) 379(0.602) 394(0.602) 395(0.602) 396(0.602) 397(0.602) 398(0.602) 399(0.602) 

[EVENT] 215.610 | event=UAVWaypointArrival | nodeId=401 | cycle=1 | pos=(260.000,20.000,20.000)

[EVENT] 225.500 | event=SuspiciousConfidenceSnapshot | 11(0.369) 12(0.369) 13(0.369) 14(0.369) 15(0.369) 16(0.369) 17(0.369) 31(0.369) 32(0.369) 33(0.369) 34(0.369) 35(0.369) 36(0.369) 37(0.369) 51(0.369) 52(0.369) 53(0.369) 54(0.369) 55(0.369) 56(0.369) 57(0.369) 73(0.369) 74(0.369) 75(0.369) 76(0.842) 77(0.842) 78(0.842) 79(0.842) 94(0.842) 95(0.842) 96(0.842) 97(0.842) 98(0.842) 99(0.842) 114(0.842) 115(0.842) 116(0.842) 117(0.842) 118(0.842) 119(0.842) 134(0.842) 135(0.842) 136(0.842) 137(0.842) 138(0.842) 139(0.842) 154(0.842) 155(0.842) 156(0.842) 157(0.842) 158(0.842) 159(0.842) 174(0.842) 175(0.842) 176(0.842) 177(0.842) 178(0.842) 179(0.842) 193(0.874) 194(0.900) 195(0.900) 196(0.842) 197(0.842) 198(0.842) 199(0.842) 211(0.900) 212(0.900) 213(0.900) 214(0.900) 215(0.900) 216(0.900) 217(0.900) 231(0.900) 232(0.900) 233(0.900) 234(0.900) 235(0.900) 236(0.900) 237(0.900) 251(0.900) 252(0.900) 253(0.900) 254(0.900) 255(0.900) 256(0.900) 257(0.900) 271(0.900) 272(0.900) 273(0.900) 274(0.900) 275(0.900) 276(0.900) 277(0.900) 291(0.900) 292(0.900) 293(0.900) 294(0.900) 295(0.900) 296(0.900) 297(0.900) 313(0.900) 314(0.900) 315(0.900) 316(0.602) 317(0.602) 318(0.602) 319(0.602) 334(0.602) 335(0.602) 336(0.602) 337(0.602) 338(0.602) 339(0.602) 354(0.602) 355(0.602) 356(0.602) 357(0.602) 358(0.602) 359(0.602) 374(0.602) 375(0.602) 376(0.602) 377(0.602) 378(0.602) 379(0.602) 394(0.602) 395(0.602) 396(0.602) 397(0.602) 398(0.602) 399(0.602) 

[EVENT] 233.224 | event=UAVWaypointArrival | nodeId=401 | cycle=1 | pos=(240.000,20.000,20.000)

[EVENT] 235.500 | event=SuspiciousConfidenceSnapshot | 11(0.369) 12(0.369) 13(0.369) 14(0.369) 15(0.369) 16(0.369) 17(0.369) 31(0.369) 32(0.369) 33(0.369) 34(0.369) 35(0.369) 36(0.369) 37(0.369) 51(0.369) 52(0.369) 53(0.369) 54(0.369) 55(0.369) 56(0.369) 57(0.369) 73(0.369) 74(0.369) 75(0.369) 76(0.842) 77(0.842) 78(0.842) 79(0.842) 94(0.842) 95(0.842) 96(0.842) 97(0.842) 98(0.842) 99(0.842) 114(0.842) 115(0.842) 116(0.842) 117(0.842) 118(0.842) 119(0.842) 134(0.842) 135(0.842) 136(0.842) 137(0.842) 138(0.842) 139(0.842) 154(0.842) 155(0.842) 156(0.842) 157(0.842) 158(0.842) 159(0.842) 174(0.842) 175(0.842) 176(0.842) 177(0.842) 178(0.842) 179(0.842) 193(0.874) 194(0.900) 195(0.900) 196(0.842) 197(0.842) 198(0.842) 199(0.842) 211(0.900) 212(0.900) 213(0.900) 214(0.900) 215(0.900) 216(0.900) 217(0.900) 231(0.900) 232(0.900) 233(0.900) 234(0.900) 235(0.900) 236(0.900) 237(0.900) 251(0.900) 252(0.900) 253(0.900) 254(0.900) 255(0.900) 256(0.900) 257(0.900) 271(0.900) 272(0.900) 273(0.900) 274(0.900) 275(0.900) 276(0.900) 277(0.900) 291(0.900) 292(0.900) 293(0.900) 294(0.900) 295(0.900) 296(0.900) 297(0.900) 313(0.900) 314(0.900) 315(0.900) 316(0.602) 317(0.602) 318(0.602) 319(0.602) 334(0.602) 335(0.602) 336(0.602) 337(0.602) 338(0.602) 339(0.602) 354(0.602) 355(0.602) 356(0.602) 357(0.602) 358(0.602) 359(0.602) 374(0.602) 375(0.602) 376(0.602) 377(0.602) 378(0.602) 379(0.602) 394(0.602) 395(0.602) 396(0.602) 397(0.602) 398(0.602) 399(0.602) 

[EVENT] 236.622 | event=UAVWaypointArrival | nodeId=402 | cycle=7 | pos=(300.000,80.000,20.000)

[EVENT] 237.622 | event=UAVWaypointArrival | nodeId=402 | cycle=7 | pos=(300.000,60.000,20.000)

[EVENT] 244.622 | event=UAVWaypointArrival | nodeId=402 | cycle=7 | pos=(300.000,200.000,20.000)

[EVENT] 245.500 | event=SuspiciousConfidenceSnapshot | 11(0.369) 12(0.369) 13(0.369) 14(0.369) 15(0.369) 16(0.369) 17(0.369) 31(0.369) 32(0.369) 33(0.369) 34(0.369) 35(0.369) 36(0.369) 37(0.369) 51(0.369) 52(0.369) 53(0.369) 54(0.369) 55(0.369) 56(0.369) 57(0.369) 73(0.369) 74(0.369) 75(0.369) 76(0.842) 77(0.842) 78(0.842) 79(0.842) 94(0.842) 95(0.842) 96(0.842) 97(0.842) 98(0.842) 99(0.842) 114(0.842) 115(0.842) 116(0.842) 117(0.842) 118(0.842) 119(0.842) 134(0.842) 135(0.842) 136(0.842) 137(0.842) 138(0.842) 139(0.842) 154(0.842) 155(0.842) 156(0.842) 157(0.842) 158(0.842) 159(0.842) 174(0.842) 175(0.842) 176(0.842) 177(0.842) 178(0.842) 179(0.842) 193(0.874) 194(0.900) 195(0.900) 196(0.842) 197(0.842) 198(0.842) 199(0.842) 211(0.900) 212(0.900) 213(0.900) 214(0.900) 215(0.900) 216(0.900) 217(0.900) 231(0.900) 232(0.900) 233(0.900) 234(0.900) 235(0.900) 236(0.900) 237(0.900) 251(0.900) 252(0.900) 253(0.900) 254(0.900) 255(0.900) 256(0.900) 257(0.900) 271(0.900) 272(0.900) 273(0.900) 274(0.900) 275(0.900) 276(0.900) 277(0.900) 291(0.900) 292(0.900) 293(0.900) 294(0.900) 295(0.900) 296(0.900) 297(0.900) 313(0.900) 314(0.900) 315(0.900) 316(0.602) 317(0.602) 318(0.602) 319(0.602) 334(0.602) 335(0.602) 336(0.602) 337(0.602) 338(0.602) 339(0.602) 354(0.602) 355(0.602) 356(0.602) 357(0.602) 358(0.602) 359(0.602) 374(0.602) 375(0.602) 376(0.602) 377(0.602) 378(0.602) 379(0.602) 394(0.602) 395(0.602) 396(0.602) 397(0.602) 398(0.602) 399(0.602) 

[EVENT] 249.622 | event=UAVWaypointArrival | nodeId=402 | cycle=7 | pos=(300.000,300.000,20.000)

[EVENT] 250.837 | event=UAVWaypointArrival | nodeId=401 | cycle=1 | pos=(220.000,20.000,20.000)

[EVENT] 255.500 | event=SuspiciousConfidenceSnapshot | 11(0.369) 12(0.369) 13(0.369) 14(0.369) 15(0.369) 16(0.369) 17(0.369) 31(0.369) 32(0.369) 33(0.369) 34(0.369) 35(0.369) 36(0.369) 37(0.369) 51(0.369) 52(0.369) 53(0.369) 54(0.369) 55(0.369) 56(0.369) 57(0.369) 73(0.369) 74(0.369) 75(0.369) 76(0.842) 77(0.842) 78(0.842) 79(0.842) 94(0.842) 95(0.842) 96(0.842) 97(0.842) 98(0.842) 99(0.842) 114(0.842) 115(0.842) 116(0.842) 117(0.842) 118(0.842) 119(0.842) 134(0.842) 135(0.842) 136(0.842) 137(0.842) 138(0.842) 139(0.842) 154(0.842) 155(0.842) 156(0.842) 157(0.842) 158(0.842) 159(0.842) 174(0.842) 175(0.842) 176(0.842) 177(0.842) 178(0.842) 179(0.842) 193(0.874) 194(0.900) 195(0.900) 196(0.842) 197(0.842) 198(0.842) 199(0.842) 211(0.900) 212(0.900) 213(0.900) 214(0.900) 215(0.900) 216(0.900) 217(0.900) 231(0.900) 232(0.900) 233(0.900) 234(0.900) 235(0.900) 236(0.900) 237(0.900) 251(0.900) 252(0.900) 253(0.900) 254(0.900) 255(0.900) 256(0.900) 257(0.900) 271(0.900) 272(0.900) 273(0.900) 274(0.900) 275(0.900) 276(0.900) 277(0.900) 291(0.900) 292(0.900) 293(0.900) 294(0.900) 295(0.900) 296(0.900) 297(0.900) 313(0.900) 314(0.900) 315(0.900) 316(0.602) 317(0.602) 318(0.602) 319(0.602) 334(0.602) 335(0.602) 336(0.602) 337(0.602) 338(0.602) 339(0.602) 354(0.602) 355(0.602) 356(0.602) 357(0.602) 358(0.602) 359(0.602) 374(0.602) 375(0.602) 376(0.602) 377(0.602) 378(0.602) 379(0.602) 394(0.602) 395(0.602) 396(0.602) 397(0.602) 398(0.602) 399(0.602) 

[EVENT] 265.500 | event=SuspiciousConfidenceSnapshot | 11(0.369) 12(0.369) 13(0.369) 14(0.369) 15(0.369) 16(0.369) 17(0.369) 31(0.369) 32(0.369) 33(0.369) 34(0.369) 35(0.369) 36(0.369) 37(0.369) 51(0.369) 52(0.369) 53(0.369) 54(0.369) 55(0.369) 56(0.369) 57(0.369) 73(0.369) 74(0.369) 75(0.369) 76(0.842) 77(0.842) 78(0.842) 79(0.842) 94(0.842) 95(0.842) 96(0.842) 97(0.842) 98(0.842) 99(0.842) 114(0.842) 115(0.842) 116(0.842) 117(0.842) 118(0.842) 119(0.842) 134(0.842) 135(0.842) 136(0.842) 137(0.842) 138(0.842) 139(0.842) 154(0.842) 155(0.842) 156(0.842) 157(0.842) 158(0.842) 159(0.842) 174(0.842) 175(0.842) 176(0.842) 177(0.842) 178(0.842) 179(0.842) 193(0.874) 194(0.900) 195(0.900) 196(0.842) 197(0.842) 198(0.842) 199(0.842) 211(0.900) 212(0.900) 213(0.900) 214(0.900) 215(0.900) 216(0.900) 217(0.900) 231(0.900) 232(0.900) 233(0.900) 234(0.900) 235(0.900) 236(0.900) 237(0.900) 251(0.900) 252(0.900) 253(0.900) 254(0.900) 255(0.900) 256(0.900) 257(0.900) 271(0.900) 272(0.900) 273(0.900) 274(0.900) 275(0.900) 276(0.900) 277(0.900) 291(0.900) 292(0.900) 293(0.900) 294(0.900) 295(0.900) 296(0.900) 297(0.900) 313(0.900) 314(0.900) 315(0.900) 316(0.602) 317(0.602) 318(0.602) 319(0.602) 334(0.602) 335(0.602) 336(0.602) 337(0.602) 338(0.602) 339(0.602) 354(0.602) 355(0.602) 356(0.602) 357(0.602) 358(0.602) 359(0.602) 374(0.602) 375(0.602) 376(0.602) 377(0.602) 378(0.602) 379(0.602) 394(0.602) 395(0.602) 396(0.602) 397(0.602) 398(0.602) 399(0.602) 

[EVENT] 268.450 | event=UAVWaypointArrival | nodeId=401 | cycle=1 | pos=(220.000,40.000,20.000)

[EVENT] 271.554 | event=UAVWaypointArrival | nodeId=402 | cycle=8 | pos=(300.000,80.000,20.000)

[EVENT] 272.554 | event=UAVWaypointArrival | nodeId=402 | cycle=8 | pos=(300.000,60.000,20.000)

[EVENT] 275.500 | event=SuspiciousConfidenceSnapshot | 11(0.369) 12(0.369) 13(0.369) 14(0.369) 15(0.369) 16(0.369) 17(0.369) 31(0.369) 32(0.369) 33(0.369) 34(0.369) 35(0.369) 36(0.369) 37(0.369) 51(0.369) 52(0.369) 53(0.369) 54(0.369) 55(0.369) 56(0.369) 57(0.369) 73(0.369) 74(0.369) 75(0.369) 76(0.842) 77(0.842) 78(0.842) 79(0.842) 94(0.842) 95(0.842) 96(0.842) 97(0.842) 98(0.842) 99(0.842) 114(0.842) 115(0.842) 116(0.842) 117(0.842) 118(0.842) 119(0.842) 134(0.842) 135(0.842) 136(0.842) 137(0.842) 138(0.842) 139(0.842) 154(0.842) 155(0.842) 156(0.842) 157(0.842) 158(0.842) 159(0.842) 174(0.842) 175(0.842) 176(0.842) 177(0.842) 178(0.842) 179(0.842) 193(0.874) 194(0.900) 195(0.900) 196(0.842) 197(0.842) 198(0.842) 199(0.842) 211(0.900) 212(0.900) 213(0.900) 214(0.900) 215(0.900) 216(0.900) 217(0.900) 231(0.900) 232(0.900) 233(0.900) 234(0.900) 235(0.900) 236(0.900) 237(0.900) 251(0.900) 252(0.900) 253(0.900) 254(0.900) 255(0.900) 256(0.900) 257(0.900) 271(0.900) 272(0.900) 273(0.900) 274(0.900) 275(0.900) 276(0.900) 277(0.900) 291(0.900) 292(0.900) 293(0.900) 294(0.900) 295(0.900) 296(0.900) 297(0.900) 313(0.900) 314(0.900) 315(0.900) 316(0.602) 317(0.602) 318(0.602) 319(0.602) 334(0.602) 335(0.602) 336(0.602) 337(0.602) 338(0.602) 339(0.602) 354(0.602) 355(0.602) 356(0.602) 357(0.602) 358(0.602) 359(0.602) 374(0.602) 375(0.602) 376(0.602) 377(0.602) 378(0.602) 379(0.602) 394(0.602) 395(0.602) 396(0.602) 397(0.602) 398(0.602) 399(0.602) 

[EVENT] 279.554 | event=UAVWaypointArrival | nodeId=402 | cycle=8 | pos=(300.000,200.000,20.000)

[EVENT] 284.554 | event=UAVWaypointArrival | nodeId=402 | cycle=8 | pos=(300.000,300.000,20.000)

[EVENT] 285.500 | event=SuspiciousConfidenceSnapshot | 11(0.369) 12(0.369) 13(0.369) 14(0.369) 15(0.369) 16(0.369) 17(0.369) 31(0.369) 32(0.369) 33(0.369) 34(0.369) 35(0.369) 36(0.369) 37(0.369) 51(0.369) 52(0.369) 53(0.369) 54(0.369) 55(0.369) 56(0.369) 57(0.369) 73(0.369) 74(0.369) 75(0.369) 76(0.842) 77(0.842) 78(0.842) 79(0.842) 94(0.842) 95(0.842) 96(0.842) 97(0.842) 98(0.842) 99(0.842) 114(0.842) 115(0.842) 116(0.842) 117(0.842) 118(0.842) 119(0.842) 134(0.842) 135(0.842) 136(0.842) 137(0.842) 138(0.842) 139(0.842) 154(0.842) 155(0.842) 156(0.842) 157(0.842) 158(0.842) 159(0.842) 174(0.842) 175(0.842) 176(0.842) 177(0.842) 178(0.842) 179(0.842) 193(0.874) 194(0.900) 195(0.900) 196(0.842) 197(0.842) 198(0.842) 199(0.842) 211(0.900) 212(0.900) 213(0.900) 214(0.900) 215(0.900) 216(0.900) 217(0.900) 231(0.900) 232(0.900) 233(0.900) 234(0.900) 235(0.900) 236(0.900) 237(0.900) 251(0.900) 252(0.900) 253(0.900) 254(0.900) 255(0.900) 256(0.900) 257(0.900) 271(0.900) 272(0.900) 273(0.900) 274(0.900) 275(0.900) 276(0.900) 277(0.900) 291(0.900) 292(0.900) 293(0.900) 294(0.900) 295(0.900) 296(0.900) 297(0.900) 313(0.900) 314(0.900) 315(0.900) 316(0.602) 317(0.602) 318(0.602) 319(0.602) 334(0.602) 335(0.602) 336(0.602) 337(0.602) 338(0.602) 339(0.602) 354(0.602) 355(0.602) 356(0.602) 357(0.602) 358(0.602) 359(0.602) 374(0.602) 375(0.602) 376(0.602) 377(0.602) 378(0.602) 379(0.602) 394(0.602) 395(0.602) 396(0.602) 397(0.602) 398(0.602) 399(0.602) 

[EVENT] 286.064 | event=UAVWaypointArrival | nodeId=401 | cycle=1 | pos=(240.000,40.000,20.000)

[EVENT] 295.500 | event=SuspiciousConfidenceSnapshot | 11(0.369) 12(0.369) 13(0.369) 14(0.369) 15(0.369) 16(0.369) 17(0.369) 31(0.369) 32(0.369) 33(0.369) 34(0.369) 35(0.369) 36(0.369) 37(0.369) 51(0.369) 52(0.369) 53(0.369) 54(0.369) 55(0.369) 56(0.369) 57(0.369) 73(0.369) 74(0.369) 75(0.369) 76(0.842) 77(0.842) 78(0.842) 79(0.842) 94(0.842) 95(0.842) 96(0.842) 97(0.842) 98(0.842) 99(0.842) 114(0.842) 115(0.842) 116(0.842) 117(0.842) 118(0.842) 119(0.842) 134(0.842) 135(0.842) 136(0.842) 137(0.842) 138(0.842) 139(0.842) 154(0.842) 155(0.842) 156(0.842) 157(0.842) 158(0.842) 159(0.842) 174(0.842) 175(0.842) 176(0.842) 177(0.842) 178(0.842) 179(0.842) 193(0.874) 194(0.900) 195(0.900) 196(0.842) 197(0.842) 198(0.842) 199(0.842) 211(0.900) 212(0.900) 213(0.900) 214(0.900) 215(0.900) 216(0.900) 217(0.900) 231(0.900) 232(0.900) 233(0.900) 234(0.900) 235(0.900) 236(0.900) 237(0.900) 251(0.900) 252(0.900) 253(0.900) 254(0.900) 255(0.900) 256(0.900) 257(0.900) 271(0.900) 272(0.900) 273(0.900) 274(0.900) 275(0.900) 276(0.900) 277(0.900) 291(0.900) 292(0.900) 293(0.900) 294(0.900) 295(0.900) 296(0.900) 297(0.900) 313(0.900) 314(0.900) 315(0.900) 316(0.602) 317(0.602) 318(0.602) 319(0.602) 334(0.602) 335(0.602) 336(0.602) 337(0.602) 338(0.602) 339(0.602) 354(0.602) 355(0.602) 356(0.602) 357(0.602) 358(0.602) 359(0.602) 374(0.602) 375(0.602) 376(0.602) 377(0.602) 378(0.602) 379(0.602) 394(0.602) 395(0.602) 396(0.602) 397(0.602) 398(0.602) 399(0.602) 

[EVENT] 303.677 | event=UAVWaypointArrival | nodeId=401 | cycle=1 | pos=(260.000,40.000,20.000)

[EVENT] 305.500 | event=SuspiciousConfidenceSnapshot | 11(0.369) 12(0.369) 13(0.369) 14(0.369) 15(0.369) 16(0.369) 17(0.369) 31(0.369) 32(0.369) 33(0.369) 34(0.369) 35(0.369) 36(0.369) 37(0.369) 51(0.369) 52(0.369) 53(0.369) 54(0.369) 55(0.369) 56(0.369) 57(0.369) 73(0.369) 74(0.369) 75(0.369) 76(0.842) 77(0.842) 78(0.842) 79(0.842) 94(0.842) 95(0.842) 96(0.842) 97(0.842) 98(0.842) 99(0.842) 114(0.842) 115(0.842) 116(0.842) 117(0.842) 118(0.842) 119(0.842) 134(0.842) 135(0.842) 136(0.842) 137(0.842) 138(0.842) 139(0.842) 154(0.842) 155(0.842) 156(0.842) 157(0.842) 158(0.842) 159(0.842) 174(0.842) 175(0.842) 176(0.842) 177(0.842) 178(0.842) 179(0.842) 193(0.874) 194(0.900) 195(0.900) 196(0.842) 197(0.842) 198(0.842) 199(0.842) 211(0.900) 212(0.900) 213(0.900) 214(0.900) 215(0.900) 216(0.900) 217(0.900) 231(0.900) 232(0.900) 233(0.900) 234(0.900) 235(0.900) 236(0.900) 237(0.900) 251(0.900) 252(0.900) 253(0.900) 254(0.900) 255(0.900) 256(0.900) 257(0.900) 271(0.900) 272(0.900) 273(0.900) 274(0.900) 275(0.900) 276(0.900) 277(0.900) 291(0.900) 292(0.900) 293(0.900) 294(0.900) 295(0.900) 296(0.900) 297(0.900) 313(0.900) 314(0.900) 315(0.900) 316(0.602) 317(0.602) 318(0.602) 319(0.602) 334(0.602) 335(0.602) 336(0.602) 337(0.602) 338(0.602) 339(0.602) 354(0.602) 355(0.602) 356(0.602) 357(0.602) 358(0.602) 359(0.602) 374(0.602) 375(0.602) 376(0.602) 377(0.602) 378(0.602) 379(0.602) 394(0.602) 395(0.602) 396(0.602) 397(0.602) 398(0.602) 399(0.602) 

[EVENT] 306.485 | event=UAVWaypointArrival | nodeId=402 | cycle=9 | pos=(300.000,80.000,20.000)

[EVENT] 307.485 | event=UAVWaypointArrival | nodeId=402 | cycle=9 | pos=(300.000,60.000,20.000)

[EVENT] 314.485 | event=UAVWaypointArrival | nodeId=402 | cycle=9 | pos=(300.000,200.000,20.000)

[EVENT] 315.500 | event=SuspiciousConfidenceSnapshot | 11(0.369) 12(0.369) 13(0.369) 14(0.369) 15(0.369) 16(0.369) 17(0.369) 31(0.369) 32(0.369) 33(0.369) 34(0.369) 35(0.369) 36(0.369) 37(0.369) 51(0.369) 52(0.369) 53(0.369) 54(0.369) 55(0.369) 56(0.369) 57(0.369) 73(0.369) 74(0.369) 75(0.369) 76(0.842) 77(0.842) 78(0.842) 79(0.842) 94(0.842) 95(0.842) 96(0.842) 97(0.842) 98(0.842) 99(0.842) 114(0.842) 115(0.842) 116(0.842) 117(0.842) 118(0.842) 119(0.842) 134(0.842) 135(0.842) 136(0.842) 137(0.842) 138(0.842) 139(0.842) 154(0.842) 155(0.842) 156(0.842) 157(0.842) 158(0.842) 159(0.842) 174(0.842) 175(0.842) 176(0.842) 177(0.842) 178(0.842) 179(0.842) 193(0.874) 194(0.900) 195(0.900) 196(0.842) 197(0.842) 198(0.842) 199(0.842) 211(0.900) 212(0.900) 213(0.900) 214(0.900) 215(0.900) 216(0.900) 217(0.900) 231(0.900) 232(0.900) 233(0.900) 234(0.900) 235(0.900) 236(0.900) 237(0.900) 251(0.900) 252(0.900) 253(0.900) 254(0.900) 255(0.900) 256(0.900) 257(0.900) 271(0.900) 272(0.900) 273(0.900) 274(0.900) 275(0.900) 276(0.900) 277(0.900) 291(0.900) 292(0.900) 293(0.900) 294(0.900) 295(0.900) 296(0.900) 297(0.900) 313(0.900) 314(0.900) 315(0.900) 316(0.602) 317(0.602) 318(0.602) 319(0.602) 334(0.602) 335(0.602) 336(0.602) 337(0.602) 338(0.602) 339(0.602) 354(0.602) 355(0.602) 356(0.602) 357(0.602) 358(0.602) 359(0.602) 374(0.602) 375(0.602) 376(0.602) 377(0.602) 378(0.602) 379(0.602) 394(0.602) 395(0.602) 396(0.602) 397(0.602) 398(0.602) 399(0.602) 

[EVENT] 319.485 | event=UAVWaypointArrival | nodeId=402 | cycle=9 | pos=(300.000,300.000,20.000)

[EVENT] 321.290 | event=UAVWaypointArrival | nodeId=401 | cycle=1 | pos=(280.000,40.000,20.000)

[EVENT] 325.500 | event=SuspiciousConfidenceSnapshot | 11(0.369) 12(0.369) 13(0.369) 14(0.369) 15(0.369) 16(0.369) 17(0.369) 31(0.369) 32(0.369) 33(0.369) 34(0.369) 35(0.369) 36(0.369) 37(0.369) 51(0.369) 52(0.369) 53(0.369) 54(0.369) 55(0.369) 56(0.369) 57(0.369) 73(0.369) 74(0.369) 75(0.369) 76(0.842) 77(0.842) 78(0.842) 79(0.842) 94(0.842) 95(0.842) 96(0.842) 97(0.842) 98(0.842) 99(0.842) 114(0.842) 115(0.842) 116(0.842) 117(0.842) 118(0.842) 119(0.842) 134(0.842) 135(0.842) 136(0.842) 137(0.842) 138(0.842) 139(0.842) 154(0.842) 155(0.842) 156(0.842) 157(0.842) 158(0.842) 159(0.842) 174(0.842) 175(0.842) 176(0.842) 177(0.842) 178(0.842) 179(0.842) 193(0.874) 194(0.900) 195(0.900) 196(0.842) 197(0.842) 198(0.842) 199(0.842) 211(0.900) 212(0.900) 213(0.900) 214(0.900) 215(0.900) 216(0.900) 217(0.900) 231(0.900) 232(0.900) 233(0.900) 234(0.900) 235(0.900) 236(0.900) 237(0.900) 251(0.900) 252(0.900) 253(0.900) 254(0.900) 255(0.900) 256(0.900) 257(0.900) 271(0.900) 272(0.900) 273(0.900) 274(0.900) 275(0.900) 276(0.900) 277(0.900) 291(0.900) 292(0.900) 293(0.900) 294(0.900) 295(0.900) 296(0.900) 297(0.900) 313(0.900) 314(0.900) 315(0.900) 316(0.602) 317(0.602) 318(0.602) 319(0.602) 334(0.602) 335(0.602) 336(0.602) 337(0.602) 338(0.602) 339(0.602) 354(0.602) 355(0.602) 356(0.602) 357(0.602) 358(0.602) 359(0.602) 374(0.602) 375(0.602) 376(0.602) 377(0.602) 378(0.602) 379(0.602) 394(0.602) 395(0.602) 396(0.602) 397(0.602) 398(0.602) 399(0.602) 

[EVENT] 335.500 | event=SuspiciousConfidenceSnapshot | 11(0.369) 12(0.369) 13(0.369) 14(0.369) 15(0.369) 16(0.369) 17(0.369) 31(0.369) 32(0.369) 33(0.369) 34(0.369) 35(0.369) 36(0.369) 37(0.369) 51(0.369) 52(0.369) 53(0.369) 54(0.369) 55(0.369) 56(0.369) 57(0.369) 73(0.369) 74(0.369) 75(0.369) 76(0.842) 77(0.842) 78(0.842) 79(0.842) 94(0.842) 95(0.842) 96(0.842) 97(0.842) 98(0.842) 99(0.842) 114(0.842) 115(0.842) 116(0.842) 117(0.842) 118(0.842) 119(0.842) 134(0.842) 135(0.842) 136(0.842) 137(0.842) 138(0.842) 139(0.842) 154(0.842) 155(0.842) 156(0.842) 157(0.842) 158(0.842) 159(0.842) 174(0.842) 175(0.842) 176(0.842) 177(0.842) 178(0.842) 179(0.842) 193(0.874) 194(0.900) 195(0.900) 196(0.842) 197(0.842) 198(0.842) 199(0.842) 211(0.900) 212(0.900) 213(0.900) 214(0.900) 215(0.900) 216(0.900) 217(0.900) 231(0.900) 232(0.900) 233(0.900) 234(0.900) 235(0.900) 236(0.900) 237(0.900) 251(0.900) 252(0.900) 253(0.900) 254(0.900) 255(0.900) 256(0.900) 257(0.900) 271(0.900) 272(0.900) 273(0.900) 274(0.900) 275(0.900) 276(0.900) 277(0.900) 291(0.900) 292(0.900) 293(0.900) 294(0.900) 295(0.900) 296(0.900) 297(0.900) 313(0.900) 314(0.900) 315(0.900) 316(0.602) 317(0.602) 318(0.602) 319(0.602) 334(0.602) 335(0.602) 336(0.602) 337(0.602) 338(0.602) 339(0.602) 354(0.602) 355(0.602) 356(0.602) 357(0.602) 358(0.602) 359(0.602) 374(0.602) 375(0.602) 376(0.602) 377(0.602) 378(0.602) 379(0.602) 394(0.602) 395(0.602) 396(0.602) 397(0.602) 398(0.602) 399(0.602) 

[EVENT] 338.904 | event=UAVWaypointArrival | nodeId=401 | cycle=1 | pos=(300.000,40.000,20.000)

[EVENT] 341.417 | event=UAVWaypointArrival | nodeId=402 | cycle=10 | pos=(300.000,80.000,20.000)

[EVENT] 342.417 | event=UAVWaypointArrival | nodeId=402 | cycle=10 | pos=(300.000,60.000,20.000)

[EVENT] 345.500 | event=SuspiciousConfidenceSnapshot | 11(0.369) 12(0.369) 13(0.369) 14(0.369) 15(0.369) 16(0.369) 17(0.369) 31(0.369) 32(0.369) 33(0.369) 34(0.369) 35(0.369) 36(0.369) 37(0.369) 51(0.369) 52(0.369) 53(0.369) 54(0.369) 55(0.369) 56(0.369) 57(0.369) 73(0.369) 74(0.369) 75(0.369) 76(0.842) 77(0.842) 78(0.842) 79(0.842) 94(0.842) 95(0.842) 96(0.842) 97(0.842) 98(0.842) 99(0.842) 114(0.842) 115(0.842) 116(0.842) 117(0.842) 118(0.842) 119(0.842) 134(0.842) 135(0.842) 136(0.842) 137(0.842) 138(0.842) 139(0.842) 154(0.842) 155(0.842) 156(0.842) 157(0.842) 158(0.842) 159(0.842) 174(0.842) 175(0.842) 176(0.842) 177(0.842) 178(0.842) 179(0.842) 193(0.874) 194(0.900) 195(0.900) 196(0.842) 197(0.842) 198(0.842) 199(0.842) 211(0.900) 212(0.900) 213(0.900) 214(0.900) 215(0.900) 216(0.900) 217(0.900) 231(0.900) 232(0.900) 233(0.900) 234(0.900) 235(0.900) 236(0.900) 237(0.900) 251(0.900) 252(0.900) 253(0.900) 254(0.900) 255(0.900) 256(0.900) 257(0.900) 271(0.900) 272(0.900) 273(0.900) 274(0.900) 275(0.900) 276(0.900) 277(0.900) 291(0.900) 292(0.900) 293(0.900) 294(0.900) 295(0.900) 296(0.900) 297(0.900) 313(0.900) 314(0.900) 315(0.900) 316(0.602) 317(0.602) 318(0.602) 319(0.602) 334(0.602) 335(0.602) 336(0.602) 337(0.602) 338(0.602) 339(0.602) 354(0.602) 355(0.602) 356(0.602) 357(0.602) 358(0.602) 359(0.602) 374(0.602) 375(0.602) 376(0.602) 377(0.602) 378(0.602) 379(0.602) 394(0.602) 395(0.602) 396(0.602) 397(0.602) 398(0.602) 399(0.602) 

[EVENT] 349.417 | event=UAVWaypointArrival | nodeId=402 | cycle=10 | pos=(300.000,200.000,20.000)

[EVENT] 354.417 | event=UAVWaypointArrival | nodeId=402 | cycle=10 | pos=(300.000,300.000,20.000)

[EVENT] 355.500 | event=SuspiciousConfidenceSnapshot | 11(0.369) 12(0.369) 13(0.369) 14(0.369) 15(0.369) 16(0.369) 17(0.369) 31(0.369) 32(0.369) 33(0.369) 34(0.369) 35(0.369) 36(0.369) 37(0.369) 51(0.369) 52(0.369) 53(0.369) 54(0.369) 55(0.369) 56(0.369) 57(0.369) 73(0.369) 74(0.369) 75(0.369) 76(0.842) 77(0.842) 78(0.842) 79(0.842) 94(0.842) 95(0.842) 96(0.842) 97(0.842) 98(0.842) 99(0.842) 114(0.842) 115(0.842) 116(0.842) 117(0.842) 118(0.842) 119(0.842) 134(0.842) 135(0.842) 136(0.842) 137(0.842) 138(0.842) 139(0.842) 154(0.842) 155(0.842) 156(0.842) 157(0.842) 158(0.842) 159(0.842) 174(0.842) 175(0.842) 176(0.842) 177(0.842) 178(0.842) 179(0.842) 193(0.874) 194(0.900) 195(0.900) 196(0.842) 197(0.842) 198(0.842) 199(0.842) 211(0.900) 212(0.900) 213(0.900) 214(0.900) 215(0.900) 216(0.900) 217(0.900) 231(0.900) 232(0.900) 233(0.900) 234(0.900) 235(0.900) 236(0.900) 237(0.900) 251(0.900) 252(0.900) 253(0.900) 254(0.900) 255(0.900) 256(0.900) 257(0.900) 271(0.900) 272(0.900) 273(0.900) 274(0.900) 275(0.900) 276(0.900) 277(0.900) 291(0.900) 292(0.900) 293(0.900) 294(0.900) 295(0.900) 296(0.900) 297(0.900) 313(0.900) 314(0.900) 315(0.900) 316(0.602) 317(0.602) 318(0.602) 319(0.602) 334(0.602) 335(0.602) 336(0.602) 337(0.602) 338(0.602) 339(0.602) 354(0.602) 355(0.602) 356(0.602) 357(0.602) 358(0.602) 359(0.602) 374(0.602) 375(0.602) 376(0.602) 377(0.602) 378(0.602) 379(0.602) 394(0.602) 395(0.602) 396(0.602) 397(0.602) 398(0.602) 399(0.602) 

[EVENT] 356.517 | event=UAVWaypointArrival | nodeId=401 | cycle=1 | pos=(320.000,40.000,20.000)

[EVENT] 365.500 | event=SuspiciousConfidenceSnapshot | 11(0.369) 12(0.369) 13(0.369) 14(0.369) 15(0.369) 16(0.369) 17(0.369) 31(0.369) 32(0.369) 33(0.369) 34(0.369) 35(0.369) 36(0.369) 37(0.369) 51(0.369) 52(0.369) 53(0.369) 54(0.369) 55(0.369) 56(0.369) 57(0.369) 73(0.369) 74(0.369) 75(0.369) 76(0.842) 77(0.842) 78(0.842) 79(0.842) 94(0.842) 95(0.842) 96(0.842) 97(0.842) 98(0.842) 99(0.842) 114(0.842) 115(0.842) 116(0.842) 117(0.842) 118(0.842) 119(0.842) 134(0.842) 135(0.842) 136(0.842) 137(0.842) 138(0.842) 139(0.842) 154(0.842) 155(0.842) 156(0.842) 157(0.842) 158(0.842) 159(0.842) 174(0.842) 175(0.842) 176(0.842) 177(0.842) 178(0.842) 179(0.842) 193(0.874) 194(0.900) 195(0.900) 196(0.842) 197(0.842) 198(0.842) 199(0.842) 211(0.900) 212(0.900) 213(0.900) 214(0.900) 215(0.900) 216(0.900) 217(0.900) 231(0.900) 232(0.900) 233(0.900) 234(0.900) 235(0.900) 236(0.900) 237(0.900) 251(0.900) 252(0.900) 253(0.900) 254(0.900) 255(0.900) 256(0.900) 257(0.900) 271(0.900) 272(0.900) 273(0.900) 274(0.900) 275(0.900) 276(0.900) 277(0.900) 291(0.900) 292(0.900) 293(0.900) 294(0.900) 295(0.900) 296(0.900) 297(0.900) 313(0.900) 314(0.900) 315(0.900) 316(0.602) 317(0.602) 318(0.602) 319(0.602) 334(0.602) 335(0.602) 336(0.602) 337(0.602) 338(0.602) 339(0.602) 354(0.602) 355(0.602) 356(0.602) 357(0.602) 358(0.602) 359(0.602) 374(0.602) 375(0.602) 376(0.602) 377(0.602) 378(0.602) 379(0.602) 394(0.602) 395(0.602) 396(0.602) 397(0.602) 398(0.602) 399(0.602) 

[EVENT] 374.131 | event=UAVWaypointArrival | nodeId=401 | cycle=1 | pos=(340.000,40.000,20.000)

[EVENT] 375.500 | event=SuspiciousConfidenceSnapshot | 11(0.369) 12(0.369) 13(0.369) 14(0.369) 15(0.369) 16(0.369) 17(0.369) 31(0.369) 32(0.369) 33(0.369) 34(0.369) 35(0.369) 36(0.369) 37(0.369) 51(0.369) 52(0.369) 53(0.369) 54(0.369) 55(0.369) 56(0.369) 57(0.369) 73(0.369) 74(0.369) 75(0.369) 76(0.842) 77(0.842) 78(0.842) 79(0.842) 94(0.842) 95(0.842) 96(0.842) 97(0.842) 98(0.842) 99(0.842) 114(0.842) 115(0.842) 116(0.842) 117(0.842) 118(0.842) 119(0.842) 134(0.842) 135(0.842) 136(0.842) 137(0.842) 138(0.842) 139(0.842) 154(0.842) 155(0.842) 156(0.842) 157(0.842) 158(0.842) 159(0.842) 174(0.842) 175(0.842) 176(0.842) 177(0.842) 178(0.842) 179(0.842) 193(0.874) 194(0.900) 195(0.900) 196(0.842) 197(0.842) 198(0.842) 199(0.842) 211(0.900) 212(0.900) 213(0.900) 214(0.900) 215(0.900) 216(0.900) 217(0.900) 231(0.900) 232(0.900) 233(0.900) 234(0.900) 235(0.900) 236(0.900) 237(0.900) 251(0.900) 252(0.900) 253(0.900) 254(0.900) 255(0.900) 256(0.900) 257(0.900) 271(0.900) 272(0.900) 273(0.900) 274(0.900) 275(0.900) 276(0.900) 277(0.900) 291(0.900) 292(0.900) 293(0.900) 294(0.900) 295(0.900) 296(0.900) 297(0.900) 313(0.900) 314(0.900) 315(0.900) 316(0.602) 317(0.602) 318(0.602) 319(0.602) 334(0.602) 335(0.602) 336(0.602) 337(0.602) 338(0.602) 339(0.602) 354(0.602) 355(0.602) 356(0.602) 357(0.602) 358(0.602) 359(0.602) 374(0.602) 375(0.602) 376(0.602) 377(0.602) 378(0.602) 379(0.602) 394(0.602) 395(0.602) 396(0.602) 397(0.602) 398(0.602) 399(0.602) 

[EVENT] 376.349 | event=UAVWaypointArrival | nodeId=402 | cycle=11 | pos=(300.000,80.000,20.000)

[EVENT] 377.349 | event=UAVWaypointArrival | nodeId=402 | cycle=11 | pos=(300.000,60.000,20.000)

[EVENT] 384.349 | event=UAVWaypointArrival | nodeId=402 | cycle=11 | pos=(300.000,200.000,20.000)

[EVENT] 385.500 | event=SuspiciousConfidenceSnapshot | 11(0.369) 12(0.369) 13(0.369) 14(0.369) 15(0.369) 16(0.369) 17(0.369) 31(0.369) 32(0.369) 33(0.369) 34(0.369) 35(0.369) 36(0.369) 37(0.369) 51(0.369) 52(0.369) 53(0.369) 54(0.369) 55(0.369) 56(0.369) 57(0.369) 73(0.369) 74(0.369) 75(0.369) 76(0.842) 77(0.842) 78(0.842) 79(0.842) 94(0.842) 95(0.842) 96(0.842) 97(0.842) 98(0.842) 99(0.842) 114(0.842) 115(0.842) 116(0.842) 117(0.842) 118(0.842) 119(0.842) 134(0.842) 135(0.842) 136(0.842) 137(0.842) 138(0.842) 139(0.842) 154(0.842) 155(0.842) 156(0.842) 157(0.842) 158(0.842) 159(0.842) 174(0.842) 175(0.842) 176(0.842) 177(0.842) 178(0.842) 179(0.842) 193(0.874) 194(0.900) 195(0.900) 196(0.842) 197(0.842) 198(0.842) 199(0.842) 211(0.900) 212(0.900) 213(0.900) 214(0.900) 215(0.900) 216(0.900) 217(0.900) 231(0.900) 232(0.900) 233(0.900) 234(0.900) 235(0.900) 236(0.900) 237(0.900) 251(0.900) 252(0.900) 253(0.900) 254(0.900) 255(0.900) 256(0.900) 257(0.900) 271(0.900) 272(0.900) 273(0.900) 274(0.900) 275(0.900) 276(0.900) 277(0.900) 291(0.900) 292(0.900) 293(0.900) 294(0.900) 295(0.900) 296(0.900) 297(0.900) 313(0.900) 314(0.900) 315(0.900) 316(0.602) 317(0.602) 318(0.602) 319(0.602) 334(0.602) 335(0.602) 336(0.602) 337(0.602) 338(0.602) 339(0.602) 354(0.602) 355(0.602) 356(0.602) 357(0.602) 358(0.602) 359(0.602) 374(0.602) 375(0.602) 376(0.602) 377(0.602) 378(0.602) 379(0.602) 394(0.602) 395(0.602) 396(0.602) 397(0.602) 398(0.602) 399(0.602) 

[EVENT] 389.349 | event=UAVWaypointArrival | nodeId=402 | cycle=11 | pos=(300.000,300.000,20.000)

[EVENT] 391.744 | event=UAVWaypointArrival | nodeId=401 | cycle=1 | pos=(340.000,60.000,20.000)

[EVENT] 395.500 | event=SuspiciousConfidenceSnapshot | 11(0.369) 12(0.369) 13(0.369) 14(0.369) 15(0.369) 16(0.369) 17(0.369) 31(0.369) 32(0.369) 33(0.369) 34(0.369) 35(0.369) 36(0.369) 37(0.369) 51(0.369) 52(0.369) 53(0.369) 54(0.369) 55(0.369) 56(0.369) 57(0.369) 73(0.369) 74(0.369) 75(0.369) 76(0.842) 77(0.842) 78(0.842) 79(0.842) 94(0.842) 95(0.842) 96(0.842) 97(0.842) 98(0.842) 99(0.842) 114(0.842) 115(0.842) 116(0.842) 117(0.842) 118(0.842) 119(0.842) 134(0.842) 135(0.842) 136(0.842) 137(0.842) 138(0.842) 139(0.842) 154(0.842) 155(0.842) 156(0.842) 157(0.842) 158(0.842) 159(0.842) 174(0.842) 175(0.842) 176(0.842) 177(0.842) 178(0.842) 179(0.842) 193(0.874) 194(0.900) 195(0.900) 196(0.842) 197(0.842) 198(0.842) 199(0.842) 211(0.900) 212(0.900) 213(0.900) 214(0.900) 215(0.900) 216(0.900) 217(0.900) 231(0.900) 232(0.900) 233(0.900) 234(0.900) 235(0.900) 236(0.900) 237(0.900) 251(0.900) 252(0.900) 253(0.900) 254(0.900) 255(0.900) 256(0.900) 257(0.900) 271(0.900) 272(0.900) 273(0.900) 274(0.900) 275(0.900) 276(0.900) 277(0.900) 291(0.900) 292(0.900) 293(0.900) 294(0.900) 295(0.900) 296(0.900) 297(0.900) 313(0.900) 314(0.900) 315(0.900) 316(0.602) 317(0.602) 318(0.602) 319(0.602) 334(0.602) 335(0.602) 336(0.602) 337(0.602) 338(0.602) 339(0.602) 354(0.602) 355(0.602) 356(0.602) 357(0.602) 358(0.602) 359(0.602) 374(0.602) 375(0.602) 376(0.602) 377(0.602) 378(0.602) 379(0.602) 394(0.602) 395(0.602) 396(0.602) 397(0.602) 398(0.602) 399(0.602) 

[EVENT] 405.500 | event=SuspiciousConfidenceSnapshot | 11(0.369) 12(0.369) 13(0.369) 14(0.369) 15(0.369) 16(0.369) 17(0.369) 31(0.369) 32(0.369) 33(0.369) 34(0.369) 35(0.369) 36(0.369) 37(0.369) 51(0.369) 52(0.369) 53(0.369) 54(0.369) 55(0.369) 56(0.369) 57(0.369) 73(0.369) 74(0.369) 75(0.369) 76(0.842) 77(0.842) 78(0.842) 79(0.842) 94(0.842) 95(0.842) 96(0.842) 97(0.842) 98(0.842) 99(0.842) 114(0.842) 115(0.842) 116(0.842) 117(0.842) 118(0.842) 119(0.842) 134(0.842) 135(0.842) 136(0.842) 137(0.842) 138(0.842) 139(0.842) 154(0.842) 155(0.842) 156(0.842) 157(0.842) 158(0.842) 159(0.842) 174(0.842) 175(0.842) 176(0.842) 177(0.842) 178(0.842) 179(0.842) 193(0.874) 194(0.900) 195(0.900) 196(0.842) 197(0.842) 198(0.842) 199(0.842) 211(0.900) 212(0.900) 213(0.900) 214(0.900) 215(0.900) 216(0.900) 217(0.900) 231(0.900) 232(0.900) 233(0.900) 234(0.900) 235(0.900) 236(0.900) 237(0.900) 251(0.900) 252(0.900) 253(0.900) 254(0.900) 255(0.900) 256(0.900) 257(0.900) 271(0.900) 272(0.900) 273(0.900) 274(0.900) 275(0.900) 276(0.900) 277(0.900) 291(0.900) 292(0.900) 293(0.900) 294(0.900) 295(0.900) 296(0.900) 297(0.900) 313(0.900) 314(0.900) 315(0.900) 316(0.602) 317(0.602) 318(0.602) 319(0.602) 334(0.602) 335(0.602) 336(0.602) 337(0.602) 338(0.602) 339(0.602) 354(0.602) 355(0.602) 356(0.602) 357(0.602) 358(0.602) 359(0.602) 374(0.602) 375(0.602) 376(0.602) 377(0.602) 378(0.602) 379(0.602) 394(0.602) 395(0.602) 396(0.602) 397(0.602) 398(0.602) 399(0.602) 

[EVENT] 409.357 | event=UAVWaypointArrival | nodeId=401 | cycle=1 | pos=(320.000,60.000,20.000)

[EVENT] 411.281 | event=UAVWaypointArrival | nodeId=402 | cycle=12 | pos=(300.000,80.000,20.000)

[EVENT] 412.281 | event=UAVWaypointArrival | nodeId=402 | cycle=12 | pos=(300.000,60.000,20.000)

[EVENT] 415.500 | event=SuspiciousConfidenceSnapshot | 11(0.369) 12(0.369) 13(0.369) 14(0.369) 15(0.369) 16(0.369) 17(0.369) 31(0.369) 32(0.369) 33(0.369) 34(0.369) 35(0.369) 36(0.369) 37(0.369) 51(0.369) 52(0.369) 53(0.369) 54(0.369) 55(0.369) 56(0.369) 57(0.369) 73(0.369) 74(0.369) 75(0.369) 76(0.842) 77(0.842) 78(0.842) 79(0.842) 94(0.842) 95(0.842) 96(0.842) 97(0.842) 98(0.842) 99(0.842) 114(0.842) 115(0.842) 116(0.842) 117(0.842) 118(0.842) 119(0.842) 134(0.842) 135(0.842) 136(0.842) 137(0.842) 138(0.842) 139(0.842) 154(0.842) 155(0.842) 156(0.842) 157(0.842) 158(0.842) 159(0.842) 174(0.842) 175(0.842) 176(0.842) 177(0.842) 178(0.842) 179(0.842) 193(0.874) 194(0.900) 195(0.900) 196(0.842) 197(0.842) 198(0.842) 199(0.842) 211(0.900) 212(0.900) 213(0.900) 214(0.900) 215(0.900) 216(0.900) 217(0.900) 231(0.900) 232(0.900) 233(0.900) 234(0.900) 235(0.900) 236(0.900) 237(0.900) 251(0.900) 252(0.900) 253(0.900) 254(0.900) 255(0.900) 256(0.900) 257(0.900) 271(0.900) 272(0.900) 273(0.900) 274(0.900) 275(0.900) 276(0.900) 277(0.900) 291(0.900) 292(0.900) 293(0.900) 294(0.900) 295(0.900) 296(0.900) 297(0.900) 313(0.900) 314(0.900) 315(0.900) 316(0.602) 317(0.602) 318(0.602) 319(0.602) 334(0.602) 335(0.602) 336(0.602) 337(0.602) 338(0.602) 339(0.602) 354(0.602) 355(0.602) 356(0.602) 357(0.602) 358(0.602) 359(0.602) 374(0.602) 375(0.602) 376(0.602) 377(0.602) 378(0.602) 379(0.602) 394(0.602) 395(0.602) 396(0.602) 397(0.602) 398(0.602) 399(0.602) 

[EVENT] 419.281 | event=UAVWaypointArrival | nodeId=402 | cycle=12 | pos=(300.000,200.000,20.000)

[EVENT] 424.281 | event=UAVWaypointArrival | nodeId=402 | cycle=12 | pos=(300.000,300.000,20.000)

[EVENT] 425.500 | event=SuspiciousConfidenceSnapshot | 11(0.369) 12(0.369) 13(0.369) 14(0.369) 15(0.369) 16(0.369) 17(0.369) 31(0.369) 32(0.369) 33(0.369) 34(0.369) 35(0.369) 36(0.369) 37(0.369) 51(0.369) 52(0.369) 53(0.369) 54(0.369) 55(0.369) 56(0.369) 57(0.369) 73(0.369) 74(0.369) 75(0.369) 76(0.842) 77(0.842) 78(0.842) 79(0.842) 94(0.842) 95(0.842) 96(0.842) 97(0.842) 98(0.842) 99(0.842) 114(0.842) 115(0.842) 116(0.842) 117(0.842) 118(0.842) 119(0.842) 134(0.842) 135(0.842) 136(0.842) 137(0.842) 138(0.842) 139(0.842) 154(0.842) 155(0.842) 156(0.842) 157(0.842) 158(0.842) 159(0.842) 174(0.842) 175(0.842) 176(0.842) 177(0.842) 178(0.842) 179(0.842) 193(0.874) 194(0.900) 195(0.900) 196(0.842) 197(0.842) 198(0.842) 199(0.842) 211(0.900) 212(0.900) 213(0.900) 214(0.900) 215(0.900) 216(0.900) 217(0.900) 231(0.900) 232(0.900) 233(0.900) 234(0.900) 235(0.900) 236(0.900) 237(0.900) 251(0.900) 252(0.900) 253(0.900) 254(0.900) 255(0.900) 256(0.900) 257(0.900) 271(0.900) 272(0.900) 273(0.900) 274(0.900) 275(0.900) 276(0.900) 277(0.900) 291(0.900) 292(0.900) 293(0.900) 294(0.900) 295(0.900) 296(0.900) 297(0.900) 313(0.900) 314(0.900) 315(0.900) 316(0.602) 317(0.602) 318(0.602) 319(0.602) 334(0.602) 335(0.602) 336(0.602) 337(0.602) 338(0.602) 339(0.602) 354(0.602) 355(0.602) 356(0.602) 357(0.602) 358(0.602) 359(0.602) 374(0.602) 375(0.602) 376(0.602) 377(0.602) 378(0.602) 379(0.602) 394(0.602) 395(0.602) 396(0.602) 397(0.602) 398(0.602) 399(0.602) 

[EVENT] 426.971 | event=UAVWaypointArrival | nodeId=401 | cycle=1 | pos=(300.000,60.000,20.000)

[EVENT] 435.500 | event=SuspiciousConfidenceSnapshot | 11(0.369) 12(0.369) 13(0.369) 14(0.369) 15(0.369) 16(0.369) 17(0.369) 31(0.369) 32(0.369) 33(0.369) 34(0.369) 35(0.369) 36(0.369) 37(0.369) 51(0.369) 52(0.369) 53(0.369) 54(0.369) 55(0.369) 56(0.369) 57(0.369) 73(0.369) 74(0.369) 75(0.369) 76(0.842) 77(0.842) 78(0.842) 79(0.842) 94(0.842) 95(0.842) 96(0.842) 97(0.842) 98(0.842) 99(0.842) 114(0.842) 115(0.842) 116(0.842) 117(0.842) 118(0.842) 119(0.842) 134(0.842) 135(0.842) 136(0.842) 137(0.842) 138(0.842) 139(0.842) 154(0.842) 155(0.842) 156(0.842) 157(0.842) 158(0.842) 159(0.842) 174(0.842) 175(0.842) 176(0.842) 177(0.842) 178(0.842) 179(0.842) 193(0.874) 194(0.900) 195(0.900) 196(0.842) 197(0.842) 198(0.842) 199(0.842) 211(0.900) 212(0.900) 213(0.900) 214(0.900) 215(0.900) 216(0.900) 217(0.900) 231(0.900) 232(0.900) 233(0.900) 234(0.900) 235(0.900) 236(0.900) 237(0.900) 251(0.900) 252(0.900) 253(0.900) 254(0.900) 255(0.900) 256(0.900) 257(0.900) 271(0.900) 272(0.900) 273(0.900) 274(0.900) 275(0.900) 276(0.900) 277(0.900) 291(0.900) 292(0.900) 293(0.900) 294(0.900) 295(0.900) 296(0.900) 297(0.900) 313(0.900) 314(0.900) 315(0.900) 316(0.602) 317(0.602) 318(0.602) 319(0.602) 334(0.602) 335(0.602) 336(0.602) 337(0.602) 338(0.602) 339(0.602) 354(0.602) 355(0.602) 356(0.602) 357(0.602) 358(0.602) 359(0.602) 374(0.602) 375(0.602) 376(0.602) 377(0.602) 378(0.602) 379(0.602) 394(0.602) 395(0.602) 396(0.602) 397(0.602) 398(0.602) 399(0.602) 

[EVENT] 444.584 | event=UAVWaypointArrival | nodeId=401 | cycle=1 | pos=(280.000,60.000,20.000)

[EVENT] 445.500 | event=SuspiciousConfidenceSnapshot | 11(0.369) 12(0.369) 13(0.369) 14(0.369) 15(0.369) 16(0.369) 17(0.369) 31(0.369) 32(0.369) 33(0.369) 34(0.369) 35(0.369) 36(0.369) 37(0.369) 51(0.369) 52(0.369) 53(0.369) 54(0.369) 55(0.369) 56(0.369) 57(0.369) 73(0.369) 74(0.369) 75(0.369) 76(0.842) 77(0.842) 78(0.842) 79(0.842) 94(0.842) 95(0.842) 96(0.842) 97(0.842) 98(0.842) 99(0.842) 114(0.842) 115(0.842) 116(0.842) 117(0.842) 118(0.842) 119(0.842) 134(0.842) 135(0.842) 136(0.842) 137(0.842) 138(0.842) 139(0.842) 154(0.842) 155(0.842) 156(0.842) 157(0.842) 158(0.842) 159(0.842) 174(0.842) 175(0.842) 176(0.842) 177(0.842) 178(0.842) 179(0.842) 193(0.874) 194(0.900) 195(0.900) 196(0.842) 197(0.842) 198(0.842) 199(0.842) 211(0.900) 212(0.900) 213(0.900) 214(0.900) 215(0.900) 216(0.900) 217(0.900) 231(0.900) 232(0.900) 233(0.900) 234(0.900) 235(0.900) 236(0.900) 237(0.900) 251(0.900) 252(0.900) 253(0.900) 254(0.900) 255(0.900) 256(0.900) 257(0.900) 271(0.900) 272(0.900) 273(0.900) 274(0.900) 275(0.900) 276(0.900) 277(0.900) 291(0.900) 292(0.900) 293(0.900) 294(0.900) 295(0.900) 296(0.900) 297(0.900) 313(0.900) 314(0.900) 315(0.900) 316(0.602) 317(0.602) 318(0.602) 319(0.602) 334(0.602) 335(0.602) 336(0.602) 337(0.602) 338(0.602) 339(0.602) 354(0.602) 355(0.602) 356(0.602) 357(0.602) 358(0.602) 359(0.602) 374(0.602) 375(0.602) 376(0.602) 377(0.602) 378(0.602) 379(0.602) 394(0.602) 395(0.602) 396(0.602) 397(0.602) 398(0.602) 399(0.602) 

[EVENT] 446.212 | event=UAVWaypointArrival | nodeId=402 | cycle=13 | pos=(300.000,80.000,20.000)

[EVENT] 447.212 | event=UAVWaypointArrival | nodeId=402 | cycle=13 | pos=(300.000,60.000,20.000)

[EVENT] 454.212 | event=UAVWaypointArrival | nodeId=402 | cycle=13 | pos=(300.000,200.000,20.000)

[EVENT] 455.500 | event=SuspiciousConfidenceSnapshot | 11(0.369) 12(0.369) 13(0.369) 14(0.369) 15(0.369) 16(0.369) 17(0.369) 31(0.369) 32(0.369) 33(0.369) 34(0.369) 35(0.369) 36(0.369) 37(0.369) 51(0.369) 52(0.369) 53(0.369) 54(0.369) 55(0.369) 56(0.369) 57(0.369) 73(0.369) 74(0.369) 75(0.369) 76(0.842) 77(0.842) 78(0.842) 79(0.842) 94(0.842) 95(0.842) 96(0.842) 97(0.842) 98(0.842) 99(0.842) 114(0.842) 115(0.842) 116(0.842) 117(0.842) 118(0.842) 119(0.842) 134(0.842) 135(0.842) 136(0.842) 137(0.842) 138(0.842) 139(0.842) 154(0.842) 155(0.842) 156(0.842) 157(0.842) 158(0.842) 159(0.842) 174(0.842) 175(0.842) 176(0.842) 177(0.842) 178(0.842) 179(0.842) 193(0.874) 194(0.900) 195(0.900) 196(0.842) 197(0.842) 198(0.842) 199(0.842) 211(0.900) 212(0.900) 213(0.900) 214(0.900) 215(0.900) 216(0.900) 217(0.900) 231(0.900) 232(0.900) 233(0.900) 234(0.900) 235(0.900) 236(0.900) 237(0.900) 251(0.900) 252(0.900) 253(0.900) 254(0.900) 255(0.900) 256(0.900) 257(0.900) 271(0.900) 272(0.900) 273(0.900) 274(0.900) 275(0.900) 276(0.900) 277(0.900) 291(0.900) 292(0.900) 293(0.900) 294(0.900) 295(0.900) 296(0.900) 297(0.900) 313(0.900) 314(0.900) 315(0.900) 316(0.602) 317(0.602) 318(0.602) 319(0.602) 334(0.602) 335(0.602) 336(0.602) 337(0.602) 338(0.602) 339(0.602) 354(0.602) 355(0.602) 356(0.602) 357(0.602) 358(0.602) 359(0.602) 374(0.602) 375(0.602) 376(0.602) 377(0.602) 378(0.602) 379(0.602) 394(0.602) 395(0.602) 396(0.602) 397(0.602) 398(0.602) 399(0.602) 

[EVENT] 459.212 | event=UAVWaypointArrival | nodeId=402 | cycle=13 | pos=(300.000,300.000,20.000)

[EVENT] 462.197 | event=UAVWaypointArrival | nodeId=401 | cycle=1 | pos=(260.000,60.000,20.000)

[EVENT] 465.500 | event=SuspiciousConfidenceSnapshot | 11(0.369) 12(0.369) 13(0.369) 14(0.369) 15(0.369) 16(0.369) 17(0.369) 31(0.369) 32(0.369) 33(0.369) 34(0.369) 35(0.369) 36(0.369) 37(0.369) 51(0.369) 52(0.369) 53(0.369) 54(0.369) 55(0.369) 56(0.369) 57(0.369) 73(0.369) 74(0.369) 75(0.369) 76(0.842) 77(0.842) 78(0.842) 79(0.842) 94(0.842) 95(0.842) 96(0.842) 97(0.842) 98(0.842) 99(0.842) 114(0.842) 115(0.842) 116(0.842) 117(0.842) 118(0.842) 119(0.842) 134(0.842) 135(0.842) 136(0.842) 137(0.842) 138(0.842) 139(0.842) 154(0.842) 155(0.842) 156(0.842) 157(0.842) 158(0.842) 159(0.842) 174(0.842) 175(0.842) 176(0.842) 177(0.842) 178(0.842) 179(0.842) 193(0.874) 194(0.900) 195(0.900) 196(0.842) 197(0.842) 198(0.842) 199(0.842) 211(0.900) 212(0.900) 213(0.900) 214(0.900) 215(0.900) 216(0.900) 217(0.900) 231(0.900) 232(0.900) 233(0.900) 234(0.900) 235(0.900) 236(0.900) 237(0.900) 251(0.900) 252(0.900) 253(0.900) 254(0.900) 255(0.900) 256(0.900) 257(0.900) 271(0.900) 272(0.900) 273(0.900) 274(0.900) 275(0.900) 276(0.900) 277(0.900) 291(0.900) 292(0.900) 293(0.900) 294(0.900) 295(0.900) 296(0.900) 297(0.900) 313(0.900) 314(0.900) 315(0.900) 316(0.602) 317(0.602) 318(0.602) 319(0.602) 334(0.602) 335(0.602) 336(0.602) 337(0.602) 338(0.602) 339(0.602) 354(0.602) 355(0.602) 356(0.602) 357(0.602) 358(0.602) 359(0.602) 374(0.602) 375(0.602) 376(0.602) 377(0.602) 378(0.602) 379(0.602) 394(0.602) 395(0.602) 396(0.602) 397(0.602) 398(0.602) 399(0.602) 

[EVENT] 475.500 | event=SuspiciousConfidenceSnapshot | 11(0.369) 12(0.369) 13(0.369) 14(0.369) 15(0.369) 16(0.369) 17(0.369) 31(0.369) 32(0.369) 33(0.369) 34(0.369) 35(0.369) 36(0.369) 37(0.369) 51(0.369) 52(0.369) 53(0.369) 54(0.369) 55(0.369) 56(0.369) 57(0.369) 73(0.369) 74(0.369) 75(0.369) 76(0.842) 77(0.842) 78(0.842) 79(0.842) 94(0.842) 95(0.842) 96(0.842) 97(0.842) 98(0.842) 99(0.842) 114(0.842) 115(0.842) 116(0.842) 117(0.842) 118(0.842) 119(0.842) 134(0.842) 135(0.842) 136(0.842) 137(0.842) 138(0.842) 139(0.842) 154(0.842) 155(0.842) 156(0.842) 157(0.842) 158(0.842) 159(0.842) 174(0.842) 175(0.842) 176(0.842) 177(0.842) 178(0.842) 179(0.842) 193(0.874) 194(0.900) 195(0.900) 196(0.842) 197(0.842) 198(0.842) 199(0.842) 211(0.900) 212(0.900) 213(0.900) 214(0.900) 215(0.900) 216(0.900) 217(0.900) 231(0.900) 232(0.900) 233(0.900) 234(0.900) 235(0.900) 236(0.900) 237(0.900) 251(0.900) 252(0.900) 253(0.900) 254(0.900) 255(0.900) 256(0.900) 257(0.900) 271(0.900) 272(0.900) 273(0.900) 274(0.900) 275(0.900) 276(0.900) 277(0.900) 291(0.900) 292(0.900) 293(0.900) 294(0.900) 295(0.900) 296(0.900) 297(0.900) 313(0.900) 314(0.900) 315(0.900) 316(0.602) 317(0.602) 318(0.602) 319(0.602) 334(0.602) 335(0.602) 336(0.602) 337(0.602) 338(0.602) 339(0.602) 354(0.602) 355(0.602) 356(0.602) 357(0.602) 358(0.602) 359(0.602) 374(0.602) 375(0.602) 376(0.602) 377(0.602) 378(0.602) 379(0.602) 394(0.602) 395(0.602) 396(0.602) 397(0.602) 398(0.602) 399(0.602) 

[EVENT] 480.225 | event=UAVWaypointArrival | nodeId=401 | cycle=1 | pos=(280.000,80.000,20.000)

[EVENT] 481.144 | event=UAVWaypointArrival | nodeId=402 | cycle=14 | pos=(300.000,80.000,20.000)

[EVENT] 482.144 | event=UAVWaypointArrival | nodeId=402 | cycle=14 | pos=(300.000,60.000,20.000)

[EVENT] 485.500 | event=SuspiciousConfidenceSnapshot | 11(0.369) 12(0.369) 13(0.369) 14(0.369) 15(0.369) 16(0.369) 17(0.369) 31(0.369) 32(0.369) 33(0.369) 34(0.369) 35(0.369) 36(0.369) 37(0.369) 51(0.369) 52(0.369) 53(0.369) 54(0.369) 55(0.369) 56(0.369) 57(0.369) 73(0.369) 74(0.369) 75(0.369) 76(0.842) 77(0.842) 78(0.842) 79(0.842) 94(0.842) 95(0.842) 96(0.842) 97(0.842) 98(0.842) 99(0.842) 114(0.842) 115(0.842) 116(0.842) 117(0.842) 118(0.842) 119(0.842) 134(0.842) 135(0.842) 136(0.842) 137(0.842) 138(0.842) 139(0.842) 154(0.842) 155(0.842) 156(0.842) 157(0.842) 158(0.842) 159(0.842) 174(0.842) 175(0.842) 176(0.842) 177(0.842) 178(0.842) 179(0.842) 193(0.874) 194(0.900) 195(0.900) 196(0.842) 197(0.842) 198(0.842) 199(0.842) 211(0.900) 212(0.900) 213(0.900) 214(0.900) 215(0.900) 216(0.900) 217(0.900) 231(0.900) 232(0.900) 233(0.900) 234(0.900) 235(0.900) 236(0.900) 237(0.900) 251(0.900) 252(0.900) 253(0.900) 254(0.900) 255(0.900) 256(0.900) 257(0.900) 271(0.900) 272(0.900) 273(0.900) 274(0.900) 275(0.900) 276(0.900) 277(0.900) 291(0.900) 292(0.900) 293(0.900) 294(0.900) 295(0.900) 296(0.900) 297(0.900) 313(0.900) 314(0.900) 315(0.900) 316(0.602) 317(0.602) 318(0.602) 319(0.602) 334(0.602) 335(0.602) 336(0.602) 337(0.602) 338(0.602) 339(0.602) 354(0.602) 355(0.602) 356(0.602) 357(0.602) 358(0.602) 359(0.602) 374(0.602) 375(0.602) 376(0.602) 377(0.602) 378(0.602) 379(0.602) 394(0.602) 395(0.602) 396(0.602) 397(0.602) 398(0.602) 399(0.602) 

[EVENT] 489.144 | event=UAVWaypointArrival | nodeId=402 | cycle=14 | pos=(300.000,200.000,20.000)

[EVENT] 494.144 | event=UAVWaypointArrival | nodeId=402 | cycle=14 | pos=(300.000,300.000,20.000)

[EVENT] 495.500 | event=SuspiciousConfidenceSnapshot | 11(0.369) 12(0.369) 13(0.369) 14(0.369) 15(0.369) 16(0.369) 17(0.369) 31(0.369) 32(0.369) 33(0.369) 34(0.369) 35(0.369) 36(0.369) 37(0.369) 51(0.369) 52(0.369) 53(0.369) 54(0.369) 55(0.369) 56(0.369) 57(0.369) 73(0.369) 74(0.369) 75(0.369) 76(0.842) 77(0.842) 78(0.842) 79(0.842) 94(0.842) 95(0.842) 96(0.842) 97(0.842) 98(0.842) 99(0.842) 114(0.842) 115(0.842) 116(0.842) 117(0.842) 118(0.842) 119(0.842) 134(0.842) 135(0.842) 136(0.842) 137(0.842) 138(0.842) 139(0.842) 154(0.842) 155(0.842) 156(0.842) 157(0.842) 158(0.842) 159(0.842) 174(0.842) 175(0.842) 176(0.842) 177(0.842) 178(0.842) 179(0.842) 193(0.874) 194(0.900) 195(0.900) 196(0.842) 197(0.842) 198(0.842) 199(0.842) 211(0.900) 212(0.900) 213(0.900) 214(0.900) 215(0.900) 216(0.900) 217(0.900) 231(0.900) 232(0.900) 233(0.900) 234(0.900) 235(0.900) 236(0.900) 237(0.900) 251(0.900) 252(0.900) 253(0.900) 254(0.900) 255(0.900) 256(0.900) 257(0.900) 271(0.900) 272(0.900) 273(0.900) 274(0.900) 275(0.900) 276(0.900) 277(0.900) 291(0.900) 292(0.900) 293(0.900) 294(0.900) 295(0.900) 296(0.900) 297(0.900) 313(0.900) 314(0.900) 315(0.900) 316(0.602) 317(0.602) 318(0.602) 319(0.602) 334(0.602) 335(0.602) 336(0.602) 337(0.602) 338(0.602) 339(0.602) 354(0.602) 355(0.602) 356(0.602) 357(0.602) 358(0.602) 359(0.602) 374(0.602) 375(0.602) 376(0.602) 377(0.602) 378(0.602) 379(0.602) 394(0.602) 395(0.602) 396(0.602) 397(0.602) 398(0.602) 399(0.602) 

[EVENT] 497.838 | event=UAVWaypointArrival | nodeId=401 | cycle=1 | pos=(300.000,80.000,20.000)

[EVENT] 505.500 | event=SuspiciousConfidenceSnapshot | 11(0.369) 12(0.369) 13(0.369) 14(0.369) 15(0.369) 16(0.369) 17(0.369) 31(0.369) 32(0.369) 33(0.369) 34(0.369) 35(0.369) 36(0.369) 37(0.369) 51(0.369) 52(0.369) 53(0.369) 54(0.369) 55(0.369) 56(0.369) 57(0.369) 73(0.369) 74(0.369) 75(0.369) 76(0.842) 77(0.842) 78(0.842) 79(0.842) 94(0.842) 95(0.842) 96(0.842) 97(0.842) 98(0.842) 99(0.842) 114(0.842) 115(0.842) 116(0.842) 117(0.842) 118(0.842) 119(0.842) 134(0.842) 135(0.842) 136(0.842) 137(0.842) 138(0.842) 139(0.842) 154(0.842) 155(0.842) 156(0.842) 157(0.842) 158(0.842) 159(0.842) 174(0.842) 175(0.842) 176(0.842) 177(0.842) 178(0.842) 179(0.842) 193(0.874) 194(0.900) 195(0.900) 196(0.842) 197(0.842) 198(0.842) 199(0.842) 211(0.900) 212(0.900) 213(0.900) 214(0.900) 215(0.900) 216(0.900) 217(0.900) 231(0.900) 232(0.900) 233(0.900) 234(0.900) 235(0.900) 236(0.900) 237(0.900) 251(0.900) 252(0.900) 253(0.900) 254(0.900) 255(0.900) 256(0.900) 257(0.900) 271(0.900) 272(0.900) 273(0.900) 274(0.900) 275(0.900) 276(0.900) 277(0.900) 291(0.900) 292(0.900) 293(0.900) 294(0.900) 295(0.900) 296(0.900) 297(0.900) 313(0.900) 314(0.900) 315(0.900) 316(0.602) 317(0.602) 318(0.602) 319(0.602) 334(0.602) 335(0.602) 336(0.602) 337(0.602) 338(0.602) 339(0.602) 354(0.602) 355(0.602) 356(0.602) 357(0.602) 358(0.602) 359(0.602) 374(0.602) 375(0.602) 376(0.602) 377(0.602) 378(0.602) 379(0.602) 394(0.602) 395(0.602) 396(0.602) 397(0.602) 398(0.602) 399(0.602) 

[EVENT] 515.452 | event=UAVWaypointArrival | nodeId=401 | cycle=1 | pos=(320.000,80.000,20.000)

[EVENT] 515.500 | event=SuspiciousConfidenceSnapshot | 11(0.369) 12(0.369) 13(0.369) 14(0.369) 15(0.369) 16(0.369) 17(0.369) 31(0.369) 32(0.369) 33(0.369) 34(0.369) 35(0.369) 36(0.369) 37(0.369) 51(0.369) 52(0.369) 53(0.369) 54(0.369) 55(0.369) 56(0.369) 57(0.369) 73(0.369) 74(0.369) 75(0.369) 76(0.842) 77(0.842) 78(0.842) 79(0.842) 94(0.842) 95(0.842) 96(0.842) 97(0.842) 98(0.842) 99(0.842) 114(0.842) 115(0.842) 116(0.842) 117(0.842) 118(0.842) 119(0.842) 134(0.842) 135(0.842) 136(0.842) 137(0.842) 138(0.842) 139(0.842) 154(0.842) 155(0.842) 156(0.842) 157(0.842) 158(0.842) 159(0.842) 174(0.842) 175(0.842) 176(0.842) 177(0.842) 178(0.842) 179(0.842) 193(0.874) 194(0.900) 195(0.900) 196(0.842) 197(0.842) 198(0.842) 199(0.842) 211(0.900) 212(0.900) 213(0.900) 214(0.900) 215(0.900) 216(0.900) 217(0.900) 231(0.900) 232(0.900) 233(0.900) 234(0.900) 235(0.900) 236(0.900) 237(0.900) 251(0.900) 252(0.900) 253(0.900) 254(0.900) 255(0.900) 256(0.900) 257(0.900) 271(0.900) 272(0.900) 273(0.900) 274(0.900) 275(0.900) 276(0.900) 277(0.900) 291(0.900) 292(0.900) 293(0.900) 294(0.900) 295(0.900) 296(0.900) 297(0.900) 313(0.900) 314(0.900) 315(0.900) 316(0.602) 317(0.602) 318(0.602) 319(0.602) 334(0.602) 335(0.602) 336(0.602) 337(0.602) 338(0.602) 339(0.602) 354(0.602) 355(0.602) 356(0.602) 357(0.602) 358(0.602) 359(0.602) 374(0.602) 375(0.602) 376(0.602) 377(0.602) 378(0.602) 379(0.602) 394(0.602) 395(0.602) 396(0.602) 397(0.602) 398(0.602) 399(0.602) 

[EVENT] 516.076 | event=UAVWaypointArrival | nodeId=402 | cycle=15 | pos=(300.000,80.000,20.000)

[EVENT] 517.076 | event=UAVWaypointArrival | nodeId=402 | cycle=15 | pos=(300.000,60.000,20.000)

[EVENT] 524.076 | event=UAVWaypointArrival | nodeId=402 | cycle=15 | pos=(300.000,200.000,20.000)

[EVENT] 525.500 | event=SuspiciousConfidenceSnapshot | 11(0.369) 12(0.369) 13(0.369) 14(0.369) 15(0.369) 16(0.369) 17(0.369) 31(0.369) 32(0.369) 33(0.369) 34(0.369) 35(0.369) 36(0.369) 37(0.369) 51(0.369) 52(0.369) 53(0.369) 54(0.369) 55(0.369) 56(0.369) 57(0.369) 73(0.369) 74(0.369) 75(0.369) 76(0.842) 77(0.842) 78(0.842) 79(0.842) 94(0.842) 95(0.842) 96(0.842) 97(0.842) 98(0.842) 99(0.842) 114(0.842) 115(0.842) 116(0.842) 117(0.842) 118(0.842) 119(0.842) 134(0.842) 135(0.842) 136(0.842) 137(0.842) 138(0.842) 139(0.842) 154(0.842) 155(0.842) 156(0.842) 157(0.842) 158(0.842) 159(0.842) 174(0.842) 175(0.842) 176(0.842) 177(0.842) 178(0.842) 179(0.842) 193(0.874) 194(0.900) 195(0.900) 196(0.842) 197(0.842) 198(0.842) 199(0.842) 211(0.900) 212(0.900) 213(0.900) 214(0.900) 215(0.900) 216(0.900) 217(0.900) 231(0.900) 232(0.900) 233(0.900) 234(0.900) 235(0.900) 236(0.900) 237(0.900) 251(0.900) 252(0.900) 253(0.900) 254(0.900) 255(0.900) 256(0.900) 257(0.900) 271(0.900) 272(0.900) 273(0.900) 274(0.900) 275(0.900) 276(0.900) 277(0.900) 291(0.900) 292(0.900) 293(0.900) 294(0.900) 295(0.900) 296(0.900) 297(0.900) 313(0.900) 314(0.900) 315(0.900) 316(0.602) 317(0.602) 318(0.602) 319(0.602) 334(0.602) 335(0.602) 336(0.602) 337(0.602) 338(0.602) 339(0.602) 354(0.602) 355(0.602) 356(0.602) 357(0.602) 358(0.602) 359(0.602) 374(0.602) 375(0.602) 376(0.602) 377(0.602) 378(0.602) 379(0.602) 394(0.602) 395(0.602) 396(0.602) 397(0.602) 398(0.602) 399(0.602) 

[EVENT] 529.076 | event=UAVWaypointArrival | nodeId=402 | cycle=15 | pos=(300.000,300.000,20.000)

[EVENT] 533.065 | event=UAVWaypointArrival | nodeId=401 | cycle=1 | pos=(340.000,80.000,20.000)

[EVENT] 535.500 | event=SuspiciousConfidenceSnapshot | 11(0.369) 12(0.369) 13(0.369) 14(0.369) 15(0.369) 16(0.369) 17(0.369) 31(0.369) 32(0.369) 33(0.369) 34(0.369) 35(0.369) 36(0.369) 37(0.369) 51(0.369) 52(0.369) 53(0.369) 54(0.369) 55(0.369) 56(0.369) 57(0.369) 73(0.369) 74(0.369) 75(0.369) 76(0.842) 77(0.842) 78(0.842) 79(0.842) 94(0.842) 95(0.842) 96(0.842) 97(0.842) 98(0.842) 99(0.842) 114(0.842) 115(0.842) 116(0.842) 117(0.842) 118(0.842) 119(0.842) 134(0.842) 135(0.842) 136(0.842) 137(0.842) 138(0.842) 139(0.842) 154(0.842) 155(0.842) 156(0.842) 157(0.842) 158(0.842) 159(0.842) 174(0.842) 175(0.842) 176(0.842) 177(0.842) 178(0.842) 179(0.842) 193(0.874) 194(0.900) 195(0.900) 196(0.842) 197(0.842) 198(0.842) 199(0.842) 211(0.900) 212(0.900) 213(0.900) 214(0.900) 215(0.900) 216(0.900) 217(0.900) 231(0.900) 232(0.900) 233(0.900) 234(0.900) 235(0.900) 236(0.900) 237(0.900) 251(0.900) 252(0.900) 253(0.900) 254(0.900) 255(0.900) 256(0.900) 257(0.900) 271(0.900) 272(0.900) 273(0.900) 274(0.900) 275(0.900) 276(0.900) 277(0.900) 291(0.900) 292(0.900) 293(0.900) 294(0.900) 295(0.900) 296(0.900) 297(0.900) 313(0.900) 314(0.900) 315(0.900) 316(0.602) 317(0.602) 318(0.602) 319(0.602) 334(0.602) 335(0.602) 336(0.602) 337(0.602) 338(0.602) 339(0.602) 354(0.602) 355(0.602) 356(0.602) 357(0.602) 358(0.602) 359(0.602) 374(0.602) 375(0.602) 376(0.602) 377(0.602) 378(0.602) 379(0.602) 394(0.602) 395(0.602) 396(0.602) 397(0.602) 398(0.602) 399(0.602) 

[EVENT] 545.500 | event=SuspiciousConfidenceSnapshot | 11(0.369) 12(0.369) 13(0.369) 14(0.369) 15(0.369) 16(0.369) 17(0.369) 31(0.369) 32(0.369) 33(0.369) 34(0.369) 35(0.369) 36(0.369) 37(0.369) 51(0.369) 52(0.369) 53(0.369) 54(0.369) 55(0.369) 56(0.369) 57(0.369) 73(0.369) 74(0.369) 75(0.369) 76(0.842) 77(0.842) 78(0.842) 79(0.842) 94(0.842) 95(0.842) 96(0.842) 97(0.842) 98(0.842) 99(0.842) 114(0.842) 115(0.842) 116(0.842) 117(0.842) 118(0.842) 119(0.842) 134(0.842) 135(0.842) 136(0.842) 137(0.842) 138(0.842) 139(0.842) 154(0.842) 155(0.842) 156(0.842) 157(0.842) 158(0.842) 159(0.842) 174(0.842) 175(0.842) 176(0.842) 177(0.842) 178(0.842) 179(0.842) 193(0.874) 194(0.900) 195(0.900) 196(0.842) 197(0.842) 198(0.842) 199(0.842) 211(0.900) 212(0.900) 213(0.900) 214(0.900) 215(0.900) 216(0.900) 217(0.900) 231(0.900) 232(0.900) 233(0.900) 234(0.900) 235(0.900) 236(0.900) 237(0.900) 251(0.900) 252(0.900) 253(0.900) 254(0.900) 255(0.900) 256(0.900) 257(0.900) 271(0.900) 272(0.900) 273(0.900) 274(0.900) 275(0.900) 276(0.900) 277(0.900) 291(0.900) 292(0.900) 293(0.900) 294(0.900) 295(0.900) 296(0.900) 297(0.900) 313(0.900) 314(0.900) 315(0.900) 316(0.602) 317(0.602) 318(0.602) 319(0.602) 334(0.602) 335(0.602) 336(0.602) 337(0.602) 338(0.602) 339(0.602) 354(0.602) 355(0.602) 356(0.602) 357(0.602) 358(0.602) 359(0.602) 374(0.602) 375(0.602) 376(0.602) 377(0.602) 378(0.602) 379(0.602) 394(0.602) 395(0.602) 396(0.602) 397(0.602) 398(0.602) 399(0.602) 

[EVENT] 550.679 | event=UAVWaypointArrival | nodeId=401 | cycle=1 | pos=(360.000,80.000,20.000)

[EVENT] 551.007 | event=UAVWaypointArrival | nodeId=402 | cycle=16 | pos=(300.000,80.000,20.000)

[EVENT] 552.007 | event=UAVWaypointArrival | nodeId=402 | cycle=16 | pos=(300.000,60.000,20.000)

[EVENT] 555.500 | event=SuspiciousConfidenceSnapshot | 11(0.369) 12(0.369) 13(0.369) 14(0.369) 15(0.369) 16(0.369) 17(0.369) 31(0.369) 32(0.369) 33(0.369) 34(0.369) 35(0.369) 36(0.369) 37(0.369) 51(0.369) 52(0.369) 53(0.369) 54(0.369) 55(0.369) 56(0.369) 57(0.369) 73(0.369) 74(0.369) 75(0.369) 76(0.842) 77(0.842) 78(0.842) 79(0.842) 94(0.842) 95(0.842) 96(0.842) 97(0.842) 98(0.842) 99(0.842) 114(0.842) 115(0.842) 116(0.842) 117(0.842) 118(0.842) 119(0.842) 134(0.842) 135(0.842) 136(0.842) 137(0.842) 138(0.842) 139(0.842) 154(0.842) 155(0.842) 156(0.842) 157(0.842) 158(0.842) 159(0.842) 174(0.842) 175(0.842) 176(0.842) 177(0.842) 178(0.842) 179(0.842) 193(0.874) 194(0.900) 195(0.900) 196(0.842) 197(0.842) 198(0.842) 199(0.842) 211(0.900) 212(0.900) 213(0.900) 214(0.900) 215(0.900) 216(0.900) 217(0.900) 231(0.900) 232(0.900) 233(0.900) 234(0.900) 235(0.900) 236(0.900) 237(0.900) 251(0.900) 252(0.900) 253(0.900) 254(0.900) 255(0.900) 256(0.900) 257(0.900) 271(0.900) 272(0.900) 273(0.900) 274(0.900) 275(0.900) 276(0.900) 277(0.900) 291(0.900) 292(0.900) 293(0.900) 294(0.900) 295(0.900) 296(0.900) 297(0.900) 313(0.900) 314(0.900) 315(0.900) 316(0.602) 317(0.602) 318(0.602) 319(0.602) 334(0.602) 335(0.602) 336(0.602) 337(0.602) 338(0.602) 339(0.602) 354(0.602) 355(0.602) 356(0.602) 357(0.602) 358(0.602) 359(0.602) 374(0.602) 375(0.602) 376(0.602) 377(0.602) 378(0.602) 379(0.602) 394(0.602) 395(0.602) 396(0.602) 397(0.602) 398(0.602) 399(0.602) 

[EVENT] 559.007 | event=UAVWaypointArrival | nodeId=402 | cycle=16 | pos=(300.000,200.000,20.000)

[EVENT] 564.007 | event=UAVWaypointArrival | nodeId=402 | cycle=16 | pos=(300.000,300.000,20.000)

[EVENT] 565.500 | event=SuspiciousConfidenceSnapshot | 11(0.369) 12(0.369) 13(0.369) 14(0.369) 15(0.369) 16(0.369) 17(0.369) 31(0.369) 32(0.369) 33(0.369) 34(0.369) 35(0.369) 36(0.369) 37(0.369) 51(0.369) 52(0.369) 53(0.369) 54(0.369) 55(0.369) 56(0.369) 57(0.369) 73(0.369) 74(0.369) 75(0.369) 76(0.842) 77(0.842) 78(0.842) 79(0.842) 94(0.842) 95(0.842) 96(0.842) 97(0.842) 98(0.842) 99(0.842) 114(0.842) 115(0.842) 116(0.842) 117(0.842) 118(0.842) 119(0.842) 134(0.842) 135(0.842) 136(0.842) 137(0.842) 138(0.842) 139(0.842) 154(0.842) 155(0.842) 156(0.842) 157(0.842) 158(0.842) 159(0.842) 174(0.842) 175(0.842) 176(0.842) 177(0.842) 178(0.842) 179(0.842) 193(0.874) 194(0.900) 195(0.900) 196(0.842) 197(0.842) 198(0.842) 199(0.842) 211(0.900) 212(0.900) 213(0.900) 214(0.900) 215(0.900) 216(0.900) 217(0.900) 231(0.900) 232(0.900) 233(0.900) 234(0.900) 235(0.900) 236(0.900) 237(0.900) 251(0.900) 252(0.900) 253(0.900) 254(0.900) 255(0.900) 256(0.900) 257(0.900) 271(0.900) 272(0.900) 273(0.900) 274(0.900) 275(0.900) 276(0.900) 277(0.900) 291(0.900) 292(0.900) 293(0.900) 294(0.900) 295(0.900) 296(0.900) 297(0.900) 313(0.900) 314(0.900) 315(0.900) 316(0.602) 317(0.602) 318(0.602) 319(0.602) 334(0.602) 335(0.602) 336(0.602) 337(0.602) 338(0.602) 339(0.602) 354(0.602) 355(0.602) 356(0.602) 357(0.602) 358(0.602) 359(0.602) 374(0.602) 375(0.602) 376(0.602) 377(0.602) 378(0.602) 379(0.602) 394(0.602) 395(0.602) 396(0.602) 397(0.602) 398(0.602) 399(0.602) 

[EVENT] 568.292 | event=UAVWaypointArrival | nodeId=401 | cycle=1 | pos=(360.000,60.000,20.000)

[EVENT] 575.500 | event=SuspiciousConfidenceSnapshot | 11(0.369) 12(0.369) 13(0.369) 14(0.369) 15(0.369) 16(0.369) 17(0.369) 31(0.369) 32(0.369) 33(0.369) 34(0.369) 35(0.369) 36(0.369) 37(0.369) 51(0.369) 52(0.369) 53(0.369) 54(0.369) 55(0.369) 56(0.369) 57(0.369) 73(0.369) 74(0.369) 75(0.369) 76(0.842) 77(0.842) 78(0.842) 79(0.842) 94(0.842) 95(0.842) 96(0.842) 97(0.842) 98(0.842) 99(0.842) 114(0.842) 115(0.842) 116(0.842) 117(0.842) 118(0.842) 119(0.842) 134(0.842) 135(0.842) 136(0.842) 137(0.842) 138(0.842) 139(0.842) 154(0.842) 155(0.842) 156(0.842) 157(0.842) 158(0.842) 159(0.842) 174(0.842) 175(0.842) 176(0.842) 177(0.842) 178(0.842) 179(0.842) 193(0.874) 194(0.900) 195(0.900) 196(0.842) 197(0.842) 198(0.842) 199(0.842) 211(0.900) 212(0.900) 213(0.900) 214(0.900) 215(0.900) 216(0.900) 217(0.900) 231(0.900) 232(0.900) 233(0.900) 234(0.900) 235(0.900) 236(0.900) 237(0.900) 251(0.900) 252(0.900) 253(0.900) 254(0.900) 255(0.900) 256(0.900) 257(0.900) 271(0.900) 272(0.900) 273(0.900) 274(0.900) 275(0.900) 276(0.900) 277(0.900) 291(0.900) 292(0.900) 293(0.900) 294(0.900) 295(0.900) 296(0.900) 297(0.900) 313(0.900) 314(0.900) 315(0.900) 316(0.602) 317(0.602) 318(0.602) 319(0.602) 334(0.602) 335(0.602) 336(0.602) 337(0.602) 338(0.602) 339(0.602) 354(0.602) 355(0.602) 356(0.602) 357(0.602) 358(0.602) 359(0.602) 374(0.602) 375(0.602) 376(0.602) 377(0.602) 378(0.602) 379(0.602) 394(0.602) 395(0.602) 396(0.602) 397(0.602) 398(0.602) 399(0.602) 

[EVENT] 585.500 | event=SuspiciousConfidenceSnapshot | 11(0.369) 12(0.369) 13(0.369) 14(0.369) 15(0.369) 16(0.369) 17(0.369) 31(0.369) 32(0.369) 33(0.369) 34(0.369) 35(0.369) 36(0.369) 37(0.369) 51(0.369) 52(0.369) 53(0.369) 54(0.369) 55(0.369) 56(0.369) 57(0.369) 73(0.369) 74(0.369) 75(0.369) 76(0.842) 77(0.842) 78(0.842) 79(0.842) 94(0.842) 95(0.842) 96(0.842) 97(0.842) 98(0.842) 99(0.842) 114(0.842) 115(0.842) 116(0.842) 117(0.842) 118(0.842) 119(0.842) 134(0.842) 135(0.842) 136(0.842) 137(0.842) 138(0.842) 139(0.842) 154(0.842) 155(0.842) 156(0.842) 157(0.842) 158(0.842) 159(0.842) 174(0.842) 175(0.842) 176(0.842) 177(0.842) 178(0.842) 179(0.842) 193(0.874) 194(0.900) 195(0.900) 196(0.842) 197(0.842) 198(0.842) 199(0.842) 211(0.900) 212(0.900) 213(0.900) 214(0.900) 215(0.900) 216(0.900) 217(0.900) 231(0.900) 232(0.900) 233(0.900) 234(0.900) 235(0.900) 236(0.900) 237(0.900) 251(0.900) 252(0.900) 253(0.900) 254(0.900) 255(0.900) 256(0.900) 257(0.900) 271(0.900) 272(0.900) 273(0.900) 274(0.900) 275(0.900) 276(0.900) 277(0.900) 291(0.900) 292(0.900) 293(0.900) 294(0.900) 295(0.900) 296(0.900) 297(0.900) 313(0.900) 314(0.900) 315(0.900) 316(0.602) 317(0.602) 318(0.602) 319(0.602) 334(0.602) 335(0.602) 336(0.602) 337(0.602) 338(0.602) 339(0.602) 354(0.602) 355(0.602) 356(0.602) 357(0.602) 358(0.602) 359(0.602) 374(0.602) 375(0.602) 376(0.602) 377(0.602) 378(0.602) 379(0.602) 394(0.602) 395(0.602) 396(0.602) 397(0.602) 398(0.602) 399(0.602) 

[EVENT] 585.905 | event=UAVWaypointArrival | nodeId=401 | cycle=1 | pos=(380.000,60.000,20.000)

[EVENT] 585.939 | event=UAVWaypointArrival | nodeId=402 | cycle=17 | pos=(300.000,80.000,20.000)

[EVENT] 586.939 | event=UAVWaypointArrival | nodeId=402 | cycle=17 | pos=(300.000,60.000,20.000)

[EVENT] 593.939 | event=UAVWaypointArrival | nodeId=402 | cycle=17 | pos=(300.000,200.000,20.000)

[EVENT] 595.500 | event=SuspiciousConfidenceSnapshot | 11(0.369) 12(0.369) 13(0.369) 14(0.369) 15(0.369) 16(0.369) 17(0.369) 31(0.369) 32(0.369) 33(0.369) 34(0.369) 35(0.369) 36(0.369) 37(0.369) 51(0.369) 52(0.369) 53(0.369) 54(0.369) 55(0.369) 56(0.369) 57(0.369) 73(0.369) 74(0.369) 75(0.369) 76(0.842) 77(0.842) 78(0.842) 79(0.842) 94(0.842) 95(0.842) 96(0.842) 97(0.842) 98(0.842) 99(0.842) 114(0.842) 115(0.842) 116(0.842) 117(0.842) 118(0.842) 119(0.842) 134(0.842) 135(0.842) 136(0.842) 137(0.842) 138(0.842) 139(0.842) 154(0.842) 155(0.842) 156(0.842) 157(0.842) 158(0.842) 159(0.842) 174(0.842) 175(0.842) 176(0.842) 177(0.842) 178(0.842) 179(0.842) 193(0.874) 194(0.900) 195(0.900) 196(0.842) 197(0.842) 198(0.842) 199(0.842) 211(0.900) 212(0.900) 213(0.900) 214(0.900) 215(0.900) 216(0.900) 217(0.900) 231(0.900) 232(0.900) 233(0.900) 234(0.900) 235(0.900) 236(0.900) 237(0.900) 251(0.900) 252(0.900) 253(0.900) 254(0.900) 255(0.900) 256(0.900) 257(0.900) 271(0.900) 272(0.900) 273(0.900) 274(0.900) 275(0.900) 276(0.900) 277(0.900) 291(0.900) 292(0.900) 293(0.900) 294(0.900) 295(0.900) 296(0.900) 297(0.900) 313(0.900) 314(0.900) 315(0.900) 316(0.602) 317(0.602) 318(0.602) 319(0.602) 334(0.602) 335(0.602) 336(0.602) 337(0.602) 338(0.602) 339(0.602) 354(0.602) 355(0.602) 356(0.602) 357(0.602) 358(0.602) 359(0.602) 374(0.602) 375(0.602) 376(0.602) 377(0.602) 378(0.602) 379(0.602) 394(0.602) 395(0.602) 396(0.602) 397(0.602) 398(0.602) 399(0.602) 

[EVENT] 598.939 | event=UAVWaypointArrival | nodeId=402 | cycle=17 | pos=(300.000,300.000,20.000)

[EVENT] 603.519 | event=UAVWaypointArrival | nodeId=401 | cycle=1 | pos=(380.000,80.000,20.000)

[EVENT] 605.500 | event=SuspiciousConfidenceSnapshot | 11(0.369) 12(0.369) 13(0.369) 14(0.369) 15(0.369) 16(0.369) 17(0.369) 31(0.369) 32(0.369) 33(0.369) 34(0.369) 35(0.369) 36(0.369) 37(0.369) 51(0.369) 52(0.369) 53(0.369) 54(0.369) 55(0.369) 56(0.369) 57(0.369) 73(0.369) 74(0.369) 75(0.369) 76(0.842) 77(0.842) 78(0.842) 79(0.842) 94(0.842) 95(0.842) 96(0.842) 97(0.842) 98(0.842) 99(0.842) 114(0.842) 115(0.842) 116(0.842) 117(0.842) 118(0.842) 119(0.842) 134(0.842) 135(0.842) 136(0.842) 137(0.842) 138(0.842) 139(0.842) 154(0.842) 155(0.842) 156(0.842) 157(0.842) 158(0.842) 159(0.842) 174(0.842) 175(0.842) 176(0.842) 177(0.842) 178(0.842) 179(0.842) 193(0.874) 194(0.900) 195(0.900) 196(0.842) 197(0.842) 198(0.842) 199(0.842) 211(0.900) 212(0.900) 213(0.900) 214(0.900) 215(0.900) 216(0.900) 217(0.900) 231(0.900) 232(0.900) 233(0.900) 234(0.900) 235(0.900) 236(0.900) 237(0.900) 251(0.900) 252(0.900) 253(0.900) 254(0.900) 255(0.900) 256(0.900) 257(0.900) 271(0.900) 272(0.900) 273(0.900) 274(0.900) 275(0.900) 276(0.900) 277(0.900) 291(0.900) 292(0.900) 293(0.900) 294(0.900) 295(0.900) 296(0.900) 297(0.900) 313(0.900) 314(0.900) 315(0.900) 316(0.602) 317(0.602) 318(0.602) 319(0.602) 334(0.602) 335(0.602) 336(0.602) 337(0.602) 338(0.602) 339(0.602) 354(0.602) 355(0.602) 356(0.602) 357(0.602) 358(0.602) 359(0.602) 374(0.602) 375(0.602) 376(0.602) 377(0.602) 378(0.602) 379(0.602) 394(0.602) 395(0.602) 396(0.602) 397(0.602) 398(0.602) 399(0.602) 

[EVENT] 615.500 | event=SuspiciousConfidenceSnapshot | 11(0.369) 12(0.369) 13(0.369) 14(0.369) 15(0.369) 16(0.369) 17(0.369) 31(0.369) 32(0.369) 33(0.369) 34(0.369) 35(0.369) 36(0.369) 37(0.369) 51(0.369) 52(0.369) 53(0.369) 54(0.369) 55(0.369) 56(0.369) 57(0.369) 73(0.369) 74(0.369) 75(0.369) 76(0.842) 77(0.842) 78(0.842) 79(0.842) 94(0.842) 95(0.842) 96(0.842) 97(0.842) 98(0.842) 99(0.842) 114(0.842) 115(0.842) 116(0.842) 117(0.842) 118(0.842) 119(0.842) 134(0.842) 135(0.842) 136(0.842) 137(0.842) 138(0.842) 139(0.842) 154(0.842) 155(0.842) 156(0.842) 157(0.842) 158(0.842) 159(0.842) 174(0.842) 175(0.842) 176(0.842) 177(0.842) 178(0.842) 179(0.842) 193(0.874) 194(0.900) 195(0.900) 196(0.842) 197(0.842) 198(0.842) 199(0.842) 211(0.900) 212(0.900) 213(0.900) 214(0.900) 215(0.900) 216(0.900) 217(0.900) 231(0.900) 232(0.900) 233(0.900) 234(0.900) 235(0.900) 236(0.900) 237(0.900) 251(0.900) 252(0.900) 253(0.900) 254(0.900) 255(0.900) 256(0.900) 257(0.900) 271(0.900) 272(0.900) 273(0.900) 274(0.900) 275(0.900) 276(0.900) 277(0.900) 291(0.900) 292(0.900) 293(0.900) 294(0.900) 295(0.900) 296(0.900) 297(0.900) 313(0.900) 314(0.900) 315(0.900) 316(0.602) 317(0.602) 318(0.602) 319(0.602) 334(0.602) 335(0.602) 336(0.602) 337(0.602) 338(0.602) 339(0.602) 354(0.602) 355(0.602) 356(0.602) 357(0.602) 358(0.602) 359(0.602) 374(0.602) 375(0.602) 376(0.602) 377(0.602) 378(0.602) 379(0.602) 394(0.602) 395(0.602) 396(0.602) 397(0.602) 398(0.602) 399(0.602) 

[EVENT] 620.871 | event=UAVWaypointArrival | nodeId=402 | cycle=18 | pos=(300.000,80.000,20.000)

[EVENT] 621.132 | event=UAVWaypointArrival | nodeId=401 | cycle=1 | pos=(380.000,100.000,20.000)

[EVENT] 621.871 | event=UAVWaypointArrival | nodeId=402 | cycle=18 | pos=(300.000,60.000,20.000)

[EVENT] 625.500 | event=SuspiciousConfidenceSnapshot | 11(0.369) 12(0.369) 13(0.369) 14(0.369) 15(0.369) 16(0.369) 17(0.369) 31(0.369) 32(0.369) 33(0.369) 34(0.369) 35(0.369) 36(0.369) 37(0.369) 51(0.369) 52(0.369) 53(0.369) 54(0.369) 55(0.369) 56(0.369) 57(0.369) 73(0.369) 74(0.369) 75(0.369) 76(0.842) 77(0.842) 78(0.842) 79(0.842) 94(0.842) 95(0.842) 96(0.842) 97(0.842) 98(0.842) 99(0.842) 114(0.842) 115(0.842) 116(0.842) 117(0.842) 118(0.842) 119(0.842) 134(0.842) 135(0.842) 136(0.842) 137(0.842) 138(0.842) 139(0.842) 154(0.842) 155(0.842) 156(0.842) 157(0.842) 158(0.842) 159(0.842) 174(0.842) 175(0.842) 176(0.842) 177(0.842) 178(0.842) 179(0.842) 193(0.874) 194(0.900) 195(0.900) 196(0.842) 197(0.842) 198(0.842) 199(0.842) 211(0.900) 212(0.900) 213(0.900) 214(0.900) 215(0.900) 216(0.900) 217(0.900) 231(0.900) 232(0.900) 233(0.900) 234(0.900) 235(0.900) 236(0.900) 237(0.900) 251(0.900) 252(0.900) 253(0.900) 254(0.900) 255(0.900) 256(0.900) 257(0.900) 271(0.900) 272(0.900) 273(0.900) 274(0.900) 275(0.900) 276(0.900) 277(0.900) 291(0.900) 292(0.900) 293(0.900) 294(0.900) 295(0.900) 296(0.900) 297(0.900) 313(0.900) 314(0.900) 315(0.900) 316(0.602) 317(0.602) 318(0.602) 319(0.602) 334(0.602) 335(0.602) 336(0.602) 337(0.602) 338(0.602) 339(0.602) 354(0.602) 355(0.602) 356(0.602) 357(0.602) 358(0.602) 359(0.602) 374(0.602) 375(0.602) 376(0.602) 377(0.602) 378(0.602) 379(0.602) 394(0.602) 395(0.602) 396(0.602) 397(0.602) 398(0.602) 399(0.602) 

[EVENT] 628.871 | event=UAVWaypointArrival | nodeId=402 | cycle=18 | pos=(300.000,200.000,20.000)

[EVENT] 633.871 | event=UAVWaypointArrival | nodeId=402 | cycle=18 | pos=(300.000,300.000,20.000)

[EVENT] 635.500 | event=SuspiciousConfidenceSnapshot | 11(0.369) 12(0.369) 13(0.369) 14(0.369) 15(0.369) 16(0.369) 17(0.369) 31(0.369) 32(0.369) 33(0.369) 34(0.369) 35(0.369) 36(0.369) 37(0.369) 51(0.369) 52(0.369) 53(0.369) 54(0.369) 55(0.369) 56(0.369) 57(0.369) 73(0.369) 74(0.369) 75(0.369) 76(0.842) 77(0.842) 78(0.842) 79(0.842) 94(0.842) 95(0.842) 96(0.842) 97(0.842) 98(0.842) 99(0.842) 114(0.842) 115(0.842) 116(0.842) 117(0.842) 118(0.842) 119(0.842) 134(0.842) 135(0.842) 136(0.842) 137(0.842) 138(0.842) 139(0.842) 154(0.842) 155(0.842) 156(0.842) 157(0.842) 158(0.842) 159(0.842) 174(0.842) 175(0.842) 176(0.842) 177(0.842) 178(0.842) 179(0.842) 193(0.874) 194(0.900) 195(0.900) 196(0.842) 197(0.842) 198(0.842) 199(0.842) 211(0.900) 212(0.900) 213(0.900) 214(0.900) 215(0.900) 216(0.900) 217(0.900) 231(0.900) 232(0.900) 233(0.900) 234(0.900) 235(0.900) 236(0.900) 237(0.900) 251(0.900) 252(0.900) 253(0.900) 254(0.900) 255(0.900) 256(0.900) 257(0.900) 271(0.900) 272(0.900) 273(0.900) 274(0.900) 275(0.900) 276(0.900) 277(0.900) 291(0.900) 292(0.900) 293(0.900) 294(0.900) 295(0.900) 296(0.900) 297(0.900) 313(0.900) 314(0.900) 315(0.900) 316(0.602) 317(0.602) 318(0.602) 319(0.602) 334(0.602) 335(0.602) 336(0.602) 337(0.602) 338(0.602) 339(0.602) 354(0.602) 355(0.602) 356(0.602) 357(0.602) 358(0.602) 359(0.602) 374(0.602) 375(0.602) 376(0.602) 377(0.602) 378(0.602) 379(0.602) 394(0.602) 395(0.602) 396(0.602) 397(0.602) 398(0.602) 399(0.602) 

[EVENT] 638.745 | event=UAVWaypointArrival | nodeId=401 | cycle=1 | pos=(360.000,100.000,20.000)

[EVENT] 645.500 | event=SuspiciousConfidenceSnapshot | 11(0.369) 12(0.369) 13(0.369) 14(0.369) 15(0.369) 16(0.369) 17(0.369) 31(0.369) 32(0.369) 33(0.369) 34(0.369) 35(0.369) 36(0.369) 37(0.369) 51(0.369) 52(0.369) 53(0.369) 54(0.369) 55(0.369) 56(0.369) 57(0.369) 73(0.369) 74(0.369) 75(0.369) 76(0.842) 77(0.842) 78(0.842) 79(0.842) 94(0.842) 95(0.842) 96(0.842) 97(0.842) 98(0.842) 99(0.842) 114(0.842) 115(0.842) 116(0.842) 117(0.842) 118(0.842) 119(0.842) 134(0.842) 135(0.842) 136(0.842) 137(0.842) 138(0.842) 139(0.842) 154(0.842) 155(0.842) 156(0.842) 157(0.842) 158(0.842) 159(0.842) 174(0.842) 175(0.842) 176(0.842) 177(0.842) 178(0.842) 179(0.842) 193(0.874) 194(0.900) 195(0.900) 196(0.842) 197(0.842) 198(0.842) 199(0.842) 211(0.900) 212(0.900) 213(0.900) 214(0.900) 215(0.900) 216(0.900) 217(0.900) 231(0.900) 232(0.900) 233(0.900) 234(0.900) 235(0.900) 236(0.900) 237(0.900) 251(0.900) 252(0.900) 253(0.900) 254(0.900) 255(0.900) 256(0.900) 257(0.900) 271(0.900) 272(0.900) 273(0.900) 274(0.900) 275(0.900) 276(0.900) 277(0.900) 291(0.900) 292(0.900) 293(0.900) 294(0.900) 295(0.900) 296(0.900) 297(0.900) 313(0.900) 314(0.900) 315(0.900) 316(0.602) 317(0.602) 318(0.602) 319(0.602) 334(0.602) 335(0.602) 336(0.602) 337(0.602) 338(0.602) 339(0.602) 354(0.602) 355(0.602) 356(0.602) 357(0.602) 358(0.602) 359(0.602) 374(0.602) 375(0.602) 376(0.602) 377(0.602) 378(0.602) 379(0.602) 394(0.602) 395(0.602) 396(0.602) 397(0.602) 398(0.602) 399(0.602) 

[EVENT] 655.500 | event=SuspiciousConfidenceSnapshot | 11(0.369) 12(0.369) 13(0.369) 14(0.369) 15(0.369) 16(0.369) 17(0.369) 31(0.369) 32(0.369) 33(0.369) 34(0.369) 35(0.369) 36(0.369) 37(0.369) 51(0.369) 52(0.369) 53(0.369) 54(0.369) 55(0.369) 56(0.369) 57(0.369) 73(0.369) 74(0.369) 75(0.369) 76(0.842) 77(0.842) 78(0.842) 79(0.842) 94(0.842) 95(0.842) 96(0.842) 97(0.842) 98(0.842) 99(0.842) 114(0.842) 115(0.842) 116(0.842) 117(0.842) 118(0.842) 119(0.842) 134(0.842) 135(0.842) 136(0.842) 137(0.842) 138(0.842) 139(0.842) 154(0.842) 155(0.842) 156(0.842) 157(0.842) 158(0.842) 159(0.842) 174(0.842) 175(0.842) 176(0.842) 177(0.842) 178(0.842) 179(0.842) 193(0.874) 194(0.900) 195(0.900) 196(0.842) 197(0.842) 198(0.842) 199(0.842) 211(0.900) 212(0.900) 213(0.900) 214(0.900) 215(0.900) 216(0.900) 217(0.900) 231(0.900) 232(0.900) 233(0.900) 234(0.900) 235(0.900) 236(0.900) 237(0.900) 251(0.900) 252(0.900) 253(0.900) 254(0.900) 255(0.900) 256(0.900) 257(0.900) 271(0.900) 272(0.900) 273(0.900) 274(0.900) 275(0.900) 276(0.900) 277(0.900) 291(0.900) 292(0.900) 293(0.900) 294(0.900) 295(0.900) 296(0.900) 297(0.900) 313(0.900) 314(0.900) 315(0.900) 316(0.602) 317(0.602) 318(0.602) 319(0.602) 334(0.602) 335(0.602) 336(0.602) 337(0.602) 338(0.602) 339(0.602) 354(0.602) 355(0.602) 356(0.602) 357(0.602) 358(0.602) 359(0.602) 374(0.602) 375(0.602) 376(0.602) 377(0.602) 378(0.602) 379(0.602) 394(0.602) 395(0.602) 396(0.602) 397(0.602) 398(0.602) 399(0.602) 

[EVENT] 655.803 | event=UAVWaypointArrival | nodeId=402 | cycle=19 | pos=(300.000,80.000,20.000)

[EVENT] 656.359 | event=UAVWaypointArrival | nodeId=401 | cycle=1 | pos=(340.000,100.000,20.000)

[EVENT] 656.803 | event=UAVWaypointArrival | nodeId=402 | cycle=19 | pos=(300.000,60.000,20.000)

[EVENT] 663.803 | event=UAVWaypointArrival | nodeId=402 | cycle=19 | pos=(300.000,200.000,20.000)

[EVENT] 665.500 | event=SuspiciousConfidenceSnapshot | 11(0.369) 12(0.369) 13(0.369) 14(0.369) 15(0.369) 16(0.369) 17(0.369) 31(0.369) 32(0.369) 33(0.369) 34(0.369) 35(0.369) 36(0.369) 37(0.369) 51(0.369) 52(0.369) 53(0.369) 54(0.369) 55(0.369) 56(0.369) 57(0.369) 73(0.369) 74(0.369) 75(0.369) 76(0.842) 77(0.842) 78(0.842) 79(0.842) 94(0.842) 95(0.842) 96(0.842) 97(0.842) 98(0.842) 99(0.842) 114(0.842) 115(0.842) 116(0.842) 117(0.842) 118(0.842) 119(0.842) 134(0.842) 135(0.842) 136(0.842) 137(0.842) 138(0.842) 139(0.842) 154(0.842) 155(0.842) 156(0.842) 157(0.842) 158(0.842) 159(0.842) 174(0.842) 175(0.842) 176(0.842) 177(0.842) 178(0.842) 179(0.842) 193(0.874) 194(0.900) 195(0.900) 196(0.842) 197(0.842) 198(0.842) 199(0.842) 211(0.900) 212(0.900) 213(0.900) 214(0.900) 215(0.900) 216(0.900) 217(0.900) 231(0.900) 232(0.900) 233(0.900) 234(0.900) 235(0.900) 236(0.900) 237(0.900) 251(0.900) 252(0.900) 253(0.900) 254(0.900) 255(0.900) 256(0.900) 257(0.900) 271(0.900) 272(0.900) 273(0.900) 274(0.900) 275(0.900) 276(0.900) 277(0.900) 291(0.900) 292(0.900) 293(0.900) 294(0.900) 295(0.900) 296(0.900) 297(0.900) 313(0.900) 314(0.900) 315(0.900) 316(0.602) 317(0.602) 318(0.602) 319(0.602) 334(0.602) 335(0.602) 336(0.602) 337(0.602) 338(0.602) 339(0.602) 354(0.602) 355(0.602) 356(0.602) 357(0.602) 358(0.602) 359(0.602) 374(0.602) 375(0.602) 376(0.602) 377(0.602) 378(0.602) 379(0.602) 394(0.602) 395(0.602) 396(0.602) 397(0.602) 398(0.602) 399(0.602) 

[EVENT] 668.803 | event=UAVWaypointArrival | nodeId=402 | cycle=19 | pos=(300.000,300.000,20.000)

[EVENT] 673.972 | event=UAVWaypointArrival | nodeId=401 | cycle=1 | pos=(320.000,100.000,20.000)

[EVENT] 675.500 | event=SuspiciousConfidenceSnapshot | 11(0.369) 12(0.369) 13(0.369) 14(0.369) 15(0.369) 16(0.369) 17(0.369) 31(0.369) 32(0.369) 33(0.369) 34(0.369) 35(0.369) 36(0.369) 37(0.369) 51(0.369) 52(0.369) 53(0.369) 54(0.369) 55(0.369) 56(0.369) 57(0.369) 73(0.369) 74(0.369) 75(0.369) 76(0.842) 77(0.842) 78(0.842) 79(0.842) 94(0.842) 95(0.842) 96(0.842) 97(0.842) 98(0.842) 99(0.842) 114(0.842) 115(0.842) 116(0.842) 117(0.842) 118(0.842) 119(0.842) 134(0.842) 135(0.842) 136(0.842) 137(0.842) 138(0.842) 139(0.842) 154(0.842) 155(0.842) 156(0.842) 157(0.842) 158(0.842) 159(0.842) 174(0.842) 175(0.842) 176(0.842) 177(0.842) 178(0.842) 179(0.842) 193(0.874) 194(0.900) 195(0.900) 196(0.842) 197(0.842) 198(0.842) 199(0.842) 211(0.900) 212(0.900) 213(0.900) 214(0.900) 215(0.900) 216(0.900) 217(0.900) 231(0.900) 232(0.900) 233(0.900) 234(0.900) 235(0.900) 236(0.900) 237(0.900) 251(0.900) 252(0.900) 253(0.900) 254(0.900) 255(0.900) 256(0.900) 257(0.900) 271(0.900) 272(0.900) 273(0.900) 274(0.900) 275(0.900) 276(0.900) 277(0.900) 291(0.900) 292(0.900) 293(0.900) 294(0.900) 295(0.900) 296(0.900) 297(0.900) 313(0.900) 314(0.900) 315(0.900) 316(0.602) 317(0.602) 318(0.602) 319(0.602) 334(0.602) 335(0.602) 336(0.602) 337(0.602) 338(0.602) 339(0.602) 354(0.602) 355(0.602) 356(0.602) 357(0.602) 358(0.602) 359(0.602) 374(0.602) 375(0.602) 376(0.602) 377(0.602) 378(0.602) 379(0.602) 394(0.602) 395(0.602) 396(0.602) 397(0.602) 398(0.602) 399(0.602) 

[EVENT] 685.500 | event=SuspiciousConfidenceSnapshot | 11(0.369) 12(0.369) 13(0.369) 14(0.369) 15(0.369) 16(0.369) 17(0.369) 31(0.369) 32(0.369) 33(0.369) 34(0.369) 35(0.369) 36(0.369) 37(0.369) 51(0.369) 52(0.369) 53(0.369) 54(0.369) 55(0.369) 56(0.369) 57(0.369) 73(0.369) 74(0.369) 75(0.369) 76(0.842) 77(0.842) 78(0.842) 79(0.842) 94(0.842) 95(0.842) 96(0.842) 97(0.842) 98(0.842) 99(0.842) 114(0.842) 115(0.842) 116(0.842) 117(0.842) 118(0.842) 119(0.842) 134(0.842) 135(0.842) 136(0.842) 137(0.842) 138(0.842) 139(0.842) 154(0.842) 155(0.842) 156(0.842) 157(0.842) 158(0.842) 159(0.842) 174(0.842) 175(0.842) 176(0.842) 177(0.842) 178(0.842) 179(0.842) 193(0.874) 194(0.900) 195(0.900) 196(0.842) 197(0.842) 198(0.842) 199(0.842) 211(0.900) 212(0.900) 213(0.900) 214(0.900) 215(0.900) 216(0.900) 217(0.900) 231(0.900) 232(0.900) 233(0.900) 234(0.900) 235(0.900) 236(0.900) 237(0.900) 251(0.900) 252(0.900) 253(0.900) 254(0.900) 255(0.900) 256(0.900) 257(0.900) 271(0.900) 272(0.900) 273(0.900) 274(0.900) 275(0.900) 276(0.900) 277(0.900) 291(0.900) 292(0.900) 293(0.900) 294(0.900) 295(0.900) 296(0.900) 297(0.900) 313(0.900) 314(0.900) 315(0.900) 316(0.602) 317(0.602) 318(0.602) 319(0.602) 334(0.602) 335(0.602) 336(0.602) 337(0.602) 338(0.602) 339(0.602) 354(0.602) 355(0.602) 356(0.602) 357(0.602) 358(0.602) 359(0.602) 374(0.602) 375(0.602) 376(0.602) 377(0.602) 378(0.602) 379(0.602) 394(0.602) 395(0.602) 396(0.602) 397(0.602) 398(0.602) 399(0.602) 

[EVENT] 690.734 | event=UAVWaypointArrival | nodeId=402 | cycle=20 | pos=(300.000,80.000,20.000)

[EVENT] 691.586 | event=UAVWaypointArrival | nodeId=401 | cycle=1 | pos=(300.000,100.000,20.000)

[EVENT] 691.734 | event=UAVWaypointArrival | nodeId=402 | cycle=20 | pos=(300.000,60.000,20.000)

[EVENT] 695.500 | event=SuspiciousConfidenceSnapshot | 11(0.369) 12(0.369) 13(0.369) 14(0.369) 15(0.369) 16(0.369) 17(0.369) 31(0.369) 32(0.369) 33(0.369) 34(0.369) 35(0.369) 36(0.369) 37(0.369) 51(0.369) 52(0.369) 53(0.369) 54(0.369) 55(0.369) 56(0.369) 57(0.369) 73(0.369) 74(0.369) 75(0.369) 76(0.842) 77(0.842) 78(0.842) 79(0.842) 94(0.842) 95(0.842) 96(0.842) 97(0.842) 98(0.842) 99(0.842) 114(0.842) 115(0.842) 116(0.842) 117(0.842) 118(0.842) 119(0.842) 134(0.842) 135(0.842) 136(0.842) 137(0.842) 138(0.842) 139(0.842) 154(0.842) 155(0.842) 156(0.842) 157(0.842) 158(0.842) 159(0.842) 174(0.842) 175(0.842) 176(0.842) 177(0.842) 178(0.842) 179(0.842) 193(0.874) 194(0.900) 195(0.900) 196(0.842) 197(0.842) 198(0.842) 199(0.842) 211(0.900) 212(0.900) 213(0.900) 214(0.900) 215(0.900) 216(0.900) 217(0.900) 231(0.900) 232(0.900) 233(0.900) 234(0.900) 235(0.900) 236(0.900) 237(0.900) 251(0.900) 252(0.900) 253(0.900) 254(0.900) 255(0.900) 256(0.900) 257(0.900) 271(0.900) 272(0.900) 273(0.900) 274(0.900) 275(0.900) 276(0.900) 277(0.900) 291(0.900) 292(0.900) 293(0.900) 294(0.900) 295(0.900) 296(0.900) 297(0.900) 313(0.900) 314(0.900) 315(0.900) 316(0.602) 317(0.602) 318(0.602) 319(0.602) 334(0.602) 335(0.602) 336(0.602) 337(0.602) 338(0.602) 339(0.602) 354(0.602) 355(0.602) 356(0.602) 357(0.602) 358(0.602) 359(0.602) 374(0.602) 375(0.602) 376(0.602) 377(0.602) 378(0.602) 379(0.602) 394(0.602) 395(0.602) 396(0.602) 397(0.602) 398(0.602) 399(0.602) 

[EVENT] 698.734 | event=UAVWaypointArrival | nodeId=402 | cycle=20 | pos=(300.000,200.000,20.000)

[EVENT] 703.734 | event=UAVWaypointArrival | nodeId=402 | cycle=20 | pos=(300.000,300.000,20.000)

[EVENT] 705.500 | event=SuspiciousConfidenceSnapshot | 11(0.369) 12(0.369) 13(0.369) 14(0.369) 15(0.369) 16(0.369) 17(0.369) 31(0.369) 32(0.369) 33(0.369) 34(0.369) 35(0.369) 36(0.369) 37(0.369) 51(0.369) 52(0.369) 53(0.369) 54(0.369) 55(0.369) 56(0.369) 57(0.369) 73(0.369) 74(0.369) 75(0.369) 76(0.842) 77(0.842) 78(0.842) 79(0.842) 94(0.842) 95(0.842) 96(0.842) 97(0.842) 98(0.842) 99(0.842) 114(0.842) 115(0.842) 116(0.842) 117(0.842) 118(0.842) 119(0.842) 134(0.842) 135(0.842) 136(0.842) 137(0.842) 138(0.842) 139(0.842) 154(0.842) 155(0.842) 156(0.842) 157(0.842) 158(0.842) 159(0.842) 174(0.842) 175(0.842) 176(0.842) 177(0.842) 178(0.842) 179(0.842) 193(0.874) 194(0.900) 195(0.900) 196(0.842) 197(0.842) 198(0.842) 199(0.842) 211(0.900) 212(0.900) 213(0.900) 214(0.900) 215(0.900) 216(0.900) 217(0.900) 231(0.900) 232(0.900) 233(0.900) 234(0.900) 235(0.900) 236(0.900) 237(0.900) 251(0.900) 252(0.900) 253(0.900) 254(0.900) 255(0.900) 256(0.900) 257(0.900) 271(0.900) 272(0.900) 273(0.900) 274(0.900) 275(0.900) 276(0.900) 277(0.900) 291(0.900) 292(0.900) 293(0.900) 294(0.900) 295(0.900) 296(0.900) 297(0.900) 313(0.900) 314(0.900) 315(0.900) 316(0.602) 317(0.602) 318(0.602) 319(0.602) 334(0.602) 335(0.602) 336(0.602) 337(0.602) 338(0.602) 339(0.602) 354(0.602) 355(0.602) 356(0.602) 357(0.602) 358(0.602) 359(0.602) 374(0.602) 375(0.602) 376(0.602) 377(0.602) 378(0.602) 379(0.602) 394(0.602) 395(0.602) 396(0.602) 397(0.602) 398(0.602) 399(0.602) 

[EVENT] 709.199 | event=UAVWaypointArrival | nodeId=401 | cycle=1 | pos=(280.000,100.000,20.000)

[EVENT] 715.500 | event=SuspiciousConfidenceSnapshot | 11(0.369) 12(0.369) 13(0.369) 14(0.369) 15(0.369) 16(0.369) 17(0.369) 31(0.369) 32(0.369) 33(0.369) 34(0.369) 35(0.369) 36(0.369) 37(0.369) 51(0.369) 52(0.369) 53(0.369) 54(0.369) 55(0.369) 56(0.369) 57(0.369) 73(0.369) 74(0.369) 75(0.369) 76(0.842) 77(0.842) 78(0.842) 79(0.842) 94(0.842) 95(0.842) 96(0.842) 97(0.842) 98(0.842) 99(0.842) 114(0.842) 115(0.842) 116(0.842) 117(0.842) 118(0.842) 119(0.842) 134(0.842) 135(0.842) 136(0.842) 137(0.842) 138(0.842) 139(0.842) 154(0.842) 155(0.842) 156(0.842) 157(0.842) 158(0.842) 159(0.842) 174(0.842) 175(0.842) 176(0.842) 177(0.842) 178(0.842) 179(0.842) 193(0.874) 194(0.900) 195(0.900) 196(0.842) 197(0.842) 198(0.842) 199(0.842) 211(0.900) 212(0.900) 213(0.900) 214(0.900) 215(0.900) 216(0.900) 217(0.900) 231(0.900) 232(0.900) 233(0.900) 234(0.900) 235(0.900) 236(0.900) 237(0.900) 251(0.900) 252(0.900) 253(0.900) 254(0.900) 255(0.900) 256(0.900) 257(0.900) 271(0.900) 272(0.900) 273(0.900) 274(0.900) 275(0.900) 276(0.900) 277(0.900) 291(0.900) 292(0.900) 293(0.900) 294(0.900) 295(0.900) 296(0.900) 297(0.900) 313(0.900) 314(0.900) 315(0.900) 316(0.602) 317(0.602) 318(0.602) 319(0.602) 334(0.602) 335(0.602) 336(0.602) 337(0.602) 338(0.602) 339(0.602) 354(0.602) 355(0.602) 356(0.602) 357(0.602) 358(0.602) 359(0.602) 374(0.602) 375(0.602) 376(0.602) 377(0.602) 378(0.602) 379(0.602) 394(0.602) 395(0.602) 396(0.602) 397(0.602) 398(0.602) 399(0.602) 

[EVENT] 725.500 | event=SuspiciousConfidenceSnapshot | 11(0.369) 12(0.369) 13(0.369) 14(0.369) 15(0.369) 16(0.369) 17(0.369) 31(0.369) 32(0.369) 33(0.369) 34(0.369) 35(0.369) 36(0.369) 37(0.369) 51(0.369) 52(0.369) 53(0.369) 54(0.369) 55(0.369) 56(0.369) 57(0.369) 73(0.369) 74(0.369) 75(0.369) 76(0.842) 77(0.842) 78(0.842) 79(0.842) 94(0.842) 95(0.842) 96(0.842) 97(0.842) 98(0.842) 99(0.842) 114(0.842) 115(0.842) 116(0.842) 117(0.842) 118(0.842) 119(0.842) 134(0.842) 135(0.842) 136(0.842) 137(0.842) 138(0.842) 139(0.842) 154(0.842) 155(0.842) 156(0.842) 157(0.842) 158(0.842) 159(0.842) 174(0.842) 175(0.842) 176(0.842) 177(0.842) 178(0.842) 179(0.842) 193(0.874) 194(0.900) 195(0.900) 196(0.842) 197(0.842) 198(0.842) 199(0.842) 211(0.900) 212(0.900) 213(0.900) 214(0.900) 215(0.900) 216(0.900) 217(0.900) 231(0.900) 232(0.900) 233(0.900) 234(0.900) 235(0.900) 236(0.900) 237(0.900) 251(0.900) 252(0.900) 253(0.900) 254(0.900) 255(0.900) 256(0.900) 257(0.900) 271(0.900) 272(0.900) 273(0.900) 274(0.900) 275(0.900) 276(0.900) 277(0.900) 291(0.900) 292(0.900) 293(0.900) 294(0.900) 295(0.900) 296(0.900) 297(0.900) 313(0.900) 314(0.900) 315(0.900) 316(0.602) 317(0.602) 318(0.602) 319(0.602) 334(0.602) 335(0.602) 336(0.602) 337(0.602) 338(0.602) 339(0.602) 354(0.602) 355(0.602) 356(0.602) 357(0.602) 358(0.602) 359(0.602) 374(0.602) 375(0.602) 376(0.602) 377(0.602) 378(0.602) 379(0.602) 394(0.602) 395(0.602) 396(0.602) 397(0.602) 398(0.602) 399(0.602) 

[EVENT] 725.666 | event=UAVWaypointArrival | nodeId=402 | cycle=21 | pos=(300.000,80.000,20.000)

[EVENT] 726.666 | event=UAVWaypointArrival | nodeId=402 | cycle=21 | pos=(300.000,60.000,20.000)

[EVENT] 726.812 | event=UAVWaypointArrival | nodeId=401 | cycle=1 | pos=(280.000,120.000,20.000)

[EVENT] 733.666 | event=UAVWaypointArrival | nodeId=402 | cycle=21 | pos=(300.000,200.000,20.000)

[EVENT] 735.500 | event=SuspiciousConfidenceSnapshot | 11(0.369) 12(0.369) 13(0.369) 14(0.369) 15(0.369) 16(0.369) 17(0.369) 31(0.369) 32(0.369) 33(0.369) 34(0.369) 35(0.369) 36(0.369) 37(0.369) 51(0.369) 52(0.369) 53(0.369) 54(0.369) 55(0.369) 56(0.369) 57(0.369) 73(0.369) 74(0.369) 75(0.369) 76(0.842) 77(0.842) 78(0.842) 79(0.842) 94(0.842) 95(0.842) 96(0.842) 97(0.842) 98(0.842) 99(0.842) 114(0.842) 115(0.842) 116(0.842) 117(0.842) 118(0.842) 119(0.842) 134(0.842) 135(0.842) 136(0.842) 137(0.842) 138(0.842) 139(0.842) 154(0.842) 155(0.842) 156(0.842) 157(0.842) 158(0.842) 159(0.842) 174(0.842) 175(0.842) 176(0.842) 177(0.842) 178(0.842) 179(0.842) 193(0.874) 194(0.900) 195(0.900) 196(0.842) 197(0.842) 198(0.842) 199(0.842) 211(0.900) 212(0.900) 213(0.900) 214(0.900) 215(0.900) 216(0.900) 217(0.900) 231(0.900) 232(0.900) 233(0.900) 234(0.900) 235(0.900) 236(0.900) 237(0.900) 251(0.900) 252(0.900) 253(0.900) 254(0.900) 255(0.900) 256(0.900) 257(0.900) 271(0.900) 272(0.900) 273(0.900) 274(0.900) 275(0.900) 276(0.900) 277(0.900) 291(0.900) 292(0.900) 293(0.900) 294(0.900) 295(0.900) 296(0.900) 297(0.900) 313(0.900) 314(0.900) 315(0.900) 316(0.602) 317(0.602) 318(0.602) 319(0.602) 334(0.602) 335(0.602) 336(0.602) 337(0.602) 338(0.602) 339(0.602) 354(0.602) 355(0.602) 356(0.602) 357(0.602) 358(0.602) 359(0.602) 374(0.602) 375(0.602) 376(0.602) 377(0.602) 378(0.602) 379(0.602) 394(0.602) 395(0.602) 396(0.602) 397(0.602) 398(0.602) 399(0.602) 

[EVENT] 738.666 | event=UAVWaypointArrival | nodeId=402 | cycle=21 | pos=(300.000,300.000,20.000)

[EVENT] 744.426 | event=UAVWaypointArrival | nodeId=401 | cycle=1 | pos=(300.000,120.000,20.000)

[EVENT] 745.500 | event=SuspiciousConfidenceSnapshot | 11(0.369) 12(0.369) 13(0.369) 14(0.369) 15(0.369) 16(0.369) 17(0.369) 31(0.369) 32(0.369) 33(0.369) 34(0.369) 35(0.369) 36(0.369) 37(0.369) 51(0.369) 52(0.369) 53(0.369) 54(0.369) 55(0.369) 56(0.369) 57(0.369) 73(0.369) 74(0.369) 75(0.369) 76(0.842) 77(0.842) 78(0.842) 79(0.842) 94(0.842) 95(0.842) 96(0.842) 97(0.842) 98(0.842) 99(0.842) 114(0.842) 115(0.842) 116(0.842) 117(0.842) 118(0.842) 119(0.842) 134(0.842) 135(0.842) 136(0.842) 137(0.842) 138(0.842) 139(0.842) 154(0.842) 155(0.842) 156(0.842) 157(0.842) 158(0.842) 159(0.842) 174(0.842) 175(0.842) 176(0.842) 177(0.842) 178(0.842) 179(0.842) 193(0.874) 194(0.900) 195(0.900) 196(0.842) 197(0.842) 198(0.842) 199(0.842) 211(0.900) 212(0.900) 213(0.900) 214(0.900) 215(0.900) 216(0.900) 217(0.900) 231(0.900) 232(0.900) 233(0.900) 234(0.900) 235(0.900) 236(0.900) 237(0.900) 251(0.900) 252(0.900) 253(0.900) 254(0.900) 255(0.900) 256(0.900) 257(0.900) 271(0.900) 272(0.900) 273(0.900) 274(0.900) 275(0.900) 276(0.900) 277(0.900) 291(0.900) 292(0.900) 293(0.900) 294(0.900) 295(0.900) 296(0.900) 297(0.900) 313(0.900) 314(0.900) 315(0.900) 316(0.602) 317(0.602) 318(0.602) 319(0.602) 334(0.602) 335(0.602) 336(0.602) 337(0.602) 338(0.602) 339(0.602) 354(0.602) 355(0.602) 356(0.602) 357(0.602) 358(0.602) 359(0.602) 374(0.602) 375(0.602) 376(0.602) 377(0.602) 378(0.602) 379(0.602) 394(0.602) 395(0.602) 396(0.602) 397(0.602) 398(0.602) 399(0.602) 

[EVENT] 755.500 | event=SuspiciousConfidenceSnapshot | 11(0.369) 12(0.369) 13(0.369) 14(0.369) 15(0.369) 16(0.369) 17(0.369) 31(0.369) 32(0.369) 33(0.369) 34(0.369) 35(0.369) 36(0.369) 37(0.369) 51(0.369) 52(0.369) 53(0.369) 54(0.369) 55(0.369) 56(0.369) 57(0.369) 73(0.369) 74(0.369) 75(0.369) 76(0.842) 77(0.842) 78(0.842) 79(0.842) 94(0.842) 95(0.842) 96(0.842) 97(0.842) 98(0.842) 99(0.842) 114(0.842) 115(0.842) 116(0.842) 117(0.842) 118(0.842) 119(0.842) 134(0.842) 135(0.842) 136(0.842) 137(0.842) 138(0.842) 139(0.842) 154(0.842) 155(0.842) 156(0.842) 157(0.842) 158(0.842) 159(0.842) 174(0.842) 175(0.842) 176(0.842) 177(0.842) 178(0.842) 179(0.842) 193(0.874) 194(0.900) 195(0.900) 196(0.842) 197(0.842) 198(0.842) 199(0.842) 211(0.900) 212(0.900) 213(0.900) 214(0.900) 215(0.900) 216(0.900) 217(0.900) 231(0.900) 232(0.900) 233(0.900) 234(0.900) 235(0.900) 236(0.900) 237(0.900) 251(0.900) 252(0.900) 253(0.900) 254(0.900) 255(0.900) 256(0.900) 257(0.900) 271(0.900) 272(0.900) 273(0.900) 274(0.900) 275(0.900) 276(0.900) 277(0.900) 291(0.900) 292(0.900) 293(0.900) 294(0.900) 295(0.900) 296(0.900) 297(0.900) 313(0.900) 314(0.900) 315(0.900) 316(0.602) 317(0.602) 318(0.602) 319(0.602) 334(0.602) 335(0.602) 336(0.602) 337(0.602) 338(0.602) 339(0.602) 354(0.602) 355(0.602) 356(0.602) 357(0.602) 358(0.602) 359(0.602) 374(0.602) 375(0.602) 376(0.602) 377(0.602) 378(0.602) 379(0.602) 394(0.602) 395(0.602) 396(0.602) 397(0.602) 398(0.602) 399(0.602) 

[EVENT] 760.598 | event=UAVWaypointArrival | nodeId=402 | cycle=22 | pos=(300.000,80.000,20.000)

[EVENT] 761.598 | event=UAVWaypointArrival | nodeId=402 | cycle=22 | pos=(300.000,60.000,20.000)

[EVENT] 762.039 | event=UAVWaypointArrival | nodeId=401 | cycle=1 | pos=(320.000,120.000,20.000)

[EVENT] 765.500 | event=SuspiciousConfidenceSnapshot | 11(0.369) 12(0.369) 13(0.369) 14(0.369) 15(0.369) 16(0.369) 17(0.369) 31(0.369) 32(0.369) 33(0.369) 34(0.369) 35(0.369) 36(0.369) 37(0.369) 51(0.369) 52(0.369) 53(0.369) 54(0.369) 55(0.369) 56(0.369) 57(0.369) 73(0.369) 74(0.369) 75(0.369) 76(0.842) 77(0.842) 78(0.842) 79(0.842) 94(0.842) 95(0.842) 96(0.842) 97(0.842) 98(0.842) 99(0.842) 114(0.842) 115(0.842) 116(0.842) 117(0.842) 118(0.842) 119(0.842) 134(0.842) 135(0.842) 136(0.842) 137(0.842) 138(0.842) 139(0.842) 154(0.842) 155(0.842) 156(0.842) 157(0.842) 158(0.842) 159(0.842) 174(0.842) 175(0.842) 176(0.842) 177(0.842) 178(0.842) 179(0.842) 193(0.874) 194(0.900) 195(0.900) 196(0.842) 197(0.842) 198(0.842) 199(0.842) 211(0.900) 212(0.900) 213(0.900) 214(0.900) 215(0.900) 216(0.900) 217(0.900) 231(0.900) 232(0.900) 233(0.900) 234(0.900) 235(0.900) 236(0.900) 237(0.900) 251(0.900) 252(0.900) 253(0.900) 254(0.900) 255(0.900) 256(0.900) 257(0.900) 271(0.900) 272(0.900) 273(0.900) 274(0.900) 275(0.900) 276(0.900) 277(0.900) 291(0.900) 292(0.900) 293(0.900) 294(0.900) 295(0.900) 296(0.900) 297(0.900) 313(0.900) 314(0.900) 315(0.900) 316(0.602) 317(0.602) 318(0.602) 319(0.602) 334(0.602) 335(0.602) 336(0.602) 337(0.602) 338(0.602) 339(0.602) 354(0.602) 355(0.602) 356(0.602) 357(0.602) 358(0.602) 359(0.602) 374(0.602) 375(0.602) 376(0.602) 377(0.602) 378(0.602) 379(0.602) 394(0.602) 395(0.602) 396(0.602) 397(0.602) 398(0.602) 399(0.602) 

[EVENT] 768.598 | event=UAVWaypointArrival | nodeId=402 | cycle=22 | pos=(300.000,200.000,20.000)

[EVENT] 773.598 | event=UAVWaypointArrival | nodeId=402 | cycle=22 | pos=(300.000,300.000,20.000)

[EVENT] 775.500 | event=SuspiciousConfidenceSnapshot | 11(0.369) 12(0.369) 13(0.369) 14(0.369) 15(0.369) 16(0.369) 17(0.369) 31(0.369) 32(0.369) 33(0.369) 34(0.369) 35(0.369) 36(0.369) 37(0.369) 51(0.369) 52(0.369) 53(0.369) 54(0.369) 55(0.369) 56(0.369) 57(0.369) 73(0.369) 74(0.369) 75(0.369) 76(0.842) 77(0.842) 78(0.842) 79(0.842) 94(0.842) 95(0.842) 96(0.842) 97(0.842) 98(0.842) 99(0.842) 114(0.842) 115(0.842) 116(0.842) 117(0.842) 118(0.842) 119(0.842) 134(0.842) 135(0.842) 136(0.842) 137(0.842) 138(0.842) 139(0.842) 154(0.842) 155(0.842) 156(0.842) 157(0.842) 158(0.842) 159(0.842) 174(0.842) 175(0.842) 176(0.842) 177(0.842) 178(0.842) 179(0.842) 193(0.874) 194(0.900) 195(0.900) 196(0.842) 197(0.842) 198(0.842) 199(0.842) 211(0.900) 212(0.900) 213(0.900) 214(0.900) 215(0.900) 216(0.900) 217(0.900) 231(0.900) 232(0.900) 233(0.900) 234(0.900) 235(0.900) 236(0.900) 237(0.900) 251(0.900) 252(0.900) 253(0.900) 254(0.900) 255(0.900) 256(0.900) 257(0.900) 271(0.900) 272(0.900) 273(0.900) 274(0.900) 275(0.900) 276(0.900) 277(0.900) 291(0.900) 292(0.900) 293(0.900) 294(0.900) 295(0.900) 296(0.900) 297(0.900) 313(0.900) 314(0.900) 315(0.900) 316(0.602) 317(0.602) 318(0.602) 319(0.602) 334(0.602) 335(0.602) 336(0.602) 337(0.602) 338(0.602) 339(0.602) 354(0.602) 355(0.602) 356(0.602) 357(0.602) 358(0.602) 359(0.602) 374(0.602) 375(0.602) 376(0.602) 377(0.602) 378(0.602) 379(0.602) 394(0.602) 395(0.602) 396(0.602) 397(0.602) 398(0.602) 399(0.602) 

[EVENT] 779.652 | event=UAVWaypointArrival | nodeId=401 | cycle=1 | pos=(340.000,120.000,20.000)

[EVENT] 785.500 | event=SuspiciousConfidenceSnapshot | 11(0.369) 12(0.369) 13(0.369) 14(0.369) 15(0.369) 16(0.369) 17(0.369) 31(0.369) 32(0.369) 33(0.369) 34(0.369) 35(0.369) 36(0.369) 37(0.369) 51(0.369) 52(0.369) 53(0.369) 54(0.369) 55(0.369) 56(0.369) 57(0.369) 73(0.369) 74(0.369) 75(0.369) 76(0.842) 77(0.842) 78(0.842) 79(0.842) 94(0.842) 95(0.842) 96(0.842) 97(0.842) 98(0.842) 99(0.842) 114(0.842) 115(0.842) 116(0.842) 117(0.842) 118(0.842) 119(0.842) 134(0.842) 135(0.842) 136(0.842) 137(0.842) 138(0.842) 139(0.842) 154(0.842) 155(0.842) 156(0.842) 157(0.842) 158(0.842) 159(0.842) 174(0.842) 175(0.842) 176(0.842) 177(0.842) 178(0.842) 179(0.842) 193(0.874) 194(0.900) 195(0.900) 196(0.842) 197(0.842) 198(0.842) 199(0.842) 211(0.900) 212(0.900) 213(0.900) 214(0.900) 215(0.900) 216(0.900) 217(0.900) 231(0.900) 232(0.900) 233(0.900) 234(0.900) 235(0.900) 236(0.900) 237(0.900) 251(0.900) 252(0.900) 253(0.900) 254(0.900) 255(0.900) 256(0.900) 257(0.900) 271(0.900) 272(0.900) 273(0.900) 274(0.900) 275(0.900) 276(0.900) 277(0.900) 291(0.900) 292(0.900) 293(0.900) 294(0.900) 295(0.900) 296(0.900) 297(0.900) 313(0.900) 314(0.900) 315(0.900) 316(0.602) 317(0.602) 318(0.602) 319(0.602) 334(0.602) 335(0.602) 336(0.602) 337(0.602) 338(0.602) 339(0.602) 354(0.602) 355(0.602) 356(0.602) 357(0.602) 358(0.602) 359(0.602) 374(0.602) 375(0.602) 376(0.602) 377(0.602) 378(0.602) 379(0.602) 394(0.602) 395(0.602) 396(0.602) 397(0.602) 398(0.602) 399(0.602) 

[EVENT] 795.500 | event=SuspiciousConfidenceSnapshot | 11(0.369) 12(0.369) 13(0.369) 14(0.369) 15(0.369) 16(0.369) 17(0.369) 31(0.369) 32(0.369) 33(0.369) 34(0.369) 35(0.369) 36(0.369) 37(0.369) 51(0.369) 52(0.369) 53(0.369) 54(0.369) 55(0.369) 56(0.369) 57(0.369) 73(0.369) 74(0.369) 75(0.369) 76(0.842) 77(0.842) 78(0.842) 79(0.842) 94(0.842) 95(0.842) 96(0.842) 97(0.842) 98(0.842) 99(0.842) 114(0.842) 115(0.842) 116(0.842) 117(0.842) 118(0.842) 119(0.842) 134(0.842) 135(0.842) 136(0.842) 137(0.842) 138(0.842) 139(0.842) 154(0.842) 155(0.842) 156(0.842) 157(0.842) 158(0.842) 159(0.842) 174(0.842) 175(0.842) 176(0.842) 177(0.842) 178(0.842) 179(0.842) 193(0.874) 194(0.900) 195(0.900) 196(0.842) 197(0.842) 198(0.842) 199(0.842) 211(0.900) 212(0.900) 213(0.900) 214(0.900) 215(0.900) 216(0.900) 217(0.900) 231(0.900) 232(0.900) 233(0.900) 234(0.900) 235(0.900) 236(0.900) 237(0.900) 251(0.900) 252(0.900) 253(0.900) 254(0.900) 255(0.900) 256(0.900) 257(0.900) 271(0.900) 272(0.900) 273(0.900) 274(0.900) 275(0.900) 276(0.900) 277(0.900) 291(0.900) 292(0.900) 293(0.900) 294(0.900) 295(0.900) 296(0.900) 297(0.900) 313(0.900) 314(0.900) 315(0.900) 316(0.602) 317(0.602) 318(0.602) 319(0.602) 334(0.602) 335(0.602) 336(0.602) 337(0.602) 338(0.602) 339(0.602) 354(0.602) 355(0.602) 356(0.602) 357(0.602) 358(0.602) 359(0.602) 374(0.602) 375(0.602) 376(0.602) 377(0.602) 378(0.602) 379(0.602) 394(0.602) 395(0.602) 396(0.602) 397(0.602) 398(0.602) 399(0.602) 

[EVENT] 795.529 | event=UAVWaypointArrival | nodeId=402 | cycle=23 | pos=(300.000,80.000,20.000)

[EVENT] 796.529 | event=UAVWaypointArrival | nodeId=402 | cycle=23 | pos=(300.000,60.000,20.000)

[EVENT] 797.266 | event=UAVWaypointArrival | nodeId=401 | cycle=1 | pos=(360.000,120.000,20.000)

[EVENT] 803.529 | event=UAVWaypointArrival | nodeId=402 | cycle=23 | pos=(300.000,200.000,20.000)

[EVENT] 805.500 | event=SuspiciousConfidenceSnapshot | 11(0.369) 12(0.369) 13(0.369) 14(0.369) 15(0.369) 16(0.369) 17(0.369) 31(0.369) 32(0.369) 33(0.369) 34(0.369) 35(0.369) 36(0.369) 37(0.369) 51(0.369) 52(0.369) 53(0.369) 54(0.369) 55(0.369) 56(0.369) 57(0.369) 73(0.369) 74(0.369) 75(0.369) 76(0.842) 77(0.842) 78(0.842) 79(0.842) 94(0.842) 95(0.842) 96(0.842) 97(0.842) 98(0.842) 99(0.842) 114(0.842) 115(0.842) 116(0.842) 117(0.842) 118(0.842) 119(0.842) 134(0.842) 135(0.842) 136(0.842) 137(0.842) 138(0.842) 139(0.842) 154(0.842) 155(0.842) 156(0.842) 157(0.842) 158(0.842) 159(0.842) 174(0.842) 175(0.842) 176(0.842) 177(0.842) 178(0.842) 179(0.842) 193(0.874) 194(0.900) 195(0.900) 196(0.842) 197(0.842) 198(0.842) 199(0.842) 211(0.900) 212(0.900) 213(0.900) 214(0.900) 215(0.900) 216(0.900) 217(0.900) 231(0.900) 232(0.900) 233(0.900) 234(0.900) 235(0.900) 236(0.900) 237(0.900) 251(0.900) 252(0.900) 253(0.900) 254(0.900) 255(0.900) 256(0.900) 257(0.900) 271(0.900) 272(0.900) 273(0.900) 274(0.900) 275(0.900) 276(0.900) 277(0.900) 291(0.900) 292(0.900) 293(0.900) 294(0.900) 295(0.900) 296(0.900) 297(0.900) 313(0.900) 314(0.900) 315(0.900) 316(0.602) 317(0.602) 318(0.602) 319(0.602) 334(0.602) 335(0.602) 336(0.602) 337(0.602) 338(0.602) 339(0.602) 354(0.602) 355(0.602) 356(0.602) 357(0.602) 358(0.602) 359(0.602) 374(0.602) 375(0.602) 376(0.602) 377(0.602) 378(0.602) 379(0.602) 394(0.602) 395(0.602) 396(0.602) 397(0.602) 398(0.602) 399(0.602) 

[EVENT] 808.529 | event=UAVWaypointArrival | nodeId=402 | cycle=23 | pos=(300.000,300.000,20.000)

[EVENT] 814.879 | event=UAVWaypointArrival | nodeId=401 | cycle=1 | pos=(380.000,120.000,20.000)

[EVENT] 815.500 | event=SuspiciousConfidenceSnapshot | 11(0.369) 12(0.369) 13(0.369) 14(0.369) 15(0.369) 16(0.369) 17(0.369) 31(0.369) 32(0.369) 33(0.369) 34(0.369) 35(0.369) 36(0.369) 37(0.369) 51(0.369) 52(0.369) 53(0.369) 54(0.369) 55(0.369) 56(0.369) 57(0.369) 73(0.369) 74(0.369) 75(0.369) 76(0.842) 77(0.842) 78(0.842) 79(0.842) 94(0.842) 95(0.842) 96(0.842) 97(0.842) 98(0.842) 99(0.842) 114(0.842) 115(0.842) 116(0.842) 117(0.842) 118(0.842) 119(0.842) 134(0.842) 135(0.842) 136(0.842) 137(0.842) 138(0.842) 139(0.842) 154(0.842) 155(0.842) 156(0.842) 157(0.842) 158(0.842) 159(0.842) 174(0.842) 175(0.842) 176(0.842) 177(0.842) 178(0.842) 179(0.842) 193(0.874) 194(0.900) 195(0.900) 196(0.842) 197(0.842) 198(0.842) 199(0.842) 211(0.900) 212(0.900) 213(0.900) 214(0.900) 215(0.900) 216(0.900) 217(0.900) 231(0.900) 232(0.900) 233(0.900) 234(0.900) 235(0.900) 236(0.900) 237(0.900) 251(0.900) 252(0.900) 253(0.900) 254(0.900) 255(0.900) 256(0.900) 257(0.900) 271(0.900) 272(0.900) 273(0.900) 274(0.900) 275(0.900) 276(0.900) 277(0.900) 291(0.900) 292(0.900) 293(0.900) 294(0.900) 295(0.900) 296(0.900) 297(0.900) 313(0.900) 314(0.900) 315(0.900) 316(0.602) 317(0.602) 318(0.602) 319(0.602) 334(0.602) 335(0.602) 336(0.602) 337(0.602) 338(0.602) 339(0.602) 354(0.602) 355(0.602) 356(0.602) 357(0.602) 358(0.602) 359(0.602) 374(0.602) 375(0.602) 376(0.602) 377(0.602) 378(0.602) 379(0.602) 394(0.602) 395(0.602) 396(0.602) 397(0.602) 398(0.602) 399(0.602) 

[EVENT] 825.500 | event=SuspiciousConfidenceSnapshot | 11(0.369) 12(0.369) 13(0.369) 14(0.369) 15(0.369) 16(0.369) 17(0.369) 31(0.369) 32(0.369) 33(0.369) 34(0.369) 35(0.369) 36(0.369) 37(0.369) 51(0.369) 52(0.369) 53(0.369) 54(0.369) 55(0.369) 56(0.369) 57(0.369) 73(0.369) 74(0.369) 75(0.369) 76(0.842) 77(0.842) 78(0.842) 79(0.842) 94(0.842) 95(0.842) 96(0.842) 97(0.842) 98(0.842) 99(0.842) 114(0.842) 115(0.842) 116(0.842) 117(0.842) 118(0.842) 119(0.842) 134(0.842) 135(0.842) 136(0.842) 137(0.842) 138(0.842) 139(0.842) 154(0.842) 155(0.842) 156(0.842) 157(0.842) 158(0.842) 159(0.842) 174(0.842) 175(0.842) 176(0.842) 177(0.842) 178(0.842) 179(0.842) 193(0.874) 194(0.900) 195(0.900) 196(0.842) 197(0.842) 198(0.842) 199(0.842) 211(0.900) 212(0.900) 213(0.900) 214(0.900) 215(0.900) 216(0.900) 217(0.900) 231(0.900) 232(0.900) 233(0.900) 234(0.900) 235(0.900) 236(0.900) 237(0.900) 251(0.900) 252(0.900) 253(0.900) 254(0.900) 255(0.900) 256(0.900) 257(0.900) 271(0.900) 272(0.900) 273(0.900) 274(0.900) 275(0.900) 276(0.900) 277(0.900) 291(0.900) 292(0.900) 293(0.900) 294(0.900) 295(0.900) 296(0.900) 297(0.900) 313(0.900) 314(0.900) 315(0.900) 316(0.602) 317(0.602) 318(0.602) 319(0.602) 334(0.602) 335(0.602) 336(0.602) 337(0.602) 338(0.602) 339(0.602) 354(0.602) 355(0.602) 356(0.602) 357(0.602) 358(0.602) 359(0.602) 374(0.602) 375(0.602) 376(0.602) 377(0.602) 378(0.602) 379(0.602) 394(0.602) 395(0.602) 396(0.602) 397(0.602) 398(0.602) 399(0.602) 

[EVENT] 830.461 | event=UAVWaypointArrival | nodeId=402 | cycle=24 | pos=(300.000,80.000,20.000)

[EVENT] 831.461 | event=UAVWaypointArrival | nodeId=402 | cycle=24 | pos=(300.000,60.000,20.000)

[EVENT] 832.493 | event=UAVWaypointArrival | nodeId=401 | cycle=1 | pos=(380.000,140.000,20.000)

[EVENT] 835.500 | event=SuspiciousConfidenceSnapshot | 11(0.369) 12(0.369) 13(0.369) 14(0.369) 15(0.369) 16(0.369) 17(0.369) 31(0.369) 32(0.369) 33(0.369) 34(0.369) 35(0.369) 36(0.369) 37(0.369) 51(0.369) 52(0.369) 53(0.369) 54(0.369) 55(0.369) 56(0.369) 57(0.369) 73(0.369) 74(0.369) 75(0.369) 76(0.842) 77(0.842) 78(0.842) 79(0.842) 94(0.842) 95(0.842) 96(0.842) 97(0.842) 98(0.842) 99(0.842) 114(0.842) 115(0.842) 116(0.842) 117(0.842) 118(0.842) 119(0.842) 134(0.842) 135(0.842) 136(0.842) 137(0.842) 138(0.842) 139(0.842) 154(0.842) 155(0.842) 156(0.842) 157(0.842) 158(0.842) 159(0.842) 174(0.842) 175(0.842) 176(0.842) 177(0.842) 178(0.842) 179(0.842) 193(0.874) 194(0.900) 195(0.900) 196(0.842) 197(0.842) 198(0.842) 199(0.842) 211(0.900) 212(0.900) 213(0.900) 214(0.900) 215(0.900) 216(0.900) 217(0.900) 231(0.900) 232(0.900) 233(0.900) 234(0.900) 235(0.900) 236(0.900) 237(0.900) 251(0.900) 252(0.900) 253(0.900) 254(0.900) 255(0.900) 256(0.900) 257(0.900) 271(0.900) 272(0.900) 273(0.900) 274(0.900) 275(0.900) 276(0.900) 277(0.900) 291(0.900) 292(0.900) 293(0.900) 294(0.900) 295(0.900) 296(0.900) 297(0.900) 313(0.900) 314(0.900) 315(0.900) 316(0.602) 317(0.602) 318(0.602) 319(0.602) 334(0.602) 335(0.602) 336(0.602) 337(0.602) 338(0.602) 339(0.602) 354(0.602) 355(0.602) 356(0.602) 357(0.602) 358(0.602) 359(0.602) 374(0.602) 375(0.602) 376(0.602) 377(0.602) 378(0.602) 379(0.602) 394(0.602) 395(0.602) 396(0.602) 397(0.602) 398(0.602) 399(0.602) 

[EVENT] 838.461 | event=UAVWaypointArrival | nodeId=402 | cycle=24 | pos=(300.000,200.000,20.000)

[EVENT] 843.461 | event=UAVWaypointArrival | nodeId=402 | cycle=24 | pos=(300.000,300.000,20.000)

[EVENT] 845.500 | event=SuspiciousConfidenceSnapshot | 11(0.369) 12(0.369) 13(0.369) 14(0.369) 15(0.369) 16(0.369) 17(0.369) 31(0.369) 32(0.369) 33(0.369) 34(0.369) 35(0.369) 36(0.369) 37(0.369) 51(0.369) 52(0.369) 53(0.369) 54(0.369) 55(0.369) 56(0.369) 57(0.369) 73(0.369) 74(0.369) 75(0.369) 76(0.842) 77(0.842) 78(0.842) 79(0.842) 94(0.842) 95(0.842) 96(0.842) 97(0.842) 98(0.842) 99(0.842) 114(0.842) 115(0.842) 116(0.842) 117(0.842) 118(0.842) 119(0.842) 134(0.842) 135(0.842) 136(0.842) 137(0.842) 138(0.842) 139(0.842) 154(0.842) 155(0.842) 156(0.842) 157(0.842) 158(0.842) 159(0.842) 174(0.842) 175(0.842) 176(0.842) 177(0.842) 178(0.842) 179(0.842) 193(0.874) 194(0.900) 195(0.900) 196(0.842) 197(0.842) 198(0.842) 199(0.842) 211(0.900) 212(0.900) 213(0.900) 214(0.900) 215(0.900) 216(0.900) 217(0.900) 231(0.900) 232(0.900) 233(0.900) 234(0.900) 235(0.900) 236(0.900) 237(0.900) 251(0.900) 252(0.900) 253(0.900) 254(0.900) 255(0.900) 256(0.900) 257(0.900) 271(0.900) 272(0.900) 273(0.900) 274(0.900) 275(0.900) 276(0.900) 277(0.900) 291(0.900) 292(0.900) 293(0.900) 294(0.900) 295(0.900) 296(0.900) 297(0.900) 313(0.900) 314(0.900) 315(0.900) 316(0.602) 317(0.602) 318(0.602) 319(0.602) 334(0.602) 335(0.602) 336(0.602) 337(0.602) 338(0.602) 339(0.602) 354(0.602) 355(0.602) 356(0.602) 357(0.602) 358(0.602) 359(0.602) 374(0.602) 375(0.602) 376(0.602) 377(0.602) 378(0.602) 379(0.602) 394(0.602) 395(0.602) 396(0.602) 397(0.602) 398(0.602) 399(0.602) 

[EVENT] 850.106 | event=UAVWaypointArrival | nodeId=401 | cycle=1 | pos=(360.000,140.000,20.000)

[EVENT] 855.500 | event=SuspiciousConfidenceSnapshot | 11(0.369) 12(0.369) 13(0.369) 14(0.369) 15(0.369) 16(0.369) 17(0.369) 31(0.369) 32(0.369) 33(0.369) 34(0.369) 35(0.369) 36(0.369) 37(0.369) 51(0.369) 52(0.369) 53(0.369) 54(0.369) 55(0.369) 56(0.369) 57(0.369) 73(0.369) 74(0.369) 75(0.369) 76(0.842) 77(0.842) 78(0.842) 79(0.842) 94(0.842) 95(0.842) 96(0.842) 97(0.842) 98(0.842) 99(0.842) 114(0.842) 115(0.842) 116(0.842) 117(0.842) 118(0.842) 119(0.842) 134(0.842) 135(0.842) 136(0.842) 137(0.842) 138(0.842) 139(0.842) 154(0.842) 155(0.842) 156(0.842) 157(0.842) 158(0.842) 159(0.842) 174(0.842) 175(0.842) 176(0.842) 177(0.842) 178(0.842) 179(0.842) 193(0.874) 194(0.900) 195(0.900) 196(0.842) 197(0.842) 198(0.842) 199(0.842) 211(0.900) 212(0.900) 213(0.900) 214(0.900) 215(0.900) 216(0.900) 217(0.900) 231(0.900) 232(0.900) 233(0.900) 234(0.900) 235(0.900) 236(0.900) 237(0.900) 251(0.900) 252(0.900) 253(0.900) 254(0.900) 255(0.900) 256(0.900) 257(0.900) 271(0.900) 272(0.900) 273(0.900) 274(0.900) 275(0.900) 276(0.900) 277(0.900) 291(0.900) 292(0.900) 293(0.900) 294(0.900) 295(0.900) 296(0.900) 297(0.900) 313(0.900) 314(0.900) 315(0.900) 316(0.602) 317(0.602) 318(0.602) 319(0.602) 334(0.602) 335(0.602) 336(0.602) 337(0.602) 338(0.602) 339(0.602) 354(0.602) 355(0.602) 356(0.602) 357(0.602) 358(0.602) 359(0.602) 374(0.602) 375(0.602) 376(0.602) 377(0.602) 378(0.602) 379(0.602) 394(0.602) 395(0.602) 396(0.602) 397(0.602) 398(0.602) 399(0.602) 

[EVENT] 865.393 | event=UAVWaypointArrival | nodeId=402 | cycle=25 | pos=(300.000,80.000,20.000)

[EVENT] 865.500 | event=SuspiciousConfidenceSnapshot | 11(0.369) 12(0.369) 13(0.369) 14(0.369) 15(0.369) 16(0.369) 17(0.369) 31(0.369) 32(0.369) 33(0.369) 34(0.369) 35(0.369) 36(0.369) 37(0.369) 51(0.369) 52(0.369) 53(0.369) 54(0.369) 55(0.369) 56(0.369) 57(0.369) 73(0.369) 74(0.369) 75(0.369) 76(0.842) 77(0.842) 78(0.842) 79(0.842) 94(0.842) 95(0.842) 96(0.842) 97(0.842) 98(0.842) 99(0.842) 114(0.842) 115(0.842) 116(0.842) 117(0.842) 118(0.842) 119(0.842) 134(0.842) 135(0.842) 136(0.842) 137(0.842) 138(0.842) 139(0.842) 154(0.842) 155(0.842) 156(0.842) 157(0.842) 158(0.842) 159(0.842) 174(0.842) 175(0.842) 176(0.842) 177(0.842) 178(0.842) 179(0.842) 193(0.874) 194(0.900) 195(0.900) 196(0.842) 197(0.842) 198(0.842) 199(0.842) 211(0.900) 212(0.900) 213(0.900) 214(0.900) 215(0.900) 216(0.900) 217(0.900) 231(0.900) 232(0.900) 233(0.900) 234(0.900) 235(0.900) 236(0.900) 237(0.900) 251(0.900) 252(0.900) 253(0.900) 254(0.900) 255(0.900) 256(0.900) 257(0.900) 271(0.900) 272(0.900) 273(0.900) 274(0.900) 275(0.900) 276(0.900) 277(0.900) 291(0.900) 292(0.900) 293(0.900) 294(0.900) 295(0.900) 296(0.900) 297(0.900) 313(0.900) 314(0.900) 315(0.900) 316(0.602) 317(0.602) 318(0.602) 319(0.602) 334(0.602) 335(0.602) 336(0.602) 337(0.602) 338(0.602) 339(0.602) 354(0.602) 355(0.602) 356(0.602) 357(0.602) 358(0.602) 359(0.602) 374(0.602) 375(0.602) 376(0.602) 377(0.602) 378(0.602) 379(0.602) 394(0.602) 395(0.602) 396(0.602) 397(0.602) 398(0.602) 399(0.602) 

[EVENT] 866.393 | event=UAVWaypointArrival | nodeId=402 | cycle=25 | pos=(300.000,60.000,20.000)

[EVENT] 867.719 | event=UAVWaypointArrival | nodeId=401 | cycle=1 | pos=(340.000,140.000,20.000)

[EVENT] 873.393 | event=UAVWaypointArrival | nodeId=402 | cycle=25 | pos=(300.000,200.000,20.000)

[EVENT] 875.500 | event=SuspiciousConfidenceSnapshot | 11(0.369) 12(0.369) 13(0.369) 14(0.369) 15(0.369) 16(0.369) 17(0.369) 31(0.369) 32(0.369) 33(0.369) 34(0.369) 35(0.369) 36(0.369) 37(0.369) 51(0.369) 52(0.369) 53(0.369) 54(0.369) 55(0.369) 56(0.369) 57(0.369) 73(0.369) 74(0.369) 75(0.369) 76(0.842) 77(0.842) 78(0.842) 79(0.842) 94(0.842) 95(0.842) 96(0.842) 97(0.842) 98(0.842) 99(0.842) 114(0.842) 115(0.842) 116(0.842) 117(0.842) 118(0.842) 119(0.842) 134(0.842) 135(0.842) 136(0.842) 137(0.842) 138(0.842) 139(0.842) 154(0.842) 155(0.842) 156(0.842) 157(0.842) 158(0.842) 159(0.842) 174(0.842) 175(0.842) 176(0.842) 177(0.842) 178(0.842) 179(0.842) 193(0.874) 194(0.900) 195(0.900) 196(0.842) 197(0.842) 198(0.842) 199(0.842) 211(0.900) 212(0.900) 213(0.900) 214(0.900) 215(0.900) 216(0.900) 217(0.900) 231(0.900) 232(0.900) 233(0.900) 234(0.900) 235(0.900) 236(0.900) 237(0.900) 251(0.900) 252(0.900) 253(0.900) 254(0.900) 255(0.900) 256(0.900) 257(0.900) 271(0.900) 272(0.900) 273(0.900) 274(0.900) 275(0.900) 276(0.900) 277(0.900) 291(0.900) 292(0.900) 293(0.900) 294(0.900) 295(0.900) 296(0.900) 297(0.900) 313(0.900) 314(0.900) 315(0.900) 316(0.602) 317(0.602) 318(0.602) 319(0.602) 334(0.602) 335(0.602) 336(0.602) 337(0.602) 338(0.602) 339(0.602) 354(0.602) 355(0.602) 356(0.602) 357(0.602) 358(0.602) 359(0.602) 374(0.602) 375(0.602) 376(0.602) 377(0.602) 378(0.602) 379(0.602) 394(0.602) 395(0.602) 396(0.602) 397(0.602) 398(0.602) 399(0.602) 

[EVENT] 878.393 | event=UAVWaypointArrival | nodeId=402 | cycle=25 | pos=(300.000,300.000,20.000)

[EVENT] 885.333 | event=UAVWaypointArrival | nodeId=401 | cycle=1 | pos=(320.000,140.000,20.000)

[EVENT] 885.500 | event=SuspiciousConfidenceSnapshot | 11(0.369) 12(0.369) 13(0.369) 14(0.369) 15(0.369) 16(0.369) 17(0.369) 31(0.369) 32(0.369) 33(0.369) 34(0.369) 35(0.369) 36(0.369) 37(0.369) 51(0.369) 52(0.369) 53(0.369) 54(0.369) 55(0.369) 56(0.369) 57(0.369) 73(0.369) 74(0.369) 75(0.369) 76(0.842) 77(0.842) 78(0.842) 79(0.842) 94(0.842) 95(0.842) 96(0.842) 97(0.842) 98(0.842) 99(0.842) 114(0.842) 115(0.842) 116(0.842) 117(0.842) 118(0.842) 119(0.842) 134(0.842) 135(0.842) 136(0.842) 137(0.842) 138(0.842) 139(0.842) 154(0.842) 155(0.842) 156(0.842) 157(0.842) 158(0.842) 159(0.842) 174(0.842) 175(0.842) 176(0.842) 177(0.842) 178(0.842) 179(0.842) 193(0.874) 194(0.900) 195(0.900) 196(0.842) 197(0.842) 198(0.842) 199(0.842) 211(0.900) 212(0.900) 213(0.900) 214(0.900) 215(0.900) 216(0.900) 217(0.900) 231(0.900) 232(0.900) 233(0.900) 234(0.900) 235(0.900) 236(0.900) 237(0.900) 251(0.900) 252(0.900) 253(0.900) 254(0.900) 255(0.900) 256(0.900) 257(0.900) 271(0.900) 272(0.900) 273(0.900) 274(0.900) 275(0.900) 276(0.900) 277(0.900) 291(0.900) 292(0.900) 293(0.900) 294(0.900) 295(0.900) 296(0.900) 297(0.900) 313(0.900) 314(0.900) 315(0.900) 316(0.602) 317(0.602) 318(0.602) 319(0.602) 334(0.602) 335(0.602) 336(0.602) 337(0.602) 338(0.602) 339(0.602) 354(0.602) 355(0.602) 356(0.602) 357(0.602) 358(0.602) 359(0.602) 374(0.602) 375(0.602) 376(0.602) 377(0.602) 378(0.602) 379(0.602) 394(0.602) 395(0.602) 396(0.602) 397(0.602) 398(0.602) 399(0.602) 

[EVENT] 895.500 | event=SuspiciousConfidenceSnapshot | 11(0.369) 12(0.369) 13(0.369) 14(0.369) 15(0.369) 16(0.369) 17(0.369) 31(0.369) 32(0.369) 33(0.369) 34(0.369) 35(0.369) 36(0.369) 37(0.369) 51(0.369) 52(0.369) 53(0.369) 54(0.369) 55(0.369) 56(0.369) 57(0.369) 73(0.369) 74(0.369) 75(0.369) 76(0.842) 77(0.842) 78(0.842) 79(0.842) 94(0.842) 95(0.842) 96(0.842) 97(0.842) 98(0.842) 99(0.842) 114(0.842) 115(0.842) 116(0.842) 117(0.842) 118(0.842) 119(0.842) 134(0.842) 135(0.842) 136(0.842) 137(0.842) 138(0.842) 139(0.842) 154(0.842) 155(0.842) 156(0.842) 157(0.842) 158(0.842) 159(0.842) 174(0.842) 175(0.842) 176(0.842) 177(0.842) 178(0.842) 179(0.842) 193(0.874) 194(0.900) 195(0.900) 196(0.842) 197(0.842) 198(0.842) 199(0.842) 211(0.900) 212(0.900) 213(0.900) 214(0.900) 215(0.900) 216(0.900) 217(0.900) 231(0.900) 232(0.900) 233(0.900) 234(0.900) 235(0.900) 236(0.900) 237(0.900) 251(0.900) 252(0.900) 253(0.900) 254(0.900) 255(0.900) 256(0.900) 257(0.900) 271(0.900) 272(0.900) 273(0.900) 274(0.900) 275(0.900) 276(0.900) 277(0.900) 291(0.900) 292(0.900) 293(0.900) 294(0.900) 295(0.900) 296(0.900) 297(0.900) 313(0.900) 314(0.900) 315(0.900) 316(0.602) 317(0.602) 318(0.602) 319(0.602) 334(0.602) 335(0.602) 336(0.602) 337(0.602) 338(0.602) 339(0.602) 354(0.602) 355(0.602) 356(0.602) 357(0.602) 358(0.602) 359(0.602) 374(0.602) 375(0.602) 376(0.602) 377(0.602) 378(0.602) 379(0.602) 394(0.602) 395(0.602) 396(0.602) 397(0.602) 398(0.602) 399(0.602) 

[EVENT] 900.325 | event=UAVWaypointArrival | nodeId=402 | cycle=26 | pos=(300.000,80.000,20.000)

[EVENT] 901.325 | event=UAVWaypointArrival | nodeId=402 | cycle=26 | pos=(300.000,60.000,20.000)

[EVENT] 902.946 | event=UAVWaypointArrival | nodeId=401 | cycle=1 | pos=(300.000,140.000,20.000)

[EVENT] 905.500 | event=SuspiciousConfidenceSnapshot | 11(0.369) 12(0.369) 13(0.369) 14(0.369) 15(0.369) 16(0.369) 17(0.369) 31(0.369) 32(0.369) 33(0.369) 34(0.369) 35(0.369) 36(0.369) 37(0.369) 51(0.369) 52(0.369) 53(0.369) 54(0.369) 55(0.369) 56(0.369) 57(0.369) 73(0.369) 74(0.369) 75(0.369) 76(0.842) 77(0.842) 78(0.842) 79(0.842) 94(0.842) 95(0.842) 96(0.842) 97(0.842) 98(0.842) 99(0.842) 114(0.842) 115(0.842) 116(0.842) 117(0.842) 118(0.842) 119(0.842) 134(0.842) 135(0.842) 136(0.842) 137(0.842) 138(0.842) 139(0.842) 154(0.842) 155(0.842) 156(0.842) 157(0.842) 158(0.842) 159(0.842) 174(0.842) 175(0.842) 176(0.842) 177(0.842) 178(0.842) 179(0.842) 193(0.874) 194(0.900) 195(0.900) 196(0.842) 197(0.842) 198(0.842) 199(0.842) 211(0.900) 212(0.900) 213(0.900) 214(0.900) 215(0.900) 216(0.900) 217(0.900) 231(0.900) 232(0.900) 233(0.900) 234(0.900) 235(0.900) 236(0.900) 237(0.900) 251(0.900) 252(0.900) 253(0.900) 254(0.900) 255(0.900) 256(0.900) 257(0.900) 271(0.900) 272(0.900) 273(0.900) 274(0.900) 275(0.900) 276(0.900) 277(0.900) 291(0.900) 292(0.900) 293(0.900) 294(0.900) 295(0.900) 296(0.900) 297(0.900) 313(0.900) 314(0.900) 315(0.900) 316(0.602) 317(0.602) 318(0.602) 319(0.602) 334(0.602) 335(0.602) 336(0.602) 337(0.602) 338(0.602) 339(0.602) 354(0.602) 355(0.602) 356(0.602) 357(0.602) 358(0.602) 359(0.602) 374(0.602) 375(0.602) 376(0.602) 377(0.602) 378(0.602) 379(0.602) 394(0.602) 395(0.602) 396(0.602) 397(0.602) 398(0.602) 399(0.602) 

[EVENT] 908.325 | event=UAVWaypointArrival | nodeId=402 | cycle=26 | pos=(300.000,200.000,20.000)

[EVENT] 913.325 | event=UAVWaypointArrival | nodeId=402 | cycle=26 | pos=(300.000,300.000,20.000)

[EVENT] 915.500 | event=SuspiciousConfidenceSnapshot | 11(0.369) 12(0.369) 13(0.369) 14(0.369) 15(0.369) 16(0.369) 17(0.369) 31(0.369) 32(0.369) 33(0.369) 34(0.369) 35(0.369) 36(0.369) 37(0.369) 51(0.369) 52(0.369) 53(0.369) 54(0.369) 55(0.369) 56(0.369) 57(0.369) 73(0.369) 74(0.369) 75(0.369) 76(0.842) 77(0.842) 78(0.842) 79(0.842) 94(0.842) 95(0.842) 96(0.842) 97(0.842) 98(0.842) 99(0.842) 114(0.842) 115(0.842) 116(0.842) 117(0.842) 118(0.842) 119(0.842) 134(0.842) 135(0.842) 136(0.842) 137(0.842) 138(0.842) 139(0.842) 154(0.842) 155(0.842) 156(0.842) 157(0.842) 158(0.842) 159(0.842) 174(0.842) 175(0.842) 176(0.842) 177(0.842) 178(0.842) 179(0.842) 193(0.874) 194(0.900) 195(0.900) 196(0.842) 197(0.842) 198(0.842) 199(0.842) 211(0.900) 212(0.900) 213(0.900) 214(0.900) 215(0.900) 216(0.900) 217(0.900) 231(0.900) 232(0.900) 233(0.900) 234(0.900) 235(0.900) 236(0.900) 237(0.900) 251(0.900) 252(0.900) 253(0.900) 254(0.900) 255(0.900) 256(0.900) 257(0.900) 271(0.900) 272(0.900) 273(0.900) 274(0.900) 275(0.900) 276(0.900) 277(0.900) 291(0.900) 292(0.900) 293(0.900) 294(0.900) 295(0.900) 296(0.900) 297(0.900) 313(0.900) 314(0.900) 315(0.900) 316(0.602) 317(0.602) 318(0.602) 319(0.602) 334(0.602) 335(0.602) 336(0.602) 337(0.602) 338(0.602) 339(0.602) 354(0.602) 355(0.602) 356(0.602) 357(0.602) 358(0.602) 359(0.602) 374(0.602) 375(0.602) 376(0.602) 377(0.602) 378(0.602) 379(0.602) 394(0.602) 395(0.602) 396(0.602) 397(0.602) 398(0.602) 399(0.602) 

[EVENT] 920.559 | event=UAVWaypointArrival | nodeId=401 | cycle=1 | pos=(280.000,140.000,20.000)

[EVENT] 925.500 | event=SuspiciousConfidenceSnapshot | 11(0.369) 12(0.369) 13(0.369) 14(0.369) 15(0.369) 16(0.369) 17(0.369) 31(0.369) 32(0.369) 33(0.369) 34(0.369) 35(0.369) 36(0.369) 37(0.369) 51(0.369) 52(0.369) 53(0.369) 54(0.369) 55(0.369) 56(0.369) 57(0.369) 73(0.369) 74(0.369) 75(0.369) 76(0.842) 77(0.842) 78(0.842) 79(0.842) 94(0.842) 95(0.842) 96(0.842) 97(0.842) 98(0.842) 99(0.842) 114(0.842) 115(0.842) 116(0.842) 117(0.842) 118(0.842) 119(0.842) 134(0.842) 135(0.842) 136(0.842) 137(0.842) 138(0.842) 139(0.842) 154(0.842) 155(0.842) 156(0.842) 157(0.842) 158(0.842) 159(0.842) 174(0.842) 175(0.842) 176(0.842) 177(0.842) 178(0.842) 179(0.842) 193(0.874) 194(0.900) 195(0.900) 196(0.842) 197(0.842) 198(0.842) 199(0.842) 211(0.900) 212(0.900) 213(0.900) 214(0.900) 215(0.900) 216(0.900) 217(0.900) 231(0.900) 232(0.900) 233(0.900) 234(0.900) 235(0.900) 236(0.900) 237(0.900) 251(0.900) 252(0.900) 253(0.900) 254(0.900) 255(0.900) 256(0.900) 257(0.900) 271(0.900) 272(0.900) 273(0.900) 274(0.900) 275(0.900) 276(0.900) 277(0.900) 291(0.900) 292(0.900) 293(0.900) 294(0.900) 295(0.900) 296(0.900) 297(0.900) 313(0.900) 314(0.900) 315(0.900) 316(0.602) 317(0.602) 318(0.602) 319(0.602) 334(0.602) 335(0.602) 336(0.602) 337(0.602) 338(0.602) 339(0.602) 354(0.602) 355(0.602) 356(0.602) 357(0.602) 358(0.602) 359(0.602) 374(0.602) 375(0.602) 376(0.602) 377(0.602) 378(0.602) 379(0.602) 394(0.602) 395(0.602) 396(0.602) 397(0.602) 398(0.602) 399(0.602) 

[EVENT] 935.256 | event=UAVWaypointArrival | nodeId=402 | cycle=27 | pos=(300.000,80.000,20.000)

[EVENT] 935.500 | event=SuspiciousConfidenceSnapshot | 11(0.369) 12(0.369) 13(0.369) 14(0.369) 15(0.369) 16(0.369) 17(0.369) 31(0.369) 32(0.369) 33(0.369) 34(0.369) 35(0.369) 36(0.369) 37(0.369) 51(0.369) 52(0.369) 53(0.369) 54(0.369) 55(0.369) 56(0.369) 57(0.369) 73(0.369) 74(0.369) 75(0.369) 76(0.842) 77(0.842) 78(0.842) 79(0.842) 94(0.842) 95(0.842) 96(0.842) 97(0.842) 98(0.842) 99(0.842) 114(0.842) 115(0.842) 116(0.842) 117(0.842) 118(0.842) 119(0.842) 134(0.842) 135(0.842) 136(0.842) 137(0.842) 138(0.842) 139(0.842) 154(0.842) 155(0.842) 156(0.842) 157(0.842) 158(0.842) 159(0.842) 174(0.842) 175(0.842) 176(0.842) 177(0.842) 178(0.842) 179(0.842) 193(0.874) 194(0.900) 195(0.900) 196(0.842) 197(0.842) 198(0.842) 199(0.842) 211(0.900) 212(0.900) 213(0.900) 214(0.900) 215(0.900) 216(0.900) 217(0.900) 231(0.900) 232(0.900) 233(0.900) 234(0.900) 235(0.900) 236(0.900) 237(0.900) 251(0.900) 252(0.900) 253(0.900) 254(0.900) 255(0.900) 256(0.900) 257(0.900) 271(0.900) 272(0.900) 273(0.900) 274(0.900) 275(0.900) 276(0.900) 277(0.900) 291(0.900) 292(0.900) 293(0.900) 294(0.900) 295(0.900) 296(0.900) 297(0.900) 313(0.900) 314(0.900) 315(0.900) 316(0.602) 317(0.602) 318(0.602) 319(0.602) 334(0.602) 335(0.602) 336(0.602) 337(0.602) 338(0.602) 339(0.602) 354(0.602) 355(0.602) 356(0.602) 357(0.602) 358(0.602) 359(0.602) 374(0.602) 375(0.602) 376(0.602) 377(0.602) 378(0.602) 379(0.602) 394(0.602) 395(0.602) 396(0.602) 397(0.602) 398(0.602) 399(0.602) 

[EVENT] 936.256 | event=UAVWaypointArrival | nodeId=402 | cycle=27 | pos=(300.000,60.000,20.000)

[EVENT] 938.173 | event=UAVWaypointArrival | nodeId=401 | cycle=1 | pos=(280.000,160.000,20.000)

[EVENT] 943.256 | event=UAVWaypointArrival | nodeId=402 | cycle=27 | pos=(300.000,200.000,20.000)

[EVENT] 945.500 | event=SuspiciousConfidenceSnapshot | 11(0.369) 12(0.369) 13(0.369) 14(0.369) 15(0.369) 16(0.369) 17(0.369) 31(0.369) 32(0.369) 33(0.369) 34(0.369) 35(0.369) 36(0.369) 37(0.369) 51(0.369) 52(0.369) 53(0.369) 54(0.369) 55(0.369) 56(0.369) 57(0.369) 73(0.369) 74(0.369) 75(0.369) 76(0.842) 77(0.842) 78(0.842) 79(0.842) 94(0.842) 95(0.842) 96(0.842) 97(0.842) 98(0.842) 99(0.842) 114(0.842) 115(0.842) 116(0.842) 117(0.842) 118(0.842) 119(0.842) 134(0.842) 135(0.842) 136(0.842) 137(0.842) 138(0.842) 139(0.842) 154(0.842) 155(0.842) 156(0.842) 157(0.842) 158(0.842) 159(0.842) 174(0.842) 175(0.842) 176(0.842) 177(0.842) 178(0.842) 179(0.842) 193(0.874) 194(0.900) 195(0.900) 196(0.842) 197(0.842) 198(0.842) 199(0.842) 211(0.900) 212(0.900) 213(0.900) 214(0.900) 215(0.900) 216(0.900) 217(0.900) 231(0.900) 232(0.900) 233(0.900) 234(0.900) 235(0.900) 236(0.900) 237(0.900) 251(0.900) 252(0.900) 253(0.900) 254(0.900) 255(0.900) 256(0.900) 257(0.900) 271(0.900) 272(0.900) 273(0.900) 274(0.900) 275(0.900) 276(0.900) 277(0.900) 291(0.900) 292(0.900) 293(0.900) 294(0.900) 295(0.900) 296(0.900) 297(0.900) 313(0.900) 314(0.900) 315(0.900) 316(0.602) 317(0.602) 318(0.602) 319(0.602) 334(0.602) 335(0.602) 336(0.602) 337(0.602) 338(0.602) 339(0.602) 354(0.602) 355(0.602) 356(0.602) 357(0.602) 358(0.602) 359(0.602) 374(0.602) 375(0.602) 376(0.602) 377(0.602) 378(0.602) 379(0.602) 394(0.602) 395(0.602) 396(0.602) 397(0.602) 398(0.602) 399(0.602) 

[EVENT] 948.256 | event=UAVWaypointArrival | nodeId=402 | cycle=27 | pos=(300.000,300.000,20.000)

[EVENT] 955.500 | event=SuspiciousConfidenceSnapshot | 11(0.369) 12(0.369) 13(0.369) 14(0.369) 15(0.369) 16(0.369) 17(0.369) 31(0.369) 32(0.369) 33(0.369) 34(0.369) 35(0.369) 36(0.369) 37(0.369) 51(0.369) 52(0.369) 53(0.369) 54(0.369) 55(0.369) 56(0.369) 57(0.369) 73(0.369) 74(0.369) 75(0.369) 76(0.842) 77(0.842) 78(0.842) 79(0.842) 94(0.842) 95(0.842) 96(0.842) 97(0.842) 98(0.842) 99(0.842) 114(0.842) 115(0.842) 116(0.842) 117(0.842) 118(0.842) 119(0.842) 134(0.842) 135(0.842) 136(0.842) 137(0.842) 138(0.842) 139(0.842) 154(0.842) 155(0.842) 156(0.842) 157(0.842) 158(0.842) 159(0.842) 174(0.842) 175(0.842) 176(0.842) 177(0.842) 178(0.842) 179(0.842) 193(0.874) 194(0.900) 195(0.900) 196(0.842) 197(0.842) 198(0.842) 199(0.842) 211(0.900) 212(0.900) 213(0.900) 214(0.900) 215(0.900) 216(0.900) 217(0.900) 231(0.900) 232(0.900) 233(0.900) 234(0.900) 235(0.900) 236(0.900) 237(0.900) 251(0.900) 252(0.900) 253(0.900) 254(0.900) 255(0.900) 256(0.900) 257(0.900) 271(0.900) 272(0.900) 273(0.900) 274(0.900) 275(0.900) 276(0.900) 277(0.900) 291(0.900) 292(0.900) 293(0.900) 294(0.900) 295(0.900) 296(0.900) 297(0.900) 313(0.900) 314(0.900) 315(0.900) 316(0.602) 317(0.602) 318(0.602) 319(0.602) 334(0.602) 335(0.602) 336(0.602) 337(0.602) 338(0.602) 339(0.602) 354(0.602) 355(0.602) 356(0.602) 357(0.602) 358(0.602) 359(0.602) 374(0.602) 375(0.602) 376(0.602) 377(0.602) 378(0.602) 379(0.602) 394(0.602) 395(0.602) 396(0.602) 397(0.602) 398(0.602) 399(0.602) 

[EVENT] 955.786 | event=UAVWaypointArrival | nodeId=401 | cycle=1 | pos=(300.000,160.000,20.000)

[EVENT] 965.500 | event=SuspiciousConfidenceSnapshot | 11(0.369) 12(0.369) 13(0.369) 14(0.369) 15(0.369) 16(0.369) 17(0.369) 31(0.369) 32(0.369) 33(0.369) 34(0.369) 35(0.369) 36(0.369) 37(0.369) 51(0.369) 52(0.369) 53(0.369) 54(0.369) 55(0.369) 56(0.369) 57(0.369) 73(0.369) 74(0.369) 75(0.369) 76(0.842) 77(0.842) 78(0.842) 79(0.842) 94(0.842) 95(0.842) 96(0.842) 97(0.842) 98(0.842) 99(0.842) 114(0.842) 115(0.842) 116(0.842) 117(0.842) 118(0.842) 119(0.842) 134(0.842) 135(0.842) 136(0.842) 137(0.842) 138(0.842) 139(0.842) 154(0.842) 155(0.842) 156(0.842) 157(0.842) 158(0.842) 159(0.842) 174(0.842) 175(0.842) 176(0.842) 177(0.842) 178(0.842) 179(0.842) 193(0.874) 194(0.900) 195(0.900) 196(0.842) 197(0.842) 198(0.842) 199(0.842) 211(0.900) 212(0.900) 213(0.900) 214(0.900) 215(0.900) 216(0.900) 217(0.900) 231(0.900) 232(0.900) 233(0.900) 234(0.900) 235(0.900) 236(0.900) 237(0.900) 251(0.900) 252(0.900) 253(0.900) 254(0.900) 255(0.900) 256(0.900) 257(0.900) 271(0.900) 272(0.900) 273(0.900) 274(0.900) 275(0.900) 276(0.900) 277(0.900) 291(0.900) 292(0.900) 293(0.900) 294(0.900) 295(0.900) 296(0.900) 297(0.900) 313(0.900) 314(0.900) 315(0.900) 316(0.602) 317(0.602) 318(0.602) 319(0.602) 334(0.602) 335(0.602) 336(0.602) 337(0.602) 338(0.602) 339(0.602) 354(0.602) 355(0.602) 356(0.602) 357(0.602) 358(0.602) 359(0.602) 374(0.602) 375(0.602) 376(0.602) 377(0.602) 378(0.602) 379(0.602) 394(0.602) 395(0.602) 396(0.602) 397(0.602) 398(0.602) 399(0.602) 

[EVENT] 970.188 | event=UAVWaypointArrival | nodeId=402 | cycle=28 | pos=(300.000,80.000,20.000)

[EVENT] 971.188 | event=UAVWaypointArrival | nodeId=402 | cycle=28 | pos=(300.000,60.000,20.000)

[EVENT] 973.400 | event=UAVWaypointArrival | nodeId=401 | cycle=1 | pos=(320.000,160.000,20.000)

[EVENT] 975.500 | event=SuspiciousConfidenceSnapshot | 11(0.369) 12(0.369) 13(0.369) 14(0.369) 15(0.369) 16(0.369) 17(0.369) 31(0.369) 32(0.369) 33(0.369) 34(0.369) 35(0.369) 36(0.369) 37(0.369) 51(0.369) 52(0.369) 53(0.369) 54(0.369) 55(0.369) 56(0.369) 57(0.369) 73(0.369) 74(0.369) 75(0.369) 76(0.842) 77(0.842) 78(0.842) 79(0.842) 94(0.842) 95(0.842) 96(0.842) 97(0.842) 98(0.842) 99(0.842) 114(0.842) 115(0.842) 116(0.842) 117(0.842) 118(0.842) 119(0.842) 134(0.842) 135(0.842) 136(0.842) 137(0.842) 138(0.842) 139(0.842) 154(0.842) 155(0.842) 156(0.842) 157(0.842) 158(0.842) 159(0.842) 174(0.842) 175(0.842) 176(0.842) 177(0.842) 178(0.842) 179(0.842) 193(0.874) 194(0.900) 195(0.900) 196(0.842) 197(0.842) 198(0.842) 199(0.842) 211(0.900) 212(0.900) 213(0.900) 214(0.900) 215(0.900) 216(0.900) 217(0.900) 231(0.900) 232(0.900) 233(0.900) 234(0.900) 235(0.900) 236(0.900) 237(0.900) 251(0.900) 252(0.900) 253(0.900) 254(0.900) 255(0.900) 256(0.900) 257(0.900) 271(0.900) 272(0.900) 273(0.900) 274(0.900) 275(0.900) 276(0.900) 277(0.900) 291(0.900) 292(0.900) 293(0.900) 294(0.900) 295(0.900) 296(0.900) 297(0.900) 313(0.900) 314(0.900) 315(0.900) 316(0.602) 317(0.602) 318(0.602) 319(0.602) 334(0.602) 335(0.602) 336(0.602) 337(0.602) 338(0.602) 339(0.602) 354(0.602) 355(0.602) 356(0.602) 357(0.602) 358(0.602) 359(0.602) 374(0.602) 375(0.602) 376(0.602) 377(0.602) 378(0.602) 379(0.602) 394(0.602) 395(0.602) 396(0.602) 397(0.602) 398(0.602) 399(0.602) 

[EVENT] 978.188 | event=UAVWaypointArrival | nodeId=402 | cycle=28 | pos=(300.000,200.000,20.000)

[EVENT] 983.188 | event=UAVWaypointArrival | nodeId=402 | cycle=28 | pos=(300.000,300.000,20.000)

[EVENT] 985.500 | event=SuspiciousConfidenceSnapshot | 11(0.369) 12(0.369) 13(0.369) 14(0.369) 15(0.369) 16(0.369) 17(0.369) 31(0.369) 32(0.369) 33(0.369) 34(0.369) 35(0.369) 36(0.369) 37(0.369) 51(0.369) 52(0.369) 53(0.369) 54(0.369) 55(0.369) 56(0.369) 57(0.369) 73(0.369) 74(0.369) 75(0.369) 76(0.842) 77(0.842) 78(0.842) 79(0.842) 94(0.842) 95(0.842) 96(0.842) 97(0.842) 98(0.842) 99(0.842) 114(0.842) 115(0.842) 116(0.842) 117(0.842) 118(0.842) 119(0.842) 134(0.842) 135(0.842) 136(0.842) 137(0.842) 138(0.842) 139(0.842) 154(0.842) 155(0.842) 156(0.842) 157(0.842) 158(0.842) 159(0.842) 174(0.842) 175(0.842) 176(0.842) 177(0.842) 178(0.842) 179(0.842) 193(0.874) 194(0.900) 195(0.900) 196(0.842) 197(0.842) 198(0.842) 199(0.842) 211(0.900) 212(0.900) 213(0.900) 214(0.900) 215(0.900) 216(0.900) 217(0.900) 231(0.900) 232(0.900) 233(0.900) 234(0.900) 235(0.900) 236(0.900) 237(0.900) 251(0.900) 252(0.900) 253(0.900) 254(0.900) 255(0.900) 256(0.900) 257(0.900) 271(0.900) 272(0.900) 273(0.900) 274(0.900) 275(0.900) 276(0.900) 277(0.900) 291(0.900) 292(0.900) 293(0.900) 294(0.900) 295(0.900) 296(0.900) 297(0.900) 313(0.900) 314(0.900) 315(0.900) 316(0.602) 317(0.602) 318(0.602) 319(0.602) 334(0.602) 335(0.602) 336(0.602) 337(0.602) 338(0.602) 339(0.602) 354(0.602) 355(0.602) 356(0.602) 357(0.602) 358(0.602) 359(0.602) 374(0.602) 375(0.602) 376(0.602) 377(0.602) 378(0.602) 379(0.602) 394(0.602) 395(0.602) 396(0.602) 397(0.602) 398(0.602) 399(0.602) 

[EVENT] 991.013 | event=UAVWaypointArrival | nodeId=401 | cycle=1 | pos=(340.000,160.000,20.000)

[EVENT] 995.500 | event=SuspiciousConfidenceSnapshot | 11(0.369) 12(0.369) 13(0.369) 14(0.369) 15(0.369) 16(0.369) 17(0.369) 31(0.369) 32(0.369) 33(0.369) 34(0.369) 35(0.369) 36(0.369) 37(0.369) 51(0.369) 52(0.369) 53(0.369) 54(0.369) 55(0.369) 56(0.369) 57(0.369) 73(0.369) 74(0.369) 75(0.369) 76(0.842) 77(0.842) 78(0.842) 79(0.842) 94(0.842) 95(0.842) 96(0.842) 97(0.842) 98(0.842) 99(0.842) 114(0.842) 115(0.842) 116(0.842) 117(0.842) 118(0.842) 119(0.842) 134(0.842) 135(0.842) 136(0.842) 137(0.842) 138(0.842) 139(0.842) 154(0.842) 155(0.842) 156(0.842) 157(0.842) 158(0.842) 159(0.842) 174(0.842) 175(0.842) 176(0.842) 177(0.842) 178(0.842) 179(0.842) 193(0.874) 194(0.900) 195(0.900) 196(0.842) 197(0.842) 198(0.842) 199(0.842) 211(0.900) 212(0.900) 213(0.900) 214(0.900) 215(0.900) 216(0.900) 217(0.900) 231(0.900) 232(0.900) 233(0.900) 234(0.900) 235(0.900) 236(0.900) 237(0.900) 251(0.900) 252(0.900) 253(0.900) 254(0.900) 255(0.900) 256(0.900) 257(0.900) 271(0.900) 272(0.900) 273(0.900) 274(0.900) 275(0.900) 276(0.900) 277(0.900) 291(0.900) 292(0.900) 293(0.900) 294(0.900) 295(0.900) 296(0.900) 297(0.900) 313(0.900) 314(0.900) 315(0.900) 316(0.602) 317(0.602) 318(0.602) 319(0.602) 334(0.602) 335(0.602) 336(0.602) 337(0.602) 338(0.602) 339(0.602) 354(0.602) 355(0.602) 356(0.602) 357(0.602) 358(0.602) 359(0.602) 374(0.602) 375(0.602) 376(0.602) 377(0.602) 378(0.602) 379(0.602) 394(0.602) 395(0.602) 396(0.602) 397(0.602) 398(0.602) 399(0.602) 

[EVENT] 1005.120 | event=UAVWaypointArrival | nodeId=402 | cycle=29 | pos=(300.000,80.000,20.000)

[EVENT] 1005.500 | event=SuspiciousConfidenceSnapshot | 11(0.369) 12(0.369) 13(0.369) 14(0.369) 15(0.369) 16(0.369) 17(0.369) 31(0.369) 32(0.369) 33(0.369) 34(0.369) 35(0.369) 36(0.369) 37(0.369) 51(0.369) 52(0.369) 53(0.369) 54(0.369) 55(0.369) 56(0.369) 57(0.369) 73(0.369) 74(0.369) 75(0.369) 76(0.842) 77(0.842) 78(0.842) 79(0.842) 94(0.842) 95(0.842) 96(0.842) 97(0.842) 98(0.842) 99(0.842) 114(0.842) 115(0.842) 116(0.842) 117(0.842) 118(0.842) 119(0.842) 134(0.842) 135(0.842) 136(0.842) 137(0.842) 138(0.842) 139(0.842) 154(0.842) 155(0.842) 156(0.842) 157(0.842) 158(0.842) 159(0.842) 174(0.842) 175(0.842) 176(0.842) 177(0.842) 178(0.842) 179(0.842) 193(0.874) 194(0.900) 195(0.900) 196(0.842) 197(0.842) 198(0.842) 199(0.842) 211(0.900) 212(0.900) 213(0.900) 214(0.900) 215(0.900) 216(0.900) 217(0.900) 231(0.900) 232(0.900) 233(0.900) 234(0.900) 235(0.900) 236(0.900) 237(0.900) 251(0.900) 252(0.900) 253(0.900) 254(0.900) 255(0.900) 256(0.900) 257(0.900) 271(0.900) 272(0.900) 273(0.900) 274(0.900) 275(0.900) 276(0.900) 277(0.900) 291(0.900) 292(0.900) 293(0.900) 294(0.900) 295(0.900) 296(0.900) 297(0.900) 313(0.900) 314(0.900) 315(0.900) 316(0.602) 317(0.602) 318(0.602) 319(0.602) 334(0.602) 335(0.602) 336(0.602) 337(0.602) 338(0.602) 339(0.602) 354(0.602) 355(0.602) 356(0.602) 357(0.602) 358(0.602) 359(0.602) 374(0.602) 375(0.602) 376(0.602) 377(0.602) 378(0.602) 379(0.602) 394(0.602) 395(0.602) 396(0.602) 397(0.602) 398(0.602) 399(0.602) 

[EVENT] 1006.120 | event=UAVWaypointArrival | nodeId=402 | cycle=29 | pos=(300.000,60.000,20.000)

[EVENT] 1008.626 | event=UAVWaypointArrival | nodeId=401 | cycle=1 | pos=(360.000,160.000,20.000)

[EVENT] 1013.120 | event=UAVWaypointArrival | nodeId=402 | cycle=29 | pos=(300.000,200.000,20.000)

[EVENT] 1015.500 | event=SuspiciousConfidenceSnapshot | 11(0.369) 12(0.369) 13(0.369) 14(0.369) 15(0.369) 16(0.369) 17(0.369) 31(0.369) 32(0.369) 33(0.369) 34(0.369) 35(0.369) 36(0.369) 37(0.369) 51(0.369) 52(0.369) 53(0.369) 54(0.369) 55(0.369) 56(0.369) 57(0.369) 73(0.369) 74(0.369) 75(0.369) 76(0.842) 77(0.842) 78(0.842) 79(0.842) 94(0.842) 95(0.842) 96(0.842) 97(0.842) 98(0.842) 99(0.842) 114(0.842) 115(0.842) 116(0.842) 117(0.842) 118(0.842) 119(0.842) 134(0.842) 135(0.842) 136(0.842) 137(0.842) 138(0.842) 139(0.842) 154(0.842) 155(0.842) 156(0.842) 157(0.842) 158(0.842) 159(0.842) 174(0.842) 175(0.842) 176(0.842) 177(0.842) 178(0.842) 179(0.842) 193(0.874) 194(0.900) 195(0.900) 196(0.842) 197(0.842) 198(0.842) 199(0.842) 211(0.900) 212(0.900) 213(0.900) 214(0.900) 215(0.900) 216(0.900) 217(0.900) 231(0.900) 232(0.900) 233(0.900) 234(0.900) 235(0.900) 236(0.900) 237(0.900) 251(0.900) 252(0.900) 253(0.900) 254(0.900) 255(0.900) 256(0.900) 257(0.900) 271(0.900) 272(0.900) 273(0.900) 274(0.900) 275(0.900) 276(0.900) 277(0.900) 291(0.900) 292(0.900) 293(0.900) 294(0.900) 295(0.900) 296(0.900) 297(0.900) 313(0.900) 314(0.900) 315(0.900) 316(0.602) 317(0.602) 318(0.602) 319(0.602) 334(0.602) 335(0.602) 336(0.602) 337(0.602) 338(0.602) 339(0.602) 354(0.602) 355(0.602) 356(0.602) 357(0.602) 358(0.602) 359(0.602) 374(0.602) 375(0.602) 376(0.602) 377(0.602) 378(0.602) 379(0.602) 394(0.602) 395(0.602) 396(0.602) 397(0.602) 398(0.602) 399(0.602) 

[EVENT] 1018.120 | event=UAVWaypointArrival | nodeId=402 | cycle=29 | pos=(300.000,300.000,20.000)

[EVENT] 1025.500 | event=SuspiciousConfidenceSnapshot | 11(0.369) 12(0.369) 13(0.369) 14(0.369) 15(0.369) 16(0.369) 17(0.369) 31(0.369) 32(0.369) 33(0.369) 34(0.369) 35(0.369) 36(0.369) 37(0.369) 51(0.369) 52(0.369) 53(0.369) 54(0.369) 55(0.369) 56(0.369) 57(0.369) 73(0.369) 74(0.369) 75(0.369) 76(0.842) 77(0.842) 78(0.842) 79(0.842) 94(0.842) 95(0.842) 96(0.842) 97(0.842) 98(0.842) 99(0.842) 114(0.842) 115(0.842) 116(0.842) 117(0.842) 118(0.842) 119(0.842) 134(0.842) 135(0.842) 136(0.842) 137(0.842) 138(0.842) 139(0.842) 154(0.842) 155(0.842) 156(0.842) 157(0.842) 158(0.842) 159(0.842) 174(0.842) 175(0.842) 176(0.842) 177(0.842) 178(0.842) 179(0.842) 193(0.874) 194(0.900) 195(0.900) 196(0.842) 197(0.842) 198(0.842) 199(0.842) 211(0.900) 212(0.900) 213(0.900) 214(0.900) 215(0.900) 216(0.900) 217(0.900) 231(0.900) 232(0.900) 233(0.900) 234(0.900) 235(0.900) 236(0.900) 237(0.900) 251(0.900) 252(0.900) 253(0.900) 254(0.900) 255(0.900) 256(0.900) 257(0.900) 271(0.900) 272(0.900) 273(0.900) 274(0.900) 275(0.900) 276(0.900) 277(0.900) 291(0.900) 292(0.900) 293(0.900) 294(0.900) 295(0.900) 296(0.900) 297(0.900) 313(0.900) 314(0.900) 315(0.900) 316(0.602) 317(0.602) 318(0.602) 319(0.602) 334(0.602) 335(0.602) 336(0.602) 337(0.602) 338(0.602) 339(0.602) 354(0.602) 355(0.602) 356(0.602) 357(0.602) 358(0.602) 359(0.602) 374(0.602) 375(0.602) 376(0.602) 377(0.602) 378(0.602) 379(0.602) 394(0.602) 395(0.602) 396(0.602) 397(0.602) 398(0.602) 399(0.602) 

[EVENT] 1026.240 | event=UAVWaypointArrival | nodeId=401 | cycle=1 | pos=(380.000,160.000,20.000)

[EVENT] 1035.500 | event=SuspiciousConfidenceSnapshot | 11(0.369) 12(0.369) 13(0.369) 14(0.369) 15(0.369) 16(0.369) 17(0.369) 31(0.369) 32(0.369) 33(0.369) 34(0.369) 35(0.369) 36(0.369) 37(0.369) 51(0.369) 52(0.369) 53(0.369) 54(0.369) 55(0.369) 56(0.369) 57(0.369) 73(0.369) 74(0.369) 75(0.369) 76(0.842) 77(0.842) 78(0.842) 79(0.842) 94(0.842) 95(0.842) 96(0.842) 97(0.842) 98(0.842) 99(0.842) 114(0.842) 115(0.842) 116(0.842) 117(0.842) 118(0.842) 119(0.842) 134(0.842) 135(0.842) 136(0.842) 137(0.842) 138(0.842) 139(0.842) 154(0.842) 155(0.842) 156(0.842) 157(0.842) 158(0.842) 159(0.842) 174(0.842) 175(0.842) 176(0.842) 177(0.842) 178(0.842) 179(0.842) 193(0.874) 194(0.900) 195(0.900) 196(0.842) 197(0.842) 198(0.842) 199(0.842) 211(0.900) 212(0.900) 213(0.900) 214(0.900) 215(0.900) 216(0.900) 217(0.900) 231(0.900) 232(0.900) 233(0.900) 234(0.900) 235(0.900) 236(0.900) 237(0.900) 251(0.900) 252(0.900) 253(0.900) 254(0.900) 255(0.900) 256(0.900) 257(0.900) 271(0.900) 272(0.900) 273(0.900) 274(0.900) 275(0.900) 276(0.900) 277(0.900) 291(0.900) 292(0.900) 293(0.900) 294(0.900) 295(0.900) 296(0.900) 297(0.900) 313(0.900) 314(0.900) 315(0.900) 316(0.602) 317(0.602) 318(0.602) 319(0.602) 334(0.602) 335(0.602) 336(0.602) 337(0.602) 338(0.602) 339(0.602) 354(0.602) 355(0.602) 356(0.602) 357(0.602) 358(0.602) 359(0.602) 374(0.602) 375(0.602) 376(0.602) 377(0.602) 378(0.602) 379(0.602) 394(0.602) 395(0.602) 396(0.602) 397(0.602) 398(0.602) 399(0.602) 

[EVENT] 1040.051 | event=UAVWaypointArrival | nodeId=402 | cycle=30 | pos=(300.000,80.000,20.000)

[EVENT] 1041.051 | event=UAVWaypointArrival | nodeId=402 | cycle=30 | pos=(300.000,60.000,20.000)

[EVENT] 1043.853 | event=UAVWaypointArrival | nodeId=401 | cycle=1 | pos=(380.000,180.000,20.000)

[EVENT] 1045.500 | event=SuspiciousConfidenceSnapshot | 11(0.369) 12(0.369) 13(0.369) 14(0.369) 15(0.369) 16(0.369) 17(0.369) 31(0.369) 32(0.369) 33(0.369) 34(0.369) 35(0.369) 36(0.369) 37(0.369) 51(0.369) 52(0.369) 53(0.369) 54(0.369) 55(0.369) 56(0.369) 57(0.369) 73(0.369) 74(0.369) 75(0.369) 76(0.842) 77(0.842) 78(0.842) 79(0.842) 94(0.842) 95(0.842) 96(0.842) 97(0.842) 98(0.842) 99(0.842) 114(0.842) 115(0.842) 116(0.842) 117(0.842) 118(0.842) 119(0.842) 134(0.842) 135(0.842) 136(0.842) 137(0.842) 138(0.842) 139(0.842) 154(0.842) 155(0.842) 156(0.842) 157(0.842) 158(0.842) 159(0.842) 174(0.842) 175(0.842) 176(0.842) 177(0.842) 178(0.842) 179(0.842) 193(0.874) 194(0.900) 195(0.900) 196(0.842) 197(0.842) 198(0.842) 199(0.842) 211(0.900) 212(0.900) 213(0.900) 214(0.900) 215(0.900) 216(0.900) 217(0.900) 231(0.900) 232(0.900) 233(0.900) 234(0.900) 235(0.900) 236(0.900) 237(0.900) 251(0.900) 252(0.900) 253(0.900) 254(0.900) 255(0.900) 256(0.900) 257(0.900) 271(0.900) 272(0.900) 273(0.900) 274(0.900) 275(0.900) 276(0.900) 277(0.900) 291(0.900) 292(0.900) 293(0.900) 294(0.900) 295(0.900) 296(0.900) 297(0.900) 313(0.900) 314(0.900) 315(0.900) 316(0.602) 317(0.602) 318(0.602) 319(0.602) 334(0.602) 335(0.602) 336(0.602) 337(0.602) 338(0.602) 339(0.602) 354(0.602) 355(0.602) 356(0.602) 357(0.602) 358(0.602) 359(0.602) 374(0.602) 375(0.602) 376(0.602) 377(0.602) 378(0.602) 379(0.602) 394(0.602) 395(0.602) 396(0.602) 397(0.602) 398(0.602) 399(0.602) 

[EVENT] 1048.051 | event=UAVWaypointArrival | nodeId=402 | cycle=30 | pos=(300.000,200.000,20.000)

[EVENT] 1053.051 | event=UAVWaypointArrival | nodeId=402 | cycle=30 | pos=(300.000,300.000,20.000)

[EVENT] 1055.500 | event=SuspiciousConfidenceSnapshot | 11(0.369) 12(0.369) 13(0.369) 14(0.369) 15(0.369) 16(0.369) 17(0.369) 31(0.369) 32(0.369) 33(0.369) 34(0.369) 35(0.369) 36(0.369) 37(0.369) 51(0.369) 52(0.369) 53(0.369) 54(0.369) 55(0.369) 56(0.369) 57(0.369) 73(0.369) 74(0.369) 75(0.369) 76(0.842) 77(0.842) 78(0.842) 79(0.842) 94(0.842) 95(0.842) 96(0.842) 97(0.842) 98(0.842) 99(0.842) 114(0.842) 115(0.842) 116(0.842) 117(0.842) 118(0.842) 119(0.842) 134(0.842) 135(0.842) 136(0.842) 137(0.842) 138(0.842) 139(0.842) 154(0.842) 155(0.842) 156(0.842) 157(0.842) 158(0.842) 159(0.842) 174(0.842) 175(0.842) 176(0.842) 177(0.842) 178(0.842) 179(0.842) 193(0.874) 194(0.900) 195(0.900) 196(0.842) 197(0.842) 198(0.842) 199(0.842) 211(0.900) 212(0.900) 213(0.900) 214(0.900) 215(0.900) 216(0.900) 217(0.900) 231(0.900) 232(0.900) 233(0.900) 234(0.900) 235(0.900) 236(0.900) 237(0.900) 251(0.900) 252(0.900) 253(0.900) 254(0.900) 255(0.900) 256(0.900) 257(0.900) 271(0.900) 272(0.900) 273(0.900) 274(0.900) 275(0.900) 276(0.900) 277(0.900) 291(0.900) 292(0.900) 293(0.900) 294(0.900) 295(0.900) 296(0.900) 297(0.900) 313(0.900) 314(0.900) 315(0.900) 316(0.602) 317(0.602) 318(0.602) 319(0.602) 334(0.602) 335(0.602) 336(0.602) 337(0.602) 338(0.602) 339(0.602) 354(0.602) 355(0.602) 356(0.602) 357(0.602) 358(0.602) 359(0.602) 374(0.602) 375(0.602) 376(0.602) 377(0.602) 378(0.602) 379(0.602) 394(0.602) 395(0.602) 396(0.602) 397(0.602) 398(0.602) 399(0.602) 

[EVENT] 1061.466 | event=UAVWaypointArrival | nodeId=401 | cycle=1 | pos=(360.000,180.000,20.000)

[EVENT] 1061.466 | event=UAV1MissionComplete | reason=LeftSuspiciousPoint


=== SCENARIO4 SUMMARY ===
SCENARIO scenario4
RUN seed=146 runId=1

[CONFIG]
gridSize=20
gridSpacing=20.000
simTime=36000.000
startupPhaseDuration=5.000
fragmentBroadcastInterval=0.200
numFragments=10
numUavs=2
bsPosition=(-100.000,-100.000,0.000)
uavAltitude=20.000
uavSpeed=20.000
cooperationThreshold=0.300
alertThreshold=0.750
suspiciousPercent=0.300

[PARAMS]
cellRadius=80.000
neighborDiscoveryRadius=80.000
broadcastRadius=50.000
uav1Speed=20.000
uav1HoverTime=2.000
uav2Speed=20.000
uav2HoverTime=0.000
masterFileConfidence=0.900

[NETWORK]
groundNodes=400
suspiciousNodes=131
uavPaths=2
generatedFragments=10

[MISSION]
uav1CompletedTime=1061.466
uav2CompletedTime=56.234
